Time Stamp,available_memory_MB,app_pss_MB,battery_level_percentage,battery_temperature_celcius,battery_current_now_milliamps,power_count_neg,power_count_pos,power_current,power_current_neg,power_current_pos,power_level_state,power_voltage,power_wattage,power_wattage_neg,power_wattage_pos,iad_millimeter,shader_hitches,cpu_level,gpu_level,cpu_frequency_MHz,gpu_frequency_MHz,mem_frequency_MHz,minimum_vsyncs,extra_latency_mode,phase_sync_mode,average_frame_rate,display_refresh_rate,average_prediction_microseconds,icfl_mean_microseconds,icfl_stdev_microseconds,slice_headroom_mean_microseconds,slice_headroom_stdev_microseconds,slice_gpu_start_delay_min_microseconds,slice_gpu_start_delay_max_microseconds,screen_tear_count,early_frame_count,stale_frame_count,direct_render_frame_count,total_layer_count,merged_layer_count,maximum_rotational_speed_degrees_per_second,eye_texture_scale_factor,foveation_mode,foveation_level,dynamic_foveation_enabled,eye_tracked_foveation_latency_milliseconds,symmetric_fov,eye_buffer_width,eye_buffer_height,swap_chain_width,swap_chain_height,front_buffer_width,front_buffer_height,app_gpu_time_microseconds,timewarp_gpu_time_microseconds,guardian_gpu_time_microseconds,local_dimming_enabled,cabc_enabled,temporal_dimming_enabled,temporal_dimming_gain,cpu_utilization_percentage,cpu_utilization_percentage_core0,cpu_utilization_percentage_core1,cpu_utilization_percentage_core2,cpu_utilization_percentage_core3,cpu_utilization_percentage_core4,cpu_utilization_percentage_core5,cpu_utilization_percentage_core6,cpu_utilization_percentage_core7,gpu_utilization_percentage,spacewarp_motion_vector_type,spacewarped_frames_per_second,extrapolation_factor_mean,extrapolation_factor_rms,data_extrapolation_factor_mean,data_extrapolation_factor_rms,app_vss_MB,app_rss_MB,app_uss_MB,app_dalvik_pss_MB,app_private_dirty_MB,app_private_clean_MB,app_gpu_physical_MB,app_gpu_virtual_MB,app_gpu_allocated_percentage,stale_frames_consecutive,max_repeated_frames,skipped_frames,face_tracking_overall_latency_milliseconds,face_tracking_processing_latency_milliseconds,face_tracking_frame_to_frame_latency_milliseconds,face_tracking_frames_dropped,face_tracking_frames_per_second,eye_tracking_overall_latency_milliseconds,eye_tracking_processing_latency_milliseconds,eye_tracking_frame_to_frame_latency_milliseconds,eye_tracking_frames_dropped,eye_tracking_frames_per_second,hand_tracking_overall_latency_milliseconds,hand_tracking_processing_latency_milliseconds,hand_tracking_frame_to_frame_latency_milliseconds,hand_tracking_frames_dropped,hand_tracking_frames_per_second,dynres_recommendation_percentage,dynres_recommendation_width,dynres_recommendation_height,app_frame_throttle,avg_vertices_per_frame,avg_fill_percentage,avg_inst_per_frag,avg_inst_per_vert,avg_frag_inst_per_pixel,avg_vert_inst_per_pixel,avg_textures_per_frag,percent_time_shading_frags,percent_time_shading_verts,percent_time_compute,percent_vertex_fetch_stall,percent_texture_fetch_stall,percent_texture_l1_miss,percent_texture_l2_miss,percent_texture_nearest_filtered,percent_texture_linear_filtered,percent_texture_anisotropic_filtered,vrshell_average_frame_rate,vrshell_gpu_time_microseconds,vrshell_and_guardian_gpu_time_microseconds,render_scale
1000,2704,492,85,45,9999,0,0,290,0,0,0,4183,1213,0,0,62,0,8,7,2361,599,2000,1,0,4,72,72,32394,17027,832,3887,698,63,344,0,0,0,0,4,0,0,10,0,0,0,0,0,2688,2816,2688,2816,4128,2208,5524,1524,0,0,0,0,100,36,50,45,51,36,31,31,0,0,59,0,0,0,0,0,0,13297,934,334,0,334,0,329,329,100,0,0,0,999,999,27,0,29,0,0,0,0,0,0,0,0,0,0,100,2688,2816,100,0,0,0,0,0,0,0,0,0,0,0,0,0,0,0,0,0,0,0,0,160
2000,2704,492,85,45,9999,0,0,497,0,0,0,4183,2078,0,0,62,0,8,7,2361,599,2000,1,0,4,73,72,29828,15262,420,2284,358,64,191,0,0,0,17,4,4,0,10,0,0,0,0,0,2688,2816,2688,2816,4128,2208,6569,1638,0,0,0,0,100,32,43,36,40,28,32,30,0,0,58,0,0,0,0,0,0,13297,934,334,0,334,0,329,329,100,0,0,0,999,999,40,0,25,0,0,0,0,0,0,0,0,0,0,100,2688,2816,100,0,0,0,0,0,0,0,0,0,0,0,0,0,0,0,0,0,0,0,0,160
3002,2704,492,85,45,9999,0,0,715,0,0,0,4183,2990,0,0,62,0,8,7,2361,599,2000,1,0,4,70,72,29040,14519,414,1433,220,63,388,0,0,4,72,4,4,0,10,0,0,0,0,0,2688,2816,2688,2816,4128,2208,6059,1722,0,0,0,0,100,38,38,35,37,24,20,38,0,0,56,0,0,0,0,0,0,13297,934,334,0,334,0,329,329,100,1,1,0,999,999,60,0,22,0,0,0,0,0,0,0,0,0,0,100,2688,2816,100,0,0,0,0,0,0,0,0,0,0,0,0,0,0,0,0,0,0,0,0,160
4002,2704,492,85,45,9999,0,0,804,0,0,0,4183,3363,0,0,62,0,8,7,2361,599,2000,1,0,4,74,72,48960,14059,334,1007,132,64,314,0,48,4,72,4,4,0,10,0,0,0,0,0,2688,2816,2688,2816,4128,2208,6080,1585,0,0,0,0,100,65,48,45,49,57,65,54,0,0,56,0,0,0,0,0,0,13297,934,334,0,334,0,329,329,100,3,2,0,999,999,18,0,25,0,0,0,0,0,0,0,0,0,0,100,2688,2816,100,0,0,0,0,0,0,0,0,0,0,0,0,0,0,0,0,0,0,0,0,160
5003,2704,492,85,45,9999,0,0,643,0,0,0,4183,2689,0,0,62,0,8,7,2361,599,2000,1,0,4,72,72,55063,13838,364,779,118,63,367,0,80,2,73,4,4,0,10,0,0,0,0,0,2688,2816,2688,2816,4128,2208,5846,1616,0,0,0,0,100,60,41,40,41,60,60,58,0,0,56,0,0,0,0,0,0,13297,934,334,0,334,0,329,329,100,2,1,0,999,999,18,0,25,0,0,0,0,0,0,0,0,0,0,100,2688,2816,100,0,0,0,0,0,0,0,0,0,0,0,0,0,0,0,0,0,0,0,0,160
6003,2704,492,85,45,9999,0,0,506,0,0,0,4183,2116,0,0,62,0,8,7,2361,599,2000,1,0,4,74,72,56361,13762,362,678,111,63,349,0,84,0,72,4,4,0,10,0,0,0,0,0,2688,2816,2688,2816,4128,2208,6079,1658,0,0,0,0,100,61,44,37,38,51,61,57,0,0,56,0,0,0,0,0,0,13297,934,334,0,334,0,329,329,100,0,0,0,999,999,18,0,25,0,0,0,0,0,0,0,0,0,0,100,2688,2816,100,0,0,0,0,0,0,0,0,0,0,0,0,0,0,0,0,0,0,0,0,160
7002,2704,492,85,45,9999,0,0,742,0,0,0,4183,3103,0,0,62,0,8,7,2361,599,2000,1,0,4,71,72,55881,13758,345,587,107,63,308,0,65,2,72,4,4,0,10,0,0,0,0,0,2688,2816,2688,2816,4128,2208,7866,1697,0,0,0,0,100,62,47,45,50,61,62,56,0,0,60,0,0,0,0,0,0,13297,934,334,0,334,0,329,329,100,2,1,0,999,999,18,0,25,0,0,0,0,0,0,0,0,0,0,100,2688,2816,100,0,0,0,0,0,0,0,0,0,0,0,0,0,0,0,0,0,0,0,0,160
8004,2704,492,85,45,9999,0,0,336,0,0,0,4183,1405,0,0,62,0,8,7,2361,599,2000,1,0,4,69,72,54565,13689,314,581,103,63,301,0,59,3,73,4,4,0,10,0,0,0,0,0,2688,2816,2688,2816,4128,2208,4644,1608,0,0,0,0,100,62,40,32,36,53,55,62,0,0,56,0,0,0,0,0,0,13297,934,334,0,334,0,329,329,100,1,1,0,999,999,18,0,25,0,0,0,0,0,0,0,0,0,0,100,2688,2816,100,0,0,0,0,0,0,0,0,0,0,0,0,0,0,0,0,0,0,0,0,160
9004,2704,492,84,45,9999,0,0,354,0,0,0,4159,1472,0,0,62,0,8,7,2361,599,2000,1,0,4,72,72,55061,13677,343,660,109,63,380,0,95,0,73,4,4,0,10,0,0,0,0,0,2688,2816,2688,2816,4128,2208,5008,1510,0,0,0,0,100,63,39,38,36,57,63,50,0,0,52,0,0,0,0,0,0,13297,934,334,0,334,0,329,329,100,0,0,0,999,999,18,0,25,0,0,0,0,0,0,0,0,0,0,100,2688,2816,100,0,0,0,0,0,0,0,0,0,0,0,0,0,0,0,0,0,0,0,0,160
10003,2704,492,84,45,9999,0,0,678,0,0,0,4159,2819,0,0,62,0,8,7,2361,599,2000,1,0,4,72,72,55323,13750,377,642,110,63,323,0,98,3,73,4,4,0,10,0,0,0,0,0,2688,2816,2688,2816,4128,2208,5093,1496,0,0,0,0,100,63,45,39,41,63,57,63,0,0,50,0,0,0,0,0,0,13297,934,334,0,334,0,329,329,100,3,1,0,999,999,18,0,25,0,0,0,0,0,0,0,0,0,0,100,2688,2816,100,0,0,0,0,0,0,0,0,0,0,0,0,0,0,0,0,0,0,0,0,160
11003,2704,492,84,45,9999,0,0,448,0,0,0,4145,1856,0,0,62,0,8,7,2361,599,2000,1,0,4,71,72,51514,13762,319,662,117,63,372,0,90,1,72,4,4,0,10,0,0,0,0,0,2688,2816,2688,2816,4128,2208,5100,1570,0,0,0,0,100,58,40,32,37,57,55,58,0,0,49,0,0,0,0,0,0,13297,934,334,0,334,0,329,329,100,1,1,0,999,999,18,0,25,0,0,0,0,0,0,0,0,0,0,100,2688,2816,100,0,0,0,0,0,0,0,0,0,0,0,0,0,0,0,0,0,0,0,0,160
12003,2704,492,84,45,9999,0,0,462,0,0,0,4145,1914,0,0,62,0,8,7,2361,599,2000,1,0,4,72,72,52397,13689,504,670,79,63,343,0,93,2,73,4,4,0,10,0,0,0,0,0,2688,2816,2688,2816,4128,2208,5047,1551,0,0,0,0,100,57,40,34,35,54,57,56,0,0,48,0,0,0,0,0,0,13297,934,334,0,334,0,329,329,100,2,1,0,999,999,18,0,25,0,0,0,0,0,0,0,0,0,0,100,2688,2816,100,0,0,0,0,0,0,0,0,0,0,0,0,0,0,0,0,0,0,0,0,160
13003,2704,492,84,45,9999,0,0,587,0,0,0,4145,2433,0,0,62,0,8,7,2361,599,2000,1,0,4,71,72,49123,13671,338,632,154,63,467,0,62,5,73,4,4,0,10,0,0,0,0,0,2688,2816,2688,2816,4128,2208,6129,1658,0,0,0,0,100,63,41,37,37,58,62,63,0,0,57,0,0,0,0,0,0,13297,934,334,0,334,0,329,329,100,2,1,0,999,999,18,0,25,0,0,0,0,0,0,0,0,0,0,100,2688,2816,100,0,0,0,0,0,0,0,0,0,0,0,0,0,0,0,0,0,0,0,0,160
14006,2704,492,84,45,9999,0,0,414,0,0,0,4145,1716,0,0,62,0,8,7,2361,599,2000,1,0,4,71,72,52524,13745,303,729,199,63,405,0,69,3,73,4,4,0,10,0,0,0,0,0,2688,2816,2688,2816,4128,2208,6179,1596,0,0,0,0,100,60,40,33,36,56,60,53,0,0,57,0,0,0,0,0,0,13297,934,334,0,334,0,329,329,100,3,1,0,999,999,18,0,25,0,0,0,0,0,0,0,0,0,0,100,2688,2816,100,0,0,0,0,0,0,0,0,0,0,0,0,0,0,0,0,0,0,0,0,160
15003,2704,492,84,45,9999,0,0,569,0,0,0,4145,2358,0,0,62,0,8,7,2361,599,2000,1,0,4,71,72,52475,13736,317,647,145,63,337,0,69,4,72,4,4,0,10,0,0,0,0,0,2688,2816,2688,2816,4128,2208,5868,1662,0,0,0,0,100,61,37,33,34,61,53,58,0,0,56,0,0,0,0,0,0,13297,934,334,0,334,0,329,329,100,2,1,0,999,999,18,0,25,0,0,0,0,0,0,0,0,0,0,100,2688,2816,100,0,0,0,0,0,0,0,0,0,0,0,0,0,0,0,0,0,0,0,0,160
16003,2704,492,84,45,9999,0,0,1020,0,0,0,4145,4227,0,0,62,0,8,7,2361,599,2000,1,0,4,71,72,53680,13601,295,580,114,63,393,0,72,2,72,4,4,0,10,0,0,0,0,0,2688,2816,2688,2816,4128,2208,6174,1715,0,0,0,0,100,65,47,42,47,65,62,59,0,0,57,0,0,0,0,0,0,13297,934,334,0,334,0,329,329,100,2,1,0,999,999,18,0,25,0,0,0,0,0,0,0,0,0,0,100,2688,2816,100,0,0,0,0,0,0,0,0,0,0,0,0,0,0,0,0,0,0,0,0,160
17003,2704,492,84,45,9999,0,0,625,0,0,0,4145,2590,0,0,62,0,8,7,2361,599,2000,1,0,4,72,72,58401,13759,367,614,107,63,357,0,83,0,73,4,4,0,10,0,0,0,0,0,2688,2816,2688,2816,4128,2208,6513,1660,0,0,0,0,100,62,52,52,52,62,58,61,0,0,58,0,0,0,0,0,0,13297,934,334,0,334,0,329,329,100,0,0,0,999,999,18,0,25,0,0,0,0,0,0,0,0,0,0,100,2688,2816,100,0,0,0,0,0,0,0,0,0,0,0,0,0,0,0,0,0,0,0,0,160
18004,2704,492,84,45,9999,0,0,816,0,0,0,4145,3382,0,0,62,0,8,7,2361,599,2000,1,0,4,71,72,57619,13797,344,732,116,63,361,0,75,0,72,4,4,0,10,0,0,0,0,0,2688,2816,2688,2816,4128,2208,6583,1679,0,0,0,0,100,58,43,37,42,58,58,55,0,0,60,0,0,0,0,0,0,13297,934,334,0,334,0,329,329,100,0,0,0,999,999,18,0,25,0,0,0,0,0,0,0,0,0,0,100,2688,2816,100,0,0,0,0,0,0,0,0,0,0,0,0,0,0,0,0,0,0,0,0,160
19031,3134,500,84,45,9999,0,0,665,0,0,0,4145,2756,0,0,62,0,8,7,2361,599,2000,1,0,4,74,72,55822,13698,340,612,107,63,369,0,70,0,72,4,4,0,10,0,0,0,0,0,2688,2816,2688,2816,4128,2208,7382,1629,0,0,0,0,100,61,43,39,44,61,57,61,0,0,60,0,0,0,0,0,0,13566,981,330,0,330,0,335,335,100,0,0,0,999,999,18,0,25,0,0,0,0,0,0,0,0,0,0,100,2688,2816,100,0,0,0,0,0,0,0,0,0,0,0,0,0,0,0,0,0,0,0,0,160
20003,3134,500,84,45,9999,0,0,670,0,0,0,4145,2777,0,0,62,0,8,7,2361,599,2000,1,0,4,72,72,51296,13694,348,633,105,63,312,0,60,3,72,4,4,0,10,0,0,0,0,0,2688,2816,2688,2816,4128,2208,6085,1635,0,0,0,0,100,64,39,37,37,59,57,64,0,0,59,0,0,0,0,0,0,13566,981,330,0,330,0,335,335,100,2,1,0,999,999,18,0,25,0,0,0,0,0,0,0,0,0,0,100,2688,2816,100,0,0,0,0,0,0,0,0,0,0,0,0,0,0,0,0,0,0,0,0,160
21004,3134,500,84,45,9999,0,0,534,0,0,0,4145,2213,0,0,62,0,8,7,2361,599,2000,1,0,4,73,72,57373,13788,350,643,137,62,425,0,83,0,73,4,4,0,10,0,0,0,0,0,2688,2816,2688,2816,4128,2208,6104,1657,0,0,0,0,100,62,44,36,37,55,62,57,0,0,59,0,0,0,0,0,0,13566,981,330,0,330,0,335,335,100,0,0,0,999,999,18,0,25,0,0,0,0,0,0,0,0,0,0,100,2688,2816,100,0,0,0,0,0,0,0,0,0,0,0,0,0,0,0,0,0,0,0,0,160
22004,3134,500,84,45,9999,0,0,484,0,0,0,4145,2006,0,0,62,0,8,7,2361,599,2000,1,0,4,70,72,51620,13787,323,703,141,63,327,0,63,4,73,4,4,0,10,0,0,0,0,0,2688,2816,2688,2816,4128,2208,6106,1645,0,0,0,0,100,64,42,41,43,59,60,64,0,0,57,0,0,0,0,0,0,13566,981,330,0,330,0,335,335,100,2,1,0,999,999,18,0,25,0,0,0,0,0,0,0,0,0,0,100,2688,2816,100,0,0,0,0,0,0,0,0,0,0,0,0,0,0,0,0,0,0,0,0,160
23004,3134,500,84,45,9999,0,0,742,0,0,0,4145,3075,0,0,62,0,8,7,2361,599,2000,1,0,4,72,72,53840,13739,253,722,468,63,743,2,75,0,73,4,4,0,10,0,0,0,0,0,2688,2816,2688,2816,4128,2208,6351,1667,0,0,0,0,100,62,39,35,37,55,62,61,0,0,58,0,0,0,0,0,0,13566,981,330,0,330,0,335,335,100,0,0,0,999,999,18,0,25,0,0,0,0,0,0,0,0,0,0,100,2688,2816,100,0,0,0,0,0,0,0,0,0,0,0,0,0,0,0,0,0,0,0,0,160
24004,3134,500,84,45,9999,0,0,579,0,0,0,4145,2399,0,0,62,0,8,7,2361,599,2000,1,0,4,72,72,56900,13697,287,753,237,63,319,0,72,2,72,4,4,0,10,0,0,0,0,0,2688,2816,2688,2816,4128,2208,6984,1642,0,0,0,0,100,61,37,31,34,53,59,61,0,0,62,0,0,0,0,0,0,13566,981,330,0,330,0,335,335,100,2,1,0,999,999,18,0,25,0,0,0,0,0,0,0,0,0,0,100,2688,2816,100,0,0,0,0,0,0,0,0,0,0,0,0,0,0,0,0,0,0,0,0,160
25004,3134,500,84,45,9999,0,0,661,0,0,0,4145,2739,0,0,62,0,8,7,2361,599,2000,1,0,4,72,72,53734,13655,334,603,114,63,336,0,61,1,72,4,4,0,10,0,0,0,0,0,2688,2816,2688,2816,4128,2208,6662,1655,0,0,0,0,100,64,38,39,43,62,64,60,0,0,61,0,0,0,0,0,0,13566,981,330,0,330,0,335,335,100,1,1,0,999,999,18,0,25,0,0,0,0,0,0,0,0,0,0,100,2688,2816,100,0,0,0,0,0,0,0,0,0,0,0,0,0,0,0,0,0,0,0,0,160
26004,3134,500,84,45,9999,0,0,876,0,0,0,4145,3631,0,0,62,0,8,7,2361,599,2000,1,0,4,71,72,56088,13699,333,587,95,63,316,0,72,1,72,4,4,0,10,0,0,0,0,0,2688,2816,2688,2816,4128,2208,6915,1637,0,0,0,0,100,64,39,35,34,55,64,55,0,0,61,0,0,0,0,0,0,13566,981,330,0,330,0,335,335,100,1,1,0,999,999,18,0,25,0,0,0,0,0,0,0,0,0,0,100,2688,2816,100,0,0,0,0,0,0,0,0,0,0,0,0,0,0,0,0,0,0,0,0,160
27004,3134,500,84,45,9999,0,0,582,0,0,0,4145,2412,0,0,62,0,8,7,2361,599,2000,1,0,4,68,72,53490,13628,296,599,99,63,310,0,58,4,72,4,4,0,10,0,0,0,0,0,2688,2816,2688,2816,4128,2208,7192,1586,0,0,0,0,100,66,41,35,37,53,66,58,0,0,62,0,0,0,0,0,0,13566,981,330,0,330,0,335,335,100,2,1,0,999,999,18,0,25,0,0,0,0,0,0,0,0,0,0,100,2688,2816,100,0,0,0,0,0,0,0,0,0,0,0,0,0,0,0,0,0,0,0,0,160
28005,3134,500,84,45,9999,0,0,354,0,0,0,4145,1467,0,0,62,0,8,7,2361,599,2000,1,0,4,72,72,49470,13506,263,599,120,62,408,0,49,6,73,4,4,0,10,0,0,0,0,0,2688,2816,2688,2816,4128,2208,7403,1648,0,0,0,0,100,62,44,39,45,62,60,62,0,0,62,0,0,0,0,0,0,13566,981,330,0,330,0,335,335,100,3,1,0,999,999,18,0,25,0,0,0,0,0,0,0,0,0,0,100,2688,2816,100,0,0,0,0,0,0,0,0,0,0,0,0,0,0,0,0,0,0,0,0,160
29005,3134,500,84,45,9999,0,0,670,0,0,0,4145,2777,0,0,62,0,8,7,2361,599,2000,1,0,4,73,72,54860,13652,318,636,104,63,323,0,60,0,72,4,4,0,10,0,0,0,0,0,2688,2816,2688,2816,4128,2208,6468,1597,0,0,0,0,100,62,39,37,39,58,55,62,0,0,63,0,0,0,0,0,0,13566,981,330,0,330,0,335,335,100,0,0,0,999,999,18,0,25,0,0,0,0,0,0,0,0,0,0,100,2688,2816,100,0,0,0,0,0,0,0,0,0,0,0,0,0,0,0,0,0,0,0,0,160
30004,3134,500,84,45,9999,0,0,492,0,0,0,4145,2039,0,0,62,0,8,7,2361,599,2000,1,0,4,71,72,53857,13631,303,611,107,63,307,0,62,2,73,4,4,0,10,0,0,0,0,0,2688,2816,2688,2816,4128,2208,6771,1602,0,0,0,0,100,61,40,36,39,53,61,60,0,0,62,0,0,0,0,0,0,13566,981,330,0,330,0,335,335,100,1,1,0,999,999,18,0,25,0,0,0,0,0,0,0,0,0,0,100,2688,2816,100,0,0,0,0,0,0,0,0,0,0,0,0,0,0,0,0,0,0,0,0,160
31005,3134,500,84,45,9999,0,0,587,0,0,0,4141,2430,0,0,62,0,8,7,2361,599,2000,1,0,4,72,72,56205,13578,513,562,91,63,287,0,70,0,72,4,4,0,10,0,0,0,0,0,2688,2816,2688,2816,4128,2208,6619,1630,0,0,0,0,100,68,45,38,44,62,61,68,0,0,61,0,0,0,0,0,0,13566,981,330,0,330,0,335,335,100,1,1,0,999,999,18,0,25,0,0,0,0,0,0,0,0,0,0,100,2688,2816,100,0,0,0,0,0,0,0,0,0,0,0,0,0,0,0,0,0,0,0,0,160
32005,3134,500,84,45,9999,0,0,653,0,0,0,4141,2704,0,0,62,0,8,7,2361,599,2000,1,0,4,71,72,51953,13665,514,667,171,63,308,0,54,2,73,4,4,0,10,0,0,0,0,0,2688,2816,2688,2816,4128,2208,6645,1625,0,0,0,0,100,66,40,39,42,54,64,66,0,0,62,0,0,0,0,0,0,13566,981,330,0,330,0,335,335,100,1,1,0,999,999,18,0,25,0,0,0,0,0,0,0,0,0,0,100,2688,2816,100,0,0,0,0,0,0,0,0,0,0,0,0,0,0,0,0,0,0,0,0,160
33005,3134,500,84,45,9999,0,0,550,0,0,0,4141,2277,0,0,62,0,8,7,2361,599,2000,1,0,4,71,72,54979,13657,331,654,111,63,336,0,60,4,73,4,4,0,10,0,0,0,0,0,2688,2816,2688,2816,4128,2208,6650,1697,0,0,0,0,100,63,38,37,38,59,63,62,0,0,61,0,0,0,0,0,0,13566,981,330,0,330,0,335,335,100,2,1,0,999,999,18,0,25,0,0,0,0,0,0,0,0,0,0,100,2688,2816,100,0,0,0,0,0,0,0,0,0,0,0,0,0,0,0,0,0,0,0,0,160
34006,3134,500,84,45,9999,0,0,326,0,0,0,4141,1349,0,0,62,0,8,7,2361,599,2000,1,0,4,72,72,54752,13674,320,591,110,63,323,0,63,0,73,4,4,0,10,0,0,0,0,0,2688,2816,2688,2816,4128,2208,6865,1620,0,0,0,0,100,68,47,45,46,68,66,67,0,0,61,0,0,0,0,0,0,13566,981,330,0,330,0,335,335,100,0,0,0,999,999,18,0,25,0,0,0,0,0,0,0,0,0,0,100,2688,2816,100,0,0,0,0,0,0,0,0,0,0,0,0,0,0,0,0,0,0,0,0,160
35007,3134,500,84,45,9999,0,0,831,0,0,0,4141,3441,0,0,62,0,8,7,2361,599,2000,1,0,4,71,72,57249,13560,274,623,98,62,338,0,72,2,73,4,4,0,10,0,0,0,0,0,2688,2816,2688,2816,4128,2208,6678,1632,0,0,0,0,100,68,40,37,40,61,63,68,0,0,61,0,0,0,0,0,0,13566,981,330,0,330,0,335,335,100,1,1,0,999,999,18,0,25,0,0,0,0,0,0,0,0,0,0,100,2688,2816,100,0,0,0,0,0,0,0,0,0,0,0,0,0,0,0,0,0,0,0,0,160
36007,3134,500,84,45,9999,0,0,779,0,0,0,4141,3225,0,0,62,0,8,7,2361,599,2000,1,0,4,71,72,52265,13648,355,596,101,63,352,0,51,3,73,4,4,0,10,0,0,0,0,0,2688,2816,2688,2816,4128,2208,6637,1631,0,0,0,0,100,68,40,36,39,62,68,67,0,0,62,0,0,0,0,0,0,13566,981,330,0,330,0,335,335,100,2,1,0,999,999,18,0,25,0,0,0,0,0,0,0,0,0,0,100,2688,2816,100,0,0,0,0,0,0,0,0,0,0,0,0,0,0,0,0,0,0,0,0,160
37007,3134,500,84,45,9999,0,0,1091,0,0,0,4141,4517,0,0,62,0,8,7,2361,599,2000,1,0,4,70,72,55192,13700,309,606,122,63,374,0,58,5,72,4,4,0,10,0,0,0,0,0,2688,2816,2688,2816,4128,2208,7088,1661,0,0,0,0,100,74,49,46,47,70,66,74,0,0,60,0,0,0,0,0,0,13566,981,330,0,330,0,335,335,100,2,1,0,999,999,18,0,25,0,0,0,0,0,0,0,0,0,0,100,2688,2816,100,0,0,0,0,0,0,0,0,0,0,0,0,0,0,0,0,0,0,0,0,160
38007,3134,500,84,45,9999,0,0,1019,0,0,0,4141,4219,0,0,62,0,8,7,2361,599,2000,1,0,4,69,72,57493,13734,301,625,107,63,325,0,58,7,73,4,4,0,10,0,0,0,0,0,2688,2816,2688,2816,4128,2208,7045,1762,0,0,0,0,100,71,53,55,52,68,68,71,0,0,60,0,0,0,0,0,0,13566,981,330,0,330,0,335,335,100,4,1,0,999,999,18,0,25,0,0,0,0,0,0,0,0,0,0,100,2688,2816,100,0,0,0,0,0,0,0,0,0,0,0,0,0,0,0,0,0,0,0,0,160
39031,3142,504,84,45,9999,0,0,650,0,0,0,4141,2691,0,0,62,0,8,7,2361,599,2000,1,0,4,67,72,53386,13674,335,682,117,62,431,0,51,9,73,4,4,0,10,0,0,0,0,0,2688,2816,2688,2816,4128,2208,6495,1593,0,0,0,0,100,68,47,43,46,62,62,68,0,0,61,0,0,0,0,0,0,13621,997,332,0,332,0,338,338,100,3,1,0,999,999,18,0,25,0,0,0,0,0,0,0,0,0,0,100,2688,2816,100,0,0,0,0,0,0,0,0,0,0,0,0,0,0,0,0,0,0,0,0,160
40009,3142,504,84,45,9999,0,0,727,0,0,0,4141,3010,0,0,62,0,8,7,2361,599,2000,1,0,4,72,72,54081,13618,355,610,108,63,326,0,58,3,73,4,4,0,10,0,0,0,0,0,2688,2816,2688,2816,4128,2208,6821,1615,0,0,0,0,100,74,44,43,46,72,69,74,0,0,61,0,0,0,0,0,0,13621,997,332,0,332,0,338,338,100,2,1,0,999,999,18,0,25,0,0,0,0,0,0,0,0,0,0,100,2688,2816,100,0,0,0,0,0,0,0,0,0,0,0,0,0,0,0,0,0,0,0,0,160
41009,3142,504,84,45,9999,0,0,424,0,0,0,4152,1760,0,0,62,0,8,7,2361,599,2000,1,0,4,68,72,52706,13654,316,574,98,63,357,0,42,5,72,4,4,0,10,0,0,0,0,0,2688,2816,2688,2816,4128,2208,6922,1664,0,0,0,0,100,76,41,34,43,72,76,75,0,0,59,0,0,0,0,0,0,13621,997,332,0,332,0,338,338,100,2,1,0,999,999,18,0,25,0,0,0,0,0,0,0,0,0,0,100,2688,2816,100,0,0,0,0,0,0,0,0,0,0,0,0,0,0,0,0,0,0,0,0,160
42009,3142,504,84,45,9999,0,0,644,0,0,0,4152,2673,0,0,62,0,8,7,2361,599,2000,1,0,4,68,72,51488,13638,313,591,93,64,372,0,35,5,73,4,4,0,10,0,0,0,0,0,2688,2816,2688,2816,4128,2208,6672,1658,0,0,0,0,100,75,44,43,44,70,71,75,0,0,60,0,0,0,0,0,0,13621,997,332,0,332,0,338,338,100,2,1,0,999,999,18,0,25,0,0,0,0,0,0,0,0,0,0,100,2688,2816,100,0,0,0,0,0,0,0,0,0,0,0,0,0,0,0,0,0,0,0,0,160
43008,3142,504,84,45,9999,0,0,567,0,0,0,4152,2354,0,0,62,0,8,7,2361,599,2000,1,0,4,70,72,53459,13578,306,596,107,64,344,0,57,4,73,4,4,0,10,0,0,0,0,0,2688,2816,2688,2816,4128,2208,6952,1721,0,0,0,0,100,72,44,43,50,69,68,72,0,0,60,0,0,0,0,0,0,13621,997,332,0,332,0,338,338,100,2,1,0,999,999,18,0,25,0,0,0,0,0,0,0,0,0,0,100,2688,2816,100,0,0,0,0,0,0,0,0,0,0,0,0,0,0,0,0,0,0,0,0,160
44008,3142,504,84,45,9999,0,0,510,0,0,0,4152,2117,0,0,62,0,8,7,2361,599,2000,1,0,4,73,72,52950,13613,340,574,101,63,348,0,47,0,72,4,4,0,10,0,0,0,0,0,2688,2816,2688,2816,4128,2208,6748,1659,0,0,0,0,100,72,45,42,44,68,71,72,0,0,62,0,0,0,0,0,0,13621,997,332,0,332,0,338,338,100,0,0,0,999,999,18,0,25,0,0,0,0,0,0,0,0,0,0,100,2688,2816,100,0,0,0,0,0,0,0,0,0,0,0,0,0,0,0,0,0,0,0,0,160
45008,3142,504,84,45,9999,0,0,583,0,0,0,4152,2420,0,0,62,0,8,7,2361,599,2000,1,0,4,72,72,55296,13745,285,658,133,64,347,0,57,1,72,4,4,0,10,0,0,0,0,0,2688,2816,2688,2816,4128,2208,6536,1652,0,0,0,0,100,73,39,40,41,63,73,67,0,0,62,0,0,0,0,0,0,13621,997,332,0,332,0,338,338,100,1,1,0,999,999,18,0,25,0,0,0,0,0,0,0,0,0,0,100,2688,2816,100,0,0,0,0,0,0,0,0,0,0,0,0,0,0,0,0,0,0,0,0,160
46008,3142,504,84,45,9999,0,0,646,0,0,0,4152,2682,0,0,62,0,8,7,1920,599,2000,1,0,4,70,72,52730,13675,292,655,139,64,411,0,49,3,73,4,4,0,10,0,0,0,0,0,2688,2816,2688,2816,4128,2208,6813,1622,0,0,0,0,100,77,49,43,54,69,77,73,0,0,61,0,0,0,0,0,0,13621,997,332,0,332,0,338,338,100,2,1,0,999,999,18,0,25,0,0,0,0,0,0,0,0,0,0,100,2688,2816,100,0,0,0,0,0,0,0,0,0,0,0,0,0,0,0,0,0,0,0,0,160
47011,3142,504,84,45,9999,0,0,505,0,0,0,4152,2096,0,0,62,0,8,7,1920,599,2000,1,0,4,72,72,55035,13625,288,651,126,64,330,0,58,1,73,4,4,0,10,0,0,0,0,0,2688,2816,2688,2816,4128,2208,6752,1639,0,0,0,0,100,75,46,39,42,68,68,75,0,0,62,0,0,0,0,0,0,13621,997,332,0,332,0,338,338,100,2,1,0,999,999,18,0,25,0,0,0,0,0,0,0,0,0,0,100,2688,2816,100,0,0,0,0,0,0,0,0,0,0,0,0,0,0,0,0,0,0,0,0,160
48008,3142,504,84,45,9999,0,0,351,0,0,0,4152,1457,0,0,62,0,8,7,1920,599,2000,1,0,4,71,72,55718,13711,355,656,99,64,349,0,58,3,72,4,4,0,10,0,0,0,0,0,2688,2816,2688,2816,4128,2208,6773,1700,0,0,0,0,100,70,42,40,41,65,70,70,0,0,62,0,0,0,0,0,0,13621,997,332,0,332,0,338,338,100,3,2,0,999,999,18,0,25,0,0,0,0,0,0,0,0,0,0,100,2688,2816,100,0,0,0,0,0,0,0,0,0,0,0,0,0,0,0,0,0,0,0,0,160
49009,3142,504,84,45,9999,0,0,652,0,0,0,4152,2707,0,0,62,0,8,7,1920,599,2000,1,0,4,71,72,54493,13704,326,613,104,63,341,0,51,3,72,4,4,0,10,0,0,0,0,0,2688,2816,2688,2816,4128,2208,7207,1614,0,0,0,0,100,76,48,42,44,74,69,76,0,0,61,0,0,0,0,0,0,13621,997,332,0,332,0,338,338,100,2,1,0,999,999,18,0,25,0,0,0,0,0,0,0,0,0,0,100,2688,2816,100,0,0,0,0,0,0,0,0,0,0,0,0,0,0,0,0,0,0,0,0,160
50009,3142,504,84,45,9999,0,0,317,0,0,0,4152,1316,0,0,62,0,8,7,1920,599,2000,1,0,4,68,72,55620,13642,300,639,131,63,349,0,52,6,73,4,4,0,10,0,0,0,0,0,2688,2816,2688,2816,4128,2208,6736,1641,0,0,0,0,100,75,42,38,40,73,70,75,0,0,60,0,0,0,0,0,0,13621,997,332,0,332,0,338,338,100,3,1,0,999,999,18,0,25,0,0,0,0,0,0,0,0,0,0,100,2688,2816,100,0,0,0,0,0,0,0,0,0,0,0,0,0,0,0,0,0,0,0,0,160
51011,3142,504,84,45,9999,0,0,391,0,0,0,4171,1630,0,0,62,0,8,7,1920,599,2000,1,0,4,72,72,55312,13604,304,670,101,63,357,0,56,1,72,4,4,0,10,0,0,0,0,0,2688,2816,2688,2816,4128,2208,6678,1647,0,0,0,0,100,75,39,35,37,71,71,75,0,0,62,0,0,0,0,0,0,13621,997,332,0,332,0,338,338,100,1,1,0,999,999,18,0,25,0,0,0,0,0,0,0,0,0,0,100,2688,2816,100,0,0,0,0,0,0,0,0,0,0,0,0,0,0,0,0,0,0,0,0,160
52009,3142,504,84,45,9999,0,0,521,0,0,0,4171,2173,0,0,62,0,8,7,1920,599,2000,1,0,4,70,72,51775,13731,685,628,109,64,344,0,40,7,72,4,4,0,10,0,0,0,0,0,2688,2816,2688,2816,4128,2208,6856,1657,0,0,0,0,100,76,48,42,50,75,76,75,0,0,61,0,0,0,0,0,0,13621,997,332,0,332,0,338,338,100,3,1,0,999,999,18,0,25,0,0,0,0,0,0,0,0,0,0,100,2688,2816,100,0,0,0,0,0,0,0,0,0,0,0,0,0,0,0,0,0,0,0,0,160
53014,3142,504,84,45,9999,0,0,585,0,0,0,4171,2440,0,0,62,0,8,7,1920,599,2000,1,0,4,70,72,53813,13682,306,615,105,64,324,0,55,4,72,4,4,0,10,0,0,0,0,0,2688,2816,2688,2816,4128,2208,6894,1733,0,0,0,0,100,77,41,36,39,69,74,77,0,0,61,0,0,0,0,0,0,13621,997,332,0,332,0,338,338,100,2,1,0,999,999,18,0,25,0,0,0,0,0,0,0,0,0,0,100,2688,2816,100,0,0,0,0,0,0,0,0,0,0,0,0,0,0,0,0,0,0,0,0,160
54014,3142,504,84,45,9999,0,0,447,0,0,0,4171,1864,0,0,62,0,8,7,1920,599,2000,1,0,4,71,72,54583,13609,267,634,158,63,384,0,52,2,73,4,4,0,10,0,0,0,0,0,2688,2816,2688,2816,4128,2208,6825,1587,0,0,0,0,100,78,43,33,37,74,78,75,0,0,61,0,0,0,0,0,0,13621,997,332,0,332,0,338,338,100,1,1,0,999,999,18,0,25,0,0,0,0,0,0,0,0,0,0,100,2688,2816,100,0,0,0,0,0,0,0,0,0,0,0,0,0,0,0,0,0,0,0,0,160
55014,3142,504,84,45,9999,0,0,455,0,0,0,4171,1897,0,0,62,0,8,7,1920,599,2000,1,0,4,71,72,56137,13595,293,642,139,63,353,0,58,2,72,4,4,0,10,0,0,0,0,0,2688,2816,2688,2816,4128,2208,6576,1625,0,0,0,0,100,75,45,43,47,75,75,74,0,0,62,0,0,0,0,0,0,13621,997,332,0,332,0,338,338,100,1,1,0,999,999,18,0,25,0,0,0,0,0,0,0,0,0,0,100,2688,2816,100,0,0,0,0,0,0,0,0,0,0,0,0,0,0,0,0,0,0,0,0,160
56014,3142,504,84,45,9999,0,0,524,0,0,0,4171,2185,0,0,62,0,8,7,1920,599,2000,1,0,4,71,72,57350,13599,294,622,113,64,344,0,64,3,72,4,4,0,10,0,0,0,0,0,2688,2816,2688,2816,4128,2208,6772,1665,0,0,0,0,100,72,43,37,37,65,72,65,0,0,61,0,0,0,0,0,0,13621,997,332,0,332,0,338,338,100,2,1,0,999,999,18,0,25,0,0,0,0,0,0,0,0,0,0,100,2688,2816,100,0,0,0,0,0,0,0,0,0,0,0,0,0,0,0,0,0,0,0,0,160
57018,3142,504,84,45,9999,0,0,465,0,0,0,4171,1939,0,0,62,0,8,7,1920,599,2000,1,0,4,72,72,56891,13638,286,594,96,63,329,0,68,0,73,4,4,0,10,0,0,0,0,0,2688,2816,2688,2816,4128,2208,6751,1632,0,0,0,0,100,69,42,36,39,66,68,69,0,0,62,0,0,0,0,0,0,13621,997,332,0,332,0,338,338,100,0,0,0,999,999,18,0,25,0,0,0,0,0,0,0,0,0,0,100,2688,2816,100,0,0,0,0,0,0,0,0,0,0,0,0,0,0,0,0,0,0,0,0,160
58016,3142,504,84,45,9999,0,0,674,0,0,0,4171,2811,0,0,62,0,8,7,1920,599,2000,1,0,4,70,72,51629,13529,260,575,88,64,318,0,39,1,71,4,4,0,10,0,0,0,0,0,2688,2816,2688,2816,4128,2208,6793,1720,0,0,0,0,100,74,43,40,46,73,74,67,0,0,62,0,0,0,0,0,0,13621,997,332,0,332,0,338,338,100,1,1,0,999,999,18,0,25,0,0,0,0,0,0,0,0,0,0,100,2688,2816,100,0,0,0,0,0,0,0,0,0,0,0,0,0,0,0,0,0,0,0,0,160
59055,2977,504,84,45,9999,0,0,762,0,0,0,4171,3178,0,0,62,0,8,7,1920,599,2000,1,0,4,74,72,54611,13615,285,587,130,65,353,0,56,0,73,4,4,0,10,0,0,0,0,0,2688,2816,2688,2816,4128,2208,6808,1667,0,0,0,0,100,73,51,49,52,67,70,73,0,0,63,0,0,0,0,0,0,13621,1005,331,0,331,0,339,339,100,0,0,0,999,999,18,0,25,0,0,0,0,0,0,0,0,0,0,100,2688,2816,100,0,0,0,0,0,0,0,0,0,0,0,0,0,0,0,0,0,0,0,0,160
60015,2977,504,84,45,9999,0,0,261,0,0,0,4171,1088,0,0,62,0,8,7,1920,599,2000,1,0,4,70,72,54112,13646,304,631,140,64,350,0,56,2,73,4,4,0,10,0,0,0,0,0,2688,2816,2688,2816,4128,2208,6847,1629,0,0,0,0,100,72,44,44,39,67,72,72,0,0,62,0,0,0,0,0,0,13621,1005,331,0,331,0,339,339,100,1,1,0,999,999,18,0,25,0,0,0,0,0,0,0,0,0,0,100,2688,2816,100,0,0,0,0,0,0,0,0,0,0,0,0,0,0,0,0,0,0,0,0,160
61018,2977,504,84,45,9999,0,0,341,0,0,0,4169,1421,0,0,62,0,8,7,1920,599,2000,1,0,4,70,72,53592,13753,320,685,122,64,463,0,47,5,73,4,4,0,10,0,0,0,0,0,2688,2816,2688,2816,4128,2208,6710,1660,0,0,0,0,100,71,46,44,51,71,71,68,0,0,61,0,0,0,0,0,0,13621,1005,331,0,331,0,339,339,100,2,1,0,999,999,18,0,25,0,0,0,0,0,0,0,0,0,0,100,2688,2816,100,0,0,0,0,0,0,0,0,0,0,0,0,0,0,0,0,0,0,0,0,160
62015,2977,504,84,45,9999,0,0,670,0,0,0,4169,2793,0,0,62,0,8,7,1920,599,2000,1,0,4,68,72,51581,13685,331,697,112,64,399,0,40,4,72,4,4,0,10,0,0,0,0,0,2688,2816,2688,2816,4128,2208,6882,1653,0,0,0,0,100,75,46,42,42,68,75,70,0,0,60,0,0,0,0,0,0,13621,1005,331,0,331,0,339,339,100,2,1,0,999,999,18,0,25,0,0,0,0,0,0,0,0,0,0,100,2688,2816,100,0,0,0,0,0,0,0,0,0,0,0,0,0,0,0,0,0,0,0,0,160
63015,2977,504,84,45,9999,0,0,409,0,0,0,4169,1705,0,0,62,0,8,7,1920,599,2000,1,0,4,71,72,56490,13653,352,646,100,64,361,0,55,3,72,4,4,0,10,0,0,0,0,0,2688,2816,2688,2816,4128,2208,6671,1747,0,0,0,0,100,72,43,37,39,65,72,65,0,0,61,0,0,0,0,0,0,13621,1005,331,0,331,0,339,339,100,2,1,0,999,999,18,0,25,0,0,0,0,0,0,0,0,0,0,100,2688,2816,100,0,0,0,0,0,0,0,0,0,0,0,0,0,0,0,0,0,0,0,0,160
64015,2977,504,84,45,9999,0,0,400,0,0,0,4169,1667,0,0,62,0,8,7,1920,599,2000,1,0,4,66,72,51412,13679,338,597,113,63,334,0,33,8,73,4,4,0,10,0,0,0,0,0,2688,2816,2688,2816,4128,2208,7193,1628,0,0,0,0,100,84,61,58,61,84,77,81,0,0,59,0,0,0,0,0,0,13621,1005,331,0,331,0,339,339,100,2,1,0,999,999,18,0,25,0,0,0,0,0,0,0,0,0,0,100,2688,2816,100,0,0,0,0,0,0,0,0,0,0,0,0,0,0,0,0,0,0,0,0,160
65016,2977,504,84,45,9999,0,0,642,0,0,0,4169,2676,0,0,62,0,8,7,1920,599,2000,1,0,4,66,72,54124,13679,338,597,113,63,334,0,33,8,73,4,4,0,10,0,0,0,0,0,2688,2816,2688,2816,4128,2208,6615,1673,0,0,0,0,100,76,43,40,43,72,74,76,0,0,58,0,0,0,0,0,0,13621,1005,331,0,331,0,339,339,100,2,1,0,999,999,18,0,25,0,0,0,0,0,0,0,0,0,0,100,2688,2816,100,0,0,0,0,0,0,0,0,0,0,0,0,0,0,0,0,0,0,0,0,160
66018,2977,504,84,45,9999,0,0,488,0,0,0,4169,2034,0,0,62,0,8,7,1920,599,2000,1,0,4,66,72,54124,13664,296,633,127,63,343,0,45,9,73,4,4,0,10,0,0,0,0,0,2688,2816,2688,2816,4128,2208,6683,1638,0,0,0,0,100,77,43,37,40,72,75,77,0,0,60,0,0,0,0,0,0,13621,1005,331,0,331,0,339,339,100,3,2,0,999,999,18,0,25,0,0,0,0,0,0,0,0,0,0,100,2688,2816,100,0,0,0,0,0,0,0,0,0,0,0,0,0,0,0,0,0,0,0,0,160
67015,2977,504,84,45,9999,0,0,522,0,0,0,4169,2176,0,0,62,0,8,7,1920,599,2000,1,0,4,70,72,50519,13579,313,629,92,64,335,0,31,5,72,4,4,0,10,0,0,0,0,0,2688,2816,2688,2816,4128,2208,7027,1671,0,0,0,0,100,84,57,55,56,84,81,82,0,0,60,0,0,0,0,0,0,13621,1005,331,0,331,0,339,339,100,2,1,0,999,999,18,0,25,0,0,0,0,0,0,0,0,0,0,100,2688,2816,100,0,0,0,0,0,0,0,0,0,0,0,0,0,0,0,0,0,0,0,0,160
68018,2977,504,84,45,9999,0,0,852,0,0,0,4169,3551,0,0,62,0,8,7,1920,599,2000,1,0,4,67,72,51000,13616,345,591,110,64,323,0,29,10,72,4,4,0,10,0,0,0,0,0,2688,2816,2688,2816,4128,2208,7404,1696,0,0,0,0,100,85,47,42,45,81,82,85,0,0,53,0,0,0,0,0,0,13621,1005,331,0,331,0,339,339,100,2,1,0,999,999,18,0,25,0,0,0,0,0,0,0,0,0,0,100,2688,2816,100,0,0,0,0,0,0,0,0,0,0,0,0,0,0,0,0,0,0,0,0,160
69019,2977,504,84,45,9999,0,0,538,0,0,0,4169,2242,0,0,62,0,8,7,1920,599,2000,1,0,4,55,72,51562,13632,287,632,102,63,348,0,22,28,73,4,4,0,10,0,0,0,0,0,2688,2816,2688,2816,4128,2208,8426,1560,0,0,0,0,100,87,46,40,42,83,87,86,0,0,48,0,0,0,0,0,0,13621,1005,331,0,331,0,339,339,100,5,1,0,999,999,18,0,25,0,0,0,0,0,0,0,0,0,0,100,2688,2816,100,0,0,0,0,0,0,0,0,0,0,0,0,0,0,0,0,0,0,0,0,160
70021,2977,504,84,45,9999,0,0,437,0,0,0,4169,1821,0,0,62,0,8,7,1920,599,2000,1,0,4,47,72,54367,13588,286,627,111,63,312,0,19,34,72,4,4,0,10,0,0,0,0,0,2688,2816,2688,2816,4128,2208,6973,1666,0,0,0,0,100,86,53,47,51,84,86,85,0,0,52,0,0,0,0,0,0,13621,1005,331,0,331,0,339,339,100,7,3,0,999,999,18,0,25,0,0,0,0,0,0,0,0,0,0,100,2688,2816,100,0,0,0,0,0,0,0,0,0,0,0,0,0,0,0,0,0,0,0,0,160
71021,2977,504,84,45,9999,0,0,610,0,0,0,4179,2549,0,0,62,0,8,7,1920,599,2000,1,0,4,53,72,56097,13643,658,615,131,63,378,0,30,23,72,4,4,0,10,0,0,0,0,0,2688,2816,2688,2816,4128,2208,7155,1654,0,0,0,0,100,87,43,41,39,85,86,87,0,0,53,0,0,0,0,0,0,13621,1005,331,0,331,0,339,339,100,3,2,0,999,999,18,0,25,0,0,0,0,0,0,0,0,0,0,100,2688,2816,100,0,0,0,0,0,0,0,0,0,0,0,0,0,0,0,0,0,0,0,0,160
72024,2977,504,84,45,9999,0,0,312,0,0,0,4179,1303,0,0,62,0,8,7,1920,599,2000,1,0,4,56,72,55757,13746,356,711,124,64,346,0,29,27,73,4,4,0,10,0,0,0,0,0,2688,2816,2688,2816,4128,2208,7143,1626,0,0,0,0,100,88,40,35,39,88,86,86,0,0,54,0,0,0,0,0,0,13621,1005,331,0,331,0,339,339,100,10,2,0,999,999,18,0,25,0,0,0,0,0,0,0,0,0,0,100,2688,2816,100,0,0,0,0,0,0,0,0,0,0,0,0,0,0,0,0,0,0,0,0,160
73027,2977,504,84,45,9999,0,0,294,0,0,0,4179,1228,0,0,62,0,8,7,1920,599,2000,1,0,4,56,72,49628,13695,317,681,118,63,371,0,12,23,73,4,4,0,10,0,0,0,0,0,2688,2816,2688,2816,4128,2208,7207,1672,0,0,0,0,100,87,48,43,47,87,87,85,0,0,52,0,0,0,0,0,0,13621,1005,331,0,331,0,339,339,100,5,3,0,999,999,18,0,25,0,0,0,0,0,0,0,0,0,0,100,2688,2816,100,0,0,0,0,0,0,0,0,0,0,0,0,0,0,0,0,0,0,0,0,160
74026,2977,504,84,45,9999,0,0,625,0,0,0,4179,2611,0,0,62,0,8,7,1920,599,2000,1,0,4,49,72,52760,13605,274,666,98,63,364,0,24,34,72,4,4,0,10,0,0,0,0,0,2688,2816,2688,2816,4128,2208,6197,1611,0,0,0,0,100,90,43,38,41,86,90,88,0,0,53,0,0,0,0,0,0,13621,1005,331,0,331,0,339,339,100,8,2,0,999,999,18,0,25,0,0,0,0,0,0,0,0,0,0,100,2688,2816,100,0,0,0,0,0,0,0,0,0,0,0,0,0,0,0,0,0,0,0,0,160
75023,2977,504,84,45,9999,0,0,547,0,0,0,4179,2285,0,0,62,0,8,7,1920,599,2000,1,0,4,58,72,53587,13579,318,610,99,63,317,0,28,21,72,4,4,0,10,0,0,0,0,0,2688,2816,2688,2816,4128,2208,7669,1615,0,0,0,0,100,86,42,32,39,84,86,86,0,0,51,0,0,0,0,0,0,13621,1005,331,0,331,0,339,339,100,3,2,0,999,999,18,0,25,0,0,0,0,0,0,0,0,0,0,100,2688,2816,100,0,0,0,0,0,0,0,0,0,0,0,0,0,0,0,0,0,0,0,0,160
76027,2977,504,84,45,9999,0,0,621,0,0,0,4179,2595,0,0,62,0,8,7,1920,599,2000,1,0,4,52,72,51793,13634,341,603,105,64,363,0,16,30,73,4,4,0,10,0,0,0,0,0,2688,2816,2688,2816,4128,2208,7009,1654,0,0,0,0,100,86,42,32,39,84,86,86,0,0,48,0,0,0,0,0,0,13621,1005,331,0,331,0,339,339,100,5,1,0,999,999,18,0,25,0,0,0,0,0,0,0,0,0,0,100,2688,2816,100,0,0,0,0,0,0,0,0,0,0,0,0,0,0,0,0,0,0,0,0,160
77025,2977,504,84,45,9999,0,0,458,0,0,0,4179,1913,0,0,62,0,8,7,1920,599,2000,1,0,4,51,72,55047,13637,299,638,119,63,391,0,31,24,73,4,4,0,10,0,0,0,0,0,2688,2816,2688,2816,4128,2208,6527,1631,0,0,0,0,100,89,46,43,48,89,88,89,0,0,53,0,0,0,0,0,0,13621,1005,331,0,331,0,339,339,100,5,1,0,999,999,18,0,25,0,0,0,0,0,0,0,0,0,0,100,2688,2816,100,0,0,0,0,0,0,0,0,0,0,0,0,0,0,0,0,0,0,0,0,160
78026,2977,504,84,45,9999,0,0,706,0,0,0,4179,2950,0,0,62,0,8,7,1920,599,2000,1,0,4,60,72,49777,13674,289,683,124,63,318,0,17,20,73,4,4,0,10,0,0,0,0,0,2688,2816,2688,2816,4128,2208,7864,1736,0,0,0,0,100,87,42,39,40,85,87,87,0,0,49,0,0,0,0,0,0,13621,1005,331,0,331,0,339,339,100,5,2,0,999,999,18,0,25,0,0,0,0,0,0,0,0,0,0,100,2688,2816,100,0,0,0,0,0,0,0,0,0,0,0,0,0,0,0,0,0,0,0,0,160
79052,3076,500,84,45,9999,0,0,585,0,0,0,4179,2444,0,0,62,0,8,7,1920,599,2000,1,0,4,45,72,53812,13639,329,676,116,63,368,0,16,38,72,4,4,0,10,0,0,0,0,0,2688,2816,2688,2816,4128,2208,6624,1627,0,0,0,0,100,87,43,35,40,84,86,87,0,0,43,0,0,0,0,0,0,13640,1017,328,0,328,0,335,335,100,5,1,0,999,999,18,0,25,0,0,0,0,0,0,0,0,0,0,100,2688,2816,100,0,0,0,0,0,0,0,0,0,0,0,0,0,0,0,0,0,0,0,0,160
80025,3076,500,84,45,9999,0,0,677,0,0,0,4179,2829,0,0,62,0,8,7,1920,599,2000,1,0,4,41,72,51867,13715,353,691,113,63,326,0,14,37,72,4,4,0,10,0,0,0,0,0,2688,2816,2688,2816,4128,2208,6730,1656,0,0,0,0,100,86,50,45,50,84,86,84,0,0,47,0,0,0,0,0,0,13640,1017,328,0,328,0,335,335,100,14,11,0,999,999,18,0,25,0,0,0,0,0,0,0,0,0,0,100,2688,2816,100,0,0,0,0,0,0,0,0,0,0,0,0,0,0,0,0,0,0,0,0,160
81026,3076,500,84,45,9999,0,0,670,0,0,0,4154,2783,0,0,62,0,8,7,1920,599,2000,1,0,4,51,72,52401,13656,293,637,132,62,409,0,20,30,72,4,4,0,10,0,0,0,0,0,2688,2816,2688,2816,4128,2208,6866,1644,0,0,0,0,100,88,55,52,54,86,88,88,0,0,50,0,0,0,0,0,0,13640,1017,328,0,328,0,335,335,100,7,2,0,999,999,18,0,25,0,0,0,0,0,0,0,0,0,0,100,2688,2816,100,0,0,0,0,0,0,0,0,0,0,0,0,0,0,0,0,0,0,0,0,160
82026,3076,500,84,45,9999,0,0,591,0,0,0,4154,2455,0,0,62,0,8,7,1920,599,2000,1,0,4,51,72,49308,13623,267,668,125,63,343,0,13,27,73,4,4,0,10,0,0,0,0,0,2688,2816,2688,2816,4128,2208,7188,1663,0,0,0,0,100,90,45,46,46,88,88,90,0,0,48,0,0,0,0,0,0,13640,1017,328,0,328,0,335,335,100,3,1,0,999,999,18,0,25,0,0,0,0,0,0,0,0,0,0,100,2688,2816,100,0,0,0,0,0,0,0,0,0,0,0,0,0,0,0,0,0,0,0,0,160
83028,3076,500,84,45,9999,0,0,509,0,0,0,4154,2114,0,0,62,0,8,7,1920,599,2000,1,0,4,51,72,53176,13609,305,646,110,64,340,0,22,28,72,4,4,0,10,0,0,0,0,0,2688,2816,2688,2816,4128,2208,6415,1719,0,0,0,0,100,90,50,44,51,90,89,90,0,0,52,0,0,0,0,0,0,13640,1017,328,0,328,0,335,335,100,3,1,0,999,999,18,0,25,0,0,0,0,0,0,0,0,0,0,100,2688,2816,100,0,0,0,0,0,0,0,0,0,0,0,0,0,0,0,0,0,0,0,0,160
84026,3076,500,84,45,9999,0,0,786,0,0,0,4171,3278,0,0,62,0,8,7,1920,599,2000,1,0,4,60,72,50591,13608,345,624,94,64,378,0,26,16,73,4,4,0,10,0,0,0,0,0,2688,2816,2688,2816,4128,2208,6810,1620,0,0,0,0,100,88,38,36,41,87,86,88,0,0,53,0,0,0,0,0,0,13640,1017,328,0,328,0,335,335,100,3,1,0,999,999,18,0,25,0,0,0,0,0,0,0,0,0,0,100,2688,2816,100,0,0,0,0,0,0,0,0,0,0,0,0,0,0,0,0,0,0,0,0,160
85026,3076,500,84,45,9999,0,0,581,0,0,0,4171,2423,0,0,62,0,8,7,1920,599,2000,1,0,4,58,72,53117,13605,337,605,106,64,297,0,27,22,73,4,4,0,10,0,0,0,0,0,2688,2816,2688,2816,4128,2208,6965,1560,0,0,0,0,100,90,40,37,39,87,88,90,0,0,54,0,0,0,0,0,0,13640,1017,328,0,328,0,335,335,100,3,2,0,999,999,18,0,25,0,0,0,0,0,0,0,0,0,0,100,2688,2816,100,0,0,0,0,0,0,0,0,0,0,0,0,0,0,0,0,0,0,0,0,160
86027,3076,500,84,45,9999,0,0,332,0,0,0,4171,1384,0,0,62,0,8,7,1920,599,2000,1,0,4,58,72,51563,13622,279,673,139,64,421,0,33,18,73,4,4,0,10,0,0,0,0,0,2688,2816,2688,2816,4128,2208,7052,1654,0,0,0,0,100,89,47,45,48,89,87,88,0,0,51,0,0,0,0,0,0,13640,1017,328,0,328,0,335,335,100,2,1,0,999,999,18,0,25,0,0,0,0,0,0,0,0,0,0,100,2688,2816,100,0,0,0,0,0,0,0,0,0,0,0,0,0,0,0,0,0,0,0,0,160
87031,3076,500,84,45,9999,0,0,854,0,0,0,4171,3562,0,0,62,0,8,7,1920,599,2000,1,0,4,57,72,52652,13562,283,654,139,63,407,0,20,25,72,4,4,0,10,0,0,0,0,0,2688,2816,2688,2816,4128,2208,6577,1671,0,0,0,0,100,91,45,40,40,89,90,91,0,0,50,0,0,0,0,0,0,13640,1017,328,0,328,0,335,335,100,5,1,0,999,999,18,0,25,0,0,0,0,0,0,0,0,0,0,100,2688,2816,100,0,0,0,0,0,0,0,0,0,0,0,0,0,0,0,0,0,0,0,0,160
88028,3076,500,84,45,9999,0,0,627,0,0,0,4171,2615,0,0,62,0,8,7,1920,599,2000,1,0,4,57,72,50624,13644,340,636,116,64,423,0,26,23,72,4,4,0,10,0,0,0,0,0,2688,2816,2688,2816,4128,2208,6353,1741,0,0,0,0,100,88,42,41,44,87,87,88,0,0,52,0,0,0,0,0,0,13640,1017,328,0,328,0,335,335,100,6,2,0,999,999,18,0,25,0,0,0,0,0,0,0,0,0,0,100,2688,2816,100,0,0,0,0,0,0,0,0,0,0,0,0,0,0,0,0,0,0,0,0,160
89027,3076,500,84,45,9999,0,0,462,0,0,0,4171,1927,0,0,62,0,8,7,1920,599,2000,1,0,4,55,72,52843,13742,309,672,114,64,380,0,24,21,72,4,4,0,10,0,0,0,0,0,2688,2816,2688,2816,4128,2208,6979,1643,0,0,0,0,100,91,50,49,50,91,91,91,0,0,49,0,0,0,0,0,0,13640,1017,328,0,328,0,335,335,100,9,2,0,999,999,18,0,25,0,0,0,0,0,0,0,0,0,0,100,2688,2816,100,0,0,0,0,0,0,0,0,0,0,0,0,0,0,0,0,0,0,0,0,160
90027,3076,500,84,45,9999,0,0,622,0,0,0,4171,2594,0,0,62,0,8,7,1920,599,2000,1,0,4,56,72,52868,13593,322,632,91,63,345,0,30,24,73,4,4,0,10,0,0,0,0,0,2688,2816,2688,2816,4128,2208,6974,1603,0,0,0,0,100,88,42,39,39,88,87,87,0,0,54,0,0,0,0,0,0,13640,1017,328,0,328,0,335,335,100,4,2,0,999,999,18,0,25,0,0,0,0,0,0,0,0,0,0,100,2688,2816,100,0,0,0,0,0,0,0,0,0,0,0,0,0,0,0,0,0,0,0,0,160
91028,3076,500,84,45,9999,0,0,526,0,0,0,4151,2183,0,0,62,0,8,7,1920,599,2000,1,0,4,58,72,51447,13516,284,605,88,64,361,0,20,18,73,4,4,0,10,0,0,0,0,0,2688,2816,2688,2816,4128,2208,7617,1664,0,0,0,0,100,89,38,37,38,89,89,89,0,0,54,0,0,0,0,0,0,13640,1017,328,0,328,0,335,335,100,4,2,0,999,999,18,0,25,0,0,0,0,0,0,0,0,0,0,100,2688,2816,100,0,0,0,0,0,0,0,0,0,0,0,0,0,0,0,0,0,0,0,0,160
92029,3076,500,84,45,9999,0,0,403,0,0,0,4151,1672,0,0,62,0,8,7,1920,599,2000,1,0,4,52,72,55325,13743,370,650,175,65,456,0,26,31,73,4,4,0,10,0,0,0,0,0,2688,2816,2688,2816,4128,2208,6466,1669,0,0,0,0,100,91,50,45,47,91,90,90,0,0,53,0,0,0,0,0,0,13640,1017,328,0,328,0,335,335,100,9,2,0,999,999,18,0,25,0,0,0,0,0,0,0,0,0,0,100,2688,2816,100,0,0,0,0,0,0,0,0,0,0,0,0,0,0,0,0,0,0,0,0,160
93028,3076,500,84,45,9999,0,0,748,0,0,0,4151,3104,0,0,62,0,8,7,1920,599,2000,1,0,4,59,72,50193,13752,302,723,114,63,423,0,27,17,73,4,4,0,10,0,0,0,0,0,2688,2816,2688,2816,4128,2208,7648,1690,0,0,0,0,100,88,44,41,40,87,87,88,0,0,55,0,0,0,0,0,0,13640,1017,328,0,328,0,335,335,100,3,1,0,999,999,18,0,25,0,0,0,0,0,0,0,0,0,0,100,2688,2816,100,0,0,0,0,0,0,0,0,0,0,0,0,0,0,0,0,0,0,0,0,160
94030,3076,500,84,45,9999,0,0,461,0,0,0,4151,1913,0,0,62,0,8,7,1920,599,2000,1,0,4,62,72,53414,13625,270,671,113,64,336,0,39,12,72,4,4,0,10,0,0,0,0,0,2688,2816,2688,2816,4128,2208,6540,1573,0,0,0,0,100,87,42,36,36,87,87,87,0,0,53,0,0,0,0,0,0,13640,1017,328,0,328,0,335,335,100,2,1,0,999,999,18,0,25,0,0,0,0,0,0,0,0,0,0,100,2688,2816,100,0,0,0,0,0,0,0,0,0,0,0,0,0,0,0,0,0,0,0,0,160
95029,3076,500,84,45,9999,0,0,566,0,0,0,4151,2349,0,0,62,0,8,7,1920,599,2000,1,0,4,58,72,50328,13510,290,603,111,64,357,0,19,20,73,4,4,0,10,0,0,0,0,0,2688,2816,2688,2816,4128,2208,6046,1613,0,0,0,0,100,91,53,47,51,91,90,90,0,0,50,0,0,0,0,0,0,13640,1017,328,0,328,0,335,335,100,5,1,0,999,999,18,0,25,0,0,0,0,0,0,0,0,0,0,100,2688,2816,100,0,0,0,0,0,0,0,0,0,0,0,0,0,0,0,0,0,0,0,0,160
96029,3076,500,84,45,9999,0,0,324,0,0,0,4151,1344,0,0,62,0,8,7,1920,599,2000,1,0,4,57,72,46995,13637,347,640,114,64,297,0,16,18,72,4,4,0,10,0,0,0,0,0,2688,2816,2688,2816,4128,2208,5889,1620,0,0,0,0,100,89,44,36,43,89,89,87,0,0,47,0,0,0,0,0,0,13640,1017,328,0,328,0,335,335,100,4,2,0,999,999,18,0,25,0,0,0,0,0,0,0,0,0,0,100,2688,2816,100,0,0,0,0,0,0,0,0,0,0,0,0,0,0,0,0,0,0,0,0,160
97029,3076,500,84,45,9999,0,0,801,0,0,0,4143,3318,0,0,62,0,8,7,1920,599,2000,1,0,4,56,72,52928,13683,318,606,114,63,364,0,30,25,72,4,4,0,10,0,0,0,0,0,2688,2816,2688,2816,4128,2208,7089,1654,0,0,0,0,100,88,38,35,38,84,88,86,0,0,50,0,0,0,0,0,0,13640,1017,328,0,328,0,335,335,100,5,2,0,999,999,18,0,25,0,0,0,0,0,0,0,0,0,0,100,2688,2816,100,0,0,0,0,0,0,0,0,0,0,0,0,0,0,0,0,0,0,0,0,160
98029,3076,500,84,45,9999,0,0,537,0,0,0,4143,2224,0,0,62,0,8,7,1920,599,2000,1,0,4,54,72,48216,13602,329,632,109,64,353,0,15,27,73,4,4,0,10,0,0,0,0,0,2688,2816,2688,2816,4128,2208,8167,1727,0,0,0,0,100,89,53,45,51,89,89,89,0,0,50,0,0,0,0,0,0,13640,1017,328,0,328,0,335,335,100,6,2,0,999,999,18,0,25,0,0,0,0,0,0,0,0,0,0,100,2688,2816,100,0,0,0,0,0,0,0,0,0,0,0,0,0,0,0,0,0,0,0,0,160
99058,3128,504,84,45,9999,0,0,377,0,0,0,4143,1561,0,0,62,0,8,7,1920,599,2000,1,0,4,56,72,51857,13602,318,639,109,63,343,0,22,28,73,4,4,0,10,0,0,0,0,0,2688,2816,2688,2816,4128,2208,6282,1632,0,0,0,0,100,89,47,42,47,88,88,89,0,0,55,0,0,0,0,0,0,13655,1020,331,0,331,0,339,339,100,6,2,0,999,999,18,0,25,0,0,0,0,0,0,0,0,0,0,100,2688,2816,100,0,0,0,0,0,0,0,0,0,0,0,0,0,0,0,0,0,0,0,0,160
100030,3128,504,84,45,9999,0,0,717,0,0,0,4143,2970,0,0,62,0,8,7,1920,599,2000,1,0,4,58,72,51351,13693,323,683,109,63,412,0,20,21,72,4,4,0,10,0,0,0,0,0,2688,2816,2688,2816,4128,2208,6353,1647,0,0,0,0,100,89,39,34,35,87,89,88,0,0,54,0,0,0,0,0,0,13655,1020,331,0,331,0,339,339,100,2,3,0,999,999,18,0,25,0,0,0,0,0,0,0,0,0,0,100,2688,2816,100,0,0,0,0,0,0,0,0,0,0,0,0,0,0,0,0,0,0,0,0,160
101032,3128,504,84,45,9999,0,0,569,0,0,0,4141,2356,0,0,62,0,8,7,1920,599,2000,1,0,4,61,72,49508,13719,319,658,120,64,383,0,20,15,72,4,4,0,10,0,0,0,0,0,2688,2816,2688,2816,4128,2208,7008,1686,0,0,0,0,100,93,52,47,49,93,91,90,0,0,53,0,0,0,0,0,0,13655,1020,331,0,331,0,339,339,100,10,2,0,999,999,18,0,25,0,0,0,0,0,0,0,0,0,0,100,2688,2816,100,0,0,0,0,0,0,0,0,0,0,0,0,0,0,0,0,0,0,0,0,160
102031,3128,504,84,45,9999,0,0,572,0,0,0,4141,2368,0,0,62,0,8,7,1920,599,2000,1,0,4,55,72,52500,13619,310,594,123,63,378,0,16,23,72,4,4,0,10,0,0,0,0,0,2688,2816,2688,2816,4128,2208,7072,1694,0,0,0,0,100,91,53,47,47,89,90,91,0,0,53,0,0,0,0,0,0,13655,1020,331,0,331,0,339,339,100,4,2,0,999,999,18,0,25,0,0,0,0,0,0,0,0,0,0,100,2688,2816,100,0,0,0,0,0,0,0,0,0,0,0,0,0,0,0,0,0,0,0,0,160
103033,3128,504,84,45,9999,0,0,569,0,0,0,4141,2356,0,0,62,0,8,7,1920,599,2000,1,0,4,56,72,52982,13786,359,767,140,64,397,0,24,20,73,4,4,0,10,0,0,0,0,0,2688,2816,2688,2816,4128,2208,7479,1742,0,0,0,0,100,90,52,46,49,88,90,90,0,0,53,0,0,0,0,0,0,13655,1020,331,0,331,0,339,339,100,2,2,0,999,999,18,0,25,0,0,0,0,0,0,0,0,0,0,100,2688,2816,100,0,0,0,0,0,0,0,0,0,0,0,0,0,0,0,0,0,0,0,0,160
104032,3128,504,84,45,9999,0,0,839,0,0,0,4141,3474,0,0,62,0,8,7,1920,599,2000,1,0,4,59,72,49459,13761,308,766,115,64,458,0,27,19,73,4,4,0,10,0,0,0,0,0,2688,2816,2688,2816,4128,2208,7221,1614,0,0,0,0,100,89,46,46,47,89,88,88,0,0,55,0,0,0,0,0,0,13655,1020,331,0,331,0,339,339,100,5,1,0,999,999,18,0,25,0,0,0,0,0,0,0,0,0,0,100,2688,2816,100,0,0,0,0,0,0,0,0,0,0,0,0,0,0,0,0,0,0,0,0,160
105031,3128,504,84,45,9999,0,0,472,0,0,0,4141,1954,0,0,62,0,8,7,1920,599,2000,1,0,4,57,72,49676,13625,289,663,99,65,346,0,14,26,73,4,4,0,10,0,0,0,0,0,2688,2816,2688,2816,4128,2208,7411,1572,0,0,0,0,100,88,39,39,38,88,87,88,0,0,55,0,0,0,0,0,0,13655,1020,331,0,331,0,339,339,100,7,1,0,999,999,18,0,25,0,0,0,0,0,0,0,0,0,0,100,2688,2816,100,0,0,0,0,0,0,0,0,0,0,0,0,0,0,0,0,0,0,0,0,160
106031,3128,504,84,45,9999,0,0,592,0,0,0,4141,2451,0,0,62,0,8,7,1920,599,2000,1,0,4,56,72,48706,13599,265,634,112,64,356,0,19,23,72,4,4,0,10,0,0,0,0,0,2688,2816,2688,2816,4128,2208,7061,1646,0,0,0,0,100,89,42,36,38,89,87,87,0,0,54,0,0,0,0,0,0,13655,1020,331,0,331,0,339,339,100,4,1,0,999,999,18,0,25,0,0,0,0,0,0,0,0,0,0,100,2688,2816,100,0,0,0,0,0,0,0,0,0,0,0,0,0,0,0,0,0,0,0,0,160
107031,3128,504,84,45,9999,0,0,702,0,0,0,4141,2906,0,0,62,0,8,7,1920,599,2000,1,0,4,52,72,51092,13578,309,640,117,64,415,0,17,23,73,4,4,0,10,0,0,0,0,0,2688,2816,2688,2816,4128,2208,6879,1641,0,0,0,0,100,90,48,45,51,90,87,90,0,0,53,0,0,0,0,0,0,13655,1020,331,0,331,0,339,339,100,4,2,0,999,999,18,0,25,0,0,0,0,0,0,0,0,0,0,100,2688,2816,100,0,0,0,0,0,0,0,0,0,0,0,0,0,0,0,0,0,0,0,0,160
108033,3128,504,84,45,9999,0,0,412,0,0,0,4141,1706,0,0,62,0,8,7,1920,599,2000,1,0,4,58,72,52099,13633,301,670,111,64,422,0,22,19,72,4,4,0,10,0,0,0,0,0,2688,2816,2688,2816,4128,2208,7256,1728,0,0,0,0,100,89,42,40,41,87,88,89,0,0,54,0,0,0,0,0,0,13655,1020,331,0,331,0,339,339,100,5,1,0,999,999,18,0,25,0,0,0,0,0,0,0,0,0,0,100,2688,2816,100,0,0,0,0,0,0,0,0,0,0,0,0,0,0,0,0,0,0,0,0,160
109034,3128,504,84,45,9999,0,0,633,0,0,0,4141,2621,0,0,62,0,8,7,1920,599,2000,1,0,4,49,72,50501,13664,283,682,133,63,467,0,19,20,72,4,4,0,10,0,0,0,0,0,2688,2816,2688,2816,4128,2208,6496,1643,0,0,0,0,100,87,45,42,38,87,86,87,0,0,51,0,0,0,0,0,0,13655,1020,331,0,331,0,339,339,100,2,1,0,999,999,18,0,25,0,0,0,0,0,0,0,0,0,0,100,2688,2816,100,0,0,0,0,0,0,0,0,0,0,0,0,0,0,0,0,0,0,0,0,160
110034,3128,504,84,45,9999,0,0,827,0,0,0,4141,3424,0,0,62,0,8,7,1920,599,2000,1,0,4,55,72,52797,13607,308,672,105,62,333,0,23,34,73,4,4,0,10,0,0,0,0,0,2688,2816,2688,2816,4128,2208,7214,1679,0,0,0,0,100,87,46,44,48,87,86,84,0,0,51,0,0,0,0,0,0,13655,1020,331,0,331,0,339,339,100,17,9,0,999,999,18,0,25,0,0,0,0,0,0,0,0,0,0,100,2688,2816,100,0,0,0,0,0,0,0,0,0,0,0,0,0,0,0,0,0,0,0,0,160
111033,3128,504,84,45,9999,0,0,570,0,0,0,4141,2360,0,0,62,0,8,7,1920,599,2000,1,0,4,50,72,52461,13707,334,746,148,64,335,0,21,29,73,4,4,0,10,0,0,0,0,0,2688,2816,2688,2816,4128,2208,6848,1642,0,0,0,0,100,87,44,44,41,86,86,87,0,0,50,0,0,0,0,0,0,13655,1020,331,0,331,0,339,339,100,10,2,0,999,999,18,0,25,0,0,0,0,0,0,0,0,0,0,100,2688,2816,100,0,0,0,0,0,0,0,0,0,0,0,0,0,0,0,0,0,0,0,0,160
112035,3128,504,84,45,9999,0,0,600,0,0,0,4141,2484,0,0,62,0,8,7,1920,599,2000,1,0,4,58,72,53969,13620,294,715,124,64,337,0,28,17,72,4,4,0,10,0,0,0,0,0,2688,2816,2688,2816,4128,2208,7191,1644,0,0,0,0,100,85,43,40,41,82,85,84,0,0,54,0,0,0,0,0,0,13655,1020,331,0,331,0,339,339,100,2,2,0,999,999,18,0,25,0,0,0,0,0,0,0,0,0,0,100,2688,2816,100,0,0,0,0,0,0,0,0,0,0,0,0,0,0,0,0,0,0,0,0,160
113035,3128,504,84,45,9999,0,0,715,0,0,0,4141,2960,0,0,62,0,8,7,1920,599,2000,1,0,4,62,72,53599,13638,278,672,142,64,404,0,42,14,73,4,4,0,10,0,0,0,0,0,2688,2816,2688,2816,4128,2208,6832,1686,0,0,0,0,100,81,45,42,47,81,77,79,0,0,57,0,0,0,0,0,0,13655,1020,331,0,331,0,339,339,100,4,1,0,999,999,18,0,25,0,0,0,0,0,0,0,0,0,0,100,2688,2816,100,0,0,0,0,0,0,0,0,0,0,0,0,0,0,0,0,0,0,0,0,160
114034,3128,504,84,45,9999,0,0,629,0,0,0,4141,2604,0,0,62,0,8,7,1920,599,2000,1,0,4,65,72,53538,13572,266,660,96,63,327,0,40,10,72,4,4,0,10,0,0,0,0,0,2688,2816,2688,2816,4128,2208,6539,1615,0,0,0,0,100,83,41,40,41,83,83,81,0,0,59,0,0,0,0,0,0,13655,1020,331,0,331,0,339,339,100,2,1,0,999,999,18,0,25,0,0,0,0,0,0,0,0,0,0,100,2688,2816,100,0,0,0,0,0,0,0,0,0,0,0,0,0,0,0,0,0,0,0,0,160
115037,3128,504,84,45,9999,0,0,817,0,0,0,4141,3383,0,0,62,0,8,7,1920,599,2000,1,0,4,64,72,48852,13521,305,609,99,64,359,0,27,10,72,4,4,0,10,0,0,0,0,0,2688,2816,2688,2816,4128,2208,7482,1614,0,0,0,0,100,84,41,38,40,83,84,80,0,0,60,0,0,0,0,0,0,13655,1020,331,0,331,0,339,339,100,2,1,0,999,999,18,0,25,0,0,0,0,0,0,0,0,0,0,100,2688,2816,100,0,0,0,0,0,0,0,0,0,0,0,0,0,0,0,0,0,0,0,0,160
116036,3128,504,84,45,9999,0,0,682,0,0,0,4141,2824,0,0,62,0,8,7,1920,599,2000,1,0,4,65,72,52571,13606,264,684,168,64,347,0,28,10,73,4,4,0,10,0,0,0,0,0,2688,2816,2688,2816,4128,2208,7010,1640,0,0,0,0,100,86,49,44,48,83,85,86,0,0,62,0,0,0,0,0,0,13655,1020,331,0,331,0,339,339,100,2,1,0,999,999,18,0,25,0,0,0,0,0,0,0,0,0,0,100,2688,2816,100,0,0,0,0,0,0,0,0,0,0,0,0,0,0,0,0,0,0,0,0,160
117035,3128,504,84,45,9999,0,0,470,0,0,0,4141,1946,0,0,62,0,8,7,1920,599,2000,1,0,4,66,72,55447,13527,293,637,136,64,344,0,45,8,72,4,4,0,10,0,0,0,0,0,2688,2816,2688,2816,4128,2208,6957,1648,0,0,0,0,100,85,41,41,40,82,85,84,0,0,59,0,0,0,0,0,0,13655,1020,331,0,331,0,339,339,100,2,1,0,999,999,18,0,25,0,0,0,0,0,0,0,0,0,0,100,2688,2816,100,0,0,0,0,0,0,0,0,0,0,0,0,0,0,0,0,0,0,0,0,160
118036,3128,504,84,45,9999,0,0,664,0,0,0,4141,2749,0,0,62,0,8,7,1920,599,2000,1,0,4,65,72,52108,13476,260,601,147,63,335,0,33,14,72,4,4,0,10,0,0,0,0,0,2688,2816,2688,2816,4128,2208,6697,1717,0,0,0,0,100,86,49,44,47,83,86,84,0,0,58,0,0,0,0,0,0,13655,1020,331,0,331,0,339,339,100,3,1,0,999,999,18,0,25,0,0,0,0,0,0,0,0,0,0,100,2688,2816,100,0,0,0,0,0,0,0,0,0,0,0,0,0,0,0,0,0,0,0,0,160
119071,3129,504,84,45,9999,0,0,536,0,0,0,4141,2219,0,0,62,0,8,7,1920,599,2000,1,0,4,65,72,52541,13552,290,628,121,64,342,0,45,10,73,4,4,0,10,0,0,0,0,0,2688,2816,2688,2816,4128,2208,6721,1613,0,0,0,0,100,86,45,42,47,86,85,85,0,0,57,0,0,0,0,0,0,13689,1017,331,0,331,0,339,339,100,3,1,0,999,999,18,0,25,0,0,0,0,0,0,0,0,0,0,100,2688,2816,100,0,0,0,0,0,0,0,0,0,0,0,0,0,0,0,0,0,0,0,0,160
120038,3129,504,84,45,9999,0,0,746,0,0,0,4141,3089,0,0,62,0,8,7,1920,599,2000,1,0,4,62,72,53835,13610,310,641,106,63,373,0,27,19,72,4,4,0,10,0,0,0,0,0,2688,2816,2688,2816,4128,2208,6652,1655,0,0,0,0,100,85,46,41,42,85,84,83,0,0,57,0,0,0,0,0,0,13689,1017,331,0,331,0,339,339,100,3,2,0,999,999,18,0,25,0,0,0,0,0,0,0,0,0,0,100,2688,2816,100,0,0,0,0,0,0,0,0,0,0,0,0,0,0,0,0,0,0,0,0,160
121039,3129,504,84,45,9999,0,0,593,0,0,0,4154,2463,0,0,62,0,8,7,1920,599,2000,1,0,4,62,72,47696,13582,295,609,103,64,418,0,27,9,73,4,4,0,10,0,0,0,0,0,2688,2816,2688,2816,4128,2208,6968,1651,0,0,0,0,100,85,45,41,45,83,85,82,0,0,54,0,0,0,0,0,0,13689,1017,331,0,331,0,339,339,100,3,1,0,999,999,18,0,25,0,0,0,0,0,0,0,0,0,0,100,2688,2816,100,0,0,0,0,0,0,0,0,0,0,0,0,0,0,0,0,0,0,0,0,160
122038,3129,504,84,45,9999,0,0,561,0,0,0,4154,2330,0,0,62,0,8,7,1920,599,2000,1,0,4,58,72,52039,13537,245,620,124,64,306,0,22,22,73,4,4,0,10,0,0,0,0,0,2688,2816,2688,2816,4128,2208,6805,1651,0,0,0,0,100,88,47,46,49,87,81,88,0,0,53,0,0,0,0,0,0,13689,1017,331,0,331,0,339,339,100,3,2,0,999,999,18,0,25,0,0,0,0,0,0,0,0,0,0,100,2688,2816,100,0,0,0,0,0,0,0,0,0,0,0,0,0,0,0,0,0,0,0,0,160
123040,3129,504,84,45,9999,0,0,656,0,0,0,4154,2725,0,0,62,0,8,7,1920,599,2000,1,0,4,53,72,50511,13595,352,608,104,64,425,0,26,22,72,4,4,0,10,0,0,0,0,0,2688,2816,2688,2816,4128,2208,7237,1785,0,0,0,0,100,86,51,47,49,86,84,83,0,0,49,0,0,0,0,0,0,13689,1017,331,0,331,0,339,339,100,5,1,0,999,999,18,0,25,0,0,0,0,0,0,0,0,0,0,100,2688,2816,100,0,0,0,0,0,0,0,0,0,0,0,0,0,0,0,0,0,0,0,0,160
124045,3129,504,84,45,9999,0,0,479,0,0,0,4154,1989,0,0,62,0,8,7,1920,599,2000,1,0,4,52,72,51981,13702,340,673,146,63,391,0,16,27,72,4,4,0,10,0,0,0,0,0,2688,2816,2688,2816,4128,2208,6928,1640,0,0,0,0,100,91,59,57,58,88,91,89,0,0,50,0,0,0,0,0,0,13689,1017,331,0,331,0,339,339,100,6,2,0,999,999,18,0,25,0,0,0,0,0,0,0,0,0,0,100,2688,2816,100,0,0,0,0,0,0,0,0,0,0,0,0,0,0,0,0,0,0,0,0,160
125040,3129,504,84,45,9999,0,0,562,0,0,0,4154,2334,0,0,62,0,8,7,1920,599,2000,1,0,4,57,72,51654,13670,292,710,106,64,468,0,24,25,73,4,4,0,10,0,0,0,0,0,2688,2816,2688,2816,4128,2208,6339,1644,0,0,0,0,100,91,60,56,60,90,91,90,0,0,52,0,0,0,0,0,0,13689,1017,331,0,331,0,339,339,100,5,2,0,999,999,18,0,25,0,0,0,0,0,0,0,0,0,0,100,2688,2816,100,0,0,0,0,0,0,0,0,0,0,0,0,0,0,0,0,0,0,0,0,160
126041,3129,504,84,45,9999,0,0,899,0,0,0,4154,3734,0,0,62,0,8,7,1920,599,2000,1,0,4,56,72,50767,13688,288,768,117,64,353,0,24,20,73,4,4,0,10,0,0,0,0,0,2688,2816,2688,2816,4128,2208,6760,1652,0,0,0,0,100,88,47,42,44,86,86,88,0,0,52,0,0,0,0,0,0,13689,1017,331,0,331,0,339,339,100,3,2,0,999,999,18,0,25,0,0,0,0,0,0,0,0,0,0,100,2688,2816,100,0,0,0,0,0,0,0,0,0,0,0,0,0,0,0,0,0,0,0,0,160
127041,3129,504,84,45,9999,0,0,396,0,0,0,4154,1644,0,0,62,0,8,7,1920,599,2000,1,0,4,56,72,50231,13601,305,690,111,64,436,0,22,21,72,4,4,0,10,0,0,0,0,0,2688,2816,2688,2816,4128,2208,7397,1652,0,0,0,0,100,88,49,44,49,86,87,88,0,0,52,0,0,0,0,0,0,13689,1017,331,0,331,0,339,339,100,3,1,0,999,999,18,0,25,0,0,0,0,0,0,0,0,0,0,100,2688,2816,100,0,0,0,0,0,0,0,0,0,0,0,0,0,0,0,0,0,0,0,0,160
128041,3129,504,84,45,9999,0,0,646,0,0,0,4154,2683,0,0,62,0,8,7,1920,599,2000,1,0,4,44,72,47537,13560,331,629,103,63,348,0,11,39,72,4,4,0,10,0,0,0,0,0,2688,2816,2688,2816,4128,2208,6485,1727,0,0,0,0,100,85,50,50,52,85,84,85,0,0,46,0,0,0,0,0,0,13689,1017,331,0,331,0,339,339,100,19,14,0,999,999,18,0,25,0,0,0,0,0,0,0,0,0,0,100,2688,2816,100,0,0,0,0,0,0,0,0,0,0,0,0,0,0,0,0,0,0,0,0,160
129043,3129,504,84,45,9999,0,0,521,0,0,0,4154,2164,0,0,62,0,8,7,1920,599,2000,1,0,4,53,72,52340,13530,302,614,86,63,284,0,17,29,72,4,4,0,10,0,0,0,0,0,2688,2816,2688,2816,4128,2208,6731,1624,0,0,0,0,100,87,43,41,43,86,85,87,0,0,47,0,0,0,0,0,0,13689,1017,331,0,331,0,339,339,100,5,1,0,999,999,18,0,25,0,0,0,0,0,0,0,0,0,0,100,2688,2816,100,0,0,0,0,0,0,0,0,0,0,0,0,0,0,0,0,0,0,0,0,160
130044,3129,504,84,45,9999,0,0,365,0,0,0,4154,1516,0,0,62,0,8,7,1920,599,2000,1,0,4,50,72,48365,13532,316,609,149,64,365,0,26,22,72,4,4,0,10,0,0,0,0,0,2688,2816,2688,2816,4128,2208,6010,1618,0,0,0,0,100,87,50,43,47,85,85,87,0,0,48,0,0,0,0,0,0,13689,1017,331,0,331,0,339,339,100,3,1,0,999,999,18,0,25,0,0,0,0,0,0,0,0,0,0,100,2688,2816,100,0,0,0,0,0,0,0,0,0,0,0,0,0,0,0,0,0,0,0,0,160
131043,3129,504,84,46,9999,0,0,311,0,0,0,4154,1291,0,0,62,0,8,7,1920,599,2000,1,0,4,50,72,54552,13559,282,640,129,63,360,0,24,32,73,4,4,0,10,0,0,0,0,0,2688,2816,2688,2816,4128,2208,7029,1651,0,0,0,0,100,85,47,43,44,85,84,85,0,0,46,0,0,0,0,0,0,13689,1017,331,0,331,0,339,339,100,5,1,0,999,999,18,0,25,0,0,0,0,0,0,0,0,0,0,100,2688,2816,100,0,0,0,0,0,0,0,0,0,0,0,0,0,0,0,0,0,0,0,0,160
132043,3129,504,84,46,9999,0,0,614,0,0,0,4154,2550,0,0,62,0,8,7,1920,599,2000,1,0,4,45,72,52666,13661,360,676,120,63,340,0,16,37,73,4,4,0,10,0,0,0,0,0,2688,2816,2688,2816,4128,2208,6492,1648,0,0,0,0,100,90,47,42,44,90,88,90,0,0,44,0,0,0,0,0,0,13689,1017,331,0,331,0,339,339,100,8,2,0,999,999,18,0,25,0,0,0,0,0,0,0,0,0,0,100,2688,2816,100,0,0,0,0,0,0,0,0,0,0,0,0,0,0,0,0,0,0,0,0,160
133044,3129,504,84,46,9999,0,0,528,0,0,0,4154,2193,0,0,62,0,8,7,1920,599,2000,1,0,4,55,72,52419,13630,310,620,83,63,348,0,19,27,72,4,4,0,10,0,0,0,0,0,2688,2816,2688,2816,4128,2208,7240,1713,0,0,0,0,100,87,44,41,46,87,86,87,0,0,49,0,0,0,0,0,0,13689,1017,331,0,331,0,339,339,100,6,5,0,999,999,18,0,25,0,0,0,0,0,0,0,0,0,0,100,2688,2816,100,0,0,0,0,0,0,0,0,0,0,0,0,0,0,0,0,0,0,0,0,160
134043,3129,504,84,46,9999,0,0,355,0,0,0,4154,1474,0,0,62,0,8,7,1920,599,2000,1,0,4,64,72,48862,13541,302,608,116,65,348,0,34,14,73,4,4,0,10,0,0,0,0,0,2688,2816,2688,2816,4128,2208,6816,1591,0,0,0,0,100,87,43,40,45,86,87,86,0,0,54,0,0,0,0,0,0,13689,1017,331,0,331,0,339,339,100,3,1,0,999,999,18,0,25,0,0,0,0,0,0,0,0,0,0,100,2688,2816,100,0,0,0,0,0,0,0,0,0,0,0,0,0,0,0,0,0,0,0,0,160
135043,3129,504,84,46,9999,0,0,549,0,0,0,4154,2280,0,0,62,0,8,7,1920,599,2000,1,0,4,64,72,51544,13697,358,719,120,64,335,0,23,14,73,4,4,0,10,0,0,0,0,0,2688,2816,2688,2816,4128,2208,6954,1651,0,0,0,0,100,85,40,41,37,85,84,84,0,0,54,0,0,0,0,0,0,13689,1017,331,0,331,0,339,339,100,2,1,0,999,999,18,0,25,0,0,0,0,0,0,0,0,0,0,100,2688,2816,100,0,0,0,0,0,0,0,0,0,0,0,0,0,0,0,0,0,0,0,0,160
136043,3129,504,84,46,9999,0,0,680,0,0,0,4154,2824,0,0,62,0,8,7,1920,599,2000,1,0,4,54,72,52144,13624,355,651,105,64,339,0,37,18,73,4,4,0,10,0,0,0,0,0,2688,2816,2688,2816,4128,2208,7056,1662,0,0,0,0,100,82,50,45,48,82,81,82,0,0,52,0,0,0,0,0,0,13689,1017,331,0,331,0,339,339,100,3,1,0,999,999,18,0,25,0,0,0,0,0,0,0,0,0,0,100,2688,2816,100,0,0,0,0,0,0,0,0,0,0,0,0,0,0,0,0,0,0,0,0,160
137045,3129,504,84,46,9999,0,0,483,0,0,0,4154,2006,0,0,62,0,8,7,1920,599,2000,1,0,4,57,72,52516,13612,324,599,115,63,354,0,29,22,72,4,4,0,10,0,0,0,0,0,2688,2816,2688,2816,4128,2208,6602,1659,0,0,0,0,100,88,43,42,44,85,87,88,0,0,52,0,0,0,0,0,0,13689,1017,331,0,331,0,339,339,100,3,1,0,999,999,18,0,25,0,0,0,0,0,0,0,0,0,0,100,2688,2816,100,0,0,0,0,0,0,0,0,0,0,0,0,0,0,0,0,0,0,0,0,160
138048,3129,504,84,46,9999,0,0,527,0,0,0,4154,2189,0,0,62,0,8,7,1920,599,2000,1,0,4,56,72,51602,13520,305,614,107,63,341,0,27,19,73,4,4,0,10,0,0,0,0,0,2688,2816,2688,2816,4128,2208,6950,1730,0,0,0,0,100,87,45,38,40,84,84,87,0,0,51,0,0,0,0,0,0,13689,1017,331,0,331,0,339,339,100,3,1,0,999,999,18,0,25,0,0,0,0,0,0,0,0,0,0,100,2688,2816,100,0,0,0,0,0,0,0,0,0,0,0,0,0,0,0,0,0,0,0,0,160
139111,3095,504,84,46,9999,0,0,505,0,0,0,4154,2097,0,0,62,0,8,7,1920,599,2000,1,0,4,53,72,51569,13533,302,615,120,64,375,0,23,27,73,4,4,0,10,0,0,0,0,0,2688,2816,2688,2816,4128,2208,6983,1613,0,0,0,0,100,87,48,45,50,87,85,87,0,0,49,0,0,0,0,0,0,13689,1020,331,0,331,0,339,339,100,7,2,0,999,999,18,0,25,0,0,0,0,0,0,0,0,0,0,100,2688,2816,100,0,0,0,0,0,0,0,0,0,0,0,0,0,0,0,0,0,0,0,0,160
140045,3095,504,84,46,9999,0,0,563,0,0,0,4154,2338,0,0,62,0,8,7,1920,599,2000,1,0,4,57,72,54193,13530,330,619,113,64,347,0,28,26,73,4,4,0,10,0,0,0,0,0,2688,2816,2688,2816,4128,2208,6908,1655,0,0,0,0,100,88,47,44,43,86,87,88,0,0,53,0,0,0,0,0,0,13689,1020,331,0,331,0,339,339,100,6,2,0,999,999,18,0,25,0,0,0,0,0,0,0,0,0,0,100,2688,2816,100,0,0,0,0,0,0,0,0,0,0,0,0,0,0,0,0,0,0,0,0,160
141048,3095,504,84,46,9999,0,0,356,0,0,0,4165,1482,0,0,62,0,8,7,1920,599,2000,1,0,4,62,72,50554,13607,301,625,97,64,348,0,38,11,72,4,4,0,10,0,0,0,0,0,2688,2816,2688,2816,4128,2208,6902,1635,0,0,0,0,100,84,41,35,38,82,83,84,0,0,54,0,0,0,0,0,0,13689,1020,331,0,331,0,339,339,100,3,1,0,999,999,18,0,25,0,0,0,0,0,0,0,0,0,0,100,2688,2816,100,0,0,0,0,0,0,0,0,0,0,0,0,0,0,0,0,0,0,0,0,160
142045,3095,504,84,46,9999,0,0,707,0,0,0,4165,2944,0,0,62,0,8,7,1920,599,2000,1,0,4,64,72,49582,13563,308,592,91,64,344,0,24,8,72,4,4,0,10,0,0,0,0,0,2688,2816,2688,2816,4128,2208,7196,1637,0,0,0,0,100,87,50,48,47,87,85,84,0,0,56,0,0,0,0,0,0,13689,1020,331,0,331,0,339,339,100,1,1,0,999,999,18,0,25,0,0,0,0,0,0,0,0,0,0,100,2688,2816,100,0,0,0,0,0,0,0,0,0,0,0,0,0,0,0,0,0,0,0,0,160
143049,3095,504,84,46,9999,0,0,502,0,0,0,4165,2090,0,0,62,0,8,7,1920,599,2000,1,0,4,59,72,50974,13509,321,593,96,64,328,0,27,16,72,4,4,0,10,0,0,0,0,0,2688,2816,2688,2816,4128,2208,7098,1751,0,0,0,0,100,87,39,40,40,86,84,87,0,0,54,0,0,0,0,0,0,13689,1020,331,0,331,0,339,339,100,2,1,0,999,999,18,0,25,0,0,0,0,0,0,0,0,0,0,100,2688,2816,100,0,0,0,0,0,0,0,0,0,0,0,0,0,0,0,0,0,0,0,0,160
144047,3095,504,84,46,9999,0,0,661,0,0,0,4165,2753,0,0,62,0,8,7,1920,599,2000,1,0,4,66,72,50775,13650,363,623,107,64,360,0,13,16,72,4,4,0,10,0,0,0,0,0,2688,2816,2688,2816,4128,2208,6381,1680,0,0,0,0,100,86,46,42,43,82,86,85,0,0,56,0,0,0,0,0,0,13689,1020,331,0,331,0,339,339,100,4,2,0,999,999,18,0,25,0,0,0,0,0,0,0,0,0,0,100,2688,2816,100,0,0,0,0,0,0,0,0,0,0,0,0,0,0,0,0,0,0,0,0,160
145047,3095,504,84,46,9999,0,0,573,0,0,0,4165,2386,0,0,62,0,8,7,1920,599,2000,1,0,4,60,72,52662,13633,301,666,165,64,390,0,36,15,73,4,4,0,10,0,0,0,0,0,2688,2816,2688,2816,4128,2208,6142,1618,0,0,0,0,100,87,56,56,58,87,87,86,0,0,55,0,0,0,0,0,0,13689,1020,331,0,331,0,339,339,100,3,2,0,999,999,18,0,25,0,0,0,0,0,0,0,0,0,0,100,2688,2816,100,0,0,0,0,0,0,0,0,0,0,0,0,0,0,0,0,0,0,0,0,160
146046,3095,504,84,46,9999,0,0,684,0,0,0,4165,2848,0,0,62,0,8,7,1920,599,2000,1,0,4,65,72,51197,13651,293,707,173,64,339,0,27,10,72,4,4,0,10,0,0,0,0,0,2688,2816,2688,2816,4128,2208,6332,1660,0,0,0,0,100,87,43,41,43,83,87,86,0,0,55,0,0,0,0,0,0,13689,1020,331,0,331,0,339,339,100,1,1,0,999,999,18,0,25,0,0,0,0,0,0,0,0,0,0,100,2688,2816,100,0,0,0,0,0,0,0,0,0,0,0,0,0,0,0,0,0,0,0,0,160
147047,3095,504,84,46,9999,0,0,553,0,0,0,4165,2303,0,0,62,0,8,7,1920,599,2000,1,0,4,64,72,54376,13658,342,670,115,64,422,0,44,11,73,4,4,0,10,0,0,0,0,0,2688,2816,2688,2816,4128,2208,6703,1716,0,0,0,0,100,84,41,40,40,83,82,84,0,0,55,0,0,0,0,0,0,13689,1020,331,0,331,0,339,339,100,3,1,0,999,999,18,0,25,0,0,0,0,0,0,0,0,0,0,100,2688,2816,100,0,0,0,0,0,0,0,0,0,0,0,0,0,0,0,0,0,0,0,0,160
148046,3095,504,84,46,9999,0,0,808,0,0,0,4165,3365,0,0,62,0,8,7,1920,599,2000,1,0,4,64,72,51181,13731,259,749,187,64,453,0,39,12,73,4,4,0,10,0,0,0,0,0,2688,2816,2688,2816,4128,2208,6358,1740,0,0,0,0,100,89,50,50,51,87,89,85,0,0,57,0,0,0,0,0,0,13689,1020,331,0,331,0,339,339,100,2,1,0,999,999,18,0,25,0,0,0,0,0,0,0,0,0,0,100,2688,2816,100,0,0,0,0,0,0,0,0,0,0,0,0,0,0,0,0,0,0,0,0,160
149052,3095,504,84,46,9999,0,0,531,0,0,0,4165,2211,0,0,62,0,8,7,1920,599,2000,1,0,4,62,72,49164,13691,277,725,127,64,330,0,29,9,73,4,4,0,10,0,0,0,0,0,2688,2816,2688,2816,4128,2208,7301,1681,0,0,0,0,100,85,41,40,41,83,85,84,0,0,54,0,0,0,0,0,0,13689,1020,331,0,331,0,339,339,100,2,1,0,999,999,18,0,25,0,0,0,0,0,0,0,0,0,0,100,2688,2816,100,0,0,0,0,0,0,0,0,0,0,0,0,0,0,0,0,0,0,0,0,160
150048,3095,504,84,46,9999,0,0,532,0,0,0,4165,2215,0,0,62,0,8,7,1920,599,2000,1,0,4,62,72,50053,13564,278,667,117,64,343,0,18,20,72,4,4,0,10,0,0,0,0,0,2688,2816,2688,2816,4128,2208,6613,1678,0,0,0,0,100,86,45,39,41,80,85,86,0,0,55,0,0,0,0,0,0,13689,1020,331,0,331,0,339,339,100,7,2,0,999,999,18,0,25,0,0,0,0,0,0,0,0,0,0,100,2688,2816,100,0,0,0,0,0,0,0,0,0,0,0,0,0,0,0,0,0,0,0,0,160
151047,3095,504,84,46,9999,0,0,662,0,0,0,4166,2757,0,0,62,0,8,7,1920,599,2000,1,0,4,62,72,50083,13509,327,586,108,63,301,0,27,16,72,4,4,0,10,0,0,0,0,0,2688,2816,2688,2816,4128,2208,7815,1702,0,0,0,0,100,87,48,47,50,86,87,83,0,0,57,0,0,0,0,0,0,13689,1020,331,0,331,0,339,339,100,6,1,0,999,999,18,0,25,0,0,0,0,0,0,0,0,0,0,100,2688,2816,100,0,0,0,0,0,0,0,0,0,0,0,0,0,0,0,0,0,0,0,0,160
152049,3095,504,84,46,9999,0,0,457,0,0,0,4166,1903,0,0,62,0,8,7,1920,599,2000,1,0,4,61,72,52180,13540,316,573,108,63,357,0,26,16,72,4,4,0,10,0,0,0,0,0,2688,2816,2688,2816,4128,2208,7148,1681,0,0,0,0,100,86,45,47,42,81,83,86,0,0,60,0,0,0,0,0,0,13689,1020,331,0,331,0,339,339,100,5,2,0,999,999,18,0,25,0,0,0,0,0,0,0,0,0,0,100,2688,2816,100,0,0,0,0,0,0,0,0,0,0,0,0,0,0,0,0,0,0,0,0,160
153048,3095,504,84,46,9999,0,0,509,0,0,0,4166,2120,0,0,62,0,8,7,1920,599,2000,1,0,4,65,72,50584,13520,285,568,120,63,379,0,36,7,73,4,4,0,10,0,0,0,0,0,2688,2816,2688,2816,4128,2208,7016,1758,0,0,0,0,100,85,41,39,38,81,85,84,0,0,60,0,0,0,0,0,0,13689,1020,331,0,331,0,339,339,100,1,1,0,999,999,18,0,25,0,0,0,0,0,0,0,0,0,0,100,2688,2816,100,0,0,0,0,0,0,0,0,0,0,0,0,0,0,0,0,0,0,0,0,160
154048,3095,504,84,46,9999,0,0,689,0,0,0,4166,2870,0,0,62,0,8,7,1920,599,2000,1,0,4,65,72,50584,13548,300,572,111,64,328,0,39,16,73,4,4,0,10,0,0,0,0,0,2688,2816,2688,2816,4128,2208,7914,1692,0,0,0,0,100,84,47,48,50,83,84,83,0,0,57,0,0,0,0,0,0,13689,1020,331,0,331,0,339,339,100,7,1,0,999,999,18,0,25,0,0,0,0,0,0,0,0,0,0,100,2688,2816,100,0,0,0,0,0,0,0,0,0,0,0,0,0,0,0,0,0,0,0,0,160
155049,3095,504,84,46,9999,0,0,853,0,0,0,4166,3553,0,0,62,0,8,7,1920,599,2000,1,0,4,59,72,52253,13546,300,625,134,64,394,0,25,17,73,4,4,0,10,0,0,0,0,0,2688,2816,2688,2816,4128,2208,6772,1676,0,0,0,0,100,88,41,39,40,85,88,88,0,0,59,0,0,0,0,0,0,13689,1020,331,0,331,0,339,339,100,4,1,0,999,999,18,0,25,0,0,0,0,0,0,0,0,0,0,100,2688,2816,100,0,0,0,0,0,0,0,0,0,0,0,0,0,0,0,0,0,0,0,0,160
156049,3095,504,84,46,9999,0,0,745,0,0,0,4166,3103,0,0,62,0,8,7,1920,599,2000,1,0,4,67,72,53212,13651,349,655,113,64,356,0,46,6,72,4,4,0,10,0,0,0,0,0,2688,2816,2688,2816,4128,2208,6337,1711,0,0,0,0,100,85,40,36,41,84,83,85,0,0,60,0,0,0,0,0,0,13689,1020,331,0,331,0,339,339,100,1,1,0,999,999,18,0,25,0,0,0,0,0,0,0,0,0,0,100,2688,2816,100,0,0,0,0,0,0,0,0,0,0,0,0,0,0,0,0,0,0,0,0,160
157050,3095,504,84,46,9999,0,0,267,0,0,0,4166,1112,0,0,62,0,8,7,1920,599,2000,1,0,4,66,72,52975,13617,308,605,118,64,341,0,23,14,72,4,4,0,10,0,0,0,0,0,2688,2816,2688,2816,4128,2208,6670,1679,0,0,0,0,100,86,48,40,50,86,85,81,0,0,59,0,0,0,0,0,0,13689,1020,331,0,331,0,339,339,100,5,1,0,999,999,18,0,25,0,0,0,0,0,0,0,0,0,0,100,2688,2816,100,0,0,0,0,0,0,0,0,0,0,0,0,0,0,0,0,0,0,0,0,160
158049,3095,504,84,46,9999,0,0,612,0,0,0,4166,2549,0,0,62,0,8,7,1920,599,2000,1,0,4,65,72,49430,13549,330,621,111,64,302,0,28,19,72,4,4,0,10,0,0,0,0,0,2688,2816,2688,2816,4128,2208,8509,1754,0,0,0,0,100,81,41,39,41,80,81,80,0,0,52,0,0,0,0,0,0,13689,1020,331,0,331,0,339,339,100,10,8,0,999,999,18,0,25,0,0,0,0,0,0,0,0,0,0,100,2688,2816,100,0,0,0,0,0,0,0,0,0,0,0,0,0,0,0,0,0,0,0,0,160
159098,3120,504,84,46,9999,0,0,650,0,0,0,4166,2707,0,0,62,0,8,7,1920,599,2000,1,0,4,50,72,48897,13600,368,581,106,64,364,0,17,19,73,4,4,0,10,0,0,0,0,0,2688,2816,2688,2816,4128,2208,7760,1614,0,0,0,0,100,85,44,42,43,82,84,85,0,0,61,0,0,0,0,0,0,13706,1020,331,0,331,0,339,339,100,3,2,0,999,999,18,0,25,0,0,0,0,0,0,0,0,0,0,100,2688,2816,100,0,0,0,0,0,0,0,0,0,0,0,0,0,0,0,0,0,0,0,0,160
160053,3120,504,84,46,9999,0,0,500,0,0,0,4166,2083,0,0,62,0,8,7,1920,599,2000,1,0,4,64,72,51646,13593,350,638,117,63,380,0,15,16,73,4,4,0,10,0,0,0,0,0,2688,2816,2688,2816,4128,2208,8230,1618,0,0,0,0,100,89,52,45,51,87,89,88,0,0,62,0,0,0,0,0,0,13706,1020,331,0,331,0,339,339,100,3,1,0,999,999,18,0,25,0,0,0,0,0,0,0,0,0,0,100,2688,2816,100,0,0,0,0,0,0,0,0,0,0,0,0,0,0,0,0,0,0,0,0,160
161053,3120,504,84,46,9999,0,0,644,0,0,0,4159,2678,0,0,62,0,8,7,1920,599,2000,1,0,4,61,72,50761,13582,296,626,95,64,335,0,16,19,73,4,4,0,10,0,0,0,0,0,2688,2816,2688,2816,4128,2208,8095,1637,0,0,0,0,100,84,41,38,39,82,84,81,0,0,64,0,0,0,0,0,0,13706,1020,331,0,331,0,339,339,100,2,1,0,999,999,18,0,25,0,0,0,0,0,0,0,0,0,0,100,2688,2816,100,0,0,0,0,0,0,0,0,0,0,0,0,0,0,0,0,0,0,0,0,160
162057,3120,504,84,46,9999,0,0,666,0,0,0,4159,2769,0,0,62,0,8,7,1920,599,2000,1,0,4,60,72,48767,13521,258,586,129,63,361,0,30,17,73,4,4,0,10,0,0,0,0,0,2688,2816,2688,2816,4128,2208,8641,1708,0,0,0,0,100,85,41,40,41,84,85,81,0,0,61,0,0,0,0,0,0,13706,1020,331,0,331,0,339,339,100,4,2,0,999,999,18,0,25,0,0,0,0,0,0,0,0,0,0,100,2688,2816,100,0,0,0,0,0,0,0,0,0,0,0,0,0,0,0,0,0,0,0,0,160
163053,3120,504,84,46,9999,0,0,606,0,0,0,4159,2520,0,0,62,0,8,7,1920,599,2000,1,0,4,57,72,50820,13616,342,645,125,64,337,0,23,20,73,4,4,0,10,0,0,0,0,0,2688,2816,2688,2816,4128,2208,8016,1733,0,0,0,0,100,81,42,41,48,79,81,80,0,0,62,0,0,0,0,0,0,13706,1020,331,0,331,0,339,339,100,3,1,0,999,999,18,0,25,0,0,0,0,0,0,0,0,0,0,100,2688,2816,100,0,0,0,0,0,0,0,0,0,0,0,0,0,0,0,0,0,0,0,0,160
164055,3120,504,84,46,9999,0,0,626,0,0,0,4159,2603,0,0,62,0,8,7,1920,599,2000,1,0,4,63,72,53359,13658,351,633,111,64,330,0,32,11,73,4,4,0,10,0,0,0,0,0,2688,2816,2688,2816,4128,2208,7417,1634,0,0,0,0,100,79,43,38,39,75,79,75,0,0,66,0,0,0,0,0,0,13706,1020,331,0,331,0,339,339,100,4,2,0,999,999,18,0,25,0,0,0,0,0,0,0,0,0,0,100,2688,2816,100,0,0,0,0,0,0,0,0,0,0,0,0,0,0,0,0,0,0,0,0,160
165052,3120,504,84,46,9999,0,0,947,0,0,0,4159,3938,0,0,62,0,8,7,1920,599,2000,1,0,4,66,72,48057,13622,313,634,104,64,324,0,38,2,72,4,4,0,10,0,0,0,0,0,2688,2816,2688,2816,4128,2208,8256,1705,0,0,0,0,100,73,45,39,41,66,68,73,0,0,68,0,0,0,0,0,0,13706,1020,331,0,331,0,339,339,100,1,1,0,999,999,18,0,25,0,0,0,0,0,0,0,0,0,0,100,2688,2816,100,0,0,0,0,0,0,0,0,0,0,0,0,0,0,0,0,0,0,0,0,160
166052,3120,504,84,46,9999,0,0,588,0,0,0,4159,2445,0,0,62,0,8,7,1920,599,2000,1,0,4,71,72,49525,13582,301,568,138,65,438,0,13,13,73,4,4,0,10,0,0,0,0,0,2688,2816,2688,2816,4128,2208,7644,1689,0,0,0,0,100,77,58,56,63,74,76,77,0,0,67,0,0,0,0,0,0,13706,1020,331,0,331,0,339,339,100,2,1,0,999,999,18,0,25,0,0,0,0,0,0,0,0,0,0,100,2688,2816,100,0,0,0,0,0,0,0,0,0,0,0,0,0,0,0,0,0,0,0,0,160
167052,3120,504,84,46,9999,0,0,517,0,0,0,4159,2150,0,0,62,0,8,7,1920,599,2000,1,0,4,66,72,49035,13601,275,713,134,65,376,0,48,4,72,4,4,0,10,0,0,0,0,0,2688,2816,2688,2816,4128,2208,8212,1677,0,0,0,0,100,72,42,41,43,65,67,72,0,0,71,0,0,0,0,0,0,13706,1020,331,0,331,0,339,339,100,2,1,0,999,999,18,0,25,0,0,0,0,0,0,0,0,0,0,100,2688,2816,100,0,0,0,0,0,0,0,0,0,0,0,0,0,0,0,0,0,0,0,0,160
168053,3120,504,84,46,9999,0,0,504,0,0,0,4159,2096,0,0,62,0,8,7,1920,599,2000,1,0,4,69,72,53297,13619,333,624,104,63,342,0,30,10,72,4,4,0,10,0,0,0,0,0,2688,2816,2688,2816,4128,2208,8315,1703,0,0,0,0,100,66,41,37,39,64,66,65,0,0,70,0,0,0,0,0,0,13706,1020,331,0,331,0,339,339,100,3,2,0,999,999,18,0,25,0,0,0,0,0,0,0,0,0,0,100,2688,2816,100,0,0,0,0,0,0,0,0,0,0,0,0,0,0,0,0,0,0,0,0,160
169055,3120,504,84,46,9999,0,0,641,0,0,0,4159,2665,0,0,62,0,8,7,1920,599,2000,1,0,4,69,72,47791,13646,489,621,118,64,342,0,25,7,73,4,4,0,10,0,0,0,0,0,2688,2816,2688,2816,4128,2208,8000,1616,0,0,0,0,100,71,43,43,48,70,65,71,0,0,69,0,0,0,0,0,0,13706,1020,331,0,331,0,339,339,100,2,1,0,999,999,18,0,25,0,0,0,0,0,0,0,0,0,0,100,2688,2816,100,0,0,0,0,0,0,0,0,0,0,0,0,0,0,0,0,0,0,0,0,160
170053,3120,504,84,46,9999,0,0,695,0,0,0,4159,2890,0,0,62,0,8,7,1920,599,2000,1,0,4,67,72,51386,13583,277,632,128,64,336,0,34,8,73,4,4,0,10,0,0,0,0,0,2688,2816,2688,2816,4128,2208,7602,1649,0,0,0,0,100,71,45,37,40,69,67,71,0,0,67,0,0,0,0,0,0,13706,1020,331,0,331,0,339,339,100,2,1,0,999,999,18,0,25,0,0,0,0,0,0,0,0,0,0,100,2688,2816,100,0,0,0,0,0,0,0,0,0,0,0,0,0,0,0,0,0,0,0,0,160
171055,3120,504,84,46,9999,0,0,754,0,0,0,4160,3136,0,0,62,0,8,7,1920,599,2000,1,0,4,65,72,49488,13585,330,639,103,64,349,0,35,10,73,4,4,0,10,0,0,0,0,0,2688,2816,2688,2816,4128,2208,7638,1635,0,0,0,0,100,73,39,35,37,62,73,68,0,0,68,0,0,0,0,0,0,13706,1020,331,0,331,0,339,339,100,2,1,0,999,999,18,0,25,0,0,0,0,0,0,0,0,0,0,100,2688,2816,100,0,0,0,0,0,0,0,0,0,0,0,0,0,0,0,0,0,0,0,0,160
172054,3120,504,84,46,9999,0,0,757,0,0,0,4160,3149,0,0,62,0,8,7,1920,599,2000,1,0,4,70,72,53785,13576,363,602,114,64,423,0,35,7,73,4,4,0,10,0,0,0,0,0,2688,2816,2688,2816,4128,2208,8048,1637,0,0,0,0,100,71,43,45,50,70,71,66,0,0,67,0,0,0,0,0,0,13706,1020,331,0,331,0,339,339,100,2,1,0,999,999,18,0,25,0,0,0,0,0,0,0,0,0,0,100,2688,2816,100,0,0,0,0,0,0,0,0,0,0,0,0,0,0,0,0,0,0,0,0,160
173054,3120,504,84,46,9999,0,0,627,0,0,0,4160,2608,0,0,62,0,8,7,1920,599,2000,1,0,4,65,72,48633,13662,355,628,109,64,356,0,28,8,72,4,4,0,10,0,0,0,0,0,2688,2816,2688,2816,4128,2208,7185,1683,0,0,0,0,100,72,39,36,39,64,70,72,0,0,68,0,0,0,0,0,0,13706,1020,331,0,331,0,339,339,100,2,1,0,999,999,18,0,25,0,0,0,0,0,0,0,0,0,0,100,2688,2816,100,0,0,0,0,0,0,0,0,0,0,0,0,0,0,0,0,0,0,0,0,160
174054,3120,504,84,46,9999,0,0,739,0,0,0,4160,3074,0,0,62,0,8,7,1920,599,2000,1,0,4,71,72,51899,13535,305,589,103,66,362,0,65,0,73,4,4,0,10,0,0,0,0,0,2688,2816,2688,2816,4128,2208,8155,1623,0,0,0,0,100,68,35,32,33,64,68,65,0,0,70,0,0,0,0,0,0,13706,1020,331,0,331,0,339,339,100,0,0,0,999,999,18,0,25,0,0,0,0,0,0,0,0,0,0,100,2688,2816,100,0,0,0,0,0,0,0,0,0,0,0,0,0,0,0,0,0,0,0,0,160
175054,3120,504,84,46,9999,0,0,646,0,0,0,4160,2687,0,0,62,0,8,7,1920,599,2000,1,0,4,71,72,56708,13516,293,634,133,63,357,0,45,5,73,4,4,0,10,0,0,0,0,0,2688,2816,2688,2816,4128,2208,8932,1637,0,0,0,0,100,71,44,39,47,70,68,71,0,0,68,0,0,0,0,0,0,13706,1020,331,0,331,0,339,339,100,2,1,0,999,999,18,0,25,0,0,0,0,0,0,0,0,0,0,100,2688,2816,100,0,0,0,0,0,0,0,0,0,0,0,0,0,0,0,0,0,0,0,0,160
176054,3120,504,84,46,9999,0,0,437,0,0,0,4160,1817,0,0,62,0,8,7,1920,599,2000,1,0,4,68,72,48446,13610,352,637,115,63,342,0,29,10,72,4,4,0,10,0,0,0,0,0,2688,2816,2688,2816,4128,2208,8105,1659,0,0,0,0,100,72,41,34,42,68,66,72,0,0,69,0,0,0,0,0,0,13706,1020,331,0,331,0,339,339,100,2,1,0,999,999,18,0,25,0,0,0,0,0,0,0,0,0,0,100,2688,2816,100,0,0,0,0,0,0,0,0,0,0,0,0,0,0,0,0,0,0,0,0,160
177055,3120,504,84,46,9999,0,0,551,0,0,0,4160,2292,0,0,62,0,8,7,1920,599,2000,1,0,4,70,72,52212,13648,331,621,123,65,463,0,35,8,73,4,4,0,10,0,0,0,0,0,2688,2816,2688,2816,4128,2208,7683,1677,0,0,0,0,100,73,38,36,35,62,73,67,0,0,68,0,0,0,0,0,0,13706,1020,331,0,331,0,339,339,100,2,1,0,999,999,18,0,25,0,0,0,0,0,0,0,0,0,0,100,2688,2816,100,0,0,0,0,0,0,0,0,0,0,0,0,0,0,0,0,0,0,0,0,160
178055,3120,504,84,46,9999,0,0,691,0,0,0,4160,2874,0,0,62,0,8,7,1920,599,2000,1,0,4,68,72,48995,13660,233,726,132,64,420,0,25,6,72,4,4,0,10,0,0,0,0,0,2688,2816,2688,2816,4128,2208,7536,1724,0,0,0,0,100,74,43,41,47,69,74,66,0,0,67,0,0,0,0,0,0,13706,1020,331,0,331,0,339,339,100,2,1,0,999,999,18,0,25,0,0,0,0,0,0,0,0,0,0,100,2688,2816,100,0,0,0,0,0,0,0,0,0,0,0,0,0,0,0,0,0,0,0,0,160
179083,3127,501,84,46,9999,0,0,617,0,0,0,4160,2566,0,0,62,0,8,7,1920,599,2000,1,0,4,66,72,48751,13565,261,709,123,63,509,0,39,7,73,4,4,0,10,0,0,0,0,0,2688,2816,2688,2816,4128,2208,7570,1595,0,0,0,0,100,76,39,33,37,73,76,75,0,0,67,0,0,0,0,0,0,13704,1018,327,0,327,0,336,336,100,4,1,0,999,999,18,0,25,0,0,0,0,0,0,0,0,0,0,100,2688,2816,100,0,0,0,0,0,0,0,0,0,0,0,0,0,0,0,0,0,0,0,0,160
180061,3127,501,84,46,9999,0,0,448,0,0,0,4160,1863,0,0,62,0,8,7,1920,599,2000,1,0,4,71,72,55035,13553,290,690,109,63,336,0,55,11,72,4,4,0,10,0,0,0,0,0,2688,2816,2688,2816,4128,2208,8054,1642,0,0,0,0,100,55,33,30,35,55,51,54,0,0,62,0,0,0,0,0,0,13704,1018,327,0,327,0,336,336,100,4,2,0,999,999,18,0,25,0,0,0,0,0,0,0,0,0,0,100,2688,2816,100,0,0,0,0,0,0,0,0,0,0,0,0,0,0,0,0,0,0,0,0,160
181056,3127,501,84,46,9999,0,0,261,0,0,0,4143,1081,0,0,62,0,8,7,1920,599,2000,1,0,4,58,72,60351,13601,334,613,119,64,387,0,39,32,73,4,4,0,10,0,0,0,0,0,2688,2816,2688,2816,4128,2208,8186,1616,0,0,0,0,100,76,46,38,48,76,75,75,0,0,58,0,0,0,0,0,0,13704,1018,327,0,327,0,336,336,100,9,2,0,999,999,18,0,25,0,0,0,0,0,0,0,0,0,0,100,2688,2816,100,0,0,0,0,0,0,0,0,0,0,0,0,0,0,0,0,0,0,0,0,160
182059,3127,501,84,46,9999,0,0,351,0,0,0,4143,1454,0,0,62,0,8,7,1920,599,2000,1,0,4,51,72,56916,13541,304,596,113,63,346,0,29,28,72,4,4,0,10,0,0,0,0,0,2688,2816,2688,2816,4128,2208,7801,1659,0,0,0,0,100,74,41,36,42,74,74,74,0,0,56,0,0,0,0,0,0,13704,1018,327,0,327,0,336,336,100,7,2,0,999,999,18,0,25,0,0,0,0,0,0,0,0,0,0,100,2688,2816,100,0,0,0,0,0,0,0,0,0,0,0,0,0,0,0,0,0,0,0,0,160
183058,3127,501,84,46,9999,0,0,379,0,0,0,4143,1570,0,0,62,0,8,7,1920,599,2000,1,0,4,52,72,56523,13553,330,649,130,63,359,0,32,27,73,4,4,0,10,0,0,0,0,0,2688,2816,2688,2816,4128,2208,7642,1708,0,0,0,0,100,79,41,36,37,76,79,78,0,0,55,0,0,0,0,0,0,13704,1018,327,0,327,0,336,336,100,4,2,0,999,999,18,0,25,0,0,0,0,0,0,0,0,0,0,100,2688,2816,100,0,0,0,0,0,0,0,0,0,0,0,0,0,0,0,0,0,0,0,0,160
184058,3127,501,84,46,9999,0,0,576,0,0,0,4143,2386,0,0,62,0,8,7,1920,599,2000,1,0,4,59,72,57406,13631,326,715,134,63,321,0,50,8,72,4,4,0,10,0,0,0,0,0,2688,2816,2688,2816,4128,2208,7048,1564,0,0,0,0,100,60,47,45,51,60,56,56,0,0,64,0,0,0,0,0,0,13704,1018,327,0,327,0,336,336,100,3,1,0,999,999,18,0,25,0,0,0,0,0,0,0,0,0,0,100,2688,2816,100,0,0,0,0,0,0,0,0,0,0,0,0,0,0,0,0,0,0,0,0,160
185066,3127,501,84,46,9999,0,0,331,0,0,0,4143,1371,0,0,62,0,8,7,1920,599,2000,1,0,4,72,72,44651,13607,323,688,96,64,326,0,33,10,72,4,4,0,10,0,0,0,0,0,2688,2816,2688,2816,4128,2208,8432,1601,0,0,0,0,100,47,37,28,36,41,47,47,0,0,62,0,0,0,0,0,0,13704,1018,327,0,327,0,336,336,100,7,3,0,999,999,18,0,25,0,0,0,0,0,0,0,0,0,0,100,2688,2816,100,0,0,0,0,0,0,0,0,0,0,0,0,0,0,0,0,0,0,0,0,160
186062,3127,501,84,46,9999,0,0,908,0,0,0,4143,3761,0,0,62,0,8,7,1920,599,2000,1,0,4,59,72,55958,13565,292,628,113,64,313,0,49,17,73,4,4,0,10,0,0,0,0,0,2688,2816,2688,2816,4128,2208,7622,1631,0,0,0,0,100,60,42,37,40,55,60,57,0,0,62,0,0,0,0,0,0,13704,1018,327,0,327,0,336,336,100,4,2,0,999,999,18,0,25,0,0,0,0,0,0,0,0,0,0,100,2688,2816,100,0,0,0,0,0,0,0,0,0,0,0,0,0,0,0,0,0,0,0,0,160
187062,3127,501,84,46,9999,0,0,468,0,0,0,4143,1938,0,0,62,0,8,7,1920,599,2000,1,0,4,62,72,61110,13565,288,637,154,65,376,0,37,22,72,4,4,0,10,0,0,0,0,0,2688,2816,2688,2816,4128,2208,8161,1697,0,0,0,0,100,75,71,71,72,74,74,75,0,0,58,0,0,0,0,0,0,13704,1018,327,0,327,0,336,336,100,6,2,0,999,999,18,0,25,0,0,0,0,0,0,0,0,0,0,100,2688,2816,100,0,0,0,0,0,0,0,0,0,0,0,0,0,0,0,0,0,0,0,0,160
188065,3127,501,84,46,9999,0,0,596,0,0,0,4143,2469,0,0,62,0,8,7,1920,599,2000,1,0,4,50,72,60227,13607,327,694,139,63,418,0,25,34,72,4,4,0,10,0,0,0,0,0,2688,2816,2688,2816,4128,2208,8908,1734,0,0,0,0,100,80,46,45,51,77,80,80,0,0,51,0,0,0,0,0,0,13704,1018,327,0,327,0,336,336,100,5,2,0,999,999,18,0,25,0,0,0,0,0,0,0,0,0,0,100,2688,2816,100,0,0,0,0,0,0,0,0,0,0,0,0,0,0,0,0,0,0,0,0,160
189069,3127,501,84,46,9999,0,0,328,0,0,0,4143,1358,0,0,62,0,8,7,1920,599,2000,1,0,4,40,72,60525,13654,317,676,131,64,315,0,14,46,73,4,4,0,10,0,0,0,0,0,2688,2816,2688,2816,4128,2208,8018,1603,0,0,0,0,100,92,56,46,53,91,92,90,0,0,46,0,0,0,0,0,0,13704,1018,327,0,327,0,336,336,100,7,2,0,999,999,18,0,25,0,0,0,0,0,0,0,0,0,0,100,2688,2816,100,0,0,0,0,0,0,0,0,0,0,0,0,0,0,0,0,0,0,0,0,160
190227,3127,501,84,46,9999,0,0,740,0,0,0,4143,3065,0,0,62,0,8,7,1920,599,2000,1,0,4,41,72,61121,13624,316,645,143,65,327,0,15,38,73,4,4,0,10,0,0,0,0,0,2688,2816,2688,2816,4128,2208,7166,1576,0,0,0,0,100,93,61,59,66,92,91,93,0,0,48,0,0,0,0,0,0,13704,1018,327,0,327,0,336,336,100,8,2,0,999,999,18,0,25,0,0,0,0,0,0,0,0,0,0,100,2688,2816,100,0,0,0,0,0,0,0,0,0,0,0,0,0,0,0,0,0,0,0,0,160
191071,3127,501,84,46,9999,0,0,613,0,0,0,4144,2540,0,0,62,0,8,7,1920,599,2000,1,0,4,45,72,54465,13543,283,685,129,63,331,0,17,30,72,4,4,0,10,0,0,0,0,0,2688,2816,2688,2816,4128,2208,6335,1628,0,0,0,0,100,90,47,44,44,90,89,89,0,0,50,0,0,0,0,0,0,13704,1018,327,0,327,0,336,336,100,5,2,0,999,999,18,0,25,0,0,0,0,0,0,0,0,0,0,100,2688,2816,100,0,0,0,0,0,0,0,0,0,0,0,0,0,0,0,0,0,0,0,0,160
192070,3127,501,84,46,9999,0,0,474,0,0,0,4144,1964,0,0,62,0,8,7,1920,599,2000,1,0,4,47,72,54441,13513,305,640,113,63,358,0,9,40,73,4,4,0,10,0,0,0,0,0,2688,2816,2688,2816,4128,2208,7890,1606,0,0,0,0,100,91,42,38,39,87,90,91,0,0,50,0,0,0,0,0,0,13704,1018,327,0,327,0,336,336,100,9,2,0,999,999,18,0,25,0,0,0,0,0,0,0,0,0,0,100,2688,2816,100,0,0,0,0,0,0,0,0,0,0,0,0,0,0,0,0,0,0,0,0,160
193071,3127,501,84,46,9999,0,0,809,0,0,0,4144,3352,0,0,62,0,8,7,1920,599,2000,1,0,4,47,72,53262,13653,541,636,138,63,339,0,20,28,73,4,4,0,10,0,0,0,0,0,2688,2816,2688,2816,4128,2208,7662,1667,0,0,0,0,100,91,52,42,50,90,88,91,0,0,51,0,0,0,0,0,0,13704,1018,327,0,327,0,336,336,100,5,1,0,999,999,18,0,25,0,0,0,0,0,0,0,0,0,0,100,2688,2816,100,0,0,0,0,0,0,0,0,0,0,0,0,0,0,0,0,0,0,0,0,160
194069,3127,501,84,46,9999,0,0,602,0,0,0,4144,2494,0,0,62,0,8,7,1920,599,2000,1,0,4,52,72,53727,13621,313,639,109,63,333,0,14,29,72,4,4,0,10,0,0,0,0,0,2688,2816,2688,2816,4128,2208,8516,1640,0,0,0,0,100,89,43,39,40,87,89,87,0,0,51,0,0,0,0,0,0,13704,1018,327,0,327,0,336,336,100,8,2,0,999,999,18,0,25,0,0,0,0,0,0,0,0,0,0,100,2688,2816,100,0,0,0,0,0,0,0,0,0,0,0,0,0,0,0,0,0,0,0,0,160
195070,3127,501,84,46,9999,0,0,617,0,0,0,4144,2556,0,0,62,0,8,7,1920,599,2000,1,0,4,48,72,51059,13491,303,654,94,64,307,0,15,30,72,4,4,0,10,0,0,0,0,0,2688,2816,2688,2816,4128,2208,7835,1605,0,0,0,0,100,91,42,35,39,87,91,87,0,0,50,0,0,0,0,0,0,13704,1018,327,0,327,0,336,336,100,3,2,0,999,999,18,0,25,0,0,0,0,0,0,0,0,0,0,100,2688,2816,100,0,0,0,0,0,0,0,0,0,0,0,0,0,0,0,0,0,0,0,0,160
196071,3127,501,84,46,9999,0,0,585,0,0,0,4144,2424,0,0,62,0,8,7,1920,599,2000,1,0,4,45,72,53382,13552,366,602,131,64,382,0,7,30,72,4,4,0,10,0,0,0,0,0,2688,2816,2688,2816,4128,2208,7913,1630,0,0,0,0,100,91,51,50,53,91,91,90,0,0,48,0,0,0,0,0,0,13704,1018,327,0,327,0,336,336,100,3,2,0,999,999,18,0,25,0,0,0,0,0,0,0,0,0,0,100,2688,2816,100,0,0,0,0,0,0,0,0,0,0,0,0,0,0,0,0,0,0,0,0,160
197074,3127,501,84,46,9999,0,0,326,0,0,0,4144,1350,0,0,62,0,8,7,1920,599,2000,1,0,4,44,72,51326,13656,290,716,201,64,395,0,15,35,73,4,4,0,10,0,0,0,0,0,2688,2816,2688,2816,4128,2208,8016,1689,0,0,0,0,100,90,61,59,65,90,89,89,0,0,48,0,0,0,0,0,0,13704,1018,327,0,327,0,336,336,100,7,3,0,999,999,18,0,25,0,0,0,0,0,0,0,0,0,0,100,2688,2816,100,0,0,0,0,0,0,0,0,0,0,0,0,0,0,0,0,0,0,0,0,160
198072,3127,501,84,46,9999,0,0,638,0,0,0,4144,2643,0,0,62,0,8,7,1920,599,2000,1,0,4,46,72,51667,13621,314,695,145,64,387,0,11,33,72,4,4,0,10,0,0,0,0,0,2688,2816,2688,2816,4128,2208,7465,1736,0,0,0,0,100,90,39,41,42,87,89,90,0,0,48,0,0,0,0,0,0,13704,1018,327,0,327,0,336,336,100,3,1,0,999,999,18,0,25,0,0,0,0,0,0,0,0,0,0,100,2688,2816,100,0,0,0,0,0,0,0,0,0,0,0,0,0,0,0,0,0,0,0,0,160
199127,3068,504,84,46,9999,0,0,433,0,0,0,4144,1794,0,0,62,0,8,7,1920,599,2000,1,0,4,44,72,52208,13581,299,653,112,63,336,0,11,30,72,4,4,0,10,0,0,0,0,0,2688,2816,2688,2816,4128,2208,7667,1640,0,0,0,0,100,91,62,56,57,91,89,91,0,0,48,0,0,0,0,0,0,13707,1022,331,0,331,0,339,339,100,4,1,0,999,999,18,0,25,0,0,0,0,0,0,0,0,0,0,100,2688,2816,100,0,0,0,0,0,0,0,0,0,0,0,0,0,0,0,0,0,0,0,0,160
200073,3068,504,84,46,9999,0,0,744,0,0,0,4144,3083,0,0,62,0,8,7,1920,599,2000,1,0,4,45,72,54836,13598,372,665,97,63,294,0,15,34,73,4,4,0,10,0,0,0,0,0,2688,2816,2688,2816,4128,2208,7607,1624,0,0,0,0,100,89,45,41,46,89,89,89,0,0,48,0,0,0,0,0,0,13707,1022,331,0,331,0,339,339,100,5,2,0,999,999,18,0,25,0,0,0,0,0,0,0,0,0,0,100,2688,2816,100,0,0,0,0,0,0,0,0,0,0,0,0,0,0,0,0,0,0,0,0,160
201072,3068,504,84,46,9999,0,0,583,0,0,0,4160,2425,0,0,62,0,8,7,1920,599,2000,1,0,4,48,72,49458,13587,338,625,123,62,394,0,14,33,72,4,4,0,10,0,0,0,0,0,2688,2816,2688,2816,4128,2208,7647,1634,0,0,0,0,100,88,46,38,42,88,88,87,0,0,49,0,0,0,0,0,0,13707,1022,331,0,331,0,339,339,100,3,1,0,999,999,18,0,25,0,0,0,0,0,0,0,0,0,0,100,2688,2816,100,0,0,0,0,0,0,0,0,0,0,0,0,0,0,0,0,0,0,0,0,160
202072,3068,504,84,46,9999,0,0,480,0,0,0,4160,1996,0,0,62,0,8,7,1920,599,2000,1,0,4,45,72,51091,13567,308,591,114,64,341,0,12,38,73,4,4,0,10,0,0,0,0,0,2688,2816,2688,2816,4128,2208,7570,1626,0,0,0,0,100,92,62,62,61,90,91,92,0,0,49,0,0,0,0,0,0,13707,1022,331,0,331,0,339,339,100,6,2,0,999,999,18,0,25,0,0,0,0,0,0,0,0,0,0,100,2688,2816,100,0,0,0,0,0,0,0,0,0,0,0,0,0,0,0,0,0,0,0,0,160
203073,3068,504,84,46,9999,0,0,561,0,0,0,4160,2333,0,0,62,0,8,7,1920,599,2000,1,0,4,48,72,50654,13567,308,591,114,64,341,0,12,38,73,4,4,0,10,0,0,0,0,0,2688,2816,2688,2816,4128,2208,8176,1665,0,0,0,0,100,89,46,46,43,88,89,89,0,0,50,0,0,0,0,0,0,13707,1022,331,0,331,0,339,339,100,6,2,0,999,999,18,0,25,0,0,0,0,0,0,0,0,0,0,100,2688,2816,100,0,0,0,0,0,0,0,0,0,0,0,0,0,0,0,0,0,0,0,0,160
204075,3068,504,84,46,9999,0,0,700,0,0,0,4160,2912,0,0,62,0,8,7,1920,599,2000,1,0,4,53,72,52676,13494,318,607,114,64,321,0,17,28,73,4,4,0,10,0,0,0,0,0,2688,2816,2688,2816,4128,2208,7493,1595,0,0,0,0,100,83,41,43,39,79,83,80,0,0,56,0,0,0,0,0,0,13707,1022,331,0,331,0,339,339,100,4,1,0,999,999,18,0,25,0,0,0,0,0,0,0,0,0,0,100,2688,2816,100,0,0,0,0,0,0,0,0,0,0,0,0,0,0,0,0,0,0,0,0,160
205072,3068,504,84,46,9999,0,0,660,0,0,0,4160,2745,0,0,62,0,8,7,1920,599,2000,1,0,4,58,72,50118,13474,344,583,94,63,341,0,17,21,73,4,4,0,10,0,0,0,0,0,2688,2816,2688,2816,4128,2208,7647,1612,0,0,0,0,100,85,50,47,52,84,84,85,0,0,59,0,0,0,0,0,0,13707,1022,331,0,331,0,339,339,100,2,1,0,999,999,18,0,25,0,0,0,0,0,0,0,0,0,0,100,2688,2816,100,0,0,0,0,0,0,0,0,0,0,0,0,0,0,0,0,0,0,0,0,160
206072,3068,504,84,46,9999,0,0,788,0,0,0,4160,3278,0,0,62,0,8,7,1920,599,2000,1,0,4,59,72,50286,13574,339,593,112,64,379,0,18,17,72,4,4,0,10,0,0,0,0,0,2688,2816,2688,2816,4128,2208,7961,1643,0,0,0,0,100,82,44,41,46,78,78,82,0,0,58,0,0,0,0,0,0,13707,1022,331,0,331,0,339,339,100,3,1,0,999,999,18,0,25,0,0,0,0,0,0,0,0,0,0,100,2688,2816,100,0,0,0,0,0,0,0,0,0,0,0,0,0,0,0,0,0,0,0,0,160
207073,3068,504,84,46,9999,0,0,1018,0,0,0,4160,4234,0,0,62,0,8,7,1920,599,2000,1,0,4,59,72,55682,13598,315,615,119,63,351,0,36,18,72,4,4,0,10,0,0,0,0,0,2688,2816,2688,2816,4128,2208,7460,1688,0,0,0,0,100,82,44,41,46,78,78,82,0,0,59,0,0,0,0,0,0,13707,1022,331,0,331,0,339,339,100,3,1,0,999,999,18,0,25,0,0,0,0,0,0,0,0,0,0,100,2688,2816,100,0,0,0,0,0,0,0,0,0,0,0,0,0,0,0,0,0,0,0,0,160
208081,3068,504,84,46,9999,0,0,472,0,0,0,4160,1963,0,0,62,0,8,7,1920,599,2000,1,0,4,61,72,51876,13538,294,613,122,64,402,0,31,16,73,4,4,0,10,0,0,0,0,0,2688,2816,2688,2816,4128,2208,7648,1788,0,0,0,0,100,83,50,45,47,81,83,81,0,0,60,0,0,0,0,0,0,13707,1022,331,0,331,0,339,339,100,3,1,0,999,999,18,0,25,0,0,0,0,0,0,0,0,0,0,100,2688,2816,100,0,0,0,0,0,0,0,0,0,0,0,0,0,0,0,0,0,0,0,0,160
209075,3068,504,84,46,9999,0,0,492,0,0,0,4160,2046,0,0,62,0,8,7,1920,599,2000,1,0,4,60,72,51848,13740,734,651,145,65,336,0,23,14,72,4,4,0,10,0,0,0,0,0,2688,2816,2688,2816,4128,2208,7149,1627,0,0,0,0,100,86,61,58,64,84,86,85,0,0,60,0,0,0,0,0,0,13707,1022,331,0,331,0,339,339,100,2,1,0,999,999,18,0,25,0,0,0,0,0,0,0,0,0,0,100,2688,2816,100,0,0,0,0,0,0,0,0,0,0,0,0,0,0,0,0,0,0,0,0,160
210076,3068,504,84,46,9999,0,0,495,0,0,0,4160,2059,0,0,62,0,8,7,1920,599,2000,1,0,4,60,72,56457,13601,307,698,152,63,323,0,33,15,73,4,4,0,10,0,0,0,0,0,2688,2816,2688,2816,4128,2208,7388,1630,0,0,0,0,100,83,44,45,46,79,83,81,0,0,61,0,0,0,0,0,0,13707,1022,331,0,331,0,339,339,100,2,1,0,999,999,18,0,25,0,0,0,0,0,0,0,0,0,0,100,2688,2816,100,0,0,0,0,0,0,0,0,0,0,0,0,0,0,0,0,0,0,0,0,160
211080,3068,504,84,46,9999,0,0,421,0,0,0,4152,1747,0,0,62,0,8,7,1920,599,2000,1,0,4,64,72,52521,13625,308,652,119,64,398,0,31,14,73,4,4,0,10,0,0,0,0,0,2688,2816,2688,2816,4128,2208,7684,1614,0,0,0,0,100,84,42,42,37,81,84,83,0,0,61,0,0,0,0,0,0,13707,1022,331,0,331,0,339,339,100,3,1,0,999,999,18,0,25,0,0,0,0,0,0,0,0,0,0,100,2688,2816,100,0,0,0,0,0,0,0,0,0,0,0,0,0,0,0,0,0,0,0,0,160
212079,3068,504,84,46,9999,0,0,318,0,0,0,4152,1320,0,0,62,0,8,7,1920,599,2000,1,0,4,65,72,50628,13547,299,652,136,64,356,0,28,17,72,4,4,0,10,0,0,0,0,0,2688,2816,2688,2816,4128,2208,7517,1619,0,0,0,0,100,83,46,45,50,83,81,83,0,0,63,0,0,0,0,0,0,13707,1022,331,0,331,0,339,339,100,4,1,0,999,999,18,0,25,0,0,0,0,0,0,0,0,0,0,100,2688,2816,100,0,0,0,0,0,0,0,0,0,0,0,0,0,0,0,0,0,0,0,0,160
213085,3068,504,84,46,9999,0,0,459,0,0,0,4152,1905,0,0,62,0,8,7,1920,599,2000,1,0,4,68,72,49215,13607,358,672,114,64,406,0,22,10,72,4,4,0,10,0,0,0,0,0,2688,2816,2688,2816,4128,2208,7746,1668,0,0,0,0,100,84,43,39,42,81,84,81,0,0,62,0,0,0,0,0,0,13707,1022,331,0,331,0,339,339,100,2,1,0,999,999,18,0,25,0,0,0,0,0,0,0,0,0,0,100,2688,2816,100,0,0,0,0,0,0,0,0,0,0,0,0,0,0,0,0,0,0,0,0,160
214083,3068,504,84,46,9999,0,0,290,0,0,0,4152,1204,0,0,62,0,8,7,1920,599,2000,1,0,4,56,72,53466,13680,608,620,109,63,384,0,31,13,73,4,4,0,10,0,0,0,0,0,2688,2816,2688,2816,4128,2208,7976,1622,0,0,0,0,100,84,42,42,41,84,84,84,0,0,57,0,0,0,0,0,0,13707,1022,331,0,331,0,339,339,100,3,1,0,999,999,18,0,25,0,0,0,0,0,0,0,0,0,0,100,2688,2816,100,0,0,0,0,0,0,0,0,0,0,0,0,0,0,0,0,0,0,0,0,160
215089,3068,504,84,46,9999,0,0,517,0,0,0,4152,2146,0,0,62,0,8,7,1920,599,2000,1,0,4,50,72,53338,13615,297,614,103,64,315,0,21,33,72,4,4,0,10,0,0,0,0,0,2688,2816,2688,2816,4128,2208,7845,1615,0,0,0,0,100,90,51,47,52,89,90,89,0,0,52,0,0,0,0,0,0,13707,1022,331,0,331,0,339,339,100,7,2,0,999,999,18,0,25,0,0,0,0,0,0,0,0,0,0,100,2688,2816,100,0,0,0,0,0,0,0,0,0,0,0,0,0,0,0,0,0,0,0,0,160
216084,3068,504,84,46,9999,0,0,576,0,0,0,4152,2391,0,0,62,0,8,7,1920,599,2000,1,0,4,55,72,53578,13514,310,610,119,64,377,0,20,34,73,4,4,0,10,0,0,0,0,0,2688,2816,2688,2816,4128,2208,8000,1657,0,0,0,0,100,89,41,41,40,87,88,89,0,0,57,0,0,0,0,0,0,13707,1022,331,0,331,0,339,339,100,7,2,0,999,999,18,0,25,0,0,0,0,0,0,0,0,0,0,100,2688,2816,100,0,0,0,0,0,0,0,0,0,0,0,0,0,0,0,0,0,0,0,0,160
217085,3068,504,84,46,9999,0,0,706,0,0,0,4152,2931,0,0,62,0,8,7,1920,599,2000,1,0,4,56,72,54738,13528,349,636,100,64,361,0,28,22,73,4,4,0,10,0,0,0,0,0,2688,2816,2688,2816,4128,2208,7152,1659,0,0,0,0,100,82,40,36,40,82,81,81,0,0,58,0,0,0,0,0,0,13707,1022,331,0,331,0,339,339,100,7,2,0,999,999,18,0,25,0,0,0,0,0,0,0,0,0,0,100,2688,2816,100,0,0,0,0,0,0,0,0,0,0,0,0,0,0,0,0,0,0,0,0,160
218085,3068,504,84,46,9999,0,0,636,0,0,0,4146,2636,0,0,62,0,8,7,1920,599,2000,1,0,4,64,72,54553,13562,305,640,154,64,317,0,32,10,73,4,4,0,10,0,0,0,0,0,2688,2816,2688,2816,4128,2208,7662,1752,0,0,0,0,100,82,46,47,50,81,82,82,0,0,60,0,0,0,0,0,0,13707,1022,331,0,331,0,339,339,100,2,1,0,999,999,18,0,25,0,0,0,0,0,0,0,0,0,0,100,2688,2816,100,0,0,0,0,0,0,0,0,0,0,0,0,0,0,0,0,0,0,0,0,160
219149,3062,504,84,46,9999,0,0,782,0,0,0,4146,3242,0,0,62,0,8,7,1920,599,2000,1,0,4,63,72,51820,13611,318,624,132,63,503,0,24,17,73,4,4,0,10,0,0,0,0,0,2688,2816,2688,2816,4128,2208,7287,1614,0,0,0,0,100,82,47,45,44,79,81,82,0,0,59,0,0,0,0,0,0,13707,1028,331,0,331,0,340,340,100,3,1,0,999,999,18,0,25,0,0,0,0,0,0,0,0,0,0,100,2688,2816,100,0,0,0,0,0,0,0,0,0,0,0,0,0,0,0,0,0,0,0,0,160
220085,3062,504,84,46,9999,0,0,786,0,0,0,4146,3258,0,0,62,0,8,7,1920,599,2000,1,0,4,57,72,53731,13588,294,731,155,64,409,0,32,18,72,4,4,0,10,0,0,0,0,0,2688,2816,2688,2816,4128,2208,7732,1610,0,0,0,0,100,80,45,38,38,77,80,78,0,0,57,0,0,0,0,0,0,13707,1028,331,0,331,0,340,340,100,5,1,0,999,999,18,0,25,0,0,0,0,0,0,0,0,0,0,100,2688,2816,100,0,0,0,0,0,0,0,0,0,0,0,0,0,0,0,0,0,0,0,0,160
221087,3062,504,84,46,9999,0,0,661,0,0,0,4167,2754,0,0,62,0,8,7,1920,599,2000,1,0,4,59,72,53278,13597,354,676,113,64,308,0,23,19,73,4,4,0,10,0,0,0,0,0,2688,2816,2688,2816,4128,2208,7623,1674,0,0,0,0,100,87,47,45,52,87,85,82,0,0,58,0,0,0,0,0,0,13707,1028,331,0,331,0,340,340,100,3,1,0,999,999,18,0,25,0,0,0,0,0,0,0,0,0,0,100,2688,2816,100,0,0,0,0,0,0,0,0,0,0,0,0,0,0,0,0,0,0,0,0,160
222087,3062,504,84,46,9999,0,0,604,0,0,0,4167,2516,0,0,62,0,8,7,1920,599,2000,1,0,4,58,72,48936,13684,356,657,140,64,342,0,14,21,73,4,4,0,10,0,0,0,0,0,2688,2816,2688,2816,4128,2208,7753,1656,0,0,0,0,100,87,41,43,43,83,87,85,0,0,60,0,0,0,0,0,0,13707,1028,331,0,331,0,340,340,100,6,1,0,999,999,18,0,25,0,0,0,0,0,0,0,0,0,0,100,2688,2816,100,0,0,0,0,0,0,0,0,0,0,0,0,0,0,0,0,0,0,0,0,160
223087,3062,504,84,46,9999,0,0,468,0,0,0,4167,1950,0,0,62,0,8,7,1920,599,2000,1,0,4,54,72,54458,13624,327,634,116,64,323,0,28,19,72,4,4,0,10,0,0,0,0,0,2688,2816,2688,2816,4128,2208,7639,1704,0,0,0,0,100,86,43,41,43,86,85,85,0,0,57,0,0,0,0,0,0,13707,1028,331,0,331,0,340,340,100,7,2,0,999,999,18,0,25,0,0,0,0,0,0,0,0,0,0,100,2688,2816,100,0,0,0,0,0,0,0,0,0,0,0,0,0,0,0,0,0,0,0,0,160
224086,3062,504,84,46,9999,0,0,622,0,0,0,4167,2591,0,0,62,0,8,7,1920,599,2000,1,0,4,58,72,47738,13536,311,619,118,64,335,0,15,24,73,4,4,0,10,0,0,0,0,0,2688,2816,2688,2816,4128,2208,7572,1618,0,0,0,0,100,87,51,46,50,83,87,84,0,0,57,0,0,0,0,0,0,13707,1028,331,0,331,0,340,340,100,6,2,0,999,999,18,0,25,0,0,0,0,0,0,0,0,0,0,100,2688,2816,100,0,0,0,0,0,0,0,0,0,0,0,0,0,0,0,0,0,0,0,0,160
225087,3062,504,84,46,9999,0,0,545,0,0,0,4167,2271,0,0,62,0,8,7,1920,599,2000,1,0,4,62,72,53314,13514,300,611,130,64,363,0,23,20,73,4,4,0,10,0,0,0,0,0,2688,2816,2688,2816,4128,2208,7959,1538,0,0,0,0,100,87,43,41,40,83,84,87,0,0,56,0,0,0,0,0,0,13707,1028,331,0,331,0,340,340,100,3,2,0,999,999,18,0,25,0,0,0,0,0,0,0,0,0,0,100,2688,2816,100,0,0,0,0,0,0,0,0,0,0,0,0,0,0,0,0,0,0,0,0,160
226094,3062,504,84,46,9999,0,0,710,0,0,0,4167,2958,0,0,62,0,8,7,1920,599,2000,1,0,4,54,72,51958,13607,339,692,125,64,469,0,26,15,73,4,4,0,10,0,0,0,0,0,2688,2816,2688,2816,4128,2208,7236,1588,0,0,0,0,100,86,37,35,38,82,84,86,0,0,56,0,0,0,0,0,0,13707,1028,331,0,331,0,340,340,100,4,2,0,999,999,18,0,25,0,0,0,0,0,0,0,0,0,0,100,2688,2816,100,0,0,0,0,0,0,0,0,0,0,0,0,0,0,0,0,0,0,0,0,160
227092,3062,504,84,46,9999,0,0,541,0,0,0,4167,2254,0,0,62,0,8,7,1920,599,2000,1,0,4,64,72,52580,13563,302,662,134,64,341,0,33,16,73,4,4,0,10,0,0,0,0,0,2688,2816,2688,2816,4128,2208,7363,1575,0,0,0,0,100,88,49,45,51,88,86,88,0,0,55,0,0,0,0,0,0,13707,1028,331,0,331,0,340,340,100,4,2,0,999,999,18,0,25,0,0,0,0,0,0,0,0,0,0,100,2688,2816,100,0,0,0,0,0,0,0,0,0,0,0,0,0,0,0,0,0,0,0,0,160
228097,3062,504,84,46,9999,0,0,699,0,0,0,4167,2912,0,0,62,0,8,7,1920,599,2000,1,0,4,58,72,50118,13600,286,697,130,64,387,0,21,21,73,4,4,0,10,0,0,0,0,0,2688,2816,2688,2816,4128,2208,6712,1617,0,0,0,0,100,85,45,39,39,85,85,85,0,0,54,0,0,0,0,0,0,13707,1028,331,0,331,0,340,340,100,3,1,0,999,999,18,0,25,0,0,0,0,0,0,0,0,0,0,100,2688,2816,100,0,0,0,0,0,0,0,0,0,0,0,0,0,0,0,0,0,0,0,0,160
229099,3062,504,84,46,9999,0,0,849,0,0,0,4167,3537,0,0,62,0,8,7,1920,599,2000,1,0,4,53,72,50578,13497,295,674,102,64,358,0,24,20,72,4,4,0,10,0,0,0,0,0,2688,2816,2688,2816,4128,2208,7814,1593,0,0,0,0,100,85,39,37,39,84,85,85,0,0,50,0,0,0,0,0,0,13707,1028,331,0,331,0,340,340,100,9,1,0,999,999,18,0,25,0,0,0,0,0,0,0,0,0,0,100,2688,2816,100,0,0,0,0,0,0,0,0,0,0,0,0,0,0,0,0,0,0,0,0,160
230097,3062,504,84,46,9999,0,0,385,0,0,0,4167,1604,0,0,62,0,8,7,1920,599,2000,1,0,4,46,72,54708,13635,344,679,180,63,456,0,14,35,73,4,4,0,10,0,0,0,0,0,2688,2816,2688,2816,4128,2208,6320,1586,0,0,0,0,100,91,63,62,64,89,88,91,0,0,51,0,0,0,0,0,0,13707,1028,331,0,331,0,340,340,100,3,2,0,999,999,18,0,25,0,0,0,0,0,0,0,0,0,0,100,2688,2816,100,0,0,0,0,0,0,0,0,0,0,0,0,0,0,0,0,0,0,0,0,160
231108,3062,504,84,46,9999,0,0,495,0,0,0,4167,2062,0,0,62,0,8,7,1920,599,2000,1,0,4,57,72,53410,13730,310,792,120,64,369,0,29,20,73,4,4,0,10,0,0,0,0,0,2688,2816,2688,2816,4128,2208,7264,1615,0,0,0,0,100,88,50,43,45,87,87,88,0,0,51,0,0,0,0,0,0,13707,1028,331,0,331,0,340,340,100,8,1,0,999,999,18,0,25,0,0,0,0,0,0,0,0,0,0,100,2688,2816,100,0,0,0,0,0,0,0,0,0,0,0,0,0,0,0,0,0,0,0,0,160
232100,3062,504,84,46,9999,0,0,775,0,0,0,4167,3229,0,0,62,0,8,7,1920,599,2000,1,0,4,47,72,55682,13610,309,698,127,64,342,0,20,31,72,4,4,0,10,0,0,0,0,0,2688,2816,2688,2816,4128,2208,6496,1561,0,0,0,0,100,83,39,35,38,83,83,83,0,0,49,0,0,0,0,0,0,13707,1028,331,0,331,0,340,340,100,6,2,0,999,999,18,0,25,0,0,0,0,0,0,0,0,0,0,100,2688,2816,100,0,0,0,0,0,0,0,0,0,0,0,0,0,0,0,0,0,0,0,0,160
233098,3062,504,84,46,9999,0,0,658,0,0,0,4167,2741,0,0,62,0,8,7,1920,599,2000,1,0,4,62,72,54023,13515,306,661,96,63,356,0,27,29,73,4,4,0,10,0,0,0,0,0,2688,2816,2688,2816,4128,2208,6752,1717,0,0,0,0,100,88,50,53,51,88,88,88,0,0,54,0,0,0,0,0,0,13707,1028,331,0,331,0,340,340,100,5,2,0,999,999,18,0,25,0,0,0,0,0,0,0,0,0,0,100,2688,2816,100,0,0,0,0,0,0,0,0,0,0,0,0,0,0,0,0,0,0,0,0,160
234100,3062,504,84,46,9999,0,0,655,0,0,0,4167,2729,0,0,62,0,8,7,1920,599,2000,1,0,4,55,72,53249,13589,622,621,116,63,382,0,29,18,73,4,4,0,10,0,0,0,0,0,2688,2816,2688,2816,4128,2208,6458,1569,0,0,0,0,100,86,42,36,36,84,86,81,0,0,51,0,0,0,0,0,0,13707,1028,331,0,331,0,340,340,100,2,1,0,999,999,18,0,25,0,0,0,0,0,0,0,0,0,0,100,2688,2816,100,0,0,0,0,0,0,0,0,0,0,0,0,0,0,0,0,0,0,0,0,160
235102,3062,504,84,46,9999,0,0,639,0,0,0,4167,2662,0,0,62,0,8,7,1920,599,2000,1,0,4,56,72,52031,13633,345,643,119,63,405,0,27,27,73,4,4,0,10,0,0,0,0,0,2688,2816,2688,2816,4128,2208,6800,1606,0,0,0,0,100,85,31,34,34,84,82,85,0,0,52,0,0,0,0,0,0,13707,1028,331,0,331,0,340,340,100,7,1,0,999,999,18,0,25,0,0,0,0,0,0,0,0,0,0,100,2688,2816,100,0,0,0,0,0,0,0,0,0,0,0,0,0,0,0,0,0,0,0,0,160
236107,3062,504,84,46,9999,0,0,562,0,0,0,4167,2341,0,0,62,0,8,7,1920,599,2000,1,0,4,60,72,52604,13584,291,652,125,64,381,0,25,16,73,4,4,0,10,0,0,0,0,0,2688,2816,2688,2816,4128,2208,7493,1652,0,0,0,0,100,87,41,42,46,84,87,86,0,0,55,0,0,0,0,0,0,13707,1028,331,0,331,0,340,340,100,2,1,0,999,999,18,0,25,0,0,0,0,0,0,0,0,0,0,100,2688,2816,100,0,0,0,0,0,0,0,0,0,0,0,0,0,0,0,0,0,0,0,0,160
237109,3062,504,84,46,9999,0,0,360,0,0,0,4167,1500,0,0,62,0,8,7,1920,599,2000,1,0,4,57,72,50904,13604,332,690,98,64,365,0,28,18,73,4,4,0,10,0,0,0,0,0,2688,2816,2688,2816,4128,2208,7176,1652,0,0,0,0,100,88,41,37,38,85,84,88,0,0,56,0,0,0,0,0,0,13707,1028,331,0,331,0,340,340,100,5,1,0,999,999,18,0,25,0,0,0,0,0,0,0,0,0,0,100,2688,2816,100,0,0,0,0,0,0,0,0,0,0,0,0,0,0,0,0,0,0,0,0,160
238100,3062,504,84,46,9999,0,0,502,0,0,0,4167,2091,0,0,62,0,8,7,1920,599,2000,1,0,4,51,72,56387,13534,354,631,116,64,399,0,15,30,72,4,4,0,10,0,0,0,0,0,2688,2816,2688,2816,4128,2208,7793,1633,0,0,0,0,100,85,37,40,38,81,84,85,0,0,55,0,0,0,0,0,0,13707,1028,331,0,331,0,340,340,100,10,2,0,999,999,18,0,25,0,0,0,0,0,0,0,0,0,0,100,2688,2816,100,0,0,0,0,0,0,0,0,0,0,0,0,0,0,0,0,0,0,0,0,160
239150,3100,501,84,46,9999,0,0,534,0,0,0,4167,2225,0,0,62,0,8,7,1920,599,2000,1,0,4,60,72,49748,13600,322,681,106,64,432,0,24,16,72,4,4,0,10,0,0,0,0,0,2688,2816,2688,2816,4128,2208,7146,1525,0,0,0,0,100,89,47,44,46,89,84,88,0,0,55,0,0,0,0,0,0,13720,1020,327,0,327,0,336,336,100,3,2,0,999,999,18,0,25,0,0,0,0,0,0,0,0,0,0,100,2688,2816,100,0,0,0,0,0,0,0,0,0,0,0,0,0,0,0,0,0,0,0,0,160
240100,3100,501,84,46,9999,0,0,470,0,0,0,4161,1955,0,0,62,0,8,7,1920,599,2000,1,0,4,57,72,49531,13484,301,621,117,64,345,0,28,17,73,4,4,0,10,0,0,0,0,0,2688,2816,2688,2816,4128,2208,7427,1570,0,0,0,0,100,86,41,38,38,83,83,86,0,0,52,0,0,0,0,0,0,13720,1020,327,0,327,0,336,336,100,3,1,0,999,999,18,0,25,0,0,0,0,0,0,0,0,0,0,100,2688,2816,100,0,0,0,0,0,0,0,0,0,0,0,0,0,0,0,0,0,0,0,0,160
241103,3100,501,84,46,9999,0,0,623,0,0,0,4163,2593,0,0,62,0,8,7,1920,599,2000,1,0,4,51,72,51993,13483,297,606,118,64,383,0,17,34,72,4,4,0,10,0,0,0,0,0,2688,2816,2688,2816,4128,2208,7037,1564,0,0,0,0,100,87,44,43,42,87,87,87,0,0,51,0,0,0,0,0,0,13720,1020,327,0,327,0,336,336,100,4,2,0,999,999,18,0,25,0,0,0,0,0,0,0,0,0,0,100,2688,2816,100,0,0,0,0,0,0,0,0,0,0,0,0,0,0,0,0,0,0,0,0,160
242101,3100,501,84,46,9999,0,0,701,0,0,0,4163,2918,0,0,62,0,8,7,1920,599,2000,1,0,4,52,72,54542,13468,325,602,106,63,384,0,21,24,73,4,4,0,10,0,0,0,0,0,2688,2816,2688,2816,4128,2208,7179,1563,0,0,0,0,100,89,50,47,53,88,89,87,0,0,50,0,0,0,0,0,0,13720,1020,327,0,327,0,336,336,100,6,1,0,999,999,18,0,25,0,0,0,0,0,0,0,0,0,0,100,2688,2816,100,0,0,0,0,0,0,0,0,0,0,0,0,0,0,0,0,0,0,0,0,160
243100,3100,501,84,46,9999,0,0,404,0,0,0,4163,1681,0,0,62,0,8,7,1920,599,2000,1,0,4,54,72,50985,13649,350,692,129,63,363,0,31,23,72,4,4,0,10,0,0,0,0,0,2688,2816,2688,2816,4128,2208,7676,1642,0,0,0,0,100,86,43,39,41,86,82,85,0,0,50,0,0,0,0,0,0,13720,1020,327,0,327,0,336,336,100,5,2,0,999,999,18,0,25,0,0,0,0,0,0,0,0,0,0,100,2688,2816,100,0,0,0,0,0,0,0,0,0,0,0,0,0,0,0,0,0,0,0,0,160
244106,3100,501,84,46,9999,0,0,377,0,0,0,4163,1569,0,0,62,0,8,7,1920,599,2000,1,0,4,47,72,54959,13534,320,629,117,63,323,0,19,27,72,4,4,0,10,0,0,0,0,0,2688,2816,2688,2816,4128,2208,7436,1535,0,0,0,0,100,88,44,36,40,86,87,88,0,0,48,0,0,0,0,0,0,13720,1020,327,0,327,0,336,336,100,5,1,0,999,999,18,0,25,0,0,0,0,0,0,0,0,0,0,100,2688,2816,100,0,0,0,0,0,0,0,0,0,0,0,0,0,0,0,0,0,0,0,0,160
245100,3100,501,84,46,9999,0,0,463,0,0,0,4163,1927,0,0,62,0,8,7,1920,599,2000,1,0,4,59,72,52056,13491,295,661,122,63,424,0,24,28,73,4,4,0,10,0,0,0,0,0,2688,2816,2688,2816,4128,2208,7511,1558,0,0,0,0,100,92,62,57,59,90,90,92,0,0,53,0,0,0,0,0,0,13720,1020,327,0,327,0,336,336,100,8,2,0,999,999,18,0,25,0,0,0,0,0,0,0,0,0,0,100,2688,2816,100,0,0,0,0,0,0,0,0,0,0,0,0,0,0,0,0,0,0,0,0,160
246100,3100,501,84,46,9999,0,0,560,0,0,0,4163,2331,0,0,62,0,8,7,1920,599,2000,1,0,4,60,72,49751,13498,338,623,134,63,410,0,26,18,72,4,4,0,10,0,0,0,0,0,2688,2816,2688,2816,4128,2208,7127,1658,0,0,0,0,100,87,37,39,39,85,86,87,0,0,55,0,0,0,0,0,0,13720,1020,327,0,327,0,336,336,100,3,2,0,999,999,18,0,25,0,0,0,0,0,0,0,0,0,0,100,2688,2816,100,0,0,0,0,0,0,0,0,0,0,0,0,0,0,0,0,0,0,0,0,160
247101,3100,501,84,46,9999,0,0,285,0,0,0,4163,1186,0,0,62,0,8,7,1920,599,2000,1,0,4,59,72,51019,13559,361,592,117,62,363,0,24,20,72,4,4,0,10,0,0,0,0,0,2688,2816,2688,2816,4128,2208,8801,1634,0,0,0,0,100,87,41,41,43,85,87,86,0,0,56,0,0,0,0,0,0,13720,1020,327,0,327,0,336,336,100,5,1,0,999,999,18,0,25,0,0,0,0,0,0,0,0,0,0,100,2688,2816,100,0,0,0,0,0,0,0,0,0,0,0,0,0,0,0,0,0,0,0,0,160
248101,3100,501,84,46,9999,0,0,818,0,0,0,4163,3405,0,0,62,0,8,7,1920,599,2000,1,0,4,52,72,52142,13607,317,621,117,63,352,0,14,28,73,4,4,0,10,0,0,0,0,0,2688,2816,2688,2816,4128,2208,7262,1695,0,0,0,0,100,88,47,47,52,82,85,88,0,0,51,0,0,0,0,0,0,13720,1020,327,0,327,0,336,336,100,4,2,0,999,999,18,0,25,0,0,0,0,0,0,0,0,0,0,100,2688,2816,100,0,0,0,0,0,0,0,0,0,0,0,0,0,0,0,0,0,0,0,0,160
249108,3100,501,84,46,9999,0,0,730,0,0,0,4163,3038,0,0,62,0,8,7,1920,599,2000,1,0,4,63,72,50897,13570,604,616,111,63,348,0,41,18,73,4,4,0,10,0,0,0,0,0,2688,2816,2688,2816,4128,2208,7246,1625,0,0,0,0,100,82,39,39,36,78,82,81,0,0,57,0,0,0,0,0,0,13720,1020,327,0,327,0,336,336,100,3,1,0,999,999,18,0,25,0,0,0,0,0,0,0,0,0,0,100,2688,2816,100,0,0,0,0,0,0,0,0,0,0,0,0,0,0,0,0,0,0,0,0,160
250103,3100,501,84,46,9999,0,0,858,0,0,0,4163,3571,0,0,62,0,8,7,1920,599,2000,1,0,4,57,72,50499,13517,356,598,100,64,345,0,17,18,72,4,4,0,10,0,0,0,0,0,2688,2816,2688,2816,4128,2208,6895,1637,0,0,0,0,100,86,40,41,44,81,82,86,0,0,55,0,0,0,0,0,0,13720,1020,327,0,327,0,336,336,100,3,1,0,999,999,18,0,25,0,0,0,0,0,0,0,0,0,0,100,2688,2816,100,0,0,0,0,0,0,0,0,0,0,0,0,0,0,0,0,0,0,0,0,160
251106,3100,501,84,46,9999,0,0,645,0,0,0,4157,2681,0,0,62,0,8,7,1920,599,2000,1,0,4,54,72,52954,13622,343,645,150,64,321,0,28,18,72,4,4,0,10,0,0,0,0,0,2688,2816,2688,2816,4128,2208,7595,1647,0,0,0,0,100,86,57,56,57,85,86,85,0,0,52,0,0,0,0,0,0,13720,1020,327,0,327,0,336,336,100,5,2,0,999,999,18,0,25,0,0,0,0,0,0,0,0,0,0,100,2688,2816,100,0,0,0,0,0,0,0,0,0,0,0,0,0,0,0,0,0,0,0,0,160
252103,3100,501,84,46,9999,0,0,926,0,0,0,4157,3849,0,0,62,0,8,7,1920,599,2000,1,0,4,55,72,51210,13594,288,688,122,63,414,0,21,25,73,4,4,0,10,0,0,0,0,0,2688,2816,2688,2816,4128,2208,7298,1614,0,0,0,0,100,88,47,47,48,85,88,86,0,0,52,0,0,0,0,0,0,13720,1020,327,0,327,0,336,336,100,6,2,0,999,999,18,0,25,0,0,0,0,0,0,0,0,0,0,100,2688,2816,100,0,0,0,0,0,0,0,0,0,0,0,0,0,0,0,0,0,0,0,0,160
253110,3100,501,84,46,9999,0,0,578,0,0,0,4157,2402,0,0,62,0,8,7,1920,599,2000,1,0,4,61,72,52294,13517,304,644,115,64,350,0,23,21,72,4,4,0,10,0,0,0,0,0,2688,2816,2688,2816,4128,2208,6979,1634,0,0,0,0,100,86,41,42,42,85,83,86,0,0,54,0,0,0,0,0,0,13720,1020,327,0,327,0,336,336,100,5,1,0,999,999,18,0,25,0,0,0,0,0,0,0,0,0,0,100,2688,2816,100,0,0,0,0,0,0,0,0,0,0,0,0,0,0,0,0,0,0,0,0,160
254103,3100,501,84,46,9999,0,0,541,0,0,0,4157,2248,0,0,62,0,8,7,1920,599,2000,1,0,4,64,72,49462,13622,372,712,109,64,426,0,21,18,73,4,4,0,10,0,0,0,0,0,2688,2816,2688,2816,4128,2208,7028,1556,0,0,0,0,100,87,44,37,46,84,82,87,0,0,57,0,0,0,0,0,0,13720,1020,327,0,327,0,336,336,100,4,1,0,999,999,18,0,25,0,0,0,0,0,0,0,0,0,0,100,2688,2816,100,0,0,0,0,0,0,0,0,0,0,0,0,0,0,0,0,0,0,0,0,160
255103,3100,501,84,46,9999,0,0,666,0,0,0,4157,2768,0,0,62,0,8,7,1920,599,2000,1,0,4,60,72,51993,13568,353,646,109,63,381,0,34,13,73,4,4,0,10,0,0,0,0,0,2688,2816,2688,2816,4128,2208,7938,1627,0,0,0,0,100,83,33,34,37,81,83,81,0,0,57,0,0,0,0,0,0,13720,1020,327,0,327,0,336,336,100,2,1,0,999,999,18,0,25,0,0,0,0,0,0,0,0,0,0,100,2688,2816,100,0,0,0,0,0,0,0,0,0,0,0,0,0,0,0,0,0,0,0,0,160
256108,3100,501,84,46,9999,0,0,727,0,0,0,4157,3022,0,0,62,0,8,7,1920,599,2000,1,0,4,64,72,52217,13649,321,624,124,64,307,0,30,19,72,4,4,0,10,0,0,0,0,0,2688,2816,2688,2816,4128,2208,7371,1639,0,0,0,0,100,81,45,41,44,79,81,77,0,0,59,0,0,0,0,0,0,13720,1020,327,0,327,0,336,336,100,5,1,0,999,999,18,0,25,0,0,0,0,0,0,0,0,0,0,100,2688,2816,100,0,0,0,0,0,0,0,0,0,0,0,0,0,0,0,0,0,0,0,0,160
257103,3100,501,84,46,9999,0,0,674,0,0,0,4157,2801,0,0,62,0,8,7,1920,599,2000,1,0,4,64,72,52217,13591,317,675,118,64,337,0,37,13,73,4,4,0,10,0,0,0,0,0,2688,2816,2688,2816,4128,2208,7193,1615,0,0,0,0,100,84,47,42,43,81,84,81,0,0,61,0,0,0,0,0,0,13720,1020,327,0,327,0,336,336,100,4,1,0,999,999,18,0,25,0,0,0,0,0,0,0,0,0,0,100,2688,2816,100,0,0,0,0,0,0,0,0,0,0,0,0,0,0,0,0,0,0,0,0,160
258106,3100,501,84,46,9999,0,0,373,0,0,0,4157,1550,0,0,62,0,8,7,1920,599,2000,1,0,4,66,72,53684,13553,364,659,98,65,426,0,35,5,72,4,4,0,10,0,0,0,0,0,2688,2816,2688,2816,4128,2208,7503,1692,0,0,0,0,100,82,38,35,39,79,82,79,0,0,62,0,0,0,0,0,0,13720,1020,327,0,327,0,336,336,100,2,1,0,999,999,18,0,25,0,0,0,0,0,0,0,0,0,0,100,2688,2816,100,0,0,0,0,0,0,0,0,0,0,0,0,0,0,0,0,0,0,0,0,160
259155,3046,504,84,46,9999,0,0,633,0,0,0,4157,2631,0,0,62,0,8,7,1920,599,2000,1,0,4,68,72,53332,13586,305,656,146,64,355,0,49,12,73,4,4,0,10,0,0,0,0,0,2688,2816,2688,2816,4128,2208,7882,1606,0,0,0,0,100,81,46,40,42,80,77,81,0,0,60,0,0,0,0,0,0,13723,1025,331,0,331,0,340,340,100,3,1,0,999,999,18,0,25,0,0,0,0,0,0,0,0,0,0,100,2688,2816,100,0,0,0,0,0,0,0,0,0,0,0,0,0,0,0,0,0,0,0,0,160
260104,3046,504,84,46,9999,0,0,511,0,0,0,4157,2124,0,0,62,0,8,7,1920,599,2000,1,0,4,61,72,52884,13576,280,642,142,63,429,0,32,16,73,4,4,0,10,0,0,0,0,0,2688,2816,2688,2816,4128,2208,7633,1564,0,0,0,0,100,84,46,41,46,84,84,83,0,0,58,0,0,0,0,0,0,13723,1025,331,0,331,0,340,340,100,5,1,0,999,999,18,0,25,0,0,0,0,0,0,0,0,0,0,100,2688,2816,100,0,0,0,0,0,0,0,0,0,0,0,0,0,0,0,0,0,0,0,0,160
261107,3046,504,84,46,9999,0,0,632,0,0,0,4149,2622,0,0,62,0,8,7,1920,599,2000,1,0,4,61,72,50860,13580,314,702,115,64,358,0,25,13,73,4,4,0,10,0,0,0,0,0,2688,2816,2688,2816,4128,2208,5620,1551,0,0,0,0,100,86,38,38,38,81,86,83,0,0,55,0,0,0,0,0,0,13723,1025,331,0,331,0,340,340,100,2,1,0,999,999,18,0,25,0,0,0,0,0,0,0,0,0,0,100,2688,2816,100,0,0,0,0,0,0,0,0,0,0,0,0,0,0,0,0,0,0,0,0,160
262108,3046,504,84,46,9999,0,0,762,0,0,0,4149,3161,0,0,62,0,8,7,1920,599,2000,1,0,4,65,72,53482,13523,357,635,109,63,393,0,35,16,72,4,4,0,10,0,0,0,0,0,2688,2816,2688,2816,4128,2208,7064,1578,0,0,0,0,100,85,48,43,46,82,81,85,0,0,52,0,0,0,0,0,0,13723,1025,331,0,331,0,340,340,100,7,1,0,999,999,18,0,25,0,0,0,0,0,0,0,0,0,0,100,2688,2816,100,0,0,0,0,0,0,0,0,0,0,0,0,0,0,0,0,0,0,0,0,160
263110,3046,504,84,46,9999,0,0,245,0,0,0,4149,1016,0,0,62,0,8,7,1920,599,2000,1,0,4,58,72,50097,13550,344,627,107,64,349,0,27,21,72,4,4,0,10,0,0,0,0,0,2688,2816,2688,2816,4128,2208,7570,1726,0,0,0,0,100,88,41,41,44,87,84,88,0,0,54,0,0,0,0,0,0,13723,1025,331,0,331,0,340,340,100,4,1,0,999,999,18,0,25,0,0,0,0,0,0,0,0,0,0,100,2688,2816,100,0,0,0,0,0,0,0,0,0,0,0,0,0,0,0,0,0,0,0,0,160
264108,3046,504,84,46,9999,0,0,792,0,0,0,4149,3286,0,0,62,0,8,7,1920,599,2000,1,0,4,59,72,50739,13632,324,638,138,64,378,0,29,20,73,4,4,0,10,0,0,0,0,0,2688,2816,2688,2816,4128,2208,7374,1619,0,0,0,0,100,86,41,35,39,81,86,83,0,0,56,0,0,0,0,0,0,13723,1025,331,0,331,0,340,340,100,7,1,0,999,999,18,0,25,0,0,0,0,0,0,0,0,0,0,100,2688,2816,100,0,0,0,0,0,0,0,0,0,0,0,0,0,0,0,0,0,0,0,0,160
265108,3046,504,84,46,9999,0,0,540,0,0,0,4149,2240,0,0,62,0,8,7,1920,599,2000,1,0,4,57,72,52443,13551,303,630,122,64,419,0,27,20,73,4,4,0,10,0,0,0,0,0,2688,2816,2688,2816,4128,2208,6885,1596,0,0,0,0,100,85,47,41,45,80,81,85,0,0,59,0,0,0,0,0,0,13723,1025,331,0,331,0,340,340,100,3,2,0,999,999,18,0,25,0,0,0,0,0,0,0,0,0,0,100,2688,2816,100,0,0,0,0,0,0,0,0,0,0,0,0,0,0,0,0,0,0,0,0,160
266108,3046,504,84,46,9999,0,0,803,0,0,0,4149,3331,0,0,62,0,8,7,1920,599,2000,1,0,4,65,72,55561,13647,348,695,110,64,312,0,47,5,72,4,4,0,10,0,0,0,0,0,2688,2816,2688,2816,4128,2208,7959,1666,0,0,0,0,100,82,48,38,44,75,77,82,0,0,62,0,0,0,0,0,0,13723,1025,331,0,331,0,340,340,100,1,1,0,999,999,18,0,25,0,0,0,0,0,0,0,0,0,0,100,2688,2816,100,0,0,0,0,0,0,0,0,0,0,0,0,0,0,0,0,0,0,0,0,160
267109,3046,504,84,46,9999,0,0,720,0,0,0,4149,2987,0,0,62,0,8,7,1920,599,2000,1,0,4,68,72,50928,13665,330,680,133,64,426,0,35,7,73,4,4,0,10,0,0,0,0,0,2688,2816,2688,2816,4128,2208,7084,1617,0,0,0,0,100,79,41,36,40,73,79,77,0,0,64,0,0,0,0,0,0,13723,1025,331,0,331,0,340,340,100,3,1,0,999,999,18,0,25,0,0,0,0,0,0,0,0,0,0,100,2688,2816,100,0,0,0,0,0,0,0,0,0,0,0,0,0,0,0,0,0,0,0,0,160
268108,3046,504,84,46,9999,0,0,628,0,0,0,4149,2605,0,0,62,0,8,7,1920,599,2000,1,0,4,71,72,55196,13672,302,692,129,64,321,0,38,4,73,4,4,0,10,0,0,0,0,0,2688,2816,2688,2816,4128,2208,7406,1677,0,0,0,0,100,74,47,44,50,68,74,70,0,0,64,0,0,0,0,0,0,13723,1025,331,0,331,0,340,340,100,2,1,0,999,999,18,0,25,0,0,0,0,0,0,0,0,0,0,100,2688,2816,100,0,0,0,0,0,0,0,0,0,0,0,0,0,0,0,0,0,0,0,0,160
269108,3046,504,84,46,9999,0,0,593,0,0,0,4149,2460,0,0,62,0,8,7,1920,599,2000,1,0,4,69,72,51727,13553,316,648,114,64,345,0,57,5,72,4,4,0,10,0,0,0,0,0,2688,2816,2688,2816,4128,2208,6630,1586,0,0,0,0,100,67,42,35,38,63,64,67,0,0,64,0,0,0,0,0,0,13723,1025,331,0,331,0,340,340,100,2,1,0,999,999,18,0,25,0,0,0,0,0,0,0,0,0,0,100,2688,2816,100,0,0,0,0,0,0,0,0,0,0,0,0,0,0,0,0,0,0,0,0,160
270108,3046,504,84,46,9999,0,0,381,0,0,0,4149,1580,0,0,62,0,8,7,1920,599,2000,1,0,4,69,72,55961,13580,349,628,109,65,316,0,60,0,72,4,4,0,10,0,0,0,0,0,2688,2816,2688,2816,4128,2208,7347,1613,0,0,0,0,100,69,40,32,38,65,67,69,0,0,65,0,0,0,0,0,0,13723,1025,331,0,331,0,340,340,100,0,0,0,999,999,18,0,25,0,0,0,0,0,0,0,0,0,0,100,2688,2816,100,0,0,0,0,0,0,0,0,0,0,0,0,0,0,0,0,0,0,0,0,160
271108,3046,504,84,46,9999,0,0,829,0,0,0,4111,3408,0,0,62,0,8,7,1920,599,2000,1,0,4,72,72,53930,13521,369,585,103,64,327,0,45,2,73,4,4,0,10,0,0,0,0,0,2688,2816,2688,2816,4128,2208,7782,1595,0,0,0,0,100,75,43,42,46,69,64,75,0,0,66,0,0,0,0,0,0,13723,1025,331,0,331,0,340,340,100,1,1,0,999,999,18,0,25,0,0,0,0,0,0,0,0,0,0,100,2688,2816,100,0,0,0,0,0,0,0,0,0,0,0,0,0,0,0,0,0,0,0,0,160
272109,3046,504,84,46,9999,0,0,313,0,0,0,4111,1286,0,0,62,0,8,7,1920,599,2000,1,0,4,71,72,52290,13641,328,626,119,64,345,0,41,4,72,4,4,0,10,0,0,0,0,0,2688,2816,2688,2816,4128,2208,6711,1595,0,0,0,0,100,73,53,48,50,65,73,71,0,0,63,0,0,0,0,0,0,13723,1025,331,0,331,0,340,340,100,2,2,0,999,999,18,0,25,0,0,0,0,0,0,0,0,0,0,100,2688,2816,100,0,0,0,0,0,0,0,0,0,0,0,0,0,0,0,0,0,0,0,0,160
273112,3046,504,84,46,9999,0,0,573,0,0,0,4111,2355,0,0,62,0,8,7,1920,599,2000,1,0,4,67,72,54007,13678,344,776,144,63,364,0,66,4,73,4,4,0,10,0,0,0,0,0,2688,2816,2688,2816,4128,2208,6304,1646,0,0,0,0,100,72,49,43,47,68,72,63,0,0,59,0,0,0,0,0,0,13723,1025,331,0,331,0,340,340,100,3,1,0,999,999,18,0,25,0,0,0,0,0,0,0,0,0,0,100,2688,2816,100,0,0,0,0,0,0,0,0,0,0,0,0,0,0,0,0,0,0,0,0,160
274109,3046,504,84,46,9999,0,0,535,0,0,0,4111,2199,0,0,62,0,8,7,1920,599,2000,1,0,4,72,72,54528,13592,332,724,112,63,381,0,57,3,72,4,4,0,10,0,0,0,0,0,2688,2816,2688,2816,4128,2208,8446,1571,0,0,0,0,100,73,45,43,47,69,66,73,0,0,66,0,0,0,0,0,0,13723,1025,331,0,331,0,340,340,100,2,1,0,999,999,18,0,25,0,0,0,0,0,0,0,0,0,0,100,2688,2816,100,0,0,0,0,0,0,0,0,0,0,0,0,0,0,0,0,0,0,0,0,160
275109,3046,504,84,46,9999,0,0,779,0,0,0,4111,3202,0,0,62,0,8,7,1920,599,2000,1,0,4,69,72,50338,13571,311,659,110,64,403,0,26,2,72,4,4,0,10,0,0,0,0,0,2688,2816,2688,2816,4128,2208,7456,1614,0,0,0,0,100,68,39,36,37,68,66,66,0,0,68,0,0,0,0,0,0,13723,1025,331,0,331,0,340,340,100,1,1,0,999,999,18,0,25,0,0,0,0,0,0,0,0,0,0,100,2688,2816,100,0,0,0,0,0,0,0,0,0,0,0,0,0,0,0,0,0,0,0,0,160
276109,3046,504,84,46,9999,0,0,530,0,0,0,4111,2178,0,0,62,0,8,7,1920,599,2000,1,0,4,71,72,52275,13552,299,607,106,64,386,0,59,2,72,4,4,0,10,0,0,0,0,0,2688,2816,2688,2816,4128,2208,8244,1606,0,0,0,0,100,71,41,40,39,64,71,68,0,0,69,0,0,0,0,0,0,13723,1025,331,0,331,0,340,340,100,1,1,0,999,999,18,0,25,0,0,0,0,0,0,0,0,0,0,100,2688,2816,100,0,0,0,0,0,0,0,0,0,0,0,0,0,0,0,0,0,0,0,0,160
277109,3046,504,84,46,9999,0,0,694,0,0,0,4111,2853,0,0,62,0,8,7,1920,599,2000,1,0,4,70,72,51020,13494,273,595,119,64,344,0,40,2,72,4,4,0,10,0,0,0,0,0,2688,2816,2688,2816,4128,2208,7213,1554,0,0,0,0,100,71,46,44,45,69,71,70,0,0,70,0,0,0,0,0,0,13723,1025,331,0,331,0,340,340,100,2,1,0,999,999,18,0,25,0,0,0,0,0,0,0,0,0,0,100,2688,2816,100,0,0,0,0,0,0,0,0,0,0,0,0,0,0,0,0,0,0,0,0,160
278109,3046,504,84,46,9999,0,0,904,0,0,0,4111,3716,0,0,62,0,8,7,1920,599,2000,1,0,4,72,72,51662,13497,363,637,107,65,341,0,42,1,73,4,4,0,10,0,0,0,0,0,2688,2816,2688,2816,4128,2208,7964,1686,0,0,0,0,100,72,47,43,44,66,64,72,0,0,68,0,0,0,0,0,0,13723,1025,331,0,331,0,340,340,100,1,1,0,999,999,18,0,25,0,0,0,0,0,0,0,0,0,0,100,2688,2816,100,0,0,0,0,0,0,0,0,0,0,0,0,0,0,0,0,0,0,0,0,160
279159,3100,503,84,46,9999,0,0,485,0,0,0,4111,1993,0,0,62,0,8,7,1920,599,2000,1,0,4,71,72,49372,13567,337,601,105,63,331,0,44,2,73,4,4,0,10,0,0,0,0,0,2688,2816,2688,2816,4128,2208,9010,1508,0,0,0,0,100,67,40,36,38,62,67,65,0,0,72,0,0,0,0,0,0,13722,1029,329,0,329,0,338,338,100,1,1,0,999,999,18,0,25,0,0,0,0,0,0,0,0,0,0,100,2688,2816,100,0,0,0,0,0,0,0,0,0,0,0,0,0,0,0,0,0,0,0,0,160
280110,3100,503,84,46,9999,0,0,670,0,0,0,4111,2754,0,0,62,0,8,7,1920,599,2000,1,0,4,72,72,57542,13516,321,613,111,65,351,0,49,7,73,4,4,0,10,0,0,0,0,0,2688,2816,2688,2816,4128,2208,10314,1639,0,0,0,0,100,71,44,39,44,71,62,68,0,0,73,0,0,0,0,0,0,13722,1029,329,0,329,0,338,338,100,4,2,0,999,999,18,0,25,0,0,0,0,0,0,0,0,0,0,100,2688,2816,100,0,0,0,0,0,0,0,0,0,0,0,0,0,0,0,0,0,0,0,0,160
281110,3100,503,84,46,9999,0,0,681,0,0,0,4148,2824,0,0,62,0,8,7,1920,599,2000,1,0,4,66,72,48921,13470,267,652,128,64,410,0,19,6,73,4,4,0,10,0,0,0,0,0,2688,2816,2688,2816,4128,2208,9330,1577,0,0,0,0,100,68,43,35,36,62,65,68,0,0,75,0,0,0,0,0,0,13722,1029,329,0,329,0,338,338,100,2,1,0,999,999,18,0,25,0,0,0,0,0,0,0,0,0,0,100,2688,2816,100,0,0,0,0,0,0,0,0,0,0,0,0,0,0,0,0,0,0,0,0,160
282111,3100,503,84,46,9999,0,0,360,0,0,0,4148,1493,0,0,62,0,8,7,1920,599,2000,1,0,4,69,72,46568,13435,239,648,165,63,351,0,18,11,72,4,4,0,10,0,0,0,0,0,2688,2816,2688,2816,4128,2208,8997,1618,0,0,0,0,100,67,37,37,39,62,67,63,0,0,76,0,0,0,0,0,0,13722,1029,329,0,329,0,338,338,100,3,1,0,999,999,18,0,25,0,0,0,0,0,0,0,0,0,0,100,2688,2816,100,0,0,0,0,0,0,0,0,0,0,0,0,0,0,0,0,0,0,0,0,160
283110,3100,503,84,46,9999,0,0,535,0,0,0,4148,2219,0,0,62,0,8,7,1920,599,2000,1,0,4,67,72,46969,13386,290,580,117,64,338,0,36,4,73,4,4,0,10,0,0,0,0,0,2688,2816,2688,2816,4128,2208,9244,1714,0,0,0,0,100,70,44,43,48,70,70,65,0,0,73,0,0,0,0,0,0,13722,1029,329,0,329,0,338,338,100,1,1,0,999,999,18,0,25,0,0,0,0,0,0,0,0,0,0,100,2688,2816,100,0,0,0,0,0,0,0,0,0,0,0,0,0,0,0,0,0,0,0,0,160
284112,3100,503,84,46,9999,0,0,745,0,0,0,4148,3090,0,0,62,0,8,7,1920,599,2000,1,0,4,70,72,52851,13585,317,596,116,64,314,0,38,4,73,4,4,0,10,0,0,0,0,0,2688,2816,2688,2816,4128,2208,8856,1706,0,0,0,0,100,67,42,39,42,63,67,67,0,0,70,0,0,0,0,0,0,13722,1029,329,0,329,0,338,338,100,1,1,0,999,999,18,0,25,0,0,0,0,0,0,0,0,0,0,100,2688,2816,100,0,0,0,0,0,0,0,0,0,0,0,0,0,0,0,0,0,0,0,0,160
285110,3100,503,84,46,9999,0,0,845,0,0,0,4148,3505,0,0,62,0,8,7,1920,599,2000,1,0,4,69,72,51050,13552,276,607,104,64,324,0,37,8,72,4,4,0,10,0,0,0,0,0,2688,2816,2688,2816,4128,2208,8228,1722,0,0,0,0,100,69,43,38,40,69,64,68,0,0,71,0,0,0,0,0,0,13722,1029,329,0,329,0,338,338,100,3,1,0,999,999,18,0,25,0,0,0,0,0,0,0,0,0,0,100,2688,2816,100,0,0,0,0,0,0,0,0,0,0,0,0,0,0,0,0,0,0,0,0,160
286110,3100,503,84,46,9999,0,0,720,0,0,0,4148,2986,0,0,62,0,8,7,1920,599,2000,1,0,4,71,72,51783,13481,295,584,125,64,354,0,58,3,72,4,4,0,10,0,0,0,0,0,2688,2816,2688,2816,4128,2208,7806,1700,0,0,0,0,100,75,44,42,50,66,75,69,0,0,72,0,0,0,0,0,0,13722,1029,329,0,329,0,338,338,100,2,1,0,999,999,18,0,25,0,0,0,0,0,0,0,0,0,0,100,2688,2816,100,0,0,0,0,0,0,0,0,0,0,0,0,0,0,0,0,0,0,0,0,160
287110,3100,503,84,46,9999,0,0,715,0,0,0,4148,2965,0,0,62,0,8,7,1920,599,2000,1,0,4,73,72,57954,13648,376,629,94,66,361,0,71,0,72,4,4,0,10,0,0,0,0,0,2688,2816,2688,2816,4128,2208,8345,1680,0,0,0,0,100,67,42,39,42,66,62,67,0,0,70,0,0,0,0,0,0,13722,1029,329,0,329,0,338,338,100,0,0,0,999,999,18,0,25,0,0,0,0,0,0,0,0,0,0,100,2688,2816,100,0,0,0,0,0,0,0,0,0,0,0,0,0,0,0,0,0,0,0,0,160
288110,3100,503,84,46,9999,0,0,405,0,0,0,4148,1679,0,0,62,0,8,7,1920,599,2000,1,0,4,71,72,52682,13702,289,617,113,65,347,0,31,5,72,4,4,0,10,0,0,0,0,0,2688,2816,2688,2816,4128,2208,7754,1791,0,0,0,0,100,70,46,39,42,64,68,70,0,0,68,0,0,0,0,0,0,13722,1029,329,0,329,0,338,338,100,2,1,0,999,999,18,0,25,0,0,0,0,0,0,0,0,0,0,100,2688,2816,100,0,0,0,0,0,0,0,0,0,0,0,0,0,0,0,0,0,0,0,0,160
289112,3100,503,84,46,9999,0,0,832,0,0,0,4148,3451,0,0,62,0,8,7,1920,599,2000,1,0,4,69,72,52644,13577,303,587,110,64,353,0,47,6,73,4,4,0,10,0,0,0,0,0,2688,2816,2688,2816,4128,2208,7324,1744,0,0,0,0,100,73,48,40,50,65,73,68,0,0,67,0,0,0,0,0,0,13722,1029,329,0,329,0,338,338,100,2,1,0,999,999,18,0,25,0,0,0,0,0,0,0,0,0,0,100,2688,2816,100,0,0,0,0,0,0,0,0,0,0,0,0,0,0,0,0,0,0,0,0,160
290112,3100,503,84,46,9999,0,0,407,0,0,0,4148,1688,0,0,62,0,8,7,1920,599,2000,1,0,4,66,72,55776,13584,344,617,117,64,365,0,45,3,72,4,4,0,10,0,0,0,0,0,2688,2816,2688,2816,4128,2208,7500,1715,0,0,0,0,100,75,42,43,43,64,75,73,0,0,68,0,0,0,0,0,0,13722,1029,329,0,329,0,338,338,100,2,1,0,999,999,18,0,25,0,0,0,0,0,0,0,0,0,0,100,2688,2816,100,0,0,0,0,0,0,0,0,0,0,0,0,0,0,0,0,0,0,0,0,160
291113,3100,503,84,46,9999,0,0,648,0,0,0,4129,2675,0,0,62,0,8,7,1920,599,2000,1,0,4,73,72,54031,13558,369,616,100,64,336,0,46,2,73,4,4,0,10,0,0,0,0,0,2688,2816,2688,2816,4128,2208,7822,1749,0,0,0,0,100,70,41,39,41,63,68,70,0,0,68,0,0,0,0,0,0,13722,1029,329,0,329,0,338,338,100,1,1,0,999,999,18,0,25,0,0,0,0,0,0,0,0,0,0,100,2688,2816,100,0,0,0,0,0,0,0,0,0,0,0,0,0,0,0,0,0,0,0,0,160
292114,3100,503,84,46,9999,0,0,690,0,0,0,4129,2849,0,0,62,0,8,7,1920,599,2000,1,0,4,72,72,54877,13704,334,622,164,65,338,0,50,3,73,4,4,0,10,0,0,0,0,0,2688,2816,2688,2816,4128,2208,7855,1694,0,0,0,0,100,73,47,44,49,70,73,69,0,0,69,0,0,0,0,0,0,13722,1029,329,0,329,0,338,338,100,2,1,0,999,999,18,0,25,0,0,0,0,0,0,0,0,0,0,100,2688,2816,100,0,0,0,0,0,0,0,0,0,0,0,0,0,0,0,0,0,0,0,0,160
293112,3100,503,84,46,9999,0,0,773,0,0,0,4129,3191,0,0,62,0,8,7,1920,599,2000,1,0,4,68,72,51469,13815,318,783,134,64,335,0,24,6,73,4,4,0,10,0,0,0,0,0,2688,2816,2688,2816,4128,2208,8675,1849,0,0,0,0,100,77,51,47,50,63,66,77,0,0,69,0,0,0,0,0,0,13722,1029,329,0,329,0,338,338,100,2,1,0,999,999,18,0,25,0,0,0,0,0,0,0,0,0,0,100,2688,2816,100,0,0,0,0,0,0,0,0,0,0,0,0,0,0,0,0,0,0,0,0,160
294112,3100,503,84,46,9999,0,0,751,0,0,0,4129,3100,0,0,62,0,8,7,1920,599,2000,1,0,4,69,72,48115,13776,334,800,131,64,330,0,31,8,73,4,4,0,10,0,0,0,0,0,2688,2816,2688,2816,4128,2208,8549,1723,0,0,0,0,100,75,49,47,45,63,75,66,0,0,69,0,0,0,0,0,0,13722,1029,329,0,329,0,338,338,100,2,1,0,999,999,18,0,25,0,0,0,0,0,0,0,0,0,0,100,2688,2816,100,0,0,0,0,0,0,0,0,0,0,0,0,0,0,0,0,0,0,0,0,160
295112,3100,503,84,46,9999,0,0,450,0,0,0,4129,1858,0,0,62,0,8,7,1920,599,2000,1,0,4,69,72,53421,13692,336,755,132,64,373,0,38,5,72,4,4,0,10,0,0,0,0,0,2688,2816,2688,2816,4128,2208,7877,1584,0,0,0,0,100,69,46,42,46,69,69,69,0,0,68,0,0,0,0,0,0,13722,1029,329,0,329,0,338,338,100,1,1,0,999,999,18,0,25,0,0,0,0,0,0,0,0,0,0,100,2688,2816,100,0,0,0,0,0,0,0,0,0,0,0,0,0,0,0,0,0,0,0,0,160
296112,3100,503,84,46,9999,0,0,604,0,0,0,4129,2493,0,0,62,0,8,7,1920,599,2000,1,0,4,68,72,50524,13667,340,741,120,64,358,0,46,3,72,4,4,0,10,0,0,0,0,0,2688,2816,2688,2816,4128,2208,7682,1585,0,0,0,0,100,69,46,41,46,69,65,68,0,0,68,0,0,0,0,0,0,13722,1029,329,0,329,0,338,338,100,1,1,0,999,999,18,0,25,0,0,0,0,0,0,0,0,0,0,100,2688,2816,100,0,0,0,0,0,0,0,0,0,0,0,0,0,0,0,0,0,0,0,0,160
297114,3100,503,84,46,9999,0,0,574,0,0,0,4129,2370,0,0,62,0,8,7,1920,599,2000,1,0,4,73,72,52608,13565,323,630,105,63,356,0,52,0,73,4,4,0,10,0,0,0,0,0,2688,2816,2688,2816,4128,2208,8227,1589,0,0,0,0,100,75,43,41,44,62,68,75,0,0,69,0,0,0,0,0,0,13722,1029,329,0,329,0,338,338,100,0,0,0,999,999,18,0,25,0,0,0,0,0,0,0,0,0,0,100,2688,2816,100,0,0,0,0,0,0,0,0,0,0,0,0,0,0,0,0,0,0,0,0,160
298117,3100,503,84,46,9999,0,0,677,0,0,0,4129,2795,0,0,62,0,8,7,1920,599,2000,1,0,4,67,72,53062,13500,337,560,108,66,386,0,40,12,73,4,4,0,10,0,0,0,0,0,2688,2816,2688,2816,4128,2208,8157,1790,0,0,0,0,100,77,50,45,50,77,75,74,0,0,69,0,0,0,0,0,0,13722,1029,329,0,329,0,338,338,100,2,1,0,999,999,18,0,25,0,0,0,0,0,0,0,0,0,0,100,2688,2816,100,0,0,0,0,0,0,0,0,0,0,0,0,0,0,0,0,0,0,0,0,160
299162,3104,505,84,46,9999,0,0,692,0,0,0,4129,2857,0,0,62,0,8,7,1920,599,2000,1,0,4,67,72,53352,13571,336,593,99,64,367,0,31,10,72,4,4,0,10,0,0,0,0,0,2688,2816,2688,2816,4128,2208,6915,1722,0,0,0,0,100,82,45,42,39,80,82,81,0,0,64,0,0,0,0,0,0,13722,1027,331,0,331,0,340,340,100,2,1,0,999,999,18,0,25,0,0,0,0,0,0,0,0,0,0,100,2688,2816,100,0,0,0,0,0,0,0,0,0,0,0,0,0,0,0,0,0,0,0,0,160
300114,3104,505,84,46,9999,0,0,544,0,0,0,4129,2246,0,0,62,0,8,7,1920,599,2000,1,0,4,62,72,52736,13623,314,596,97,64,336,0,33,12,72,4,4,0,10,0,0,0,0,0,2688,2816,2688,2816,4128,2208,7409,1734,0,0,0,0,100,88,37,28,36,86,85,88,0,0,60,0,0,0,0,0,0,13722,1027,331,0,331,0,340,340,100,2,1,0,999,999,18,0,25,0,0,0,0,0,0,0,0,0,0,100,2688,2816,100,0,0,0,0,0,0,0,0,0,0,0,0,0,0,0,0,0,0,0,0,160
301114,3104,505,84,46,9999,0,0,466,0,0,0,4156,1936,0,0,62,0,8,7,1920,599,2000,1,0,4,62,72,48335,13643,317,622,120,64,374,0,23,22,73,4,4,0,10,0,0,0,0,0,2688,2816,2688,2816,4128,2208,6661,1762,0,0,0,0,100,88,47,45,47,88,88,88,0,0,57,0,0,0,0,0,0,13722,1027,331,0,331,0,340,340,100,3,1,0,999,999,18,0,25,0,0,0,0,0,0,0,0,0,0,100,2688,2816,100,0,0,0,0,0,0,0,0,0,0,0,0,0,0,0,0,0,0,0,0,160
302114,3104,505,84,46,9999,0,0,564,0,0,0,4156,2343,0,0,62,0,8,7,1920,599,2000,1,0,4,61,72,50950,13573,357,635,118,64,333,0,23,17,72,4,4,0,10,0,0,0,0,0,2688,2816,2688,2816,4128,2208,7946,1754,0,0,0,0,100,86,42,35,40,86,84,84,0,0,57,0,0,0,0,0,0,13722,1027,331,0,331,0,340,340,100,3,2,0,999,999,18,0,25,0,0,0,0,0,0,0,0,0,0,100,2688,2816,100,0,0,0,0,0,0,0,0,0,0,0,0,0,0,0,0,0,0,0,0,160
303115,3104,505,83,47,9999,0,0,748,0,0,0,4154,3107,0,0,62,0,8,7,1920,599,2000,1,0,4,61,72,54565,13562,298,642,123,65,358,0,35,12,73,4,4,0,10,0,0,0,0,0,2688,2816,2688,2816,4128,2208,8448,1676,0,0,0,0,100,88,36,32,35,88,86,87,0,0,64,0,0,0,0,0,0,13722,1027,331,0,331,0,340,340,100,2,1,0,999,999,18,0,25,0,0,0,0,0,0,0,0,0,0,100,2688,2816,100,0,0,0,0,0,0,0,0,0,0,0,0,0,0,0,0,0,0,0,0,160
304116,3104,505,83,47,9999,0,0,388,0,0,0,4154,1611,0,0,62,0,8,7,1920,599,2000,1,0,4,63,72,52153,13574,304,647,134,65,374,0,13,25,72,4,4,0,10,0,0,0,0,0,2688,2816,2688,2816,4128,2208,8983,1510,0,0,0,0,100,90,62,62,64,90,90,90,0,0,58,0,0,0,0,0,0,13722,1027,331,0,331,0,340,340,100,7,2,0,999,999,18,0,25,0,0,0,0,0,0,0,0,0,0,100,2688,2816,100,0,0,0,0,0,0,0,0,0,0,0,0,0,0,0,0,0,0,0,0,160
305120,3104,505,83,47,9999,0,0,396,0,0,0,4154,1644,0,0,62,0,8,7,1920,599,2000,1,0,4,49,72,54617,13583,309,714,110,64,400,0,21,24,72,4,4,0,10,0,0,0,0,0,2688,2816,2688,2816,4128,2208,8817,1498,0,0,0,0,100,85,48,43,42,83,85,84,0,0,54,0,0,0,0,0,0,13722,1027,331,0,331,0,340,340,100,3,2,0,999,999,18,0,25,0,0,0,0,0,0,0,0,0,0,100,2688,2816,100,0,0,0,0,0,0,0,0,0,0,0,0,0,0,0,0,0,0,0,0,160
306117,3104,505,83,47,9999,0,0,707,0,0,0,4154,2936,0,0,62,0,8,7,1920,599,2000,1,0,4,51,72,53388,13460,340,659,102,63,332,0,18,25,72,4,4,0,10,0,0,0,0,0,2688,2816,2688,2816,4128,2208,7810,1429,0,0,0,0,100,88,44,40,42,87,86,88,0,0,58,0,0,0,0,0,0,13722,1027,331,0,331,0,340,340,100,7,2,0,999,999,18,0,25,0,0,0,0,0,0,0,0,0,0,100,2688,2816,100,0,0,0,0,0,0,0,0,0,0,0,0,0,0,0,0,0,0,0,0,160
307123,3104,505,83,47,9999,0,0,714,0,0,0,4154,2965,0,0,62,0,8,7,1920,599,2000,1,0,4,61,72,51978,13499,389,655,142,64,394,0,25,20,73,4,4,0,10,0,0,0,0,0,2688,2816,2688,2816,4128,2208,8429,1371,0,0,0,0,100,87,55,54,55,85,87,85,0,0,59,0,0,0,0,0,0,13722,1027,331,0,331,0,340,340,100,6,1,0,999,999,18,0,25,0,0,0,0,0,0,0,0,0,0,100,2688,2816,100,0,0,0,0,0,0,0,0,0,0,0,0,0,0,0,0,0,0,0,0,160
308126,3104,505,83,47,9999,0,0,467,0,0,0,4154,1939,0,0,62,0,8,7,1920,599,2000,1,0,4,57,72,50720,13510,331,614,121,64,350,0,24,19,72,4,4,0,10,0,0,0,0,0,2688,2816,2688,2816,4128,2208,6001,1739,0,0,0,0,100,87,45,43,44,87,86,85,0,0,59,0,0,0,0,0,0,13722,1027,331,0,331,0,340,340,100,5,2,0,999,999,18,0,25,0,0,0,0,0,0,0,0,0,0,100,2688,2816,100,0,0,0,0,0,0,0,0,0,0,0,0,0,0,0,0,0,0,0,0,160
309122,3104,505,83,47,9999,0,0,655,0,0,0,4154,2720,0,0,62,0,8,7,1920,599,2000,1,0,4,61,72,50321,13601,321,699,141,63,493,0,33,18,73,4,4,0,10,0,0,0,0,0,2688,2816,2688,2816,4128,2208,5779,1750,0,0,0,0,100,85,38,30,38,81,85,85,0,0,51,0,0,0,0,0,0,13722,1027,331,0,331,0,340,340,100,8,1,0,999,999,18,0,25,0,0,0,0,0,0,0,0,0,0,100,2688,2816,100,0,0,0,0,0,0,0,0,0,0,0,0,0,0,0,0,0,0,0,0,160
310121,3104,505,83,47,9999,0,0,380,0,0,0,4154,1578,0,0,62,0,8,7,1920,599,2000,1,0,4,57,72,51369,13526,326,661,131,64,447,0,21,20,72,4,4,0,10,0,0,0,0,0,2688,2816,2688,2816,4128,2208,8118,1520,0,0,0,0,100,86,48,46,47,86,86,86,0,0,55,0,0,0,0,0,0,13722,1027,331,0,331,0,340,340,100,5,2,0,999,999,18,0,25,0,0,0,0,0,0,0,0,0,0,100,2688,2816,100,0,0,0,0,0,0,0,0,0,0,0,0,0,0,0,0,0,0,0,0,160
311124,3104,505,83,47,9999,0,0,525,0,0,0,4153,2180,0,0,62,0,8,7,1920,599,2000,1,0,4,59,72,51934,13595,345,703,119,64,327,0,26,20,73,4,4,0,10,0,0,0,0,0,2688,2816,2688,2816,4128,2208,7858,1524,0,0,0,0,100,86,43,36,41,85,86,84,0,0,56,0,0,0,0,0,0,13722,1027,331,0,331,0,340,340,100,4,1,0,999,999,18,0,25,0,0,0,0,0,0,0,0,0,0,100,2688,2816,100,0,0,0,0,0,0,0,0,0,0,0,0,0,0,0,0,0,0,0,0,160
312123,3104,505,83,46,9999,0,0,819,0,0,0,4153,3401,0,0,62,0,8,7,1920,599,2000,1,0,4,60,72,51104,13587,333,682,112,63,361,0,17,18,72,4,4,0,10,0,0,0,0,0,2688,2816,2688,2816,4128,2208,7252,1470,0,0,0,0,100,87,41,36,38,82,87,85,0,0,58,0,0,0,0,0,0,13722,1027,331,0,331,0,340,340,100,4,1,0,999,999,18,0,25,0,0,0,0,0,0,0,0,0,0,100,2688,2816,100,0,0,0,0,0,0,0,0,0,0,0,0,0,0,0,0,0,0,0,0,160
313123,3104,505,83,46,9999,0,0,464,0,0,0,4153,1926,0,0,62,0,8,7,1920,599,2000,1,0,4,64,72,51390,13524,312,637,123,64,334,0,36,5,73,4,4,0,10,0,0,0,0,0,2688,2816,2688,2816,4128,2208,7953,1540,0,0,0,0,100,82,45,43,46,80,80,82,0,0,63,0,0,0,0,0,0,13722,1027,331,0,331,0,340,340,100,1,1,0,999,999,18,0,25,0,0,0,0,0,0,0,0,0,0,100,2688,2816,100,0,0,0,0,0,0,0,0,0,0,0,0,0,0,0,0,0,0,0,0,160
314129,3104,505,83,46,9999,0,0,767,0,0,0,4153,3185,0,0,62,0,8,7,1920,599,2000,1,0,4,64,72,53002,13461,301,581,113,65,398,0,28,12,73,4,4,0,10,0,0,0,0,0,2688,2816,2688,2816,4128,2208,7929,1802,0,0,0,0,100,84,49,44,47,84,82,80,0,0,64,0,0,0,0,0,0,13722,1027,331,0,331,0,340,340,100,3,1,0,999,999,18,0,25,0,0,0,0,0,0,0,0,0,0,100,2688,2816,100,0,0,0,0,0,0,0,0,0,0,0,0,0,0,0,0,0,0,0,0,160
315123,3104,505,83,46,9999,0,0,639,0,0,0,4153,2653,0,0,62,0,8,7,1920,599,2000,1,0,4,64,72,51136,13588,326,628,142,65,368,0,33,12,73,4,4,0,10,0,0,0,0,0,2688,2816,2688,2816,4128,2208,7502,1600,0,0,0,0,100,79,50,48,49,77,78,79,0,0,65,0,0,0,0,0,0,13722,1027,331,0,331,0,340,340,100,2,1,0,999,999,18,0,25,0,0,0,0,0,0,0,0,0,0,100,2688,2816,100,0,0,0,0,0,0,0,0,0,0,0,0,0,0,0,0,0,0,0,0,160
316123,3104,505,83,46,9999,0,0,606,0,0,0,4153,2516,0,0,62,0,8,7,1920,599,2000,1,0,4,67,72,53863,13665,347,695,133,64,425,0,37,6,72,4,4,0,10,0,0,0,0,0,2688,2816,2688,2816,4128,2208,8195,1688,0,0,0,0,100,78,50,46,53,78,75,76,0,0,66,0,0,0,0,0,0,13722,1027,331,0,331,0,340,340,100,4,1,0,999,999,18,0,25,0,0,0,0,0,0,0,0,0,0,100,2688,2816,100,0,0,0,0,0,0,0,0,0,0,0,0,0,0,0,0,0,0,0,0,160
317124,3104,505,83,46,9999,0,0,789,0,0,0,4153,3276,0,0,62,0,8,7,1920,599,2000,1,0,4,70,72,52656,13612,310,646,115,63,345,0,48,11,73,4,4,0,10,0,0,0,0,0,2688,2816,2688,2816,4128,2208,7755,1574,0,0,0,0,100,75,41,41,42,73,73,75,0,0,65,0,0,0,0,0,0,13722,1027,331,0,331,0,340,340,100,5,1,0,999,999,18,0,25,0,0,0,0,0,0,0,0,0,0,100,2688,2816,100,0,0,0,0,0,0,0,0,0,0,0,0,0,0,0,0,0,0,0,0,160
318125,3104,505,83,46,9999,0,0,611,0,0,0,4153,2537,0,0,62,0,8,7,1920,599,2000,1,0,4,69,72,57033,13532,334,619,94,65,351,0,57,0,72,4,4,0,10,0,0,0,0,0,2688,2816,2688,2816,4128,2208,9812,1620,0,0,0,0,100,76,41,33,37,76,71,75,0,0,71,0,0,0,0,0,0,13722,1027,331,0,331,0,340,340,100,0,0,0,999,999,18,0,25,0,0,0,0,0,0,0,0,0,0,100,2688,2816,100,0,0,0,0,0,0,0,0,0,0,0,0,0,0,0,0,0,0,0,0,160
319162,3054,504,83,46,9999,0,0,635,0,0,0,4153,2637,0,0,62,0,8,7,1920,599,2000,1,0,4,70,72,51132,13456,322,607,102,64,327,0,30,8,73,4,4,0,10,0,0,0,0,0,2688,2816,2688,2816,4128,2208,8618,1524,0,0,0,0,100,81,46,41,48,78,78,81,0,0,71,0,0,0,0,0,0,13723,1033,331,0,331,0,340,340,100,3,1,0,999,999,18,0,25,0,0,0,0,0,0,0,0,0,0,100,2688,2816,100,0,0,0,0,0,0,0,0,0,0,0,0,0,0,0,0,0,0,0,0,160
320126,3054,504,83,46,9999,0,0,545,0,0,0,4153,2263,0,0,62,0,8,7,1920,599,2000,1,0,4,67,72,51401,13475,328,655,95,64,346,0,33,10,73,4,4,0,10,0,0,0,0,0,2688,2816,2688,2816,4128,2208,8765,1319,0,0,0,0,100,74,39,38,39,74,73,73,0,0,69,0,0,0,0,0,0,13723,1033,331,0,331,0,340,340,100,2,1,0,999,999,18,0,25,0,0,0,0,0,0,0,0,0,0,100,2688,2816,100,0,0,0,0,0,0,0,0,0,0,0,0,0,0,0,0,0,0,0,0,160
321126,3054,504,83,46,9999,0,0,782,0,0,0,4142,3239,0,0,62,0,8,7,1920,599,2000,1,0,4,70,72,56652,13408,280,639,110,65,351,0,63,0,72,4,4,0,10,0,0,0,0,0,2688,2816,2688,2816,4128,2208,8439,1305,0,0,0,0,100,74,39,34,32,72,74,74,0,0,68,0,0,0,0,0,0,13723,1033,331,0,331,0,340,340,100,0,0,0,999,999,18,0,25,0,0,0,0,0,0,0,0,0,0,100,2688,2816,100,0,0,0,0,0,0,0,0,0,0,0,0,0,0,0,0,0,0,0,0,160
322126,3054,504,83,46,9999,0,0,740,0,0,0,4142,3065,0,0,62,0,8,7,1920,599,2000,1,0,4,67,72,51200,13316,263,566,102,64,333,0,23,14,72,4,4,0,10,0,0,0,0,0,2688,2816,2688,2816,4128,2208,8733,1291,0,0,0,0,100,77,44,42,44,75,77,77,0,0,69,0,0,0,0,0,0,13723,1033,331,0,331,0,340,340,100,4,1,0,999,999,18,0,25,0,0,0,0,0,0,0,0,0,0,100,2688,2816,100,0,0,0,0,0,0,0,0,0,0,0,0,0,0,0,0,0,0,0,0,160
323131,3054,504,83,46,9999,0,0,551,0,0,0,4142,2282,0,0,62,0,8,7,1920,599,2000,1,0,4,61,72,54778,13304,327,548,113,64,358,0,43,13,73,4,4,0,10,0,0,0,0,0,2688,2816,2688,2816,4128,2208,7831,1560,0,0,0,0,100,75,40,34,34,72,75,75,0,0,68,0,0,0,0,0,0,13723,1033,331,0,331,0,340,340,100,5,1,0,999,999,18,0,25,0,0,0,0,0,0,0,0,0,0,100,2688,2816,100,0,0,0,0,0,0,0,0,0,0,0,0,0,0,0,0,0,0,0,0,160
324129,3054,504,83,46,9999,0,0,649,0,0,0,4142,2688,0,0,62,0,8,7,1920,599,2000,1,0,4,71,72,52853,13529,335,580,111,64,352,0,42,2,73,4,4,0,10,0,0,0,0,0,2688,2816,2688,2816,4128,2208,8255,1568,0,0,0,0,100,75,42,35,35,75,75,75,0,0,69,0,0,0,0,0,0,13723,1033,331,0,331,0,340,340,100,1,1,0,999,999,18,0,25,0,0,0,0,0,0,0,0,0,0,100,2688,2816,100,0,0,0,0,0,0,0,0,0,0,0,0,0,0,0,0,0,0,0,0,160
325134,3054,504,83,46,9999,0,0,641,0,0,0,4142,2655,0,0,62,0,8,7,1920,599,2000,1,0,4,68,72,54435,13479,304,616,114,64,384,0,46,7,73,4,4,0,10,0,0,0,0,0,2688,2816,2688,2816,4128,2208,8357,1401,0,0,0,0,100,77,45,38,46,75,74,77,0,0,67,0,0,0,0,0,0,13723,1033,331,0,331,0,340,340,100,3,2,0,999,999,18,0,25,0,0,0,0,0,0,0,0,0,0,100,2688,2816,100,0,0,0,0,0,0,0,0,0,0,0,0,0,0,0,0,0,0,0,0,160
326130,3054,504,83,46,9999,0,0,518,0,0,0,4142,2145,0,0,62,0,8,7,1920,599,2000,1,0,4,65,72,54605,13431,251,653,116,63,348,0,38,11,72,4,4,0,10,0,0,0,0,0,2688,2816,2688,2816,4128,2208,7652,1424,0,0,0,0,100,74,42,42,44,73,74,73,0,0,66,0,0,0,0,0,0,13723,1033,331,0,331,0,340,340,100,3,2,0,999,999,18,0,25,0,0,0,0,0,0,0,0,0,0,100,2688,2816,100,0,0,0,0,0,0,0,0,0,0,0,0,0,0,0,0,0,0,0,0,160
327135,3054,504,83,46,9999,0,0,735,0,0,0,4142,3044,0,0,62,0,8,7,1920,599,2000,1,0,4,65,72,52772,13379,318,621,146,64,371,0,37,9,73,4,4,0,10,0,0,0,0,0,2688,2816,2688,2816,4128,2208,7498,1445,0,0,0,0,100,77,45,37,41,71,76,77,0,0,64,0,0,0,0,0,0,13723,1033,331,0,331,0,340,340,100,2,1,0,999,999,18,0,25,0,0,0,0,0,0,0,0,0,0,100,2688,2816,100,0,0,0,0,0,0,0,0,0,0,0,0,0,0,0,0,0,0,0,0,160
328131,3054,504,83,46,9999,0,0,760,0,0,0,4142,3147,0,0,62,0,8,7,1920,599,2000,1,0,4,67,72,51721,13364,299,644,117,64,390,0,29,14,72,4,4,0,10,0,0,0,0,0,2688,2816,2688,2816,4128,2208,8178,1465,0,0,0,0,100,80,47,47,47,75,80,75,0,0,65,0,0,0,0,0,0,13723,1033,331,0,331,0,340,340,100,2,1,0,999,999,18,0,25,0,0,0,0,0,0,0,0,0,0,100,2688,2816,100,0,0,0,0,0,0,0,0,0,0,0,0,0,0,0,0,0,0,0,0,160
329133,3054,504,83,46,9999,0,0,699,0,0,0,4142,2895,0,0,62,0,8,7,1920,599,2000,1,0,4,65,72,53941,13443,289,565,96,64,381,0,26,9,72,4,4,0,10,0,0,0,0,0,2688,2816,2688,2816,4128,2208,8287,1538,0,0,0,0,100,82,37,38,40,73,82,75,0,0,68,0,0,0,0,0,0,13723,1033,331,0,331,0,340,340,100,2,1,0,999,999,18,0,25,0,0,0,0,0,0,0,0,0,0,100,2688,2816,100,0,0,0,0,0,0,0,0,0,0,0,0,0,0,0,0,0,0,0,0,160
330137,3054,504,83,46,9999,0,0,435,0,0,0,4142,1801,0,0,62,0,8,7,1920,599,2000,1,0,4,71,72,54892,13366,272,578,95,64,337,0,57,4,72,4,4,0,10,0,0,0,0,0,2688,2816,2688,2816,4128,2208,8337,1421,0,0,0,0,100,78,41,31,37,73,78,73,0,0,68,0,0,0,0,0,0,13723,1033,331,0,331,0,340,340,100,2,1,0,999,999,18,0,25,0,0,0,0,0,0,0,0,0,0,100,2688,2816,100,0,0,0,0,0,0,0,0,0,0,0,0,0,0,0,0,0,0,0,0,160
331136,3054,504,83,46,9999,0,0,550,0,0,0,4156,2285,0,0,62,0,8,7,1920,599,2000,1,0,4,64,72,54336,13395,337,624,118,64,356,0,33,9,73,4,4,0,10,0,0,0,0,0,2688,2816,2688,2816,4128,2208,8409,1372,0,0,0,0,100,78,47,43,49,78,77,73,0,0,66,0,0,0,0,0,0,13723,1033,331,0,331,0,340,340,100,2,1,0,999,999,18,0,25,0,0,0,0,0,0,0,0,0,0,100,2688,2816,100,0,0,0,0,0,0,0,0,0,0,0,0,0,0,0,0,0,0,0,0,160
332136,3054,504,83,47,9999,0,0,567,0,0,0,4156,2356,0,0,62,0,8,7,1920,599,2000,1,0,4,65,72,52071,13395,337,624,118,64,356,0,33,9,73,4,4,0,10,0,0,0,0,0,2688,2816,2688,2816,4128,2208,7994,1281,0,0,0,0,100,80,38,33,38,80,75,76,0,0,66,0,0,0,0,0,0,13723,1033,331,0,331,0,340,340,100,2,1,0,999,999,18,0,25,0,0,0,0,0,0,0,0,0,0,100,2688,2816,100,0,0,0,0,0,0,0,0,0,0,0,0,0,0,0,0,0,0,0,0,160
333139,3054,504,83,47,9999,0,0,702,0,0,0,4156,2917,0,0,62,0,8,7,1920,599,2000,1,0,4,67,72,50997,13499,337,709,112,64,351,0,39,9,73,4,4,0,10,0,0,0,0,0,2688,2816,2688,2816,4128,2208,7534,1335,0,0,0,0,100,79,38,36,34,71,79,76,0,0,68,0,0,0,0,0,0,13723,1033,331,0,331,0,340,340,100,2,1,0,999,999,18,0,25,0,0,0,0,0,0,0,0,0,0,100,2688,2816,100,0,0,0,0,0,0,0,0,0,0,0,0,0,0,0,0,0,0,0,0,160
334135,3054,504,83,47,9999,0,0,625,0,0,0,4156,2597,0,0,62,0,8,7,1920,599,2000,1,0,4,69,72,50248,13499,318,618,97,64,340,0,18,8,72,4,4,0,10,0,0,0,0,0,2688,2816,2688,2816,4128,2208,8096,1375,0,0,0,0,100,78,44,39,45,78,72,78,0,0,68,0,0,0,0,0,0,13723,1033,331,0,331,0,340,340,100,2,1,0,999,999,18,0,25,0,0,0,0,0,0,0,0,0,0,100,2688,2816,100,0,0,0,0,0,0,0,0,0,0,0,0,0,0,0,0,0,0,0,0,160
335135,3054,504,83,47,9999,0,0,812,0,0,0,4156,3374,0,0,62,0,8,7,1920,599,2000,1,0,4,69,72,52919,13398,314,596,105,65,374,0,44,6,72,4,4,0,10,0,0,0,0,0,2688,2816,2688,2816,4128,2208,8240,1379,0,0,0,0,100,74,43,37,39,73,74,74,0,0,68,0,0,0,0,0,0,13723,1033,331,0,331,0,340,340,100,3,1,0,999,999,18,0,25,0,0,0,0,0,0,0,0,0,0,100,2688,2816,100,0,0,0,0,0,0,0,0,0,0,0,0,0,0,0,0,0,0,0,0,160
336135,3054,504,83,47,9999,0,0,625,0,0,0,4156,2597,0,0,62,0,8,7,1920,599,2000,1,0,4,68,72,54681,13345,338,568,106,65,415,0,45,5,73,4,4,0,10,0,0,0,0,0,2688,2816,2688,2816,4128,2208,8275,1367,0,0,0,0,100,75,47,45,47,71,74,75,0,0,66,0,0,0,0,0,0,13723,1033,331,0,331,0,340,340,100,2,1,0,999,999,18,0,25,0,0,0,0,0,0,0,0,0,0,100,2688,2816,100,0,0,0,0,0,0,0,0,0,0,0,0,0,0,0,0,0,0,0,0,160
337135,3054,504,83,47,9999,0,0,643,0,0,0,4156,2672,0,0,62,0,8,7,1920,599,2000,1,0,4,64,72,54135,13440,299,634,134,65,327,0,42,10,72,4,4,0,10,0,0,0,0,0,2688,2816,2688,2816,4128,2208,8130,1319,0,0,0,0,100,78,44,40,44,77,76,78,0,0,64,0,0,0,0,0,0,13723,1033,331,0,331,0,340,340,100,4,1,0,999,999,18,0,25,0,0,0,0,0,0,0,0,0,0,100,2688,2816,100,0,0,0,0,0,0,0,0,0,0,0,0,0,0,0,0,0,0,0,0,160
338135,3054,504,83,47,9999,0,0,776,0,0,0,4137,3210,0,0,62,0,8,7,1920,599,2000,1,0,4,69,72,55758,13493,311,666,118,63,306,0,43,10,72,4,4,0,10,0,0,0,0,0,2688,2816,2688,2816,4128,2208,7586,1360,0,0,0,0,100,77,37,35,39,72,77,76,0,0,67,0,0,0,0,0,0,13723,1033,331,0,331,0,340,340,100,2,1,0,999,999,18,0,25,0,0,0,0,0,0,0,0,0,0,100,2688,2816,100,0,0,0,0,0,0,0,0,0,0,0,0,0,0,0,0,0,0,0,0,160
339177,3083,501,83,47,9999,0,0,492,0,0,0,4137,2035,0,0,62,0,8,7,1920,599,2000,1,0,4,69,72,50885,13386,310,623,111,64,336,0,57,4,73,4,4,0,10,0,0,0,0,0,2688,2816,2688,2816,4128,2208,8222,1368,0,0,0,0,100,76,43,37,41,72,76,75,0,0,65,0,0,0,0,0,0,13738,1038,327,0,327,0,337,337,100,2,1,0,999,999,18,0,25,0,0,0,0,0,0,0,0,0,0,100,2688,2816,100,0,0,0,0,0,0,0,0,0,0,0,0,0,0,0,0,0,0,0,0,160
340136,3083,501,83,47,9999,0,0,475,0,0,0,4137,1965,0,0,62,0,8,7,1920,599,2000,1,0,4,64,72,47707,13403,313,637,123,63,394,0,30,10,73,4,4,0,10,0,0,0,0,0,2688,2816,2688,2816,4128,2208,7806,1360,0,0,0,0,100,82,45,42,47,76,79,82,0,0,64,0,0,0,0,0,0,13738,1038,327,0,327,0,337,337,100,2,1,0,999,999,18,0,25,0,0,0,0,0,0,0,0,0,0,100,2688,2816,100,0,0,0,0,0,0,0,0,0,0,0,0,0,0,0,0,0,0,0,0,160
341136,3083,501,83,47,9999,0,0,776,0,0,0,4134,3207,0,0,62,0,8,7,1920,599,2000,1,0,4,70,72,51951,13396,331,624,105,64,335,0,15,10,73,4,4,0,10,0,0,0,0,0,2688,2816,2688,2816,4128,2208,7962,1354,0,0,0,0,100,76,37,37,37,72,76,76,0,0,66,0,0,0,0,0,0,13738,1038,327,0,327,0,337,337,100,3,1,0,999,999,18,0,25,0,0,0,0,0,0,0,0,0,0,100,2688,2816,100,0,0,0,0,0,0,0,0,0,0,0,0,0,0,0,0,0,0,0,0,160
342137,3083,501,83,47,9999,0,0,750,0,0,0,4134,3100,0,0,62,0,8,7,1920,599,2000,1,0,4,71,72,52779,13400,317,595,96,64,350,0,51,7,73,4,4,0,10,0,0,0,0,0,2688,2816,2688,2816,4128,2208,7882,1277,0,0,0,0,100,75,37,34,36,67,75,74,0,0,66,0,0,0,0,0,0,13738,1038,327,0,327,0,337,337,100,2,1,0,999,999,18,0,25,0,0,0,0,0,0,0,0,0,0,100,2688,2816,100,0,0,0,0,0,0,0,0,0,0,0,0,0,0,0,0,0,0,0,0,160
343137,3083,501,83,47,9999,0,0,495,0,0,0,4134,2046,0,0,62,0,8,7,1920,599,2000,1,0,4,69,72,52179,13378,296,612,109,63,338,0,36,5,73,4,4,0,10,0,0,0,0,0,2688,2816,2688,2816,4128,2208,7797,1316,0,0,0,0,100,77,37,39,44,77,76,75,0,0,66,0,0,0,0,0,0,13738,1038,327,0,327,0,337,337,100,3,1,0,999,999,18,0,25,0,0,0,0,0,0,0,0,0,0,100,2688,2816,100,0,0,0,0,0,0,0,0,0,0,0,0,0,0,0,0,0,0,0,0,160
344137,3083,501,83,47,9999,0,0,859,0,0,0,4134,3551,0,0,62,0,8,7,1920,599,2000,1,0,4,68,72,54469,13332,324,600,104,65,392,0,50,5,73,4,4,0,10,0,0,0,0,0,2688,2816,2688,2816,4128,2208,8348,1468,0,0,0,0,100,77,37,39,44,77,76,75,0,0,67,0,0,0,0,0,0,13738,1038,327,0,327,0,337,337,100,2,1,0,999,999,18,0,25,0,0,0,0,0,0,0,0,0,0,100,2688,2816,100,0,0,0,0,0,0,0,0,0,0,0,0,0,0,0,0,0,0,0,0,160
345138,3083,501,83,47,9999,0,0,914,0,0,0,4134,3778,0,0,62,0,8,7,1920,599,2000,1,0,4,71,72,51599,13450,345,614,111,64,359,0,43,7,72,4,4,0,10,0,0,0,0,0,2688,2816,2688,2816,4128,2208,6849,1681,0,0,0,0,100,76,41,38,36,69,76,74,0,0,66,0,0,0,0,0,0,13738,1038,327,0,327,0,337,337,100,2,1,0,999,999,18,0,25,0,0,0,0,0,0,0,0,0,0,100,2688,2816,100,0,0,0,0,0,0,0,0,0,0,0,0,0,0,0,0,0,0,0,0,160
346138,3083,501,83,47,9999,0,0,559,0,0,0,4134,2310,0,0,62,0,8,7,1920,599,2000,1,0,4,71,72,56103,13444,289,555,94,64,310,0,45,2,72,4,4,0,10,0,0,0,0,0,2688,2816,2688,2816,4128,2208,6750,1664,0,0,0,0,100,73,37,32,38,72,73,72,0,0,62,0,0,0,0,0,0,13738,1038,327,0,327,0,337,337,100,1,1,0,999,999,18,0,25,0,0,0,0,0,0,0,0,0,0,100,2688,2816,100,0,0,0,0,0,0,0,0,0,0,0,0,0,0,0,0,0,0,0,0,160
347140,3083,501,83,47,9999,0,0,377,0,0,0,4134,1558,0,0,62,0,8,7,1920,599,2000,1,0,4,70,72,51722,13486,305,565,100,64,331,0,56,2,73,4,4,0,10,0,0,0,0,0,2688,2816,2688,2816,4128,2208,7403,1688,0,0,0,0,100,77,41,42,45,76,77,76,0,0,62,0,0,0,0,0,0,13738,1038,327,0,327,0,337,337,100,2,1,0,999,999,18,0,25,0,0,0,0,0,0,0,0,0,0,100,2688,2816,100,0,0,0,0,0,0,0,0,0,0,0,0,0,0,0,0,0,0,0,0,160
348142,3083,501,83,47,9999,0,0,811,0,0,0,4129,3348,0,0,62,0,8,7,1920,599,2000,1,0,4,65,72,52466,13569,562,604,110,64,312,0,28,8,72,4,4,0,10,0,0,0,0,0,2688,2816,2688,2816,4128,2208,7338,1729,0,0,0,0,100,76,39,38,41,75,76,76,0,0,63,0,0,0,0,0,0,13738,1038,327,0,327,0,337,337,100,2,1,0,999,999,18,0,25,0,0,0,0,0,0,0,0,0,0,100,2688,2816,100,0,0,0,0,0,0,0,0,0,0,0,0,0,0,0,0,0,0,0,0,160
349143,3083,501,83,47,9999,0,0,659,0,0,0,4129,2721,0,0,62,0,8,7,1920,599,2000,1,0,4,66,72,49912,13605,356,621,116,64,358,0,45,10,72,4,4,0,10,0,0,0,0,0,2688,2816,2688,2816,4128,2208,7572,1611,0,0,0,0,100,76,37,37,39,69,72,76,0,0,62,0,0,0,0,0,0,13738,1038,327,0,327,0,337,337,100,7,1,0,999,999,18,0,25,0,0,0,0,0,0,0,0,0,0,100,2688,2816,100,0,0,0,0,0,0,0,0,0,0,0,0,0,0,0,0,0,0,0,0,160
350143,3083,501,83,47,9999,0,0,846,0,0,0,4129,3493,0,0,62,0,8,7,1920,599,2000,1,0,4,73,72,52643,13616,308,666,111,64,350,0,29,12,72,4,4,0,10,0,0,0,0,0,2688,2816,2688,2816,4128,2208,6733,1617,0,0,0,0,100,78,45,40,50,78,74,75,0,0,64,0,0,0,0,0,0,13738,1038,327,0,327,0,337,337,100,6,1,0,999,999,18,0,25,0,0,0,0,0,0,0,0,0,0,100,2688,2816,100,0,0,0,0,0,0,0,0,0,0,0,0,0,0,0,0,0,0,0,0,160
351145,3083,501,83,47,9999,0,0,685,0,0,0,4139,2835,0,0,62,0,8,7,1920,599,2000,1,0,4,72,72,52628,13476,308,600,105,64,327,0,37,0,73,4,4,0,10,0,0,0,0,0,2688,2816,2688,2816,4128,2208,7728,1538,0,0,0,0,100,76,40,39,38,71,76,73,0,0,66,0,0,0,0,0,0,13738,1038,327,0,327,0,337,337,100,0,0,0,999,999,18,0,25,0,0,0,0,0,0,0,0,0,0,100,2688,2816,100,0,0,0,0,0,0,0,0,0,0,0,0,0,0,0,0,0,0,0,0,160
352145,3083,501,83,47,9999,0,0,595,0,0,0,4139,2462,0,0,62,0,8,7,1920,599,2000,1,0,4,67,72,54841,13485,327,630,106,64,349,0,56,2,73,4,4,0,10,0,0,0,0,0,2688,2816,2688,2816,4128,2208,8910,1491,0,0,0,0,100,77,37,31,36,70,74,77,0,0,67,0,0,0,0,0,0,13738,1038,327,0,327,0,337,337,100,1,1,0,999,999,18,0,25,0,0,0,0,0,0,0,0,0,0,100,2688,2816,100,0,0,0,0,0,0,0,0,0,0,0,0,0,0,0,0,0,0,0,0,160
353145,3083,501,83,47,9999,0,0,851,0,0,0,4139,3522,0,0,62,0,8,7,1920,599,2000,1,0,4,66,72,52795,13541,309,658,125,64,359,0,36,10,73,4,4,0,10,0,0,0,0,0,2688,2816,2688,2816,4128,2208,8483,1515,0,0,0,0,100,77,44,45,50,74,74,77,0,0,68,0,0,0,0,0,0,13738,1038,327,0,327,0,337,337,100,2,1,0,999,999,18,0,25,0,0,0,0,0,0,0,0,0,0,100,2688,2816,100,0,0,0,0,0,0,0,0,0,0,0,0,0,0,0,0,0,0,0,0,160
354146,3083,501,83,47,9999,0,0,631,0,0,0,4139,2611,0,0,62,0,8,7,1920,599,2000,1,0,4,71,72,52113,13476,267,632,97,64,344,0,40,5,72,4,4,0,10,0,0,0,0,0,2688,2816,2688,2816,4128,2208,8306,1635,0,0,0,0,100,75,39,34,36,75,75,74,0,0,71,0,0,0,0,0,0,13738,1038,327,0,327,0,337,337,100,2,1,0,999,999,18,0,25,0,0,0,0,0,0,0,0,0,0,100,2688,2816,100,0,0,0,0,0,0,0,0,0,0,0,0,0,0,0,0,0,0,0,0,160
355146,3083,501,83,47,9999,0,0,784,0,0,0,4139,3244,0,0,62,0,8,7,1920,599,2000,1,0,4,65,72,54148,13448,454,543,101,64,350,0,38,8,73,4,4,0,10,0,0,0,0,0,2688,2816,2688,2816,4128,2208,7857,1396,0,0,0,0,100,76,39,34,37,69,74,76,0,0,64,0,0,0,0,0,0,13738,1038,327,0,327,0,337,337,100,2,1,0,999,999,18,0,25,0,0,0,0,0,0,0,0,0,0,100,2688,2816,100,0,0,0,0,0,0,0,0,0,0,0,0,0,0,0,0,0,0,0,0,160
356152,3083,501,83,47,9999,0,0,865,0,0,0,4139,3580,0,0,62,0,8,7,1920,599,2000,1,0,4,68,72,52476,13498,328,718,188,65,335,0,50,9,72,4,4,0,10,0,0,0,0,0,2688,2816,2688,2816,4128,2208,7920,1347,0,0,0,0,100,76,46,44,47,72,76,71,0,0,65,0,0,0,0,0,0,13738,1038,327,0,327,0,337,337,100,3,1,0,999,999,18,0,25,0,0,0,0,0,0,0,0,0,0,100,2688,2816,100,0,0,0,0,0,0,0,0,0,0,0,0,0,0,0,0,0,0,0,0,160
357146,3083,501,83,47,9999,0,0,942,0,0,0,4139,3898,0,0,62,0,8,7,1920,599,2000,1,0,4,64,72,51781,13642,349,788,127,64,350,0,30,6,73,4,4,0,10,0,0,0,0,0,2688,2816,2688,2816,4128,2208,7923,1310,0,0,0,0,100,77,49,48,45,74,75,77,0,0,63,0,0,0,0,0,0,13738,1038,327,0,327,0,337,337,100,1,1,0,999,999,18,0,25,0,0,0,0,0,0,0,0,0,0,100,2688,2816,100,0,0,0,0,0,0,0,0,0,0,0,0,0,0,0,0,0,0,0,0,160
358146,3083,501,83,47,9999,0,0,609,0,0,0,4139,2520,0,0,62,0,8,7,1920,599,2000,1,0,4,66,72,51064,13704,309,773,157,66,357,0,37,8,72,4,4,0,10,0,0,0,0,0,2688,2816,2688,2816,4128,2208,7693,1645,0,0,0,0,100,79,57,55,52,76,79,75,0,0,62,0,0,0,0,0,0,13738,1038,327,0,327,0,337,337,100,3,1,0,999,999,18,0,25,0,0,0,0,0,0,0,0,0,0,100,2688,2816,100,0,0,0,0,0,0,0,0,0,0,0,0,0,0,0,0,0,0,0,0,160
359203,3092,505,83,47,9999,0,0,756,0,0,0,4139,3129,0,0,62,0,8,7,1920,599,2000,1,0,4,72,72,50851,13522,328,675,130,64,326,0,30,9,73,4,4,0,10,0,0,0,0,0,2688,2816,2688,2816,4128,2208,5748,1738,0,0,0,0,100,76,52,50,53,74,76,74,0,0,59,0,0,0,0,0,0,13738,1032,331,0,331,0,340,340,100,3,1,0,999,999,18,0,25,0,0,0,0,0,0,0,0,0,0,100,2688,2816,100,0,0,0,0,0,0,0,0,0,0,0,0,0,0,0,0,0,0,0,0,160
360148,3092,505,83,47,9999,0,0,446,0,0,0,4157,1854,0,0,62,0,8,7,1920,599,2000,1,0,4,68,72,53572,13556,325,676,103,64,368,0,59,0,72,4,4,0,10,0,0,0,0,0,2688,2816,2688,2816,4128,2208,6322,1694,0,0,0,0,100,79,43,38,38,73,71,79,0,0,57,0,0,0,0,0,0,13738,1032,331,0,331,0,340,340,100,0,0,0,999,999,18,0,25,0,0,0,0,0,0,0,0,0,0,100,2688,2816,100,0,0,0,0,0,0,0,0,0,0,0,0,0,0,0,0,0,0,0,0,160
361146,3092,505,83,47,9999,0,0,754,0,0,0,4117,3104,0,0,62,0,8,7,1920,599,2000,1,0,4,69,72,53411,13552,337,656,103,63,378,0,57,10,72,4,4,0,10,0,0,0,0,0,2688,2816,2688,2816,4128,2208,6447,1640,0,0,0,0,100,77,39,38,36,68,73,77,0,0,57,0,0,0,0,0,0,13738,1032,331,0,331,0,340,340,100,5,2,0,999,999,18,0,25,0,0,0,0,0,0,0,0,0,0,100,2688,2816,100,0,0,0,0,0,0,0,0,0,0,0,0,0,0,0,0,0,0,0,0,160
362148,3092,505,83,47,9999,0,0,542,0,0,0,4117,2231,0,0,62,0,8,7,1920,599,2000,1,0,4,71,72,54497,13707,324,685,126,64,367,0,58,2,72,4,4,0,10,0,0,0,0,0,2688,2816,2688,2816,4128,2208,6358,1679,0,0,0,0,100,75,46,44,48,75,68,72,0,0,57,0,0,0,0,0,0,13738,1032,331,0,331,0,340,340,100,1,1,0,999,999,18,0,25,0,0,0,0,0,0,0,0,0,0,100,2688,2816,100,0,0,0,0,0,0,0,0,0,0,0,0,0,0,0,0,0,0,0,0,160
363149,3092,505,83,47,9999,0,0,655,0,0,0,4117,2696,0,0,62,0,8,7,1920,599,2000,1,0,4,70,72,53993,13536,305,612,101,64,327,0,53,8,73,4,4,0,10,0,0,0,0,0,2688,2816,2688,2816,4128,2208,6906,1731,0,0,0,0,100,74,41,38,42,72,71,74,0,0,59,0,0,0,0,0,0,13738,1032,331,0,331,0,340,340,100,2,1,0,999,999,18,0,25,0,0,0,0,0,0,0,0,0,0,100,2688,2816,100,0,0,0,0,0,0,0,0,0,0,0,0,0,0,0,0,0,0,0,0,160
364147,3092,505,83,47,9999,0,0,959,0,0,0,4117,3948,0,0,62,0,8,7,1920,599,2000,1,0,4,68,72,54010,13507,324,626,111,64,351,0,63,1,73,4,4,0,10,0,0,0,0,0,2688,2816,2688,2816,4128,2208,7124,1765,0,0,0,0,100,72,38,34,37,71,72,71,0,0,60,0,0,0,0,0,0,13738,1032,331,0,331,0,340,340,100,1,1,0,999,999,18,0,25,0,0,0,0,0,0,0,0,0,0,100,2688,2816,100,0,0,0,0,0,0,0,0,0,0,0,0,0,0,0,0,0,0,0,0,160
365146,3092,505,83,47,9999,0,0,478,0,0,0,4117,1967,0,0,62,0,8,7,1920,599,2000,1,0,4,68,72,54010,13604,354,613,103,64,383,0,52,5,73,4,4,0,10,0,0,0,0,0,2688,2816,2688,2816,4128,2208,6757,1758,0,0,0,0,100,80,61,58,62,79,80,79,0,0,62,0,0,0,0,0,0,13738,1032,331,0,331,0,340,340,100,2,1,0,999,999,18,0,25,0,0,0,0,0,0,0,0,0,0,100,2688,2816,100,0,0,0,0,0,0,0,0,0,0,0,0,0,0,0,0,0,0,0,0,160
366147,3092,505,83,47,9999,0,0,671,0,0,0,4117,2762,0,0,62,0,8,7,1920,599,2000,1,0,4,72,72,55653,13666,309,716,150,63,336,0,56,2,73,4,4,0,10,0,0,0,0,0,2688,2816,2688,2816,4128,2208,8559,1687,0,0,0,0,100,73,39,38,38,73,72,72,0,0,65,0,0,0,0,0,0,13738,1032,331,0,331,0,340,340,100,2,1,0,999,999,18,0,25,0,0,0,0,0,0,0,0,0,0,100,2688,2816,100,0,0,0,0,0,0,0,0,0,0,0,0,0,0,0,0,0,0,0,0,160
367147,3092,505,83,47,9999,0,0,635,0,0,0,4117,2614,0,0,62,0,8,7,1920,599,2000,1,0,4,72,72,54835,13573,263,703,102,63,446,0,56,1,72,4,4,0,10,0,0,0,0,0,2688,2816,2688,2816,4128,2208,7841,1296,0,0,0,0,100,73,44,36,43,73,72,73,0,0,67,0,0,0,0,0,0,13738,1032,331,0,331,0,340,340,100,1,1,0,999,999,18,0,25,0,0,0,0,0,0,0,0,0,0,100,2688,2816,100,0,0,0,0,0,0,0,0,0,0,0,0,0,0,0,0,0,0,0,0,160
368147,3092,505,83,47,9999,0,0,686,0,0,0,4117,2824,0,0,62,0,8,7,1920,599,2000,1,0,4,71,72,49030,13566,319,828,125,64,328,0,23,2,72,4,4,0,10,0,0,0,0,0,2688,2816,2688,2816,4128,2208,7466,1287,0,0,0,0,100,77,53,48,54,77,76,77,0,0,66,0,0,0,0,0,0,13738,1032,331,0,331,0,340,340,100,2,1,0,999,999,18,0,25,0,0,0,0,0,0,0,0,0,0,100,2688,2816,100,0,0,0,0,0,0,0,0,0,0,0,0,0,0,0,0,0,0,0,0,160
369147,3092,505,83,47,9999,0,0,834,0,0,0,4117,3433,0,0,62,0,8,7,1920,599,2000,1,0,4,72,72,48266,13487,353,739,95,63,323,0,25,2,73,4,4,0,10,0,0,0,0,0,2688,2816,2688,2816,4128,2208,7390,1336,0,0,0,0,100,82,40,35,42,71,70,82,0,0,64,0,0,0,0,0,0,13738,1032,331,0,331,0,340,340,100,1,1,0,999,999,18,0,25,0,0,0,0,0,0,0,0,0,0,100,2688,2816,100,0,0,0,0,0,0,0,0,0,0,0,0,0,0,0,0,0,0,0,0,160
370149,3092,505,83,47,9999,0,0,865,0,0,0,4117,3561,0,0,62,0,8,7,1920,599,2000,1,0,4,69,72,49600,13395,332,631,107,64,341,0,40,5,72,4,4,0,10,0,0,0,0,0,2688,2816,2688,2816,4128,2208,7172,1295,0,0,0,0,100,75,42,36,36,70,75,72,0,0,64,0,0,0,0,0,0,13738,1032,331,0,331,0,340,340,100,3,1,0,999,999,18,0,25,0,0,0,0,0,0,0,0,0,0,100,2688,2816,100,0,0,0,0,0,0,0,0,0,0,0,0,0,0,0,0,0,0,0,0,160
371151,3092,505,83,47,9999,0,0,483,0,0,0,4130,1994,0,0,62,0,8,7,1920,599,2000,1,0,4,71,72,55247,13467,289,624,142,63,337,0,52,4,73,4,4,0,10,0,0,0,0,0,2688,2816,2688,2816,4128,2208,6770,1300,0,0,0,0,100,77,47,45,47,77,76,77,0,0,62,0,0,0,0,0,0,13738,1032,331,0,331,0,340,340,100,1,1,0,999,999,18,0,25,0,0,0,0,0,0,0,0,0,0,100,2688,2816,100,0,0,0,0,0,0,0,0,0,0,0,0,0,0,0,0,0,0,0,0,160
372149,3092,505,83,47,9999,0,0,592,0,0,0,4130,2444,0,0,62,0,8,7,1920,599,2000,1,0,4,68,72,48851,13344,269,639,117,64,383,0,43,4,72,4,4,0,10,0,0,0,0,0,2688,2816,2688,2816,4128,2208,7630,1237,0,0,0,0,100,79,38,39,41,71,79,71,0,0,60,0,0,0,0,0,0,13738,1032,331,0,331,0,340,340,100,2,1,0,999,999,18,0,25,0,0,0,0,0,0,0,0,0,0,100,2688,2816,100,0,0,0,0,0,0,0,0,0,0,0,0,0,0,0,0,0,0,0,0,160
373148,3092,505,83,47,9999,0,0,488,0,0,0,4130,2015,0,0,62,0,8,7,1920,599,2000,1,0,4,70,72,54231,13317,306,637,118,63,303,0,54,5,73,4,4,0,10,0,0,0,0,0,2688,2816,2688,2816,4128,2208,7512,1299,0,0,0,0,100,73,41,37,37,73,71,72,0,0,62,0,0,0,0,0,0,13738,1032,331,0,331,0,340,340,100,4,1,0,999,999,18,0,25,0,0,0,0,0,0,0,0,0,0,100,2688,2816,100,0,0,0,0,0,0,0,0,0,0,0,0,0,0,0,0,0,0,0,0,160
374149,3092,505,83,47,9999,0,0,673,0,0,0,4130,2779,0,0,62,0,8,7,1920,599,2000,1,0,4,70,72,56208,13296,321,552,109,65,331,0,57,4,73,4,4,0,10,0,0,0,0,0,2688,2816,2688,2816,4128,2208,7232,1300,0,0,0,0,100,77,47,42,48,76,77,73,0,0,60,0,0,0,0,0,0,13738,1032,331,0,331,0,340,340,100,2,1,0,999,999,18,0,25,0,0,0,0,0,0,0,0,0,0,100,2688,2816,100,0,0,0,0,0,0,0,0,0,0,0,0,0,0,0,0,0,0,0,0,160
375148,3092,505,83,47,9999,0,0,656,0,0,0,4130,2709,0,0,62,0,8,7,1920,599,2000,1,0,4,68,72,51006,13511,465,710,105,64,364,0,36,8,73,4,4,0,10,0,0,0,0,0,2688,2816,2688,2816,4128,2208,6776,1238,0,0,0,0,100,76,41,41,42,70,76,72,0,0,60,0,0,0,0,0,0,13738,1032,331,0,331,0,340,340,100,2,1,0,999,999,18,0,25,0,0,0,0,0,0,0,0,0,0,100,2688,2816,100,0,0,0,0,0,0,0,0,0,0,0,0,0,0,0,0,0,0,0,0,160
376148,3092,505,83,47,9999,0,0,501,0,0,0,4130,2069,0,0,62,0,8,7,1920,599,2000,1,0,4,73,72,52398,13331,271,628,112,63,345,0,46,1,72,4,4,0,10,0,0,0,0,0,2688,2816,2688,2816,4128,2208,7621,1272,0,0,0,0,100,73,41,34,37,71,73,73,0,0,61,0,0,0,0,0,0,13738,1032,331,0,331,0,340,340,100,1,1,0,999,999,18,0,25,0,0,0,0,0,0,0,0,0,0,100,2688,2816,100,0,0,0,0,0,0,0,0,0,0,0,0,0,0,0,0,0,0,0,0,160
377150,3092,505,83,47,9999,0,0,777,0,0,0,4130,3209,0,0,62,0,8,7,1920,599,2000,1,0,4,70,72,53474,13356,360,597,106,65,360,0,63,1,73,4,4,0,10,0,0,0,0,0,2688,2816,2688,2816,4128,2208,6585,1672,0,0,0,0,100,76,43,42,47,75,76,73,0,0,62,0,0,0,0,0,0,13738,1032,331,0,331,0,340,340,100,1,1,0,999,999,18,0,25,0,0,0,0,0,0,0,0,0,0,100,2688,2816,100,0,0,0,0,0,0,0,0,0,0,0,0,0,0,0,0,0,0,0,0,160
378150,3092,505,83,47,9999,0,0,930,0,0,0,4130,3840,0,0,62,0,8,7,1920,599,2000,1,0,4,72,72,54253,13550,351,586,108,64,332,0,62,1,73,4,4,0,10,0,0,0,0,0,2688,2816,2688,2816,4128,2208,5944,1653,0,0,0,0,100,78,44,37,41,74,71,78,0,0,58,0,0,0,0,0,0,13738,1032,331,0,331,0,340,340,100,1,1,0,999,999,18,0,25,0,0,0,0,0,0,0,0,0,0,100,2688,2816,100,0,0,0,0,0,0,0,0,0,0,0,0,0,0,0,0,0,0,0,0,160
379191,3042,504,83,47,9999,0,0,729,0,0,0,4130,3010,0,0,62,0,8,7,1920,599,2000,1,0,4,70,72,50576,13551,331,588,113,64,361,0,38,4,72,4,4,0,10,0,0,0,0,0,2688,2816,2688,2816,4128,2208,6142,1648,0,0,0,0,100,74,48,45,48,70,74,72,0,0,57,0,0,0,0,0,0,13738,1032,331,0,331,0,340,340,100,2,1,0,999,999,18,0,25,0,0,0,0,0,0,0,0,0,0,100,2688,2816,100,0,0,0,0,0,0,0,0,0,0,0,0,0,0,0,0,0,0,0,0,160
380150,3042,504,83,47,9999,0,0,416,0,0,0,4130,1718,0,0,62,0,8,7,1920,599,2000,1,0,4,70,72,52591,13559,289,694,151,63,323,0,45,9,72,4,4,0,10,0,0,0,0,0,2688,2816,2688,2816,4128,2208,6140,1667,0,0,0,0,100,81,47,46,50,76,73,81,0,0,57,0,0,0,0,0,0,13738,1032,331,0,331,0,340,340,100,4,1,0,999,999,18,0,25,0,0,0,0,0,0,0,0,0,0,100,2688,2816,100,0,0,0,0,0,0,0,0,0,0,0,0,0,0,0,0,0,0,0,0,160
381151,3042,504,83,47,9999,0,0,860,0,0,0,4129,3550,0,0,62,0,8,7,1920,599,2000,1,0,4,68,72,53536,13568,320,664,144,64,414,0,47,1,72,4,4,0,10,0,0,0,0,0,2688,2816,2688,2816,4128,2208,6807,1669,0,0,0,0,100,77,40,36,39,67,77,75,0,0,57,0,0,0,0,0,0,13738,1032,331,0,331,0,340,340,100,1,1,0,999,999,18,0,25,0,0,0,0,0,0,0,0,0,0,100,2688,2816,100,0,0,0,0,0,0,0,0,0,0,0,0,0,0,0,0,0,0,0,0,160
382152,3042,504,83,47,9999,0,0,263,0,0,0,4129,1085,0,0,62,0,8,7,1920,599,2000,1,0,4,71,72,53253,13593,315,666,139,63,535,0,53,5,73,4,4,0,10,0,0,0,0,0,2688,2816,2688,2816,4128,2208,7512,1527,0,0,0,0,100,73,38,34,38,71,71,73,0,0,60,0,0,0,0,0,0,13738,1032,331,0,331,0,340,340,100,2,1,0,999,999,18,0,25,0,0,0,0,0,0,0,0,0,0,100,2688,2816,100,0,0,0,0,0,0,0,0,0,0,0,0,0,0,0,0,0,0,0,0,160
383156,3042,504,83,47,9999,0,0,513,0,0,0,4129,2118,0,0,62,0,8,7,1920,599,2000,1,0,4,70,72,53970,13627,267,754,118,64,345,0,51,6,72,4,4,0,10,0,0,0,0,0,2688,2816,2688,2816,4128,2208,7616,1326,0,0,0,0,100,76,42,38,46,76,70,75,0,0,65,0,0,0,0,0,0,13738,1032,331,0,331,0,340,340,100,2,1,0,999,999,18,0,25,0,0,0,0,0,0,0,0,0,0,100,2688,2816,100,0,0,0,0,0,0,0,0,0,0,0,0,0,0,0,0,0,0,0,0,160
384152,3042,504,83,47,9999,0,0,717,0,0,0,4129,2960,0,0,62,0,8,7,1920,599,2000,1,0,4,71,72,54350,13476,269,732,116,64,331,0,54,0,73,4,4,0,10,0,0,0,0,0,2688,2816,2688,2816,4128,2208,7724,1369,0,0,0,0,100,75,38,33,37,70,75,75,0,0,63,0,0,0,0,0,0,13738,1032,331,0,331,0,340,340,100,0,0,0,999,999,18,0,25,0,0,0,0,0,0,0,0,0,0,100,2688,2816,100,0,0,0,0,0,0,0,0,0,0,0,0,0,0,0,0,0,0,0,0,160
385152,3042,504,83,47,9999,0,0,646,0,0,0,4129,2667,0,0,62,0,8,7,1920,599,2000,1,0,4,65,72,48610,13393,317,662,110,64,361,0,25,11,72,4,4,0,10,0,0,0,0,0,2688,2816,2688,2816,4128,2208,7722,1323,0,0,0,0,100,75,39,37,35,73,75,75,0,0,62,0,0,0,0,0,0,13738,1032,331,0,331,0,340,340,100,2,1,0,999,999,18,0,25,0,0,0,0,0,0,0,0,0,0,100,2688,2816,100,0,0,0,0,0,0,0,0,0,0,0,0,0,0,0,0,0,0,0,0,160
386152,3042,504,83,47,9999,0,0,843,0,0,0,4129,3480,0,0,62,0,8,7,1920,599,2000,1,0,4,67,72,49609,13433,334,573,115,64,345,0,25,8,73,4,4,0,10,0,0,0,0,0,2688,2816,2688,2816,4128,2208,6397,1688,0,0,0,0,100,81,46,41,45,75,77,81,0,0,62,0,0,0,0,0,0,13738,1032,331,0,331,0,340,340,100,3,1,0,999,999,18,0,25,0,0,0,0,0,0,0,0,0,0,100,2688,2816,100,0,0,0,0,0,0,0,0,0,0,0,0,0,0,0,0,0,0,0,0,160
387152,3042,504,83,47,9999,0,0,369,0,0,0,4129,1523,0,0,62,0,8,7,1920,599,2000,1,0,4,69,72,56439,13609,577,643,122,64,335,0,77,0,72,4,4,0,10,0,0,0,0,0,2688,2816,2688,2816,4128,2208,6069,1599,0,0,0,0,100,76,41,38,39,72,76,72,0,0,58,0,0,0,0,0,0,13738,1032,331,0,331,0,340,340,100,0,0,0,999,999,18,0,25,0,0,0,0,0,0,0,0,0,0,100,2688,2816,100,0,0,0,0,0,0,0,0,0,0,0,0,0,0,0,0,0,0,0,0,160
388153,3042,504,83,47,9999,0,0,257,0,0,0,4129,1061,0,0,62,0,8,7,1920,599,2000,1,0,4,73,72,51442,13460,270,641,116,63,320,0,51,0,72,4,4,0,10,0,0,0,0,0,2688,2816,2688,2816,4128,2208,6254,1643,0,0,0,0,100,75,42,37,40,72,75,73,0,0,57,0,0,0,0,0,0,13738,1032,331,0,331,0,340,340,100,0,0,0,999,999,18,0,25,0,0,0,0,0,0,0,0,0,0,100,2688,2816,100,0,0,0,0,0,0,0,0,0,0,0,0,0,0,0,0,0,0,0,0,160
389154,3042,504,83,47,9999,0,0,702,0,0,0,4129,2898,0,0,62,0,8,7,1920,599,2000,1,0,4,71,72,54211,13536,317,698,142,63,343,0,69,3,73,4,4,0,10,0,0,0,0,0,2688,2816,2688,2816,4128,2208,6093,1729,0,0,0,0,100,71,45,36,42,65,71,71,0,0,56,0,0,0,0,0,0,13738,1032,331,0,331,0,340,340,100,1,1,0,999,999,18,0,25,0,0,0,0,0,0,0,0,0,0,100,2688,2816,100,0,0,0,0,0,0,0,0,0,0,0,0,0,0,0,0,0,0,0,0,160
390154,3042,504,83,47,9999,0,0,600,0,0,0,4129,2477,0,0,62,0,8,7,1920,599,2000,1,0,4,68,72,54794,13659,348,696,125,64,380,0,61,5,73,4,4,0,10,0,0,0,0,0,2688,2816,2688,2816,4128,2208,6200,1664,0,0,0,0,100,74,39,34,39,74,73,72,0,0,58,0,0,0,0,0,0,13738,1032,331,0,331,0,340,340,100,2,1,0,999,999,18,0,25,0,0,0,0,0,0,0,0,0,0,100,2688,2816,100,0,0,0,0,0,0,0,0,0,0,0,0,0,0,0,0,0,0,0,0,160
391154,3042,504,83,47,9999,0,0,785,0,0,0,4137,3247,0,0,62,0,8,7,1920,599,2000,1,0,4,70,72,55981,13589,305,639,128,64,342,0,64,4,72,4,4,0,10,0,0,0,0,0,2688,2816,2688,2816,4128,2208,8190,1680,0,0,0,0,100,75,37,36,37,68,75,72,0,0,63,0,0,0,0,0,0,13738,1032,331,0,331,0,340,340,100,4,1,0,999,999,18,0,25,0,0,0,0,0,0,0,0,0,0,100,2688,2816,100,0,0,0,0,0,0,0,0,0,0,0,0,0,0,0,0,0,0,0,0,160
392154,3042,504,83,47,9999,0,0,591,0,0,0,4137,2444,0,0,62,0,8,7,1920,599,2000,1,0,4,70,72,51155,13473,264,641,131,63,417,0,28,5,73,4,4,0,10,0,0,0,0,0,2688,2816,2688,2816,4128,2208,8108,1619,0,0,0,0,100,77,41,42,47,77,73,74,0,0,64,0,0,0,0,0,0,13738,1032,331,0,331,0,340,340,100,2,1,0,999,999,18,0,25,0,0,0,0,0,0,0,0,0,0,100,2688,2816,100,0,0,0,0,0,0,0,0,0,0,0,0,0,0,0,0,0,0,0,0,160
393154,3042,504,83,47,9999,0,0,686,0,0,0,4137,2837,0,0,62,0,8,7,1920,599,2000,1,0,4,67,72,50749,13578,333,656,125,62,318,0,34,5,72,4,4,0,10,0,0,0,0,0,2688,2816,2688,2816,4128,2208,8198,1566,0,0,0,0,100,77,37,35,38,73,73,77,0,0,65,0,0,0,0,0,0,13738,1032,331,0,331,0,340,340,100,1,1,0,999,999,18,0,25,0,0,0,0,0,0,0,0,0,0,100,2688,2816,100,0,0,0,0,0,0,0,0,0,0,0,0,0,0,0,0,0,0,0,0,160
394157,3042,504,83,47,9999,0,0,448,0,0,0,4137,1853,0,0,62,0,8,7,1920,599,2000,1,0,4,67,72,53173,13523,310,653,120,64,444,0,32,12,73,4,4,0,10,0,0,0,0,0,2688,2816,2688,2816,4128,2208,7683,1557,0,0,0,0,100,76,41,41,44,75,76,74,0,0,66,0,0,0,0,0,0,13738,1032,331,0,331,0,340,340,100,2,1,0,999,999,18,0,25,0,0,0,0,0,0,0,0,0,0,100,2688,2816,100,0,0,0,0,0,0,0,0,0,0,0,0,0,0,0,0,0,0,0,0,160
395155,3042,504,83,47,9999,0,0,675,0,0,0,4137,2792,0,0,62,0,8,7,1920,599,2000,1,0,4,69,72,54401,13564,586,660,113,65,345,0,48,5,73,4,4,0,10,0,0,0,0,0,2688,2816,2688,2816,4128,2208,7623,1432,0,0,0,0,100,79,43,39,46,74,79,73,0,0,67,0,0,0,0,0,0,13738,1032,331,0,331,0,340,340,100,3,1,0,999,999,18,0,25,0,0,0,0,0,0,0,0,0,0,100,2688,2816,100,0,0,0,0,0,0,0,0,0,0,0,0,0,0,0,0,0,0,0,0,160
396154,3042,504,83,47,9999,0,0,607,0,0,0,4137,2511,0,0,62,0,8,7,1920,599,2000,1,0,4,70,72,54433,13459,264,666,111,64,378,0,51,8,72,4,4,0,10,0,0,0,0,0,2688,2816,2688,2816,4128,2208,7674,1337,0,0,0,0,100,75,35,34,34,73,75,71,0,0,64,0,0,0,0,0,0,13738,1032,331,0,331,0,340,340,100,3,1,0,999,999,18,0,25,0,0,0,0,0,0,0,0,0,0,100,2688,2816,100,0,0,0,0,0,0,0,0,0,0,0,0,0,0,0,0,0,0,0,0,160
397161,3042,504,83,47,9999,0,0,581,0,0,0,4137,2403,0,0,62,0,8,7,1920,599,2000,1,0,4,63,72,54841,13394,319,640,108,64,340,0,35,12,72,4,4,0,10,0,0,0,0,0,2688,2816,2688,2816,4128,2208,7637,1357,0,0,0,0,100,78,43,42,44,73,72,78,0,0,63,0,0,0,0,0,0,13738,1032,331,0,331,0,340,340,100,4,1,0,999,999,18,0,25,0,0,0,0,0,0,0,0,0,0,100,2688,2816,100,0,0,0,0,0,0,0,0,0,0,0,0,0,0,0,0,0,0,0,0,160
398155,3042,504,83,47,9999,0,0,792,0,0,0,4137,3276,0,0,62,0,8,7,1920,599,2000,1,0,4,67,72,51886,13381,327,591,119,65,348,0,43,4,73,4,4,0,10,0,0,0,0,0,2688,2816,2688,2816,4128,2208,8082,1332,0,0,0,0,100,79,48,46,49,77,79,78,0,0,63,0,0,0,0,0,0,13738,1032,331,0,331,0,340,340,100,1,1,0,999,999,18,0,25,0,0,0,0,0,0,0,0,0,0,100,2688,2816,100,0,0,0,0,0,0,0,0,0,0,0,0,0,0,0,0,0,0,0,0,160
399209,2930,505,83,47,9999,0,0,1116,0,0,0,4137,4616,0,0,62,0,8,7,1920,599,2000,1,0,4,68,72,50606,13490,299,678,118,64,353,0,22,8,72,4,4,0,10,0,0,0,0,0,2688,2816,2688,2816,4128,2208,7790,1397,0,0,0,0,100,77,41,40,39,75,77,73,0,0,63,0,0,0,0,0,0,13738,1040,331,0,331,0,340,340,100,2,1,0,999,999,18,0,25,0,0,0,0,0,0,0,0,0,0,100,2688,2816,100,0,0,0,0,0,0,0,0,0,0,0,0,0,0,0,0,0,0,0,0,160
400154,2930,505,83,47,9999,0,0,593,0,0,0,4137,2453,0,0,62,0,8,7,1920,599,2000,1,0,4,65,72,50447,13449,320,607,124,65,390,0,30,9,72,4,4,0,10,0,0,0,0,0,2688,2816,2688,2816,4128,2208,7638,1295,0,0,0,0,100,82,59,58,59,76,82,81,0,0,62,0,0,0,0,0,0,13738,1040,331,0,331,0,340,340,100,2,1,0,999,999,18,0,25,0,0,0,0,0,0,0,0,0,0,100,2688,2816,100,0,0,0,0,0,0,0,0,0,0,0,0,0,0,0,0,0,0,0,0,160
401154,2930,505,83,47,9999,0,0,272,0,0,0,4163,1132,0,0,62,0,8,7,1920,599,2000,1,0,4,69,72,54925,13411,340,648,99,64,335,0,47,7,73,4,4,0,10,0,0,0,0,0,2688,2816,2688,2816,4128,2208,7634,1577,0,0,0,0,100,77,51,46,51,71,77,76,0,0,64,0,0,0,0,0,0,13738,1040,331,0,331,0,340,340,100,2,1,0,999,999,18,0,25,0,0,0,0,0,0,0,0,0,0,100,2688,2816,100,0,0,0,0,0,0,0,0,0,0,0,0,0,0,0,0,0,0,0,0,160
402155,2930,505,83,47,9999,0,0,393,0,0,0,4163,1636,0,0,62,0,8,7,1920,599,2000,1,0,4,68,72,53805,13457,324,632,137,63,423,0,62,4,73,4,4,0,10,0,0,0,0,0,2688,2816,2688,2816,4128,2208,5997,1630,0,0,0,0,100,79,43,38,44,76,79,74,0,0,59,0,0,0,0,0,0,13738,1040,331,0,331,0,340,340,100,2,1,0,999,999,18,0,25,0,0,0,0,0,0,0,0,0,0,100,2688,2816,100,0,0,0,0,0,0,0,0,0,0,0,0,0,0,0,0,0,0,0,0,160
403157,2930,505,83,47,9999,0,0,484,0,0,0,4163,2014,0,0,62,0,8,7,1920,599,2000,1,0,4,70,72,52568,13582,301,671,122,64,392,0,58,5,73,4,4,0,10,0,0,0,0,0,2688,2816,2688,2816,4128,2208,6355,1625,0,0,0,0,100,75,40,37,45,73,75,75,0,0,56,0,0,0,0,0,0,13738,1040,331,0,331,0,340,340,100,2,1,0,999,999,18,0,25,0,0,0,0,0,0,0,0,0,0,100,2688,2816,100,0,0,0,0,0,0,0,0,0,0,0,0,0,0,0,0,0,0,0,0,160
404157,2930,505,83,47,9999,0,0,513,0,0,0,4163,2135,0,0,62,0,8,7,1920,599,2000,1,0,4,66,72,55330,13549,289,648,111,64,433,0,59,6,73,4,4,0,10,0,0,0,0,0,2688,2816,2688,2816,4128,2208,6077,1731,0,0,0,0,100,76,44,39,40,75,74,76,0,0,56,0,0,0,0,0,0,13738,1040,331,0,331,0,340,340,100,3,1,0,999,999,18,0,25,0,0,0,0,0,0,0,0,0,0,100,2688,2816,100,0,0,0,0,0,0,0,0,0,0,0,0,0,0,0,0,0,0,0,0,160
405159,2930,505,83,47,9999,0,0,718,0,0,0,4163,2989,0,0,62,0,8,7,1920,599,2000,1,0,4,69,72,49904,13523,311,686,123,64,337,0,38,6,73,4,4,0,10,0,0,0,0,0,2688,2816,2688,2816,4128,2208,6662,1511,0,0,0,0,100,71,41,39,39,70,68,71,0,0,58,0,0,0,0,0,0,13738,1040,331,0,331,0,340,340,100,2,1,0,999,999,18,0,25,0,0,0,0,0,0,0,0,0,0,100,2688,2816,100,0,0,0,0,0,0,0,0,0,0,0,0,0,0,0,0,0,0,0,0,160
406159,2930,505,83,47,9999,0,0,733,0,0,0,4163,3051,0,0,62,0,8,7,1920,599,2000,1,0,4,69,72,57792,13502,330,712,163,63,334,0,67,6,73,4,4,0,10,0,0,0,0,0,2688,2816,2688,2816,4128,2208,6285,1465,0,0,0,0,100,77,44,37,38,77,76,75,0,0,57,0,0,0,0,0,0,13738,1040,331,0,331,0,340,340,100,4,1,0,999,999,18,0,25,0,0,0,0,0,0,0,0,0,0,100,2688,2816,100,0,0,0,0,0,0,0,0,0,0,0,0,0,0,0,0,0,0,0,0,160
407159,2930,505,83,47,9999,0,0,747,0,0,0,4163,3109,0,0,62,0,8,7,1920,599,2000,1,0,4,66,72,54838,13540,321,663,105,64,377,0,48,10,73,4,4,0,10,0,0,0,0,0,2688,2816,2688,2816,4128,2208,6261,1476,0,0,0,0,100,80,45,36,40,76,75,80,0,0,57,0,0,0,0,0,0,13738,1040,331,0,331,0,340,340,100,2,1,0,999,999,18,0,25,0,0,0,0,0,0,0,0,0,0,100,2688,2816,100,0,0,0,0,0,0,0,0,0,0,0,0,0,0,0,0,0,0,0,0,160
408157,2930,505,83,47,9999,0,0,527,0,0,0,4163,2193,0,0,62,0,8,7,1920,599,2000,1,0,4,69,72,55979,13464,315,634,101,64,346,0,62,1,72,4,4,0,10,0,0,0,0,0,2688,2816,2688,2816,4128,2208,6451,1510,0,0,0,0,100,77,39,29,39,72,77,76,0,0,58,0,0,0,0,0,0,13738,1040,331,0,331,0,340,340,100,1,1,0,999,999,18,0,25,0,0,0,0,0,0,0,0,0,0,100,2688,2816,100,0,0,0,0,0,0,0,0,0,0,0,0,0,0,0,0,0,0,0,0,160
409159,2930,505,83,47,9999,0,0,671,0,0,0,4163,2793,0,0,62,0,8,7,1920,599,2000,1,0,4,71,72,55835,13396,284,593,114,65,367,0,50,2,73,4,4,0,10,0,0,0,0,0,2688,2816,2688,2816,4128,2208,7452,1696,0,0,0,0,100,80,41,34,42,75,80,74,0,0,61,0,0,0,0,0,0,13738,1040,331,0,331,0,340,340,100,1,1,0,999,999,18,0,25,0,0,0,0,0,0,0,0,0,0,100,2688,2816,100,0,0,0,0,0,0,0,0,0,0,0,0,0,0,0,0,0,0,0,0,160
410161,2930,505,83,47,9999,0,0,633,0,0,0,4163,2635,0,0,62,0,8,7,1920,599,2000,1,0,4,69,72,51081,13493,324,623,118,63,369,0,35,3,72,4,4,0,10,0,0,0,0,0,2688,2816,2688,2816,4128,2208,7300,1584,0,0,0,0,100,79,45,39,44,77,79,77,0,0,65,0,0,0,0,0,0,13738,1040,331,0,331,0,340,340,100,1,1,0,999,999,18,0,25,0,0,0,0,0,0,0,0,0,0,100,2688,2816,100,0,0,0,0,0,0,0,0,0,0,0,0,0,0,0,0,0,0,0,0,160
411162,2930,505,83,47,9999,0,0,886,0,0,0,4140,3668,0,0,62,0,8,7,1920,599,2000,1,0,4,72,72,52292,13522,308,642,108,64,316,0,44,4,72,4,4,0,10,0,0,0,0,0,2688,2816,2688,2816,4128,2208,7297,1583,0,0,0,0,100,79,38,34,38,72,79,75,0,0,67,0,0,0,0,0,0,13738,1040,331,0,331,0,340,340,100,1,1,0,999,999,18,0,25,0,0,0,0,0,0,0,0,0,0,100,2688,2816,100,0,0,0,0,0,0,0,0,0,0,0,0,0,0,0,0,0,0,0,0,160
412158,2930,505,83,47,9999,0,0,746,0,0,0,4140,3088,0,0,62,0,8,7,1920,599,2000,1,0,4,69,72,55515,13509,301,650,128,65,358,0,34,3,72,4,4,0,10,0,0,0,0,0,2688,2816,2688,2816,4128,2208,8151,1497,0,0,0,0,100,79,42,38,47,78,79,74,0,0,64,0,0,0,0,0,0,13738,1040,331,0,331,0,340,340,100,2,1,0,999,999,18,0,25,0,0,0,0,0,0,0,0,0,0,100,2688,2816,100,0,0,0,0,0,0,0,0,0,0,0,0,0,0,0,0,0,0,0,0,160
413158,2930,505,83,47,9999,0,0,841,0,0,0,4140,3481,0,0,62,0,8,7,1920,599,2000,1,0,4,69,72,47764,13454,310,638,113,63,420,0,23,10,73,4,4,0,10,0,0,0,0,0,2688,2816,2688,2816,4128,2208,8374,1481,0,0,0,0,100,79,38,34,41,71,73,79,0,0,68,0,0,0,0,0,0,13738,1040,331,0,331,0,340,340,100,2,1,0,999,999,18,0,25,0,0,0,0,0,0,0,0,0,0,100,2688,2816,100,0,0,0,0,0,0,0,0,0,0,0,0,0,0,0,0,0,0,0,0,160
414160,2930,505,83,47,9999,0,0,663,0,0,0,4140,2744,0,0,62,0,8,7,1920,599,2000,1,0,4,71,72,48815,13437,274,673,139,64,336,0,34,6,73,4,4,0,10,0,0,0,0,0,2688,2816,2688,2816,4128,2208,8395,1512,0,0,0,0,100,75,32,29,31,72,73,75,0,0,68,0,0,0,0,0,0,13738,1040,331,0,331,0,340,340,100,3,1,0,999,999,18,0,25,0,0,0,0,0,0,0,0,0,0,100,2688,2816,100,0,0,0,0,0,0,0,0,0,0,0,0,0,0,0,0,0,0,0,0,160
415165,2930,505,83,47,9999,0,0,732,0,0,0,4140,3030,0,0,62,0,8,7,1920,599,2000,1,0,4,67,72,55522,13489,638,669,134,65,401,0,43,5,72,4,4,0,10,0,0,0,0,0,2688,2816,2688,2816,4128,2208,7937,1382,0,0,0,0,100,79,39,38,44,78,79,75,0,0,68,0,0,0,0,0,0,13738,1040,331,0,331,0,340,340,100,2,1,0,999,999,18,0,25,0,0,0,0,0,0,0,0,0,0,100,2688,2816,100,0,0,0,0,0,0,0,0,0,0,0,0,0,0,0,0,0,0,0,0,160
416160,2930,505,83,47,9999,0,0,801,0,0,0,4140,3316,0,0,62,0,8,7,1920,599,2000,1,0,4,67,72,52634,13347,287,616,118,63,366,0,36,9,72,4,4,0,10,0,0,0,0,0,2688,2816,2688,2816,4128,2208,9010,1346,0,0,0,0,100,75,37,34,37,71,75,74,0,0,66,0,0,0,0,0,0,13738,1040,331,0,331,0,340,340,100,3,1,0,999,999,18,0,25,0,0,0,0,0,0,0,0,0,0,100,2688,2816,100,0,0,0,0,0,0,0,0,0,0,0,0,0,0,0,0,0,0,0,0,160
417161,2930,505,83,47,9999,0,0,497,0,0,0,4140,2057,0,0,62,0,8,7,1920,599,2000,1,0,4,67,72,48794,13296,292,556,110,63,326,0,27,8,73,4,4,0,10,0,0,0,0,0,2688,2816,2688,2816,4128,2208,7620,1560,0,0,0,0,100,73,34,24,31,72,72,73,0,0,64,0,0,0,0,0,0,13738,1040,331,0,331,0,340,340,100,2,1,0,999,999,18,0,25,0,0,0,0,0,0,0,0,0,0,100,2688,2816,100,0,0,0,0,0,0,0,0,0,0,0,0,0,0,0,0,0,0,0,0,160
418160,2930,505,83,47,9999,0,0,598,0,0,0,4140,2475,0,0,62,0,8,7,1920,599,2000,1,0,4,69,72,50429,13449,322,571,107,63,343,0,40,5,73,4,4,0,10,0,0,0,0,0,2688,2816,2688,2816,4128,2208,7372,1444,0,0,0,0,100,77,43,41,48,73,77,76,0,0,63,0,0,0,0,0,0,13738,1040,331,0,331,0,340,340,100,1,1,0,999,999,18,0,25,0,0,0,0,0,0,0,0,0,0,100,2688,2816,100,0,0,0,0,0,0,0,0,0,0,0,0,0,0,0,0,0,0,0,0,160
419211,3095,504,83,47,9999,0,0,664,0,0,0,4140,2748,0,0,62,0,8,7,1920,599,2000,1,0,4,73,72,56566,13523,314,694,117,65,337,0,61,0,72,4,4,0,10,0,0,0,0,0,2688,2816,2688,2816,4128,2208,7229,1714,0,0,0,0,100,75,37,33,38,74,75,72,0,0,65,0,0,0,0,0,0,13736,1038,329,0,329,0,339,339,100,0,0,0,999,999,18,0,25,0,0,0,0,0,0,0,0,0,0,100,2688,2816,100,0,0,0,0,0,0,0,0,0,0,0,0,0,0,0,0,0,0,0,0,160
420160,3095,504,83,47,9999,0,0,1018,0,0,0,4140,4214,0,0,62,0,8,7,1920,599,2000,1,0,4,73,72,51628,13487,272,650,124,63,337,0,39,2,73,4,4,0,10,0,0,0,0,0,2688,2816,2688,2816,4128,2208,7572,1372,0,0,0,0,100,77,32,33,34,74,72,77,0,0,66,0,0,0,0,0,0,13736,1038,329,0,329,0,339,339,100,1,1,0,999,999,18,0,25,0,0,0,0,0,0,0,0,0,0,100,2688,2816,100,0,0,0,0,0,0,0,0,0,0,0,0,0,0,0,0,0,0,0,0,160
421168,3095,504,83,47,9999,0,0,711,0,0,0,4136,2940,0,0,62,0,8,7,1920,599,2000,1,0,4,68,72,47269,13465,307,669,144,64,390,0,26,10,73,4,4,0,10,0,0,0,0,0,2688,2816,2688,2816,4128,2208,7815,1358,0,0,0,0,100,79,52,52,58,78,73,79,0,0,64,0,0,0,0,0,0,13736,1038,329,0,329,0,339,339,100,6,2,0,999,999,18,0,25,0,0,0,0,0,0,0,0,0,0,100,2688,2816,100,0,0,0,0,0,0,0,0,0,0,0,0,0,0,0,0,0,0,0,0,160
422161,3095,504,83,47,9999,0,0,1010,0,0,0,4136,4177,0,0,62,0,8,7,1920,599,2000,1,0,4,65,72,51049,13511,301,802,162,63,340,0,32,10,72,4,4,0,10,0,0,0,0,0,2688,2816,2688,2816,4128,2208,7451,1280,0,0,0,0,100,80,48,45,47,75,77,80,0,0,63,0,0,0,0,0,0,13736,1038,329,0,329,0,339,339,100,3,2,0,999,999,18,0,25,0,0,0,0,0,0,0,0,0,0,100,2688,2816,100,0,0,0,0,0,0,0,0,0,0,0,0,0,0,0,0,0,0,0,0,160
423163,3095,504,83,47,9999,0,0,520,0,0,0,4136,2150,0,0,62,0,8,7,1920,599,2000,1,0,4,72,72,51581,13427,319,708,109,64,439,0,38,3,73,4,4,0,10,0,0,0,0,0,2688,2816,2688,2816,4128,2208,8197,1310,0,0,0,0,100,76,39,31,35,74,76,73,0,0,63,0,0,0,0,0,0,13736,1038,329,0,329,0,339,339,100,2,1,0,999,999,18,0,25,0,0,0,0,0,0,0,0,0,0,100,2688,2816,100,0,0,0,0,0,0,0,0,0,0,0,0,0,0,0,0,0,0,0,0,160
424164,3095,504,83,47,9999,0,0,615,0,0,0,4136,2543,0,0,62,0,8,7,1920,599,2000,1,0,4,69,72,51020,13452,311,637,118,65,362,0,36,8,72,4,4,0,10,0,0,0,0,0,2688,2816,2688,2816,4128,2208,8443,1365,0,0,0,0,100,78,47,45,50,77,78,77,0,0,63,0,0,0,0,0,0,13736,1038,329,0,329,0,339,339,100,4,1,0,999,999,18,0,25,0,0,0,0,0,0,0,0,0,0,100,2688,2816,100,0,0,0,0,0,0,0,0,0,0,0,0,0,0,0,0,0,0,0,0,160
425164,3095,504,83,47,9999,0,0,542,0,0,0,4136,2241,0,0,62,0,8,7,1920,599,2000,1,0,4,66,72,51287,13362,282,640,127,63,347,0,30,10,73,4,4,0,10,0,0,0,0,0,2688,2816,2688,2816,4128,2208,8307,1374,0,0,0,0,100,81,47,44,43,78,81,77,0,0,62,0,0,0,0,0,0,13736,1038,329,0,329,0,339,339,100,3,1,0,999,999,18,0,25,0,0,0,0,0,0,0,0,0,0,100,2688,2816,100,0,0,0,0,0,0,0,0,0,0,0,0,0,0,0,0,0,0,0,0,160
426170,3095,504,83,47,9999,0,0,868,0,0,0,4136,3590,0,0,62,0,8,7,1920,599,2000,1,0,4,70,72,54784,13390,584,590,133,63,354,0,60,6,73,4,4,0,10,0,0,0,0,0,2688,2816,2688,2816,4128,2208,5544,1626,0,0,0,0,100,73,33,28,34,67,73,71,0,0,61,0,0,0,0,0,0,13736,1038,329,0,329,0,339,339,100,2,1,0,999,999,18,0,25,0,0,0,0,0,0,0,0,0,0,100,2688,2816,100,0,0,0,0,0,0,0,0,0,0,0,0,0,0,0,0,0,0,0,0,160
427168,3095,504,83,47,9999,0,0,425,0,0,0,4136,1757,0,0,62,0,8,7,1920,599,2000,1,0,4,72,72,53447,13471,306,595,88,64,333,0,55,2,72,4,4,0,10,0,0,0,0,0,2688,2816,2688,2816,4128,2208,5677,1609,0,0,0,0,100,78,43,37,48,76,78,76,0,0,58,0,0,0,0,0,0,13736,1038,329,0,329,0,339,339,100,2,1,0,999,999,18,0,25,0,0,0,0,0,0,0,0,0,0,100,2688,2816,100,0,0,0,0,0,0,0,0,0,0,0,0,0,0,0,0,0,0,0,0,160
428166,3095,504,83,47,9999,0,0,746,0,0,0,4136,3085,0,0,62,0,8,7,1920,599,2000,1,0,4,71,72,51057,13482,296,591,133,64,414,0,58,4,73,4,4,0,10,0,0,0,0,0,2688,2816,2688,2816,4128,2208,6127,1645,0,0,0,0,100,77,44,38,46,71,77,71,0,0,57,0,0,0,0,0,0,13736,1038,329,0,329,0,339,339,100,2,1,0,999,999,18,0,25,0,0,0,0,0,0,0,0,0,0,100,2688,2816,100,0,0,0,0,0,0,0,0,0,0,0,0,0,0,0,0,0,0,0,0,160
429170,3095,504,83,47,9999,0,0,975,0,0,0,4136,4032,0,0,62,0,8,7,1920,599,2000,1,0,4,72,72,52518,13441,250,634,116,64,351,0,59,1,73,4,4,0,10,0,0,0,0,0,2688,2816,2688,2816,4128,2208,6250,1717,0,0,0,0,100,76,37,31,34,70,73,76,0,0,58,0,0,0,0,0,0,13736,1038,329,0,329,0,339,339,100,1,1,0,999,999,18,0,25,0,0,0,0,0,0,0,0,0,0,100,2688,2816,100,0,0,0,0,0,0,0,0,0,0,0,0,0,0,0,0,0,0,0,0,160
430165,3095,504,83,47,9999,0,0,592,0,0,0,4136,2448,0,0,62,0,8,7,1920,599,2000,1,0,4,73,72,53602,13377,317,539,126,63,341,0,60,0,73,4,4,0,10,0,0,0,0,0,2688,2816,2688,2816,4128,2208,7067,1601,0,0,0,0,100,80,44,42,48,80,79,77,0,0,62,0,0,0,0,0,0,13736,1038,329,0,329,0,339,339,100,0,0,0,999,999,18,0,25,0,0,0,0,0,0,0,0,0,0,100,2688,2816,100,0,0,0,0,0,0,0,0,0,0,0,0,0,0,0,0,0,0,0,0,160
431168,3095,504,83,47,9999,0,0,960,0,0,0,4117,3952,0,0,62,0,8,7,1920,599,2000,1,0,4,69,72,55778,13580,364,721,167,64,338,0,53,5,73,4,4,0,10,0,0,0,0,0,2688,2816,2688,2816,4128,2208,7652,1460,0,0,0,0,100,73,38,34,36,73,73,73,0,0,64,0,0,0,0,0,0,13736,1038,329,0,329,0,339,339,100,4,1,0,999,999,18,0,25,0,0,0,0,0,0,0,0,0,0,100,2688,2816,100,0,0,0,0,0,0,0,0,0,0,0,0,0,0,0,0,0,0,0,0,160
432166,3095,504,83,47,9999,0,0,803,0,0,0,4117,3305,0,0,62,0,8,7,1920,599,2000,1,0,4,74,72,53073,13587,302,653,139,64,355,0,52,0,73,4,4,0,10,0,0,0,0,0,2688,2816,2688,2816,4128,2208,8004,1617,0,0,0,0,100,78,37,35,33,75,76,78,0,0,67,0,0,0,0,0,0,13736,1038,329,0,329,0,339,339,100,0,0,0,999,999,18,0,25,0,0,0,0,0,0,0,0,0,0,100,2688,2816,100,0,0,0,0,0,0,0,0,0,0,0,0,0,0,0,0,0,0,0,0,160
433167,3095,504,83,47,9999,0,0,667,0,0,0,4117,2746,0,0,62,0,8,7,1920,599,2000,1,0,4,66,72,53477,13563,291,681,138,65,338,0,37,11,73,4,4,0,10,0,0,0,0,0,2688,2816,2688,2816,4128,2208,7680,1648,0,0,0,0,100,78,45,40,51,78,78,74,0,0,63,0,0,0,0,0,0,13736,1038,329,0,329,0,339,339,100,3,1,0,999,999,18,0,25,0,0,0,0,0,0,0,0,0,0,100,2688,2816,100,0,0,0,0,0,0,0,0,0,0,0,0,0,0,0,0,0,0,0,0,160
434165,3095,504,83,47,9999,0,0,863,0,0,0,4117,3552,0,0,62,0,8,7,1920,599,2000,1,0,4,63,72,53312,13628,351,798,130,64,342,0,26,13,72,4,4,0,10,0,0,0,0,0,2688,2816,2688,2816,4128,2208,8308,1542,0,0,0,0,100,80,41,38,43,72,80,76,0,0,62,0,0,0,0,0,0,13736,1038,329,0,329,0,339,339,100,5,1,0,999,999,18,0,25,0,0,0,0,0,0,0,0,0,0,100,2688,2816,100,0,0,0,0,0,0,0,0,0,0,0,0,0,0,0,0,0,0,0,0,160
435166,3095,504,83,47,9999,0,0,719,0,0,0,4117,2960,0,0,62,0,8,7,1920,599,2000,1,0,4,71,72,52022,13641,648,680,110,64,363,0,55,2,72,4,4,0,10,0,0,0,0,0,2688,2816,2688,2816,4128,2208,6036,1661,0,0,0,0,100,75,40,35,38,72,75,75,0,0,61,0,0,0,0,0,0,13736,1038,329,0,329,0,339,339,100,2,1,0,999,999,18,0,25,0,0,0,0,0,0,0,0,0,0,100,2688,2816,100,0,0,0,0,0,0,0,0,0,0,0,0,0,0,0,0,0,0,0,0,160
436171,3095,504,83,47,9999,0,0,596,0,0,0,4117,2453,0,0,62,0,8,7,1920,599,2000,1,0,4,72,72,53881,13552,306,639,110,64,394,0,55,1,73,4,4,0,10,0,0,0,0,0,2688,2816,2688,2816,4128,2208,6410,1646,0,0,0,0,100,79,47,45,52,79,77,79,0,0,59,0,0,0,0,0,0,13736,1038,329,0,329,0,339,339,100,1,1,0,999,999,18,0,25,0,0,0,0,0,0,0,0,0,0,100,2688,2816,100,0,0,0,0,0,0,0,0,0,0,0,0,0,0,0,0,0,0,0,0,160
437169,3095,504,83,47,9999,0,0,836,0,0,0,4117,3441,0,0,62,0,8,7,1920,599,2000,1,0,4,68,72,55166,13567,303,656,132,64,428,0,65,4,73,4,4,0,10,0,0,0,0,0,2688,2816,2688,2816,4128,2208,6211,1671,0,0,0,0,100,76,41,38,39,73,76,75,0,0,58,0,0,0,0,0,0,13736,1038,329,0,329,0,339,339,100,1,1,0,999,999,18,0,25,0,0,0,0,0,0,0,0,0,0,100,2688,2816,100,0,0,0,0,0,0,0,0,0,0,0,0,0,0,0,0,0,0,0,0,160
438169,3095,504,83,47,9999,0,0,554,0,0,0,4117,2280,0,0,62,0,8,7,1920,599,2000,1,0,4,72,72,56639,13581,322,679,124,64,366,0,72,0,73,4,4,0,10,0,0,0,0,0,2688,2816,2688,2816,4128,2208,6775,1719,0,0,0,0,100,75,40,42,41,64,75,66,0,0,59,0,0,0,0,0,0,13736,1038,329,0,329,0,339,339,100,0,0,0,999,999,18,0,25,0,0,0,0,0,0,0,0,0,0,100,2688,2816,100,0,0,0,0,0,0,0,0,0,0,0,0,0,0,0,0,0,0,0,0,160
439211,3042,505,83,47,9999,0,0,857,0,0,0,4117,3528,0,0,62,0,8,7,1920,599,2000,1,0,4,68,72,50368,13623,298,749,118,63,368,0,41,7,72,4,4,0,10,0,0,0,0,0,2688,2816,2688,2816,4128,2208,6662,1590,0,0,0,0,100,77,45,41,46,77,75,77,0,0,60,0,0,0,0,0,0,13738,1038,331,0,331,0,340,340,100,4,1,0,999,999,18,0,25,0,0,0,0,0,0,0,0,0,0,100,2688,2816,100,0,0,0,0,0,0,0,0,0,0,0,0,0,0,0,0,0,0,0,0,160
440171,3042,505,83,47,9999,0,0,745,0,0,0,4117,3067,0,0,62,0,8,7,1920,599,2000,1,0,4,71,72,53679,13566,287,731,132,64,365,0,44,7,72,4,4,0,10,0,0,0,0,0,2688,2816,2688,2816,4128,2208,7855,1549,0,0,0,0,100,77,44,37,41,74,77,77,0,0,61,0,0,0,0,0,0,13738,1038,331,0,331,0,340,340,100,2,1,0,999,999,18,0,25,0,0,0,0,0,0,0,0,0,0,100,2688,2816,100,0,0,0,0,0,0,0,0,0,0,0,0,0,0,0,0,0,0,0,0,160
441170,3042,505,83,47,9999,0,0,846,0,0,0,4125,3489,0,0,62,0,8,7,1920,599,2000,1,0,4,68,72,55557,13466,274,661,108,63,380,0,54,4,73,4,4,0,10,0,0,0,0,0,2688,2816,2688,2816,4128,2208,7346,1543,0,0,0,0,100,73,37,32,36,72,69,73,0,0,63,0,0,0,0,0,0,13738,1038,331,0,331,0,340,340,100,2,1,0,999,999,18,0,25,0,0,0,0,0,0,0,0,0,0,100,2688,2816,100,0,0,0,0,0,0,0,0,0,0,0,0,0,0,0,0,0,0,0,0,160
442172,3042,505,83,47,9999,0,0,976,0,0,0,4125,4026,0,0,62,0,8,7,1920,599,2000,1,0,4,68,72,51458,13409,254,642,160,65,332,0,36,5,71,4,4,0,10,0,0,0,0,0,2688,2816,2688,2816,4128,2208,7445,1518,0,0,0,0,100,84,56,54,56,77,84,79,0,0,61,0,0,0,0,0,0,13738,1038,331,0,331,0,340,340,100,2,1,0,999,999,18,0,25,0,0,0,0,0,0,0,0,0,0,100,2688,2816,100,0,0,0,0,0,0,0,0,0,0,0,0,0,0,0,0,0,0,0,0,160
443170,3042,505,83,47,9999,0,0,421,0,0,0,4125,1736,0,0,62,0,8,7,1920,599,2000,1,0,4,68,72,52965,13512,333,680,138,63,323,0,46,5,72,4,4,0,10,0,0,0,0,0,2688,2816,2688,2816,4128,2208,6415,1515,0,0,0,0,100,76,53,45,50,76,76,75,0,0,61,0,0,0,0,0,0,13738,1038,331,0,331,0,340,340,100,2,1,0,999,999,18,0,25,0,0,0,0,0,0,0,0,0,0,100,2688,2816,100,0,0,0,0,0,0,0,0,0,0,0,0,0,0,0,0,0,0,0,0,160
444171,3042,505,83,47,9999,0,0,884,0,0,0,4125,3646,0,0,62,0,8,7,1920,599,2000,1,0,4,73,72,57391,13524,301,650,105,64,331,0,72,0,73,4,4,0,10,0,0,0,0,0,2688,2816,2688,2816,4128,2208,6875,1527,0,0,0,0,100,78,40,33,36,71,75,78,0,0,60,0,0,0,0,0,0,13738,1038,331,0,331,0,340,340,100,0,0,0,999,999,18,0,25,0,0,0,0,0,0,0,0,0,0,100,2688,2816,100,0,0,0,0,0,0,0,0,0,0,0,0,0,0,0,0,0,0,0,0,160
445172,3042,505,83,47,9999,0,0,646,0,0,0,4125,2664,0,0,62,0,8,7,1920,599,2000,1,0,4,71,72,52705,13510,318,628,115,63,333,0,50,3,73,4,4,0,10,0,0,0,0,0,2688,2816,2688,2816,4128,2208,6797,1487,0,0,0,0,100,76,41,39,46,76,75,76,0,0,61,0,0,0,0,0,0,13738,1038,331,0,331,0,340,340,100,3,1,0,999,999,18,0,25,0,0,0,0,0,0,0,0,0,0,100,2688,2816,100,0,0,0,0,0,0,0,0,0,0,0,0,0,0,0,0,0,0,0,0,160
446171,3042,505,83,47,9999,0,0,644,0,0,0,4125,2656,0,0,62,0,8,7,1920,599,2000,1,0,4,72,72,53760,13409,290,593,94,64,322,0,50,1,72,4,4,0,10,0,0,0,0,0,2688,2816,2688,2816,4128,2208,7181,1494,0,0,0,0,100,77,45,39,39,74,76,77,0,0,63,0,0,0,0,0,0,13738,1038,331,0,331,0,340,340,100,1,1,0,999,999,18,0,25,0,0,0,0,0,0,0,0,0,0,100,2688,2816,100,0,0,0,0,0,0,0,0,0,0,0,0,0,0,0,0,0,0,0,0,160
447176,3042,505,83,47,9999,0,0,478,0,0,0,4125,1971,0,0,62,0,8,7,1920,599,2000,1,0,4,71,72,56548,13400,330,599,113,63,350,0,58,4,73,4,4,0,10,0,0,0,0,0,2688,2816,2688,2816,4128,2208,6544,1499,0,0,0,0,100,80,41,38,41,72,74,80,0,0,60,0,0,0,0,0,0,13738,1038,331,0,331,0,340,340,100,4,1,0,999,999,18,0,25,0,0,0,0,0,0,0,0,0,0,100,2688,2816,100,0,0,0,0,0,0,0,0,0,0,0,0,0,0,0,0,0,0,0,0,160
448173,3042,505,83,47,9999,0,0,757,0,0,0,4125,3122,0,0,62,0,8,7,1920,599,2000,1,0,4,67,72,50443,13510,305,544,114,65,331,0,31,8,72,4,4,0,10,0,0,0,0,0,2688,2816,2688,2816,4128,2208,7468,1604,0,0,0,0,100,80,50,46,50,80,78,78,0,0,62,0,0,0,0,0,0,13738,1038,331,0,331,0,340,340,100,2,1,0,999,999,18,0,25,0,0,0,0,0,0,0,0,0,0,100,2688,2816,100,0,0,0,0,0,0,0,0,0,0,0,0,0,0,0,0,0,0,0,0,160
449171,3042,505,83,47,9999,0,0,494,0,0,0,4125,2037,0,0,62,0,8,7,1920,599,2000,1,0,4,70,72,50408,13553,306,621,148,64,394,0,41,8,73,4,4,0,10,0,0,0,0,0,2688,2816,2688,2816,4128,2208,7271,1714,0,0,0,0,100,78,38,34,39,72,78,76,0,0,64,0,0,0,0,0,0,13738,1038,331,0,331,0,340,340,100,5,1,0,999,999,18,0,25,0,0,0,0,0,0,0,0,0,0,100,2688,2816,100,0,0,0,0,0,0,0,0,0,0,0,0,0,0,0,0,0,0,0,0,160
450172,3042,505,83,47,9999,0,0,734,0,0,0,4125,3027,0,0,62,0,8,7,1920,599,2000,1,0,4,70,72,50167,13485,320,649,107,64,320,0,25,7,72,4,4,0,10,0,0,0,0,0,2688,2816,2688,2816,4128,2208,7396,1654,0,0,0,0,100,77,39,34,39,73,77,75,0,0,63,0,0,0,0,0,0,13738,1038,331,0,331,0,340,340,100,2,1,0,999,999,18,0,25,0,0,0,0,0,0,0,0,0,0,100,2688,2816,100,0,0,0,0,0,0,0,0,0,0,0,0,0,0,0,0,0,0,0,0,160
451183,3042,505,83,47,9999,0,0,734,0,0,0,4131,3032,0,0,62,0,8,7,1920,599,2000,1,0,4,69,72,52739,13517,340,628,114,64,430,0,48,5,72,4,4,0,10,0,0,0,0,0,2688,2816,2688,2816,4128,2208,7336,1617,0,0,0,0,100,80,44,42,45,80,77,73,0,0,64,0,0,0,0,0,0,13738,1038,331,0,331,0,340,340,100,2,1,0,999,999,18,0,25,0,0,0,0,0,0,0,0,0,0,100,2688,2816,100,0,0,0,0,0,0,0,0,0,0,0,0,0,0,0,0,0,0,0,0,160
452173,3042,505,83,47,9999,0,0,567,0,0,0,4131,2342,0,0,62,0,8,7,1920,599,2000,1,0,4,70,72,50788,13600,330,634,99,65,373,0,34,7,73,4,4,0,10,0,0,0,0,0,2688,2816,2688,2816,4128,2208,7257,1597,0,0,0,0,100,77,44,41,42,74,77,77,0,0,65,0,0,0,0,0,0,13738,1038,331,0,331,0,340,340,100,3,1,0,999,999,18,0,25,0,0,0,0,0,0,0,0,0,0,100,2688,2816,100,0,0,0,0,0,0,0,0,0,0,0,0,0,0,0,0,0,0,0,0,160
453174,3042,505,83,47,9999,0,0,749,0,0,0,4131,3094,0,0,62,0,8,7,1920,599,2000,1,0,4,72,72,55295,13500,280,672,131,64,393,0,61,1,73,4,4,0,10,0,0,0,0,0,2688,2816,2688,2816,4128,2208,6456,1629,0,0,0,0,100,77,44,39,41,73,76,77,0,0,65,0,0,0,0,0,0,13738,1038,331,0,331,0,340,340,100,1,1,0,999,999,18,0,25,0,0,0,0,0,0,0,0,0,0,100,2688,2816,100,0,0,0,0,0,0,0,0,0,0,0,0,0,0,0,0,0,0,0,0,160
454177,3042,505,83,47,9999,0,0,653,0,0,0,4131,2697,0,0,62,0,8,7,1920,599,2000,1,0,4,71,72,56701,13557,303,740,139,63,372,0,55,2,73,4,4,0,10,0,0,0,0,0,2688,2816,2688,2816,4128,2208,6905,1695,0,0,0,0,100,79,46,43,47,77,76,79,0,0,61,0,0,0,0,0,0,13738,1038,331,0,331,0,340,340,100,1,1,0,999,999,18,0,25,0,0,0,0,0,0,0,0,0,0,100,2688,2816,100,0,0,0,0,0,0,0,0,0,0,0,0,0,0,0,0,0,0,0,0,160
455177,3042,505,83,47,9999,0,0,564,0,0,0,4131,2329,0,0,62,0,8,7,1920,599,2000,1,0,4,71,72,51100,13562,327,644,146,64,357,0,43,2,72,4,4,0,10,0,0,0,0,0,2688,2816,2688,2816,4128,2208,7183,1639,0,0,0,0,100,76,42,31,39,76,73,76,0,0,64,0,0,0,0,0,0,13738,1038,331,0,331,0,340,340,100,1,1,0,999,999,18,0,25,0,0,0,0,0,0,0,0,0,0,100,2688,2816,100,0,0,0,0,0,0,0,0,0,0,0,0,0,0,0,0,0,0,0,0,160
456175,3042,505,83,47,9999,0,0,699,0,0,0,4131,2887,0,0,62,0,8,7,1920,599,2000,1,0,4,71,72,52579,13545,301,624,134,64,336,0,42,3,73,4,4,0,10,0,0,0,0,0,2688,2816,2688,2816,4128,2208,7354,1651,0,0,0,0,100,80,39,39,38,71,80,77,0,0,65,0,0,0,0,0,0,13738,1038,331,0,331,0,340,340,100,3,1,0,999,999,18,0,25,0,0,0,0,0,0,0,0,0,0,100,2688,2816,100,0,0,0,0,0,0,0,0,0,0,0,0,0,0,0,0,0,0,0,0,160
457180,3042,505,83,47,9999,0,0,693,0,0,0,4131,2862,0,0,62,0,8,7,1920,599,2000,1,0,4,70,72,51551,13510,257,689,130,63,380,0,42,6,73,4,4,0,10,0,0,0,0,0,2688,2816,2688,2816,4128,2208,6142,1554,0,0,0,0,100,80,47,40,51,77,80,78,0,0,59,0,0,0,0,0,0,13738,1038,331,0,331,0,340,340,100,2,1,0,999,999,18,0,25,0,0,0,0,0,0,0,0,0,0,100,2688,2816,100,0,0,0,0,0,0,0,0,0,0,0,0,0,0,0,0,0,0,0,0,160
458174,3042,505,83,47,9999,0,0,548,0,0,0,4131,2263,0,0,62,0,8,7,1920,599,2000,1,0,4,70,72,49282,13510,257,689,130,63,380,0,42,6,73,4,4,0,10,0,0,0,0,0,2688,2816,2688,2816,4128,2208,7484,1613,0,0,0,0,100,79,45,39,42,74,79,78,0,0,62,0,0,0,0,0,0,13738,1038,331,0,331,0,340,340,100,2,1,0,999,999,18,0,25,0,0,0,0,0,0,0,0,0,0,100,2688,2816,100,0,0,0,0,0,0,0,0,0,0,0,0,0,0,0,0,0,0,0,0,160
459219,3048,505,83,47,9999,0,0,875,0,0,0,4154,3634,0,0,62,0,8,7,1920,599,2000,1,0,4,68,72,54120,13513,297,692,123,64,434,0,27,6,72,4,4,0,10,0,0,0,0,0,2688,2816,2688,2816,4128,2208,7312,1700,0,0,0,0,100,79,41,35,43,72,76,79,0,0,64,0,0,0,0,0,0,13738,1034,331,0,331,0,341,341,100,2,1,0,999,999,18,0,25,0,0,0,0,0,0,0,0,0,0,100,2688,2816,100,0,0,0,0,0,0,0,0,0,0,0,0,0,0,0,0,0,0,0,0,160
460176,3048,505,83,47,9999,0,0,622,0,0,0,4154,2583,0,0,62,0,8,7,1920,599,2000,1,0,4,68,72,53333,13522,338,617,106,64,311,0,41,5,73,4,4,0,10,0,0,0,0,0,2688,2816,2688,2816,4128,2208,7167,1663,0,0,0,0,100,79,47,42,50,76,79,76,0,0,64,0,0,0,0,0,0,13738,1034,331,0,331,0,341,341,100,2,1,0,999,999,18,0,25,0,0,0,0,0,0,0,0,0,0,100,2688,2816,100,0,0,0,0,0,0,0,0,0,0,0,0,0,0,0,0,0,0,0,0,160
461178,3048,505,83,47,9999,0,0,653,0,0,0,4136,2700,0,0,62,0,8,7,1920,599,2000,1,0,4,70,72,56410,13682,321,638,131,64,441,0,43,7,72,4,4,0,10,0,0,0,0,0,2688,2816,2688,2816,4128,2208,7341,1503,0,0,0,0,100,77,38,33,34,70,77,74,0,0,61,0,0,0,0,0,0,13738,1034,331,0,331,0,341,341,100,2,1,0,999,999,18,0,25,0,0,0,0,0,0,0,0,0,0,100,2688,2816,100,0,0,0,0,0,0,0,0,0,0,0,0,0,0,0,0,0,0,0,0,160
462178,3048,505,83,47,9999,0,0,546,0,0,0,4136,2258,0,0,62,0,8,7,1920,599,2000,1,0,4,70,72,56257,13573,305,675,107,63,303,0,54,6,73,4,4,0,10,0,0,0,0,0,2688,2816,2688,2816,4128,2208,7119,1487,0,0,0,0,100,76,40,31,38,72,74,76,0,0,63,0,0,0,0,0,0,13738,1034,331,0,331,0,341,341,100,1,1,0,999,999,18,0,25,0,0,0,0,0,0,0,0,0,0,100,2688,2816,100,0,0,0,0,0,0,0,0,0,0,0,0,0,0,0,0,0,0,0,0,160
463180,3048,505,83,47,9999,0,0,1278,0,0,0,4136,5285,0,0,62,0,8,7,1920,599,2000,1,0,4,68,72,52189,13411,294,622,107,64,375,0,62,1,73,4,4,0,10,0,0,0,0,0,2688,2816,2688,2816,4128,2208,7474,1611,0,0,0,0,100,81,50,48,55,76,81,79,0,0,60,0,0,0,0,0,0,13738,1034,331,0,331,0,341,341,100,2,1,0,999,999,18,0,25,0,0,0,0,0,0,0,0,0,0,100,2688,2816,100,0,0,0,0,0,0,0,0,0,0,0,0,0,0,0,0,0,0,0,0,160
464180,3048,505,83,47,9999,0,0,693,0,0,0,4136,2866,0,0,62,0,8,7,1920,599,2000,1,0,4,68,72,51824,13486,330,584,115,64,400,0,34,10,72,4,4,0,10,0,0,0,0,0,2688,2816,2688,2816,4128,2208,8160,1617,0,0,0,0,100,81,53,51,52,76,76,81,0,0,66,0,0,0,0,0,0,13738,1034,331,0,331,0,341,341,100,2,1,0,999,999,18,0,25,0,0,0,0,0,0,0,0,0,0,100,2688,2816,100,0,0,0,0,0,0,0,0,0,0,0,0,0,0,0,0,0,0,0,0,160
465179,3048,505,83,47,9999,0,0,660,0,0,0,4136,2729,0,0,62,0,8,7,1920,599,2000,1,0,4,67,72,51598,13731,330,705,195,64,337,0,42,7,73,4,4,0,10,0,0,0,0,0,2688,2816,2688,2816,4128,2208,8269,1482,0,0,0,0,100,75,42,36,43,74,75,74,0,0,67,0,0,0,0,0,0,13738,1034,331,0,331,0,341,341,100,2,1,0,999,999,18,0,25,0,0,0,0,0,0,0,0,0,0,100,2688,2816,100,0,0,0,0,0,0,0,0,0,0,0,0,0,0,0,0,0,0,0,0,160
466179,3048,505,83,47,9999,0,0,523,0,0,0,4136,2163,0,0,62,0,8,7,1920,599,2000,1,0,4,68,72,52913,13613,283,757,145,64,327,0,32,8,73,4,4,0,10,0,0,0,0,0,2688,2816,2688,2816,4128,2208,8522,1421,0,0,0,0,100,79,51,44,52,78,77,79,0,0,69,0,0,0,0,0,0,13738,1034,331,0,331,0,341,341,100,2,1,0,999,999,18,0,25,0,0,0,0,0,0,0,0,0,0,100,2688,2816,100,0,0,0,0,0,0,0,0,0,0,0,0,0,0,0,0,0,0,0,0,160
467179,3048,505,83,47,9999,0,0,685,0,0,0,4136,2833,0,0,62,0,8,7,1920,599,2000,1,0,4,72,72,53642,13535,271,739,105,65,321,0,43,6,72,4,4,0,10,0,0,0,0,0,2688,2816,2688,2816,4128,2208,7479,1366,0,0,0,0,100,76,38,38,40,72,73,76,0,0,68,0,0,0,0,0,0,13738,1034,331,0,331,0,341,341,100,2,1,0,999,999,18,0,25,0,0,0,0,0,0,0,0,0,0,100,2688,2816,100,0,0,0,0,0,0,0,0,0,0,0,0,0,0,0,0,0,0,0,0,160
468179,3048,505,83,47,9999,0,0,503,0,0,0,4136,2080,0,0,62,0,8,7,1920,599,2000,1,0,4,69,72,55856,13407,310,664,104,65,349,0,55,2,72,4,4,0,10,0,0,0,0,0,2688,2816,2688,2816,4128,2208,7055,1306,0,0,0,0,100,74,39,30,39,67,74,73,0,0,64,0,0,0,0,0,0,13738,1034,331,0,331,0,341,341,100,2,1,0,999,999,18,0,25,0,0,0,0,0,0,0,0,0,0,100,2688,2816,100,0,0,0,0,0,0,0,0,0,0,0,0,0,0,0,0,0,0,0,0,160
469185,3048,505,83,47,9999,0,0,839,0,0,0,4136,3470,0,0,62,0,8,7,1920,599,2000,1,0,4,67,72,53537,13418,313,649,136,64,348,0,48,4,72,4,4,0,10,0,0,0,0,0,2688,2816,2688,2816,4128,2208,7305,1326,0,0,0,0,100,78,45,36,48,78,78,77,0,0,61,0,0,0,0,0,0,13738,1034,331,0,331,0,341,341,100,2,1,0,999,999,18,0,25,0,0,0,0,0,0,0,0,0,0,100,2688,2816,100,0,0,0,0,0,0,0,0,0,0,0,0,0,0,0,0,0,0,0,0,160
470180,3048,505,83,47,9999,0,0,674,0,0,0,4136,2787,0,0,62,0,8,7,1920,599,2000,1,0,4,70,72,52355,13450,294,641,114,64,350,0,45,7,73,4,4,0,10,0,0,0,0,0,2688,2816,2688,2816,4128,2208,6757,1351,0,0,0,0,100,75,42,37,36,71,75,72,0,0,61,0,0,0,0,0,0,13738,1034,331,0,331,0,341,341,100,4,1,0,999,999,18,0,25,0,0,0,0,0,0,0,0,0,0,100,2688,2816,100,0,0,0,0,0,0,0,0,0,0,0,0,0,0,0,0,0,0,0,0,160
471182,3048,505,83,47,9999,0,0,578,0,0,0,4136,2390,0,0,62,0,8,7,1920,599,2000,1,0,4,72,72,55848,13364,297,608,112,64,340,0,49,5,72,4,4,0,10,0,0,0,0,0,2688,2816,2688,2816,4128,2208,6752,1297,0,0,0,0,100,76,35,33,35,72,76,73,0,0,59,0,0,0,0,0,0,13738,1034,331,0,331,0,341,341,100,2,1,0,999,999,18,0,25,0,0,0,0,0,0,0,0,0,0,100,2688,2816,100,0,0,0,0,0,0,0,0,0,0,0,0,0,0,0,0,0,0,0,0,160
472181,3048,505,83,47,9999,0,0,614,0,0,0,4142,2543,0,0,62,0,8,7,1920,599,2000,1,0,4,68,72,47266,13334,305,641,129,64,343,0,65,2,73,4,4,0,10,0,0,0,0,0,2688,2816,2688,2816,4128,2208,6605,1219,0,0,0,0,100,81,44,40,47,75,81,76,0,0,56,0,0,0,0,0,0,13738,1034,331,0,331,0,341,341,100,2,1,0,999,999,18,0,25,0,0,0,0,0,0,0,0,0,0,100,2688,2816,100,0,0,0,0,0,0,0,0,0,0,0,0,0,0,0,0,0,0,0,0,160
473181,3048,505,83,47,9999,0,0,643,0,0,0,4142,2663,0,0,62,0,8,7,1920,599,2000,1,0,4,70,72,54887,13326,325,610,124,64,344,0,27,10,72,4,4,0,10,0,0,0,0,0,2688,2816,2688,2816,4128,2208,6623,1562,0,0,0,0,100,75,38,34,36,71,73,75,0,0,59,0,0,0,0,0,0,13738,1034,331,0,331,0,341,341,100,4,2,0,999,999,18,0,25,0,0,0,0,0,0,0,0,0,0,100,2688,2816,100,0,0,0,0,0,0,0,0,0,0,0,0,0,0,0,0,0,0,0,0,160
474181,3048,505,83,47,9999,0,0,574,0,0,0,4142,2377,0,0,62,0,8,7,1920,599,2000,1,0,4,73,72,53625,13602,297,698,134,64,342,0,50,4,73,4,4,0,10,0,0,0,0,0,2688,2816,2688,2816,4128,2208,6229,1629,0,0,0,0,100,75,40,31,38,72,75,75,0,0,58,0,0,0,0,0,0,13738,1034,331,0,331,0,341,341,100,1,1,0,999,999,18,0,25,0,0,0,0,0,0,0,0,0,0,100,2688,2816,100,0,0,0,0,0,0,0,0,0,0,0,0,0,0,0,0,0,0,0,0,160
475182,3048,505,83,47,9999,0,0,647,0,0,0,4142,2679,0,0,62,0,8,7,1920,599,2000,1,0,4,69,72,53422,13542,326,721,111,63,366,0,64,4,72,4,4,0,10,0,0,0,0,0,2688,2816,2688,2816,4128,2208,6498,1601,0,0,0,0,100,76,42,36,49,75,76,73,0,0,57,0,0,0,0,0,0,13738,1034,331,0,331,0,341,341,100,2,1,0,999,999,18,0,25,0,0,0,0,0,0,0,0,0,0,100,2688,2816,100,0,0,0,0,0,0,0,0,0,0,0,0,0,0,0,0,0,0,0,0,160
476181,3048,505,83,47,9999,0,0,652,0,0,0,4142,2700,0,0,62,0,8,7,1920,599,2000,1,0,4,69,72,53422,13461,348,627,97,64,354,0,52,5,73,4,4,0,10,0,0,0,0,0,2688,2816,2688,2816,4128,2208,6316,1620,0,0,0,0,100,73,39,35,39,71,71,73,0,0,58,0,0,0,0,0,0,13738,1034,331,0,331,0,341,341,100,2,1,0,999,999,18,0,25,0,0,0,0,0,0,0,0,0,0,100,2688,2816,100,0,0,0,0,0,0,0,0,0,0,0,0,0,0,0,0,0,0,0,0,160
477181,3048,505,83,47,9999,0,0,553,0,0,0,4142,2290,0,0,62,0,8,7,1920,599,2000,1,0,4,71,72,52671,13480,305,609,104,64,347,0,57,3,73,4,4,0,10,0,0,0,0,0,2688,2816,2688,2816,4128,2208,7154,1517,0,0,0,0,100,74,41,32,38,69,74,70,0,0,61,0,0,0,0,0,0,13738,1034,331,0,331,0,341,341,100,2,1,0,999,999,18,0,25,0,0,0,0,0,0,0,0,0,0,100,2688,2816,100,0,0,0,0,0,0,0,0,0,0,0,0,0,0,0,0,0,0,0,0,160
478185,3048,505,83,47,9999,0,0,596,0,0,0,4142,2468,0,0,62,0,8,7,1920,599,2000,1,0,4,71,72,55352,13429,284,616,133,64,351,0,59,3,73,4,4,0,10,0,0,0,0,0,2688,2816,2688,2816,4128,2208,7236,1326,0,0,0,0,100,79,40,39,50,79,77,75,0,0,62,0,0,0,0,0,0,13738,1034,331,0,331,0,341,341,100,2,1,0,999,999,18,0,25,0,0,0,0,0,0,0,0,0,0,100,2688,2816,100,0,0,0,0,0,0,0,0,0,0,0,0,0,0,0,0,0,0,0,0,160
479217,3092,504,83,47,9999,0,0,384,0,0,0,4142,1590,0,0,62,0,8,7,1920,599,2000,1,0,4,73,72,50866,13429,281,682,132,63,321,0,38,1,72,4,4,0,10,0,0,0,0,0,2688,2816,2688,2816,4128,2208,7825,1415,0,0,0,0,100,77,40,34,40,75,77,77,0,0,62,0,0,0,0,0,0,13737,1036,329,0,329,0,339,339,100,1,1,0,999,999,18,0,25,0,0,0,0,0,0,0,0,0,0,100,2688,2816,100,0,0,0,0,0,0,0,0,0,0,0,0,0,0,0,0,0,0,0,0,160
480185,3092,504,83,47,9999,0,0,901,0,0,0,4139,3729,0,0,62,0,8,7,1920,599,2000,1,0,4,69,72,49887,13309,291,620,114,65,396,0,31,8,73,4,4,0,10,0,0,0,0,0,2688,2816,2688,2816,4128,2208,6580,1524,0,0,0,0,100,76,36,37,39,76,72,72,0,0,60,0,0,0,0,0,0,13737,1036,329,0,329,0,339,339,100,3,1,0,999,999,18,0,25,0,0,0,0,0,0,0,0,0,0,100,2688,2816,100,0,0,0,0,0,0,0,0,0,0,0,0,0,0,0,0,0,0,0,0,160
481185,3092,504,83,47,9999,0,0,525,0,0,0,4139,2172,0,0,62,0,8,7,1920,599,2000,1,0,4,68,72,56579,13368,327,591,117,64,338,0,58,7,72,4,4,0,10,0,0,0,0,0,2688,2816,2688,2816,4128,2208,6068,1591,0,0,0,0,100,78,44,40,46,78,75,75,0,0,59,0,0,0,0,0,0,13737,1036,329,0,329,0,339,339,100,5,2,0,999,999,18,0,25,0,0,0,0,0,0,0,0,0,0,100,2688,2816,100,0,0,0,0,0,0,0,0,0,0,0,0,0,0,0,0,0,0,0,0,160
482185,3092,504,83,47,9999,0,0,583,0,0,0,4146,2417,0,0,62,0,8,7,1920,599,2000,1,0,4,72,72,54961,13487,309,604,120,63,358,0,67,1,73,4,4,0,10,0,0,0,0,0,2688,2816,2688,2816,4128,2208,6416,1529,0,0,0,0,100,77,41,34,38,71,76,77,0,0,57,0,0,0,0,0,0,13737,1036,329,0,329,0,339,339,100,1,1,0,999,999,18,0,25,0,0,0,0,0,0,0,0,0,0,100,2688,2816,100,0,0,0,0,0,0,0,0,0,0,0,0,0,0,0,0,0,0,0,0,160
483186,3092,504,83,47,9999,0,0,658,0,0,0,4146,2728,0,0,62,0,8,7,1920,599,2000,1,0,4,73,72,56219,13425,281,599,117,63,360,0,67,0,73,4,4,0,10,0,0,0,0,0,2688,2816,2688,2816,4128,2208,6342,1613,0,0,0,0,100,73,38,30,35,69,72,73,0,0,59,0,0,0,0,0,0,13737,1036,329,0,329,0,339,339,100,0,0,0,999,999,18,0,25,0,0,0,0,0,0,0,0,0,0,100,2688,2816,100,0,0,0,0,0,0,0,0,0,0,0,0,0,0,0,0,0,0,0,0,160
484185,3092,504,83,47,9999,0,0,784,0,0,0,4146,3250,0,0,62,0,8,7,1920,599,2000,1,0,4,73,72,54247,13395,295,609,99,63,380,0,65,0,72,4,4,0,10,0,0,0,0,0,2688,2816,2688,2816,4128,2208,6559,1718,0,0,0,0,100,76,61,60,62,76,75,76,0,0,57,0,0,0,0,0,0,13737,1036,329,0,329,0,339,339,100,0,0,0,999,999,18,0,25,0,0,0,0,0,0,0,0,0,0,100,2688,2816,100,0,0,0,0,0,0,0,0,0,0,0,0,0,0,0,0,0,0,0,0,160
485186,3092,504,83,47,9999,0,0,579,0,0,0,4146,2400,0,0,62,0,8,7,1920,599,2000,1,0,4,68,72,53575,13516,325,636,121,64,394,0,54,7,73,4,4,0,10,0,0,0,0,0,2688,2816,2688,2816,4128,2208,7205,1397,0,0,0,0,100,79,49,46,50,72,71,79,0,0,61,0,0,0,0,0,0,13737,1036,329,0,329,0,339,339,100,5,1,0,999,999,18,0,25,0,0,0,0,0,0,0,0,0,0,100,2688,2816,100,0,0,0,0,0,0,0,0,0,0,0,0,0,0,0,0,0,0,0,0,160
486188,3092,504,83,47,9999,0,0,982,0,0,0,4146,4071,0,0,62,0,8,7,1920,599,2000,1,0,4,70,72,52147,13788,408,813,187,64,361,0,47,4,72,4,4,0,10,0,0,0,0,0,2688,2816,2688,2816,4128,2208,8840,1551,0,0,0,0,100,77,43,38,39,74,73,77,0,0,64,0,0,0,0,0,0,13737,1036,329,0,329,0,339,339,100,2,1,0,999,999,18,0,25,0,0,0,0,0,0,0,0,0,0,100,2688,2816,100,0,0,0,0,0,0,0,0,0,0,0,0,0,0,0,0,0,0,0,0,160
487187,3092,504,83,47,9999,0,0,734,0,0,0,4146,3043,0,0,62,0,8,7,1920,599,2000,1,0,4,69,72,53172,13562,320,705,120,64,398,0,38,4,72,4,4,0,10,0,0,0,0,0,2688,2816,2688,2816,4128,2208,8290,1526,0,0,0,0,100,79,52,50,55,76,77,79,0,0,66,0,0,0,0,0,0,13737,1036,329,0,329,0,339,339,100,2,1,0,999,999,18,0,25,0,0,0,0,0,0,0,0,0,0,100,2688,2816,100,0,0,0,0,0,0,0,0,0,0,0,0,0,0,0,0,0,0,0,0,160
488187,3092,504,83,47,9999,0,0,481,0,0,0,4146,1994,0,0,62,0,8,7,1920,599,2000,1,0,4,67,72,49734,13453,297,633,122,63,403,0,22,9,73,4,4,0,10,0,0,0,0,0,2688,2816,2688,2816,4128,2208,8300,1595,0,0,0,0,100,76,48,41,43,76,75,75,0,0,68,0,0,0,0,0,0,13737,1036,329,0,329,0,339,339,100,2,1,0,999,999,18,0,25,0,0,0,0,0,0,0,0,0,0,100,2688,2816,100,0,0,0,0,0,0,0,0,0,0,0,0,0,0,0,0,0,0,0,0,160
489187,3092,504,83,47,9999,0,0,903,0,0,0,4146,3743,0,0,62,0,8,7,1920,599,2000,1,0,4,68,72,51209,13464,283,638,124,65,384,0,40,5,72,4,4,0,10,0,0,0,0,0,2688,2816,2688,2816,4128,2208,7154,1714,0,0,0,0,100,75,42,41,37,71,73,75,0,0,63,0,0,0,0,0,0,13737,1036,329,0,329,0,339,339,100,2,1,0,999,999,18,0,25,0,0,0,0,0,0,0,0,0,0,100,2688,2816,100,0,0,0,0,0,0,0,0,0,0,0,0,0,0,0,0,0,0,0,0,160
490187,3092,504,83,47,9999,0,0,802,0,0,0,4146,3325,0,0,62,0,8,7,1920,599,2000,1,0,4,69,72,53533,13633,290,714,114,64,354,0,53,6,72,4,4,0,10,0,0,0,0,0,2688,2816,2688,2816,4128,2208,6829,1722,0,0,0,0,100,78,48,44,50,78,78,73,0,0,63,0,0,0,0,0,0,13737,1036,329,0,329,0,339,339,100,2,1,0,999,999,18,0,25,0,0,0,0,0,0,0,0,0,0,100,2688,2816,100,0,0,0,0,0,0,0,0,0,0,0,0,0,0,0,0,0,0,0,0,160
491187,3092,504,83,47,9999,0,0,668,0,0,0,4146,2769,0,0,62,0,8,7,1920,599,2000,1,0,4,71,72,53120,13545,307,673,108,63,353,0,44,0,72,4,4,0,10,0,0,0,0,0,2688,2816,2688,2816,4128,2208,8314,1639,0,0,0,0,100,77,39,37,41,77,75,76,0,0,65,0,0,0,0,0,0,13737,1036,329,0,329,0,339,339,100,0,0,0,999,999,18,0,25,0,0,0,0,0,0,0,0,0,0,100,2688,2816,100,0,0,0,0,0,0,0,0,0,0,0,0,0,0,0,0,0,0,0,0,160
492188,3092,504,83,47,9999,0,0,654,0,0,0,4134,2703,0,0,62,0,8,7,1920,599,2000,1,0,4,69,72,49232,13506,308,639,105,64,346,0,28,10,73,4,4,0,10,0,0,0,0,0,2688,2816,2688,2816,4128,2208,8322,1651,0,0,0,0,100,79,40,39,37,72,79,79,0,0,67,0,0,0,0,0,0,13737,1036,329,0,329,0,339,339,100,3,1,0,999,999,18,0,25,0,0,0,0,0,0,0,0,0,0,100,2688,2816,100,0,0,0,0,0,0,0,0,0,0,0,0,0,0,0,0,0,0,0,0,160
493188,3092,504,83,47,9999,0,0,636,0,0,0,4134,2629,0,0,62,0,8,7,1920,599,2000,1,0,4,70,72,55168,13513,305,633,118,64,372,0,48,3,72,4,4,0,10,0,0,0,0,0,2688,2816,2688,2816,4128,2208,7557,1672,0,0,0,0,100,78,51,39,49,74,78,75,0,0,64,0,0,0,0,0,0,13737,1036,329,0,329,0,339,339,100,2,1,0,999,999,18,0,25,0,0,0,0,0,0,0,0,0,0,100,2688,2816,100,0,0,0,0,0,0,0,0,0,0,0,0,0,0,0,0,0,0,0,0,160
494187,3092,504,83,47,9999,0,0,524,0,0,0,4134,2166,0,0,62,0,8,7,1920,599,2000,1,0,4,68,72,54259,13556,282,678,132,64,343,0,50,6,72,4,4,0,10,0,0,0,0,0,2688,2816,2688,2816,4128,2208,7978,1659,0,0,0,0,100,77,38,35,42,71,77,76,0,0,65,0,0,0,0,0,0,13737,1036,329,0,329,0,339,339,100,2,1,0,999,999,18,0,25,0,0,0,0,0,0,0,0,0,0,100,2688,2816,100,0,0,0,0,0,0,0,0,0,0,0,0,0,0,0,0,0,0,0,0,160
495192,3092,504,83,47,9999,0,0,787,0,0,0,4134,3253,0,0,62,0,8,7,1920,599,2000,1,0,4,70,72,49887,13476,299,611,269,64,364,1,27,5,73,4,4,0,10,0,0,0,0,0,2688,2816,2688,2816,4128,2208,8793,1628,0,0,0,0,100,77,35,30,36,69,77,75,0,0,67,0,0,0,0,0,0,13737,1036,329,0,329,0,339,339,100,2,1,0,999,999,18,0,25,0,0,0,0,0,0,0,0,0,0,100,2688,2816,100,0,0,0,0,0,0,0,0,0,0,0,0,0,0,0,0,0,0,0,0,160
496188,3092,504,83,47,9999,0,0,795,0,0,0,4134,3286,0,0,62,0,8,7,1920,599,2000,1,0,4,68,72,54808,13496,284,642,126,64,352,0,50,7,73,4,4,0,10,0,0,0,0,0,2688,2816,2688,2816,4128,2208,6483,1665,0,0,0,0,100,78,44,42,50,75,78,77,0,0,64,0,0,0,0,0,0,13737,1036,329,0,329,0,339,339,100,4,1,0,999,999,18,0,25,0,0,0,0,0,0,0,0,0,0,100,2688,2816,100,0,0,0,0,0,0,0,0,0,0,0,0,0,0,0,0,0,0,0,0,160
497188,3092,504,83,47,9999,0,0,711,0,0,0,4134,2939,0,0,62,0,8,7,1920,599,2000,1,0,4,73,72,50942,13473,311,631,120,64,360,0,40,0,73,4,4,0,10,0,0,0,0,0,2688,2816,2688,2816,4128,2208,7090,1642,0,0,0,0,100,81,41,40,38,72,81,76,0,0,62,0,0,0,0,0,0,13737,1036,329,0,329,0,339,339,100,1,1,0,999,999,18,0,25,0,0,0,0,0,0,0,0,0,0,100,2688,2816,100,0,0,0,0,0,0,0,0,0,0,0,0,0,0,0,0,0,0,0,0,160
498188,3092,504,83,47,9999,0,0,706,0,0,0,4134,2918,0,0,62,0,8,7,1920,599,2000,1,0,4,72,72,52648,13475,275,604,135,63,354,0,53,1,73,4,4,0,10,0,0,0,0,0,2688,2816,2688,2816,4128,2208,6870,1675,0,0,0,0,100,81,41,40,38,72,81,76,0,0,63,0,0,0,0,0,0,13737,1036,329,0,329,0,339,339,100,1,1,0,999,999,18,0,25,0,0,0,0,0,0,0,0,0,0,100,2688,2816,100,0,0,0,0,0,0,0,0,0,0,0,0,0,0,0,0,0,0,0,0,160
499232,3089,504,83,47,9999,0,0,1013,0,0,0,4134,4187,0,0,62,0,8,7,1920,599,2000,1,0,4,71,72,53776,13496,296,604,97,63,345,0,51,2,72,4,4,0,10,0,0,0,0,0,2688,2816,2688,2816,4128,2208,6895,1735,0,0,0,0,100,75,39,34,37,72,75,75,0,0,62,0,0,0,0,0,0,13737,1026,329,0,329,0,339,339,100,1,1,0,999,999,18,0,25,0,0,0,0,0,0,0,0,0,0,100,2688,2816,100,0,0,0,0,0,0,0,0,0,0,0,0,0,0,0,0,0,0,0,0,160
500189,3089,504,83,47,9999,0,0,772,0,0,0,4134,3191,0,0,62,0,8,7,1920,599,2000,1,0,4,71,72,56067,13398,280,572,113,64,363,0,66,2,73,4,4,0,10,0,0,0,0,0,2688,2816,2688,2816,4128,2208,6486,1653,0,0,0,0,100,78,42,40,47,76,78,75,0,0,63,0,0,0,0,0,0,13737,1026,329,0,329,0,339,339,100,1,1,0,999,999,18,0,25,0,0,0,0,0,0,0,0,0,0,100,2688,2816,100,0,0,0,0,0,0,0,0,0,0,0,0,0,0,0,0,0,0,0,0,160
501189,3089,504,83,47,9999,0,0,703,0,0,0,4134,2906,0,0,62,0,8,7,1920,599,2000,1,0,4,72,72,56441,13440,315,601,104,63,350,0,65,0,72,4,4,0,10,0,0,0,0,0,2688,2816,2688,2816,4128,2208,7175,1557,0,0,0,0,100,78,40,34,37,76,78,72,0,0,64,0,0,0,0,0,0,13737,1026,329,0,329,0,339,339,100,0,0,0,999,999,18,0,25,0,0,0,0,0,0,0,0,0,0,100,2688,2816,100,0,0,0,0,0,0,0,0,0,0,0,0,0,0,0,0,0,0,0,0,160
502189,3089,504,83,47,9999,0,0,975,0,0,0,4121,4017,0,0,62,0,8,7,1920,599,2000,1,0,4,72,72,57133,13493,297,637,118,64,417,0,64,0,73,4,4,0,10,0,0,0,0,0,2688,2816,2688,2816,4128,2208,7331,1455,0,0,0,0,100,74,35,24,34,72,71,74,0,0,63,0,0,0,0,0,0,13737,1026,329,0,329,0,339,339,100,0,0,0,999,999,18,0,25,0,0,0,0,0,0,0,0,0,0,100,2688,2816,100,0,0,0,0,0,0,0,0,0,0,0,0,0,0,0,0,0,0,0,0,160
503192,3089,504,83,47,9999,0,0,736,0,0,0,4121,3033,0,0,62,0,8,7,1920,599,2000,1,0,4,69,72,49809,13522,293,676,113,63,350,0,28,6,73,4,4,0,10,0,0,0,0,0,2688,2816,2688,2816,4128,2208,7614,1559,0,0,0,0,100,80,41,39,44,80,76,76,0,0,66,0,0,0,0,0,0,13737,1026,329,0,329,0,339,339,100,2,1,0,999,999,18,0,25,0,0,0,0,0,0,0,0,0,0,100,2688,2816,100,0,0,0,0,0,0,0,0,0,0,0,0,0,0,0,0,0,0,0,0,160
504188,3089,504,83,47,9999,0,0,630,0,0,0,4121,2596,0,0,62,0,8,7,1920,599,2000,1,0,4,70,72,54574,13540,316,722,110,64,399,0,51,3,73,4,4,0,10,0,0,0,0,0,2688,2816,2688,2816,4128,2208,8169,1687,0,0,0,0,100,77,35,31,34,71,77,75,0,0,67,0,0,0,0,0,0,13737,1026,329,0,329,0,339,339,100,2,1,0,999,999,18,0,25,0,0,0,0,0,0,0,0,0,0,100,2688,2816,100,0,0,0,0,0,0,0,0,0,0,0,0,0,0,0,0,0,0,0,0,160
505192,3089,504,83,47,9999,0,0,1124,0,0,0,4121,4632,0,0,62,0,8,7,1920,599,2000,1,0,4,71,72,48279,13526,310,643,117,64,370,0,25,3,72,4,4,0,10,0,0,0,0,0,2688,2816,2688,2816,4128,2208,8364,1644,0,0,0,0,100,77,37,33,33,74,77,76,0,0,68,0,0,0,0,0,0,13737,1026,329,0,329,0,339,339,100,1,1,0,999,999,18,0,25,0,0,0,0,0,0,0,0,0,0,100,2688,2816,100,0,0,0,0,0,0,0,0,0,0,0,0,0,0,0,0,0,0,0,0,160
506190,3089,504,83,47,9999,0,0,695,0,0,0,4121,2864,0,0,62,0,8,7,1920,599,2000,1,0,4,69,72,55615,13546,300,617,133,63,344,0,48,4,72,4,4,0,10,0,0,0,0,0,2688,2816,2688,2816,4128,2208,8320,1597,0,0,0,0,100,81,43,42,53,74,81,75,0,0,68,0,0,0,0,0,0,13737,1026,329,0,329,0,339,339,100,1,1,0,999,999,18,0,25,0,0,0,0,0,0,0,0,0,0,100,2688,2816,100,0,0,0,0,0,0,0,0,0,0,0,0,0,0,0,0,0,0,0,0,160
507190,3089,504,83,47,9999,0,0,447,0,0,0,4121,1842,0,0,62,0,8,7,1920,599,2000,1,0,4,69,72,47822,13526,282,664,140,65,411,0,17,4,73,4,4,0,10,0,0,0,0,0,2688,2816,2688,2816,4128,2208,6683,1562,0,0,0,0,100,78,53,50,50,76,78,76,0,0,64,0,0,0,0,0,0,13737,1026,329,0,329,0,339,339,100,2,1,0,999,999,18,0,25,0,0,0,0,0,0,0,0,0,0,100,2688,2816,100,0,0,0,0,0,0,0,0,0,0,0,0,0,0,0,0,0,0,0,0,160
508190,3089,504,83,47,9999,0,0,644,0,0,0,4121,2653,0,0,62,0,8,7,1920,599,2000,1,0,4,70,72,52515,13476,266,704,173,64,357,0,48,6,72,4,4,0,10,0,0,0,0,0,2688,2816,2688,2816,4128,2208,7060,1603,0,0,0,0,100,76,40,39,41,71,75,76,0,0,59,0,0,0,0,0,0,13737,1026,329,0,329,0,339,339,100,3,2,0,999,999,18,0,25,0,0,0,0,0,0,0,0,0,0,100,2688,2816,100,0,0,0,0,0,0,0,0,0,0,0,0,0,0,0,0,0,0,0,0,160
509190,3089,504,83,47,9999,0,0,500,0,0,0,4121,2060,0,0,62,0,8,7,1920,599,2000,1,0,4,67,72,58049,13625,305,752,174,64,377,0,64,6,72,4,4,0,10,0,0,0,0,0,2688,2816,2688,2816,4128,2208,7000,1710,0,0,0,0,100,76,42,42,46,73,76,75,0,0,63,0,0,0,0,0,0,13737,1026,329,0,329,0,339,339,100,3,2,0,999,999,18,0,25,0,0,0,0,0,0,0,0,0,0,100,2688,2816,100,0,0,0,0,0,0,0,0,0,0,0,0,0,0,0,0,0,0,0,0,160
510190,3089,504,83,47,9999,0,0,623,0,0,0,4121,2567,0,0,62,0,8,7,1920,599,2000,1,0,4,72,72,53052,13632,305,656,125,64,342,0,59,0,72,4,4,0,10,0,0,0,0,0,2688,2816,2688,2816,4128,2208,6673,1680,0,0,0,0,100,70,34,30,35,65,70,65,0,0,65,0,0,0,0,0,0,13737,1026,329,0,329,0,339,339,100,0,0,0,999,999,18,0,25,0,0,0,0,0,0,0,0,0,0,100,2688,2816,100,0,0,0,0,0,0,0,0,0,0,0,0,0,0,0,0,0,0,0,0,160
511190,3089,504,83,47,9999,0,0,762,0,0,0,4121,3140,0,0,62,0,8,7,1920,599,2000,1,0,4,71,72,54352,13506,308,593,113,65,380,0,55,2,72,4,4,0,10,0,0,0,0,0,2688,2816,2688,2816,4128,2208,6707,1651,0,0,0,0,100,73,35,33,35,67,68,73,0,0,62,0,0,0,0,0,0,13737,1026,329,0,329,0,339,339,100,1,1,0,999,999,18,0,25,0,0,0,0,0,0,0,0,0,0,100,2688,2816,100,0,0,0,0,0,0,0,0,0,0,0,0,0,0,0,0,0,0,0,0,160
512190,3089,504,83,47,9999,0,0,659,0,0,0,4126,2719,0,0,62,0,8,7,1920,599,2000,1,0,4,69,72,53182,13486,317,614,114,64,423,0,46,5,72,4,4,0,10,0,0,0,0,0,2688,2816,2688,2816,4128,2208,7295,1631,0,0,0,0,100,78,41,35,44,71,75,78,0,0,64,0,0,0,0,0,0,13737,1026,329,0,329,0,339,339,100,2,1,0,999,999,18,0,25,0,0,0,0,0,0,0,0,0,0,100,2688,2816,100,0,0,0,0,0,0,0,0,0,0,0,0,0,0,0,0,0,0,0,0,160
513190,3089,504,83,47,9999,0,0,624,0,0,0,4126,2574,0,0,62,0,8,7,1920,599,2000,1,0,4,70,72,53604,13579,346,687,116,63,363,0,56,4,73,4,4,0,10,0,0,0,0,0,2688,2816,2688,2816,4128,2208,7156,1494,0,0,0,0,100,75,38,37,39,75,75,73,0,0,64,0,0,0,0,0,0,13737,1026,329,0,329,0,339,339,100,2,1,0,999,999,18,0,25,0,0,0,0,0,0,0,0,0,0,100,2688,2816,100,0,0,0,0,0,0,0,0,0,0,0,0,0,0,0,0,0,0,0,0,160
514192,3089,504,83,47,9999,0,0,549,0,0,0,4126,2265,0,0,62,0,8,7,1920,599,2000,1,0,4,73,72,56126,13495,309,633,119,62,372,0,63,0,72,4,4,0,10,0,0,0,0,0,2688,2816,2688,2816,4128,2208,8160,1609,0,0,0,0,100,78,37,29,34,69,78,73,0,0,66,0,0,0,0,0,0,13737,1026,329,0,329,0,339,339,100,0,0,0,999,999,18,0,25,0,0,0,0,0,0,0,0,0,0,100,2688,2816,100,0,0,0,0,0,0,0,0,0,0,0,0,0,0,0,0,0,0,0,0,160
515192,3089,504,83,47,9999,0,0,876,0,0,0,4126,3614,0,0,62,0,8,7,1920,599,2000,1,0,4,69,72,52387,13445,300,610,126,64,347,0,46,8,73,4,4,0,10,0,0,0,0,0,2688,2816,2688,2816,4128,2208,9506,1586,0,0,0,0,100,79,42,43,46,79,78,76,0,0,69,0,0,0,0,0,0,13737,1026,329,0,329,0,339,339,100,4,1,0,999,999,18,0,25,0,0,0,0,0,0,0,0,0,0,100,2688,2816,100,0,0,0,0,0,0,0,0,0,0,0,0,0,0,0,0,0,0,0,0,160
516193,3089,504,83,47,9999,0,0,578,0,0,0,4126,2384,0,0,62,0,8,7,1920,599,2000,1,0,4,66,72,51136,13422,239,622,127,63,392,0,36,9,73,4,4,0,10,0,0,0,0,0,2688,2816,2688,2816,4128,2208,8114,1555,0,0,0,0,100,77,41,36,37,71,77,74,0,0,69,0,0,0,0,0,0,13737,1026,329,0,329,0,339,339,100,4,1,0,999,999,18,0,25,0,0,0,0,0,0,0,0,0,0,100,2688,2816,100,0,0,0,0,0,0,0,0,0,0,0,0,0,0,0,0,0,0,0,0,160
517193,3089,504,83,47,9999,0,0,618,0,0,0,4126,2549,0,0,62,0,8,7,1920,599,2000,1,0,4,67,72,49649,13498,311,661,117,64,407,0,25,8,72,4,4,0,10,0,0,0,0,0,2688,2816,2688,2816,4128,2208,8035,1495,0,0,0,0,100,77,35,28,37,75,77,76,0,0,68,0,0,0,0,0,0,13737,1026,329,0,329,0,339,339,100,2,1,0,999,999,18,0,25,0,0,0,0,0,0,0,0,0,0,100,2688,2816,100,0,0,0,0,0,0,0,0,0,0,0,0,0,0,0,0,0,0,0,0,160
518196,3089,504,83,47,9999,0,0,506,0,0,0,4126,2087,0,0,62,0,8,7,1920,599,2000,1,0,4,66,72,53758,13522,298,658,114,64,366,0,45,11,73,4,4,0,10,0,0,0,0,0,2688,2816,2688,2816,4128,2208,9048,1551,0,0,0,0,100,76,45,41,46,76,76,74,0,0,67,0,0,0,0,0,0,13737,1026,329,0,329,0,339,339,100,3,2,0,999,999,18,0,25,0,0,0,0,0,0,0,0,0,0,100,2688,2816,100,0,0,0,0,0,0,0,0,0,0,0,0,0,0,0,0,0,0,0,0,160
519254,3083,505,83,47,9999,0,0,887,0,0,0,4126,3659,0,0,62,0,8,7,1920,599,2000,1,0,4,66,72,51852,13412,278,600,114,63,324,0,37,9,73,4,4,0,10,0,0,0,0,0,2688,2816,2688,2816,4128,2208,7297,1612,0,0,0,0,100,75,42,37,37,75,74,72,0,0,65,0,0,0,0,0,0,13738,1028,331,0,331,0,341,341,100,3,1,0,999,999,18,0,25,0,0,0,0,0,0,0,0,0,0,100,2688,2816,100,0,0,0,0,0,0,0,0,0,0,0,0,0,0,0,0,0,0,0,0,160
520198,3083,505,83,47,9999,0,0,529,0,0,0,4126,2182,0,0,62,0,8,7,1920,599,2000,1,0,4,66,72,53064,13380,257,571,103,64,359,0,42,7,72,4,4,0,10,0,0,0,0,0,2688,2816,2688,2816,4128,2208,6810,1561,0,0,0,0,100,76,40,35,41,72,76,74,0,0,63,0,0,0,0,0,0,13738,1028,331,0,331,0,341,341,100,2,1,0,999,999,18,0,25,0,0,0,0,0,0,0,0,0,0,100,2688,2816,100,0,0,0,0,0,0,0,0,0,0,0,0,0,0,0,0,0,0,0,0,160
521196,3083,505,83,47,9999,0,0,996,0,0,0,4126,4109,0,0,62,0,8,7,1920,599,2000,1,0,4,71,72,51531,13351,284,573,93,64,317,0,46,4,72,4,4,0,10,0,0,0,0,0,2688,2816,2688,2816,4128,2208,6542,1540,0,0,0,0,100,81,45,41,47,78,81,78,0,0,60,0,0,0,0,0,0,13738,1028,331,0,331,0,341,341,100,2,1,0,999,999,18,0,25,0,0,0,0,0,0,0,0,0,0,100,2688,2816,100,0,0,0,0,0,0,0,0,0,0,0,0,0,0,0,0,0,0,0,0,160
522200,3083,505,83,47,9999,0,0,639,0,0,0,4111,2626,0,0,62,0,8,7,1920,599,2000,1,0,4,66,72,51319,13415,284,592,114,63,364,0,39,10,72,4,4,0,10,0,0,0,0,0,2688,2816,2688,2816,4128,2208,6879,1469,0,0,0,0,100,77,39,32,37,70,77,72,0,0,61,0,0,0,0,0,0,13738,1028,331,0,331,0,341,341,100,8,2,0,999,999,18,0,25,0,0,0,0,0,0,0,0,0,0,100,2688,2816,100,0,0,0,0,0,0,0,0,0,0,0,0,0,0,0,0,0,0,0,0,160
523198,3083,505,83,47,9999,0,0,460,0,0,0,4111,1891,0,0,62,0,8,7,1920,599,2000,1,0,4,71,72,55498,13400,280,590,113,63,349,0,58,3,72,4,4,0,10,0,0,0,0,0,2688,2816,2688,2816,4128,2208,7240,1465,0,0,0,0,100,76,36,34,35,72,76,73,0,0,63,0,0,0,0,0,0,13738,1028,331,0,331,0,341,341,100,1,1,0,999,999,18,0,25,0,0,0,0,0,0,0,0,0,0,100,2688,2816,100,0,0,0,0,0,0,0,0,0,0,0,0,0,0,0,0,0,0,0,0,160
524198,3083,505,83,47,9999,0,0,947,0,0,0,4111,3893,0,0,62,0,8,7,1920,599,2000,1,0,4,67,72,56175,13395,233,641,118,63,449,0,58,7,73,4,4,0,10,0,0,0,0,0,2688,2816,2688,2816,4128,2208,7390,1474,0,0,0,0,100,74,41,36,45,73,73,74,0,0,65,0,0,0,0,0,0,13738,1028,331,0,331,0,341,341,100,5,1,0,999,999,18,0,25,0,0,0,0,0,0,0,0,0,0,100,2688,2816,100,0,0,0,0,0,0,0,0,0,0,0,0,0,0,0,0,0,0,0,0,160
525199,3083,505,83,47,9999,0,0,825,0,0,0,4111,3391,0,0,62,0,8,7,1920,599,2000,1,0,4,72,72,54273,13391,525,623,122,64,391,0,52,0,72,4,4,0,10,0,0,0,0,0,2688,2816,2688,2816,4128,2208,6758,1440,0,0,0,0,100,76,40,35,40,75,76,74,0,0,66,0,0,0,0,0,0,13738,1028,331,0,331,0,341,341,100,0,0,0,999,999,18,0,25,0,0,0,0,0,0,0,0,0,0,100,2688,2816,100,0,0,0,0,0,0,0,0,0,0,0,0,0,0,0,0,0,0,0,0,160
526200,3083,505,83,47,9999,0,0,1019,0,0,0,4111,4189,0,0,62,0,8,7,1920,599,2000,1,0,4,70,72,50324,13474,348,607,111,64,427,0,36,4,72,4,4,0,10,0,0,0,0,0,2688,2816,2688,2816,4128,2208,7414,1455,0,0,0,0,100,76,40,35,35,73,76,75,0,0,65,0,0,0,0,0,0,13738,1028,331,0,331,0,341,341,100,2,1,0,999,999,18,0,25,0,0,0,0,0,0,0,0,0,0,100,2688,2816,100,0,0,0,0,0,0,0,0,0,0,0,0,0,0,0,0,0,0,0,0,160
527199,3083,505,83,47,9999,0,0,1140,0,0,0,4111,4686,0,0,62,0,8,7,1920,599,2000,1,0,4,68,72,53865,13459,302,607,107,65,339,0,49,7,73,4,4,0,10,0,0,0,0,0,2688,2816,2688,2816,4128,2208,7814,1451,0,0,0,0,100,80,48,46,50,79,80,73,0,0,62,0,0,0,0,0,0,13738,1028,331,0,331,0,341,341,100,3,1,0,999,999,18,0,25,0,0,0,0,0,0,0,0,0,0,100,2688,2816,100,0,0,0,0,0,0,0,0,0,0,0,0,0,0,0,0,0,0,0,0,160
528200,3083,505,83,47,9999,0,0,978,0,0,0,4111,4020,0,0,62,0,8,7,1920,599,2000,1,0,4,67,72,51996,13502,335,670,176,65,456,0,34,9,73,4,4,0,10,0,0,0,0,0,2688,2816,2688,2816,4128,2208,7444,1438,0,0,0,0,100,80,55,53,53,77,80,76,0,0,63,0,0,0,0,0,0,13738,1028,331,0,331,0,341,341,100,2,1,0,999,999,18,0,25,0,0,0,0,0,0,0,0,0,0,100,2688,2816,100,0,0,0,0,0,0,0,0,0,0,0,0,0,0,0,0,0,0,0,0,160
529200,3083,505,83,47,9999,0,0,710,0,0,0,4111,2918,0,0,62,0,8,7,1920,599,2000,1,0,4,68,72,51877,13549,338,713,124,64,317,0,40,5,73,4,4,0,10,0,0,0,0,0,2688,2816,2688,2816,4128,2208,7816,1608,0,0,0,0,100,78,43,38,41,78,73,75,0,0,63,0,0,0,0,0,0,13738,1028,331,0,331,0,341,341,100,2,1,0,999,999,18,0,25,0,0,0,0,0,0,0,0,0,0,100,2688,2816,100,0,0,0,0,0,0,0,0,0,0,0,0,0,0,0,0,0,0,0,0,160
530201,3083,505,83,47,9999,0,0,625,0,0,0,4111,2569,0,0,62,0,8,7,1920,599,2000,1,0,4,71,72,50563,13641,326,700,124,64,362,0,43,3,72,4,4,0,10,0,0,0,0,0,2688,2816,2688,2816,4128,2208,7247,1630,0,0,0,0,100,76,47,42,51,75,76,76,0,0,60,0,0,0,0,0,0,13738,1028,331,0,331,0,341,341,100,2,1,0,999,999,18,0,25,0,0,0,0,0,0,0,0,0,0,100,2688,2816,100,0,0,0,0,0,0,0,0,0,0,0,0,0,0,0,0,0,0,0,0,160
531199,3083,505,83,47,9999,0,0,718,0,0,0,4111,2951,0,0,62,0,8,7,1920,599,2000,1,0,4,69,72,52929,13567,312,664,105,63,367,0,53,5,73,4,4,0,10,0,0,0,0,0,2688,2816,2688,2816,4128,2208,6505,1587,0,0,0,0,100,76,39,35,38,73,75,76,0,0,61,0,0,0,0,0,0,13738,1028,331,0,331,0,341,341,100,4,1,0,999,999,18,0,25,0,0,0,0,0,0,0,0,0,0,100,2688,2816,100,0,0,0,0,0,0,0,0,0,0,0,0,0,0,0,0,0,0,0,0,160
532200,3083,505,83,47,9999,0,0,562,0,0,0,4128,2319,0,0,62,0,8,7,1920,599,2000,1,0,4,71,72,54199,13454,300,595,108,63,347,0,50,2,72,4,4,0,10,0,0,0,0,0,2688,2816,2688,2816,4128,2208,6871,1617,0,0,0,0,100,80,43,42,42,80,74,77,0,0,60,0,0,0,0,0,0,13738,1028,331,0,331,0,341,341,100,1,1,0,999,999,18,0,25,0,0,0,0,0,0,0,0,0,0,100,2688,2816,100,0,0,0,0,0,0,0,0,0,0,0,0,0,0,0,0,0,0,0,0,160
533199,3083,505,83,47,9999,0,0,568,0,0,0,4128,2344,0,0,62,0,8,7,1920,599,2000,1,0,4,71,72,55353,13508,361,601,105,64,343,0,61,2,72,4,4,0,10,0,0,0,0,0,2688,2816,2688,2816,4128,2208,6915,1688,0,0,0,0,100,73,45,41,45,73,70,72,0,0,61,0,0,0,0,0,0,13738,1028,331,0,331,0,341,341,100,1,1,0,999,999,18,0,25,0,0,0,0,0,0,0,0,0,0,100,2688,2816,100,0,0,0,0,0,0,0,0,0,0,0,0,0,0,0,0,0,0,0,0,160
534202,3083,505,83,47,9999,0,0,709,0,0,0,4128,2926,0,0,62,0,8,7,1920,599,2000,1,0,4,71,72,55254,13560,326,616,120,64,444,0,67,1,72,4,4,0,10,0,0,0,0,0,2688,2816,2688,2816,4128,2208,7317,1686,0,0,0,0,100,68,41,33,37,56,68,65,0,0,63,0,0,0,0,0,0,13738,1028,331,0,331,0,341,341,100,1,1,0,999,999,18,0,25,0,0,0,0,0,0,0,0,0,0,100,2688,2816,100,0,0,0,0,0,0,0,0,0,0,0,0,0,0,0,0,0,0,0,0,160
535202,3083,505,83,47,9999,0,0,708,0,0,0,4128,2922,0,0,62,0,8,7,1920,599,2000,1,0,4,71,72,53329,13575,280,654,127,64,343,0,54,2,73,4,4,0,10,0,0,0,0,0,2688,2816,2688,2816,4128,2208,7210,1700,0,0,0,0,100,71,38,34,38,60,71,66,0,0,65,0,0,0,0,0,0,13738,1028,331,0,331,0,341,341,100,2,1,0,999,999,18,0,25,0,0,0,0,0,0,0,0,0,0,100,2688,2816,100,0,0,0,0,0,0,0,0,0,0,0,0,0,0,0,0,0,0,0,0,160
536200,3083,505,83,47,9999,0,0,731,0,0,0,4128,3017,0,0,62,0,8,7,1920,599,2000,1,0,4,72,72,55764,13617,356,669,118,65,367,0,67,0,72,4,4,0,10,0,0,0,0,0,2688,2816,2688,2816,4128,2208,7909,1710,0,0,0,0,100,75,41,39,45,64,67,75,0,0,66,0,0,0,0,0,0,13738,1028,331,0,331,0,341,341,100,0,0,0,999,999,18,0,25,0,0,0,0,0,0,0,0,0,0,100,2688,2816,100,0,0,0,0,0,0,0,0,0,0,0,0,0,0,0,0,0,0,0,0,160
537201,3083,505,83,47,9999,0,0,781,0,0,0,4128,3223,0,0,62,0,8,7,1920,599,2000,1,0,4,71,72,55537,13640,353,707,129,64,341,0,61,3,73,4,4,0,10,0,0,0,0,0,2688,2816,2688,2816,4128,2208,7689,1652,0,0,0,0,100,65,38,30,39,60,65,61,0,0,66,0,0,0,0,0,0,13738,1028,331,0,331,0,341,341,100,2,1,0,999,999,18,0,25,0,0,0,0,0,0,0,0,0,0,100,2688,2816,100,0,0,0,0,0,0,0,0,0,0,0,0,0,0,0,0,0,0,0,0,160
538201,3083,505,83,47,9999,0,0,712,0,0,0,4128,2939,0,0,62,0,8,7,1920,599,2000,1,0,4,67,72,49899,13629,285,691,149,64,413,0,34,10,73,4,4,0,10,0,0,0,0,0,2688,2816,2688,2816,4128,2208,7541,1676,0,0,0,0,100,69,41,39,41,66,69,68,0,0,67,0,0,0,0,0,0,13738,1028,331,0,331,0,341,341,100,3,1,0,999,999,18,0,25,0,0,0,0,0,0,0,0,0,0,100,2688,2816,100,0,0,0,0,0,0,0,0,0,0,0,0,0,0,0,0,0,0,0,0,160
539241,3096,504,83,47,9999,0,0,607,0,0,0,4128,2505,0,0,62,0,8,7,1920,599,2000,1,0,4,71,72,57167,13610,271,692,131,65,331,0,68,1,72,4,4,0,10,0,0,0,0,0,2688,2816,2688,2816,4128,2208,8466,1725,0,0,0,0,100,76,40,41,44,76,70,73,0,0,69,0,0,0,0,0,0,13737,1030,329,0,329,0,339,339,100,1,1,0,999,999,18,0,25,0,0,0,0,0,0,0,0,0,0,100,2688,2816,100,0,0,0,0,0,0,0,0,0,0,0,0,0,0,0,0,0,0,0,0,160
540201,3096,504,83,47,9999,0,0,735,0,0,0,4128,3034,0,0,62,0,8,7,1920,599,2000,1,0,4,72,72,55512,13556,321,668,99,64,338,0,57,0,73,4,4,0,10,0,0,0,0,0,2688,2816,2688,2816,4128,2208,7737,1611,0,0,0,0,100,75,39,36,38,72,75,75,0,0,70,0,0,0,0,0,0,13737,1030,329,0,329,0,339,339,100,0,0,0,999,999,18,0,25,0,0,0,0,0,0,0,0,0,0,100,2688,2816,100,0,0,0,0,0,0,0,0,0,0,0,0,0,0,0,0,0,0,0,0,160
541201,3096,504,83,47,9999,0,0,955,0,0,0,4128,3942,0,0,62,0,8,7,1920,599,2000,1,0,4,69,72,50528,13529,335,614,130,64,343,0,34,7,72,4,4,0,10,0,0,0,0,0,2688,2816,2688,2816,4128,2208,8282,1598,0,0,0,0,100,80,41,36,41,71,75,80,0,0,70,0,0,0,0,0,0,13737,1030,329,0,329,0,339,339,100,2,1,0,999,999,18,0,25,0,0,0,0,0,0,0,0,0,0,100,2688,2816,100,0,0,0,0,0,0,0,0,0,0,0,0,0,0,0,0,0,0,0,0,160
542204,3096,504,83,47,9999,0,0,814,0,0,0,4125,3357,0,0,62,0,8,7,1920,599,2000,1,0,4,69,72,51926,13550,298,644,125,64,401,0,38,7,73,4,4,0,10,0,0,0,0,0,2688,2816,2688,2816,4128,2208,8835,1742,0,0,0,0,100,80,45,41,45,76,80,77,0,0,71,0,0,0,0,0,0,13737,1030,329,0,329,0,339,339,100,2,1,0,999,999,18,0,25,0,0,0,0,0,0,0,0,0,0,100,2688,2816,100,0,0,0,0,0,0,0,0,0,0,0,0,0,0,0,0,0,0,0,0,160
543204,3096,504,83,47,9999,0,0,725,0,0,0,4125,2990,0,0,62,0,8,7,1920,599,2000,1,0,4,70,72,53927,13534,281,595,109,63,349,0,48,2,72,4,4,0,10,0,0,0,0,0,2688,2816,2688,2816,4128,2208,8335,1709,0,0,0,0,100,77,41,35,38,70,77,75,0,0,71,0,0,0,0,0,0,13737,1030,329,0,329,0,339,339,100,1,1,0,999,999,18,0,25,0,0,0,0,0,0,0,0,0,0,100,2688,2816,100,0,0,0,0,0,0,0,0,0,0,0,0,0,0,0,0,0,0,0,0,160
544205,3096,504,83,47,9999,0,0,921,0,0,0,4125,3799,0,0,62,0,8,7,1920,599,2000,1,0,4,66,72,49203,13454,280,557,114,64,339,0,26,10,72,4,4,0,10,0,0,0,0,0,2688,2816,2688,2816,4128,2208,8304,1762,0,0,0,0,100,78,40,42,43,76,75,78,0,0,67,0,0,0,0,0,0,13737,1030,329,0,329,0,339,339,100,3,1,0,999,999,18,0,25,0,0,0,0,0,0,0,0,0,0,100,2688,2816,100,0,0,0,0,0,0,0,0,0,0,0,0,0,0,0,0,0,0,0,0,160
545204,3096,504,83,47,9999,0,0,844,0,0,0,4125,3481,0,0,62,0,8,7,1920,599,2000,1,0,4,66,72,52367,13531,334,595,100,64,348,0,36,10,73,4,4,0,10,0,0,0,0,0,2688,2816,2688,2816,4128,2208,7449,1623,0,0,0,0,100,83,56,57,55,79,83,76,0,0,68,0,0,0,0,0,0,13737,1030,329,0,329,0,339,339,100,3,2,0,999,999,18,0,25,0,0,0,0,0,0,0,0,0,0,100,2688,2816,100,0,0,0,0,0,0,0,0,0,0,0,0,0,0,0,0,0,0,0,0,160
546204,3096,504,83,47,9999,0,0,725,0,0,0,4125,2990,0,0,62,0,8,7,1920,599,2000,1,0,4,72,72,50278,13574,322,649,104,64,452,0,39,4,73,4,4,0,10,0,0,0,0,0,2688,2816,2688,2816,4128,2208,6508,1602,0,0,0,0,100,77,43,40,41,68,74,77,0,0,64,0,0,0,0,0,0,13737,1030,329,0,329,0,339,339,100,3,1,0,999,999,18,0,25,0,0,0,0,0,0,0,0,0,0,100,2688,2816,100,0,0,0,0,0,0,0,0,0,0,0,0,0,0,0,0,0,0,0,0,160
547204,3096,504,83,47,9999,0,0,1049,0,0,0,4125,4327,0,0,62,0,8,7,1920,599,2000,1,0,4,68,72,47719,13467,285,608,251,64,397,1,28,7,73,4,4,0,10,0,0,0,0,0,2688,2816,2688,2816,4128,2208,6705,1565,0,0,0,0,100,77,46,47,45,70,77,74,0,0,62,0,0,0,0,0,0,13737,1030,329,0,329,0,339,339,100,3,1,0,999,999,18,0,25,0,0,0,0,0,0,0,0,0,0,100,2688,2816,100,0,0,0,0,0,0,0,0,0,0,0,0,0,0,0,0,0,0,0,0,160
548203,3096,504,83,47,9999,0,0,1202,0,0,0,4125,4958,0,0,62,0,8,7,1920,599,2000,1,0,4,71,72,54088,13572,282,736,107,64,348,0,51,2,71,4,4,0,10,0,0,0,0,0,2688,2816,2688,2816,4128,2208,5631,1626,0,0,0,0,100,77,51,49,53,75,77,75,0,0,58,0,0,0,0,0,0,13737,1030,329,0,329,0,339,339,100,1,1,0,999,999,18,0,25,0,0,0,0,0,0,0,0,0,0,100,2688,2816,100,0,0,0,0,0,0,0,0,0,0,0,0,0,0,0,0,0,0,0,0,160
549203,3096,504,83,47,9999,0,0,626,0,0,0,4125,2582,0,0,62,0,8,7,1920,599,2000,1,0,4,71,72,52409,13558,349,643,105,64,345,0,53,3,72,4,4,0,10,0,0,0,0,0,2688,2816,2688,2816,4128,2208,6726,1629,0,0,0,0,100,78,50,46,50,73,75,78,0,0,57,0,0,0,0,0,0,13737,1030,329,0,329,0,339,339,100,2,1,0,999,999,18,0,25,0,0,0,0,0,0,0,0,0,0,100,2688,2816,100,0,0,0,0,0,0,0,0,0,0,0,0,0,0,0,0,0,0,0,0,160
550206,3096,504,83,47,9999,0,0,734,0,0,0,4125,3027,0,0,62,0,8,7,1920,599,2000,1,0,4,73,72,54300,13667,322,713,138,63,354,0,59,0,73,4,4,0,10,0,0,0,0,0,2688,2816,2688,2816,4128,2208,6638,1630,0,0,0,0,100,78,49,46,50,77,78,77,0,0,60,0,0,0,0,0,0,13737,1030,329,0,329,0,339,339,100,0,0,0,999,999,18,0,25,0,0,0,0,0,0,0,0,0,0,100,2688,2816,100,0,0,0,0,0,0,0,0,0,0,0,0,0,0,0,0,0,0,0,0,160
551206,3096,504,83,47,9999,0,0,777,0,0,0,4125,3205,0,0,62,0,8,7,1920,599,2000,1,0,4,67,72,51150,13574,313,657,103,64,342,0,37,8,72,4,4,0,10,0,0,0,0,0,2688,2816,2688,2816,4128,2208,7233,1632,0,0,0,0,100,77,44,39,43,71,74,77,0,0,57,0,0,0,0,0,0,13737,1030,329,0,329,0,339,339,100,4,1,0,999,999,18,0,25,0,0,0,0,0,0,0,0,0,0,100,2688,2816,100,0,0,0,0,0,0,0,0,0,0,0,0,0,0,0,0,0,0,0,0,160
552206,3096,504,83,47,9999,0,0,829,0,0,0,4136,3428,0,0,62,0,8,7,1920,599,2000,1,0,4,71,72,55218,13506,295,602,118,63,346,0,64,3,73,4,4,0,10,0,0,0,0,0,2688,2816,2688,2816,4128,2208,6680,1590,0,0,0,0,100,73,40,31,34,66,73,73,0,0,61,0,0,0,0,0,0,13737,1030,329,0,329,0,339,339,100,3,1,0,999,999,18,0,25,0,0,0,0,0,0,0,0,0,0,100,2688,2816,100,0,0,0,0,0,0,0,0,0,0,0,0,0,0,0,0,0,0,0,0,160
553206,3096,504,82,47,9999,0,0,758,0,0,0,4136,3135,0,0,62,0,8,7,1920,599,2000,1,0,4,69,72,54481,13477,331,591,111,65,368,0,55,5,73,4,4,0,10,0,0,0,0,0,2688,2816,2688,2816,4128,2208,6013,1617,0,0,0,0,100,78,42,41,49,76,78,74,0,0,60,0,0,0,0,0,0,13737,1030,329,0,329,0,339,339,100,2,1,0,999,999,18,0,25,0,0,0,0,0,0,0,0,0,0,100,2688,2816,100,0,0,0,0,0,0,0,0,0,0,0,0,0,0,0,0,0,0,0,0,160
554207,3096,504,82,47,9999,0,0,765,0,0,0,4136,3164,0,0,62,0,8,7,1920,599,2000,1,0,4,70,72,53870,13664,363,673,160,64,356,0,49,4,73,4,4,0,10,0,0,0,0,0,2688,2816,2688,2816,4128,2208,6698,1678,0,0,0,0,100,81,45,41,43,76,79,81,0,0,58,0,0,0,0,0,0,13737,1030,329,0,329,0,339,339,100,2,1,0,999,999,18,0,25,0,0,0,0,0,0,0,0,0,0,100,2688,2816,100,0,0,0,0,0,0,0,0,0,0,0,0,0,0,0,0,0,0,0,0,160
555207,3096,504,82,47,9999,0,0,971,0,0,0,4136,4016,0,0,62,0,8,7,1920,599,2000,1,0,4,70,72,54801,13683,325,723,135,65,365,0,53,2,72,4,4,0,10,0,0,0,0,0,2688,2816,2688,2816,4128,2208,6568,1660,0,0,0,0,100,80,37,31,37,75,80,74,0,0,59,0,0,0,0,0,0,13737,1030,329,0,329,0,339,339,100,1,1,0,999,999,18,0,25,0,0,0,0,0,0,0,0,0,0,100,2688,2816,100,0,0,0,0,0,0,0,0,0,0,0,0,0,0,0,0,0,0,0,0,160
556210,3096,504,82,47,9999,0,0,662,0,0,0,4136,2738,0,0,62,0,8,7,1920,599,2000,1,0,4,69,72,48916,13592,359,635,100,64,334,0,37,6,72,4,4,0,10,0,0,0,0,0,2688,2816,2688,2816,4128,2208,8198,1694,0,0,0,0,100,81,44,39,44,76,81,76,0,0,60,0,0,0,0,0,0,13737,1030,329,0,329,0,339,339,100,2,1,0,999,999,18,0,25,0,0,0,0,0,0,0,0,0,0,100,2688,2816,100,0,0,0,0,0,0,0,0,0,0,0,0,0,0,0,0,0,0,0,0,160
557209,3096,504,82,47,9999,0,0,825,0,0,0,4136,3412,0,0,62,0,8,7,1920,599,2000,1,0,4,69,72,51503,13474,294,615,113,65,364,0,36,4,72,4,4,0,10,0,0,0,0,0,2688,2816,2688,2816,4128,2208,9271,1635,0,0,0,0,100,75,39,33,39,69,73,75,0,0,69,0,0,0,0,0,0,13737,1030,329,0,329,0,339,339,100,2,1,0,999,999,18,0,25,0,0,0,0,0,0,0,0,0,0,100,2688,2816,100,0,0,0,0,0,0,0,0,0,0,0,0,0,0,0,0,0,0,0,0,160
558211,3096,504,82,47,9999,0,0,734,0,0,0,4136,3035,0,0,62,0,8,7,1920,599,2000,1,0,4,65,72,49447,13562,306,638,106,64,344,0,23,11,72,4,4,0,10,0,0,0,0,0,2688,2816,2688,2816,4128,2208,8540,1657,0,0,0,0,100,70,42,36,39,66,70,65,0,0,70,0,0,0,0,0,0,13737,1030,329,0,329,0,339,339,100,2,1,0,999,999,18,0,25,0,0,0,0,0,0,0,0,0,0,100,2688,2816,100,0,0,0,0,0,0,0,0,0,0,0,0,0,0,0,0,0,0,0,0,160
559246,3087,506,82,47,9999,0,0,1038,0,0,0,4136,4293,0,0,62,0,8,7,1920,599,2000,1,0,4,67,72,47159,13544,290,622,106,65,339,0,22,12,73,4,4,0,10,0,0,0,0,0,2688,2816,2688,2816,4128,2208,9530,1753,0,0,0,0,100,71,44,43,48,63,71,70,0,0,71,0,0,0,0,0,0,13739,1034,331,0,331,0,341,341,100,2,1,0,999,999,18,0,25,0,0,0,0,0,0,0,0,0,0,100,2688,2816,100,0,0,0,0,0,0,0,0,0,0,0,0,0,0,0,0,0,0,0,0,160
560210,3087,506,82,47,9999,0,0,996,0,0,0,4136,4119,0,0,62,0,8,7,1920,599,2000,1,0,4,69,72,52044,13588,288,649,98,63,329,0,43,7,72,4,4,0,10,0,0,0,0,0,2688,2816,2688,2816,4128,2208,7686,1735,0,0,0,0,100,73,44,39,42,66,73,60,0,0,70,0,0,0,0,0,0,13739,1034,331,0,331,0,341,341,100,2,1,0,999,999,18,0,25,0,0,0,0,0,0,0,0,0,0,100,2688,2816,100,0,0,0,0,0,0,0,0,0,0,0,0,0,0,0,0,0,0,0,0,160
561210,3087,506,82,47,9999,0,0,892,0,0,0,4136,3689,0,0,62,0,8,7,1920,599,2000,1,0,4,71,72,46162,13450,292,589,103,64,360,0,33,0,72,4,4,0,10,0,0,0,0,0,2688,2816,2688,2816,4128,2208,7870,1677,0,0,0,0,100,73,40,31,43,63,73,62,0,0,68,0,0,0,0,0,0,13739,1034,331,0,331,0,341,341,100,0,0,0,999,999,18,0,25,0,0,0,0,0,0,0,0,0,0,100,2688,2816,100,0,0,0,0,0,0,0,0,0,0,0,0,0,0,0,0,0,0,0,0,160
562210,3087,506,82,48,9999,0,0,966,0,0,0,4115,3975,0,0,62,0,8,7,1920,599,2000,1,0,4,69,72,48101,13470,301,600,145,64,410,0,29,7,72,4,4,0,10,0,0,0,0,0,2688,2816,2688,2816,4128,2208,7437,1674,0,0,0,0,100,72,48,44,49,71,72,68,0,0,66,0,0,0,0,0,0,13739,1034,331,0,331,0,341,341,100,2,1,0,999,999,18,0,25,0,0,0,0,0,0,0,0,0,0,100,2688,2816,100,0,0,0,0,0,0,0,0,0,0,0,0,0,0,0,0,0,0,0,0,160
563211,3087,506,82,48,9999,0,0,1016,0,0,0,4115,4180,0,0,62,0,8,7,1920,599,2000,1,0,4,72,72,50974,13625,315,636,122,64,357,0,44,2,73,4,4,0,10,0,0,0,0,0,2688,2816,2688,2816,4128,2208,7946,1700,0,0,0,0,100,73,41,38,41,62,73,68,0,0,66,0,0,0,0,0,0,13739,1034,331,0,331,0,341,341,100,2,1,0,999,999,18,0,25,0,0,0,0,0,0,0,0,0,0,100,2688,2816,100,0,0,0,0,0,0,0,0,0,0,0,0,0,0,0,0,0,0,0,0,160
564210,3087,506,82,48,9999,0,0,412,0,0,0,4115,1695,0,0,62,0,8,7,1920,599,2000,1,0,4,71,72,50208,13627,622,679,117,64,323,0,34,7,73,4,4,0,10,0,0,0,0,0,2688,2816,2688,2816,4128,2208,7510,1694,0,0,0,0,100,66,36,30,33,64,66,63,0,0,68,0,0,0,0,0,0,13739,1034,331,0,331,0,341,341,100,4,1,0,999,999,18,0,25,0,0,0,0,0,0,0,0,0,0,100,2688,2816,100,0,0,0,0,0,0,0,0,0,0,0,0,0,0,0,0,0,0,0,0,160
565210,3087,506,82,48,9999,0,0,655,0,0,0,4115,2695,0,0,62,0,8,7,1920,599,2000,1,0,4,68,72,50460,13576,358,628,122,64,372,0,35,6,73,4,4,0,10,0,0,0,0,0,2688,2816,2688,2816,4128,2208,6846,1667,0,0,0,0,100,70,41,37,42,70,70,64,0,0,65,0,0,0,0,0,0,13739,1034,331,0,331,0,341,341,100,2,1,0,999,999,18,0,25,0,0,0,0,0,0,0,0,0,0,100,2688,2816,100,0,0,0,0,0,0,0,0,0,0,0,0,0,0,0,0,0,0,0,0,160
566210,3087,506,82,48,9999,0,0,415,0,0,0,4115,1707,0,0,62,0,8,7,1920,599,2000,1,0,4,72,72,56924,13545,364,622,101,64,367,0,61,0,72,4,4,0,10,0,0,0,0,0,2688,2816,2688,2816,4128,2208,7229,1655,0,0,0,0,100,74,39,32,37,68,65,74,0,0,65,0,0,0,0,0,0,13739,1034,331,0,331,0,341,341,100,0,0,0,999,999,18,0,25,0,0,0,0,0,0,0,0,0,0,100,2688,2816,100,0,0,0,0,0,0,0,0,0,0,0,0,0,0,0,0,0,0,0,0,160
567211,3087,506,82,48,9999,0,0,228,0,0,0,4115,938,0,0,62,0,8,7,1920,599,2000,1,0,4,72,72,53025,13616,319,659,102,64,418,0,54,2,72,4,4,0,10,0,0,0,0,0,2688,2816,2688,2816,4128,2208,5257,1549,0,0,0,0,100,70,38,30,35,56,70,67,0,0,60,0,0,0,0,0,0,13739,1034,331,0,331,0,341,341,100,2,1,0,999,999,18,0,25,0,0,0,0,0,0,0,0,0,0,100,2688,2816,100,0,0,0,0,0,0,0,0,0,0,0,0,0,0,0,0,0,0,0,0,160
568210,3087,506,82,48,9999,0,0,392,0,0,0,4115,1613,0,0,62,0,8,7,1920,599,2000,1,0,4,70,72,54441,13479,317,645,122,63,417,0,75,2,72,4,4,0,10,0,0,0,0,0,2688,2816,2688,2816,4128,2208,6030,1615,0,0,0,0,100,73,44,39,44,72,73,62,0,0,53,0,0,0,0,0,0,13739,1034,331,0,331,0,341,341,100,1,1,0,999,999,18,0,25,0,0,0,0,0,0,0,0,0,0,100,2688,2816,100,0,0,0,0,0,0,0,0,0,0,0,0,0,0,0,0,0,0,0,0,160
569210,3087,506,82,48,9999,0,0,647,0,0,0,4115,2662,0,0,62,0,8,7,1920,599,2000,1,0,4,71,72,52835,13497,368,625,108,64,359,0,59,1,73,4,4,0,10,0,0,0,0,0,2688,2816,2688,2816,4128,2208,5970,1736,0,0,0,0,100,72,42,32,34,65,72,65,0,0,55,0,0,0,0,0,0,13739,1034,331,0,331,0,341,341,100,1,1,0,999,999,18,0,25,0,0,0,0,0,0,0,0,0,0,100,2688,2816,100,0,0,0,0,0,0,0,0,0,0,0,0,0,0,0,0,0,0,0,0,160
570211,3087,506,82,48,9999,0,0,620,0,0,0,4115,2551,0,0,62,0,8,7,1920,599,2000,1,0,4,71,72,52330,13560,321,660,142,64,340,0,57,3,73,4,4,0,10,0,0,0,0,0,2688,2816,2688,2816,4128,2208,4566,1644,0,0,0,0,100,72,50,46,48,64,72,71,0,0,54,0,0,0,0,0,0,13739,1034,331,0,331,0,341,341,100,2,1,0,999,999,18,0,25,0,0,0,0,0,0,0,0,0,0,100,2688,2816,100,0,0,0,0,0,0,0,0,0,0,0,0,0,0,0,0,0,0,0,0,160
571211,3087,506,82,48,9999,0,0,524,0,0,0,4115,2156,0,0,62,0,8,7,1920,599,2000,1,0,4,72,72,56644,13576,304,665,105,64,346,0,66,1,72,4,4,0,10,0,0,0,0,0,2688,2816,2688,2816,4128,2208,6943,1636,0,0,0,0,100,73,47,44,49,73,66,70,0,0,58,0,0,0,0,0,0,13739,1034,331,0,331,0,341,341,100,1,1,0,999,999,18,0,25,0,0,0,0,0,0,0,0,0,0,100,2688,2816,100,0,0,0,0,0,0,0,0,0,0,0,0,0,0,0,0,0,0,0,0,160
572211,3087,506,82,48,9999,0,0,634,0,0,0,4134,2620,0,0,62,0,8,7,1920,599,2000,1,0,4,72,72,58730,13503,314,605,109,63,360,0,75,0,72,4,4,0,10,0,0,0,0,0,2688,2816,2688,2816,4128,2208,6183,1653,0,0,0,0,100,68,43,37,42,65,64,68,0,0,58,0,0,0,0,0,0,13739,1034,331,0,331,0,341,341,100,0,0,0,999,999,18,0,25,0,0,0,0,0,0,0,0,0,0,100,2688,2816,100,0,0,0,0,0,0,0,0,0,0,0,0,0,0,0,0,0,0,0,0,160
573212,3087,506,82,48,9999,0,0,668,0,0,0,4134,2761,0,0,62,0,8,7,1920,599,2000,1,0,4,71,72,59502,13487,346,619,103,63,391,0,81,0,73,4,4,0,10,0,0,0,0,0,2688,2816,2688,2816,4128,2208,6559,1514,0,0,0,0,100,67,36,34,37,62,67,61,0,0,58,0,0,0,0,0,0,13739,1034,331,0,331,0,341,341,100,0,0,0,999,999,18,0,25,0,0,0,0,0,0,0,0,0,0,100,2688,2816,100,0,0,0,0,0,0,0,0,0,0,0,0,0,0,0,0,0,0,0,0,160
574211,3087,506,82,48,9999,0,0,680,0,0,0,4134,2811,0,0,62,0,8,7,1920,599,2000,1,0,4,72,72,55343,13534,358,648,125,64,409,0,59,2,73,4,4,0,10,0,0,0,0,0,2688,2816,2688,2816,4128,2208,6265,1584,0,0,0,0,100,73,40,37,43,68,73,64,0,0,58,0,0,0,0,0,0,13739,1034,331,0,331,0,341,341,100,1,1,0,999,999,18,0,25,0,0,0,0,0,0,0,0,0,0,100,2688,2816,100,0,0,0,0,0,0,0,0,0,0,0,0,0,0,0,0,0,0,0,0,160
575212,3087,506,82,48,9999,0,0,318,0,0,0,4134,1314,0,0,62,0,8,7,1920,599,2000,1,0,4,72,72,59049,13556,346,642,119,64,366,0,75,0,73,4,4,0,10,0,0,0,0,0,2688,2816,2688,2816,4128,2208,6230,1538,0,0,0,0,100,70,35,30,36,66,64,70,0,0,58,0,0,0,0,0,0,13739,1034,331,0,331,0,341,341,100,0,0,0,999,999,18,0,25,0,0,0,0,0,0,0,0,0,0,100,2688,2816,100,0,0,0,0,0,0,0,0,0,0,0,0,0,0,0,0,0,0,0,0,160
576213,3087,506,82,48,9999,0,0,769,0,0,0,4134,3179,0,0,62,0,8,7,1920,599,2000,1,0,4,72,72,57831,13559,446,681,117,63,416,0,79,0,72,4,4,0,10,0,0,0,0,0,2688,2816,2688,2816,4128,2208,6274,1587,0,0,0,0,100,68,34,30,31,64,62,68,0,0,57,0,0,0,0,0,0,13739,1034,331,0,331,0,341,341,100,0,0,0,999,999,18,0,25,0,0,0,0,0,0,0,0,0,0,100,2688,2816,100,0,0,0,0,0,0,0,0,0,0,0,0,0,0,0,0,0,0,0,0,160
577212,3087,506,82,48,9999,0,0,471,0,0,0,4134,1947,0,0,62,0,8,7,1920,599,2000,1,0,4,74,72,55591,13484,352,642,103,63,357,0,69,0,72,4,4,0,10,0,0,0,0,0,2688,2816,2688,2816,4128,2208,5834,1505,0,0,0,0,100,68,37,32,43,66,67,68,0,0,57,0,0,0,0,0,0,13739,1034,331,0,331,0,341,341,100,0,0,0,999,999,18,0,25,0,0,0,0,0,0,0,0,0,0,100,2688,2816,100,0,0,0,0,0,0,0,0,0,0,0,0,0,0,0,0,0,0,0,0,160
578212,3087,506,82,48,9999,0,0,536,0,0,0,4134,2215,0,0,62,0,8,7,1920,599,2000,1,0,4,71,72,51573,13412,375,604,117,63,385,0,81,0,72,4,4,0,10,0,0,0,0,0,2688,2816,2688,2816,4128,2208,6330,1760,0,0,0,0,100,58,35,31,36,51,54,58,0,0,54,0,0,0,0,0,0,13739,1034,331,0,331,0,341,341,100,0,0,0,999,999,18,0,25,0,0,0,0,0,0,0,0,0,0,100,2688,2816,100,0,0,0,0,0,0,0,0,0,0,0,0,0,0,0,0,0,0,0,0,160
579247,3071,506,82,48,9999,0,0,812,0,0,0,4134,3356,0,0,62,0,8,7,1920,599,2000,1,0,4,71,72,42353,13617,341,667,105,64,333,0,29,8,73,4,4,0,10,0,0,0,0,0,2688,2816,2688,2816,4128,2208,5714,1578,0,0,0,0,100,48,32,33,33,46,47,48,0,0,56,0,0,0,0,0,0,13739,1034,331,0,331,0,341,341,100,5,1,0,999,999,18,0,25,0,0,0,0,0,0,0,0,0,0,100,2688,2816,100,0,0,0,0,0,0,0,0,0,0,0,0,0,0,0,0,0,0,0,0,160
580214,3071,506,82,47,9999,0,0,816,0,0,0,4127,3367,0,0,62,0,8,7,1920,599,2000,1,0,4,72,72,57604,13459,312,601,116,64,414,0,74,0,72,4,4,0,10,0,0,0,0,0,2688,2816,2688,2816,4128,2208,6355,1688,0,0,0,0,100,72,43,43,52,67,71,72,0,0,59,0,0,0,0,0,0,13739,1034,331,0,331,0,341,341,100,0,0,0,999,999,18,0,25,0,0,0,0,0,0,0,0,0,0,100,2688,2816,100,0,0,0,0,0,0,0,0,0,0,0,0,0,0,0,0,0,0,0,0,160
581213,3071,506,82,47,9999,0,0,525,0,0,0,4127,2166,0,0,62,0,8,7,1920,599,2000,1,0,4,73,72,55138,13518,341,593,121,64,321,0,63,0,73,4,4,0,10,0,0,0,0,0,2688,2816,2688,2816,4128,2208,7125,1713,0,0,0,0,100,71,37,31,34,61,64,71,0,0,62,0,0,0,0,0,0,13739,1034,331,0,331,0,341,341,100,0,0,0,999,999,18,0,25,0,0,0,0,0,0,0,0,0,0,100,2688,2816,100,0,0,0,0,0,0,0,0,0,0,0,0,0,0,0,0,0,0,0,0,160
582213,3071,506,82,47,9999,0,0,642,0,0,0,4128,2650,0,0,62,0,8,7,1920,599,2000,1,0,4,71,72,58157,13531,373,612,97,63,323,0,73,3,73,4,4,0,10,0,0,0,0,0,2688,2816,2688,2816,4128,2208,5773,1682,0,0,0,0,100,66,36,28,34,62,65,66,0,0,60,0,0,0,0,0,0,13739,1034,331,0,331,0,341,341,100,2,1,0,999,999,18,0,25,0,0,0,0,0,0,0,0,0,0,100,2688,2816,100,0,0,0,0,0,0,0,0,0,0,0,0,0,0,0,0,0,0,0,0,160
583213,3071,506,82,47,9999,0,0,640,0,0,0,4128,2641,0,0,62,0,8,7,1920,599,2000,1,0,4,73,72,57037,13594,357,632,98,64,331,0,81,0,72,4,4,0,10,0,0,0,0,0,2688,2816,2688,2816,4128,2208,5624,1655,0,0,0,0,100,72,41,36,44,72,67,64,0,0,57,0,0,0,0,0,0,13739,1034,331,0,331,0,341,341,100,0,0,0,999,999,18,0,25,0,0,0,0,0,0,0,0,0,0,100,2688,2816,100,0,0,0,0,0,0,0,0,0,0,0,0,0,0,0,0,0,0,0,0,160
584213,3071,506,82,47,9999,0,0,84,0,0,0,4128,346,0,0,62,0,8,7,1920,599,2000,1,0,4,73,72,51226,13557,307,659,95,62,409,0,76,2,73,4,4,0,10,0,0,0,0,0,2688,2816,2688,2816,4128,2208,4754,1726,0,0,0,0,100,66,37,34,38,64,66,66,0,0,51,0,0,0,0,0,0,13739,1034,331,0,331,0,341,341,100,1,1,0,999,999,18,0,25,0,0,0,0,0,0,0,0,0,0,100,2688,2816,100,0,0,0,0,0,0,0,0,0,0,0,0,0,0,0,0,0,0,0,0,160
585215,3071,506,82,47,9999,0,0,925,0,0,0,4128,3818,0,0,62,0,8,7,1920,599,2000,1,0,4,72,72,54012,13505,323,631,118,64,416,0,82,0,73,4,4,0,10,0,0,0,0,0,2688,2816,2688,2816,4128,2208,6462,1706,0,0,0,0,100,66,36,32,34,58,65,66,0,0,53,0,0,0,0,0,0,13739,1034,331,0,331,0,341,341,100,0,0,0,999,999,18,0,25,0,0,0,0,0,0,0,0,0,0,100,2688,2816,100,0,0,0,0,0,0,0,0,0,0,0,0,0,0,0,0,0,0,0,0,160
586213,3071,506,82,47,9999,0,0,758,0,0,0,4128,3129,0,0,62,0,8,7,1920,599,2000,1,0,4,73,72,58660,13598,347,691,112,63,402,0,74,0,73,4,4,0,10,0,0,0,0,0,2688,2816,2688,2816,4128,2208,6728,1615,0,0,0,0,100,72,41,37,50,70,72,69,0,0,58,0,0,0,0,0,0,13739,1034,331,0,331,0,341,341,100,0,0,0,999,999,18,0,25,0,0,0,0,0,0,0,0,0,0,100,2688,2816,100,0,0,0,0,0,0,0,0,0,0,0,0,0,0,0,0,0,0,0,0,160
587216,3071,506,82,47,9999,0,0,514,0,0,0,4128,2121,0,0,62,0,8,7,1920,599,2000,1,0,4,72,72,57359,13491,306,639,103,63,354,0,71,1,73,4,4,0,10,0,0,0,0,0,2688,2816,2688,2816,4128,2208,6317,1589,0,0,0,0,100,67,37,32,39,65,67,62,0,0,57,0,0,0,0,0,0,13739,1034,331,0,331,0,341,341,100,1,1,0,999,999,18,0,25,0,0,0,0,0,0,0,0,0,0,100,2688,2816,100,0,0,0,0,0,0,0,0,0,0,0,0,0,0,0,0,0,0,0,0,160
588215,3071,506,82,47,9999,0,0,1009,0,0,0,4128,4165,0,0,62,0,8,7,1920,599,2000,1,0,4,71,72,51533,13519,287,611,119,64,405,0,47,2,73,4,4,0,10,0,0,0,0,0,2688,2816,2688,2816,4128,2208,8297,1617,0,0,0,0,100,65,35,31,37,64,65,63,0,0,64,0,0,0,0,0,0,13739,1034,331,0,331,0,341,341,100,2,1,0,999,999,18,0,25,0,0,0,0,0,0,0,0,0,0,100,2688,2816,100,0,0,0,0,0,0,0,0,0,0,0,0,0,0,0,0,0,0,0,0,160
589215,3071,506,82,47,9999,0,0,626,0,0,0,4128,2584,0,0,62,0,8,7,1920,599,2000,1,0,4,73,72,56744,13387,274,583,102,64,333,0,58,0,73,4,4,0,10,0,0,0,0,0,2688,2816,2688,2816,4128,2208,7573,1652,0,0,0,0,100,73,40,37,41,71,68,73,0,0,68,0,0,0,0,0,0,13739,1034,331,0,331,0,341,341,100,0,0,0,999,999,18,0,25,0,0,0,0,0,0,0,0,0,0,100,2688,2816,100,0,0,0,0,0,0,0,0,0,0,0,0,0,0,0,0,0,0,0,0,160
590215,3071,506,82,47,9999,0,0,964,0,0,0,4128,3979,0,0,62,0,8,7,1920,599,2000,1,0,4,71,72,53740,13506,350,588,112,65,344,0,55,1,72,4,4,0,10,0,0,0,0,0,2688,2816,2688,2816,4128,2208,7242,1614,0,0,0,0,100,70,35,31,35,69,65,70,0,0,66,0,0,0,0,0,0,13739,1034,331,0,331,0,341,341,100,1,1,0,999,999,18,0,25,0,0,0,0,0,0,0,0,0,0,100,2688,2816,100,0,0,0,0,0,0,0,0,0,0,0,0,0,0,0,0,0,0,0,0,160
591216,3071,506,82,47,9999,0,0,918,0,0,0,4111,3773,0,0,62,0,8,7,1920,599,2000,1,0,4,71,72,53740,13617,334,646,129,64,349,0,35,2,73,4,4,0,10,0,0,0,0,0,2688,2816,2688,2816,4128,2208,7486,1701,0,0,0,0,100,79,48,46,48,65,79,69,0,0,66,0,0,0,0,0,0,13739,1034,331,0,331,0,341,341,100,1,1,0,999,999,18,0,25,0,0,0,0,0,0,0,0,0,0,100,2688,2816,100,0,0,0,0,0,0,0,0,0,0,0,0,0,0,0,0,0,0,0,0,160
592216,3071,506,82,47,9999,0,0,524,0,0,0,4121,2159,0,0,62,0,8,7,1920,599,2000,1,0,4,72,72,50933,13601,304,680,124,64,351,0,22,7,72,4,4,0,10,0,0,0,0,0,2688,2816,2688,2816,4128,2208,7698,1611,0,0,0,0,100,77,50,46,55,72,72,77,0,0,64,0,0,0,0,0,0,13739,1034,331,0,331,0,341,341,100,2,1,0,999,999,18,0,25,0,0,0,0,0,0,0,0,0,0,100,2688,2816,100,0,0,0,0,0,0,0,0,0,0,0,0,0,0,0,0,0,0,0,0,160
593217,3071,506,82,47,9999,0,0,558,0,0,0,4121,2299,0,0,62,0,8,7,1920,599,2000,1,0,4,67,72,49446,13585,310,694,146,63,352,0,36,7,72,4,4,0,10,0,0,0,0,0,2688,2816,2688,2816,4128,2208,7477,1656,0,0,0,0,100,70,38,37,37,66,70,70,0,0,63,0,0,0,0,0,0,13739,1034,331,0,331,0,341,341,100,4,1,0,999,999,18,0,25,0,0,0,0,0,0,0,0,0,0,100,2688,2816,100,0,0,0,0,0,0,0,0,0,0,0,0,0,0,0,0,0,0,0,0,160
594219,3071,506,82,47,9999,0,0,788,0,0,0,4121,3247,0,0,62,0,8,7,1920,599,2000,1,0,4,67,72,52230,13593,361,667,128,64,359,0,45,4,73,4,4,0,10,0,0,0,0,0,2688,2816,2688,2816,4128,2208,7115,1686,0,0,0,0,100,71,37,31,37,68,71,68,0,0,65,0,0,0,0,0,0,13739,1034,331,0,331,0,341,341,100,2,1,0,999,999,18,0,25,0,0,0,0,0,0,0,0,0,0,100,2688,2816,100,0,0,0,0,0,0,0,0,0,0,0,0,0,0,0,0,0,0,0,0,160
595218,3071,506,82,47,9999,0,0,652,0,0,0,4121,2686,0,0,62,0,8,7,1920,599,2000,1,0,4,72,72,54148,13559,335,642,98,64,307,0,48,5,72,4,4,0,10,0,0,0,0,0,2688,2816,2688,2816,4128,2208,7283,1604,0,0,0,0,100,72,44,38,44,71,72,69,0,0,64,0,0,0,0,0,0,13739,1034,331,0,331,0,341,341,100,2,1,0,999,999,18,0,25,0,0,0,0,0,0,0,0,0,0,100,2688,2816,100,0,0,0,0,0,0,0,0,0,0,0,0,0,0,0,0,0,0,0,0,160
596218,3071,506,82,47,9999,0,0,548,0,0,0,4121,2258,0,0,62,0,8,7,1920,599,2000,1,0,4,69,72,53590,13594,694,615,101,64,379,0,45,7,72,4,4,0,10,0,0,0,0,0,2688,2816,2688,2816,4128,2208,6981,1663,0,0,0,0,100,72,42,34,42,70,70,72,0,0,64,0,0,0,0,0,0,13739,1034,331,0,331,0,341,341,100,2,1,0,999,999,18,0,25,0,0,0,0,0,0,0,0,0,0,100,2688,2816,100,0,0,0,0,0,0,0,0,0,0,0,0,0,0,0,0,0,0,0,0,160
597218,3071,506,82,47,9999,0,0,456,0,0,0,4121,1879,0,0,62,0,8,7,1920,599,2000,1,0,4,69,72,53025,13425,265,573,91,63,328,0,67,2,73,4,4,0,10,0,0,0,0,0,2688,2816,2688,2816,4128,2208,7202,1589,0,0,0,0,100,68,39,31,34,62,65,68,0,0,65,0,0,0,0,0,0,13739,1034,331,0,331,0,341,341,100,2,1,0,999,999,18,0,25,0,0,0,0,0,0,0,0,0,0,100,2688,2816,100,0,0,0,0,0,0,0,0,0,0,0,0,0,0,0,0,0,0,0,0,160
598219,3071,506,82,47,9999,0,0,513,0,0,0,4121,2114,0,0,62,0,8,7,1920,599,2000,1,0,4,71,72,57794,13408,314,559,110,63,333,0,60,3,73,4,4,0,10,0,0,0,0,0,2688,2816,2688,2816,4128,2208,7250,1636,0,0,0,0,100,71,42,39,46,71,70,68,0,0,65,0,0,0,0,0,0,13739,1034,331,0,331,0,341,341,100,2,1,0,999,999,18,0,25,0,0,0,0,0,0,0,0,0,0,100,2688,2816,100,0,0,0,0,0,0,0,0,0,0,0,0,0,0,0,0,0,0,0,0,160
599256,3099,506,82,47,9999,0,0,803,0,0,0,4121,3309,0,0,62,0,8,7,1920,599,2000,1,0,4,71,72,57738,13504,320,584,118,63,364,0,54,1,72,4,4,0,10,0,0,0,0,0,2688,2816,2688,2816,4128,2208,7357,1689,0,0,0,0,100,69,41,35,39,68,69,66,0,0,66,0,0,0,0,0,0,13739,1035,331,0,331,0,341,341,100,1,1,0,999,999,18,0,25,0,0,0,0,0,0,0,0,0,0,100,2688,2816,100,0,0,0,0,0,0,0,0,0,0,0,0,0,0,0,0,0,0,0,0,160
600220,3099,506,82,47,9999,0,0,469,0,0,0,4144,1943,0,0,62,0,8,7,1920,599,2000,1,0,4,71,72,54815,13481,294,617,115,64,339,0,54,3,73,4,4,0,10,0,0,0,0,0,2688,2816,2688,2816,4128,2208,6910,1622,0,0,0,0,100,69,39,32,34,67,69,66,0,0,64,0,0,0,0,0,0,13739,1035,331,0,331,0,341,341,100,1,1,0,999,999,18,0,25,0,0,0,0,0,0,0,0,0,0,100,2688,2816,100,0,0,0,0,0,0,0,0,0,0,0,0,0,0,0,0,0,0,0,0,160
601221,3099,506,82,47,9999,0,0,730,0,0,0,4144,3025,0,0,62,0,8,7,1920,599,2000,1,0,4,71,72,54060,13472,285,604,117,64,344,0,60,5,72,4,4,0,10,0,0,0,0,0,2688,2816,2688,2816,4128,2208,7156,1638,0,0,0,0,100,72,41,38,41,72,68,66,0,0,63,0,0,0,0,0,0,13739,1035,331,0,331,0,341,341,100,4,1,0,999,999,18,0,25,0,0,0,0,0,0,0,0,0,0,100,2688,2816,100,0,0,0,0,0,0,0,0,0,0,0,0,0,0,0,0,0,0,0,0,160
602221,3099,506,82,47,9999,0,0,807,0,0,0,4120,3324,0,0,62,0,8,7,1920,599,2000,1,0,4,71,72,57364,13472,285,604,117,64,344,0,60,5,72,4,4,0,10,0,0,0,0,0,2688,2816,2688,2816,4128,2208,6701,1581,0,0,0,0,100,68,40,35,36,65,68,64,0,0,63,0,0,0,0,0,0,13739,1035,331,0,331,0,341,341,100,4,1,0,999,999,18,0,25,0,0,0,0,0,0,0,0,0,0,100,2688,2816,100,0,0,0,0,0,0,0,0,0,0,0,0,0,0,0,0,0,0,0,0,160
603221,3099,506,82,47,9999,0,0,491,0,0,0,4120,2022,0,0,62,0,8,7,1920,599,2000,1,0,4,72,72,56281,13428,318,597,96,64,341,0,63,1,72,4,4,0,10,0,0,0,0,0,2688,2816,2688,2816,4128,2208,7161,1627,0,0,0,0,100,71,35,30,34,65,65,71,0,0,63,0,0,0,0,0,0,13739,1035,331,0,331,0,341,341,100,1,1,0,999,999,18,0,25,0,0,0,0,0,0,0,0,0,0,100,2688,2816,100,0,0,0,0,0,0,0,0,0,0,0,0,0,0,0,0,0,0,0,0,160
604229,3099,506,82,47,9999,0,0,480,0,0,0,4120,1977,0,0,62,0,8,7,1920,599,2000,1,0,4,70,72,57105,13522,370,568,105,63,366,0,62,4,72,4,4,0,10,0,0,0,0,0,2688,2816,2688,2816,4128,2208,7099,1718,0,0,0,0,100,84,58,56,58,84,83,83,0,0,62,0,0,0,0,0,0,13739,1035,331,0,331,0,341,341,100,2,1,0,999,999,18,0,25,0,0,0,0,0,0,0,0,0,0,100,2688,2816,100,0,0,0,0,0,0,0,0,0,0,0,0,0,0,0,0,0,0,0,0,160
605222,3099,506,82,47,9999,0,0,749,0,0,0,4120,3085,0,0,62,0,8,7,1920,599,2000,1,0,4,69,72,50993,13627,626,606,119,64,347,0,38,7,73,4,4,0,10,0,0,0,0,0,2688,2816,2688,2816,4128,2208,6524,1610,0,0,0,0,100,75,36,34,39,75,74,75,0,0,61,0,0,0,0,0,0,13739,1035,331,0,331,0,341,341,100,3,1,0,999,999,18,0,25,0,0,0,0,0,0,0,0,0,0,100,2688,2816,100,0,0,0,0,0,0,0,0,0,0,0,0,0,0,0,0,0,0,0,0,160
606222,3099,506,82,47,9999,0,0,788,0,0,0,4120,3246,0,0,62,0,8,7,1920,599,2000,1,0,4,66,72,51092,13453,292,624,113,65,357,0,38,8,72,4,4,0,10,0,0,0,0,0,2688,2816,2688,2816,4128,2208,7272,1603,0,0,0,0,100,86,38,33,38,82,86,86,0,0,61,0,0,0,0,0,0,13739,1035,331,0,331,0,341,341,100,3,1,0,999,999,18,0,25,0,0,0,0,0,0,0,0,0,0,100,2688,2816,100,0,0,0,0,0,0,0,0,0,0,0,0,0,0,0,0,0,0,0,0,160
607223,3099,506,82,47,9999,0,0,551,0,0,0,4120,2270,0,0,62,0,8,7,1920,599,2000,1,0,4,63,72,49592,13433,314,618,118,63,399,0,30,13,73,4,4,0,10,0,0,0,0,0,2688,2816,2688,2816,4128,2208,8060,1621,0,0,0,0,100,88,53,50,52,86,87,88,0,0,56,0,0,0,0,0,0,13739,1035,331,0,331,0,341,341,100,5,2,0,999,999,18,0,25,0,0,0,0,0,0,0,0,0,0,100,2688,2816,100,0,0,0,0,0,0,0,0,0,0,0,0,0,0,0,0,0,0,0,0,160
608222,3099,506,82,47,9999,0,0,729,0,0,0,4120,3003,0,0,62,0,8,7,1920,599,2000,1,0,4,55,72,51595,13489,356,581,115,64,413,0,20,23,73,4,4,0,10,0,0,0,0,0,2688,2816,2688,2816,4128,2208,7693,1614,0,0,0,0,100,87,43,37,42,82,87,86,0,0,53,0,0,0,0,0,0,13739,1035,331,0,331,0,341,341,100,3,2,0,999,999,18,0,25,0,0,0,0,0,0,0,0,0,0,100,2688,2816,100,0,0,0,0,0,0,0,0,0,0,0,0,0,0,0,0,0,0,0,0,160
609222,3099,506,82,47,9999,0,0,899,0,0,0,4120,3703,0,0,62,0,8,7,1920,599,2000,1,0,4,51,72,53295,13560,297,664,125,62,307,0,20,25,72,4,4,0,10,0,0,0,0,0,2688,2816,2688,2816,4128,2208,7558,1697,0,0,0,0,100,87,42,39,40,86,87,84,0,0,50,0,0,0,0,0,0,13739,1035,331,0,331,0,341,341,100,3,2,0,999,999,18,0,25,0,0,0,0,0,0,0,0,0,0,100,2688,2816,100,0,0,0,0,0,0,0,0,0,0,0,0,0,0,0,0,0,0,0,0,160
610223,3099,506,82,47,9999,0,0,426,0,0,0,4120,1755,0,0,62,0,8,7,1920,599,2000,1,0,4,49,72,51066,13491,286,634,126,63,318,0,17,29,73,4,4,0,10,0,0,0,0,0,2688,2816,2688,2816,4128,2208,6649,1598,0,0,0,0,100,90,48,43,48,90,87,84,0,0,52,0,0,0,0,0,0,13739,1035,331,0,331,0,341,341,100,6,2,0,999,999,18,0,25,0,0,0,0,0,0,0,0,0,0,100,2688,2816,100,0,0,0,0,0,0,0,0,0,0,0,0,0,0,0,0,0,0,0,0,160
611229,3099,506,82,47,9999,0,0,896,0,0,0,4120,3691,0,0,62,0,8,7,1920,599,2000,1,0,4,54,72,53919,13484,289,667,130,62,349,0,23,29,73,4,4,0,10,0,0,0,0,0,2688,2816,2688,2816,4128,2208,7037,1653,0,0,0,0,100,87,38,32,40,84,87,87,0,0,56,0,0,0,0,0,0,13739,1035,331,0,331,0,341,341,100,7,2,0,999,999,18,0,25,0,0,0,0,0,0,0,0,0,0,100,2688,2816,100,0,0,0,0,0,0,0,0,0,0,0,0,0,0,0,0,0,0,0,0,160
612226,3099,506,82,47,9999,0,0,1252,0,0,0,4111,5146,0,0,62,0,8,7,1920,599,2000,1,0,4,61,72,52760,13569,356,629,115,63,408,0,27,15,73,4,4,0,10,0,0,0,0,0,2688,2816,2688,2816,4128,2208,7174,1628,0,0,0,0,100,83,46,47,50,83,83,81,0,0,59,0,0,0,0,0,0,13739,1035,331,0,331,0,341,341,100,3,1,0,999,999,18,0,25,0,0,0,0,0,0,0,0,0,0,100,2688,2816,100,0,0,0,0,0,0,0,0,0,0,0,0,0,0,0,0,0,0,0,0,160
613226,3099,506,82,47,9999,0,0,728,0,0,0,4111,2992,0,0,62,0,8,7,1920,599,2000,1,0,4,66,72,51936,13636,311,642,131,63,430,0,37,9,72,4,4,0,10,0,0,0,0,0,2688,2816,2688,2816,4128,2208,7745,1621,0,0,0,0,100,85,57,51,56,85,81,84,0,0,61,0,0,0,0,0,0,13739,1035,331,0,331,0,341,341,100,2,1,0,999,999,18,0,25,0,0,0,0,0,0,0,0,0,0,100,2688,2816,100,0,0,0,0,0,0,0,0,0,0,0,0,0,0,0,0,0,0,0,0,160
614226,3099,506,82,47,9999,0,0,719,0,0,0,4111,2955,0,0,62,0,8,7,1920,599,2000,1,0,4,65,72,52465,13625,309,719,125,65,327,0,34,13,73,4,4,0,10,0,0,0,0,0,2688,2816,2688,2816,4128,2208,8405,1682,0,0,0,0,100,81,39,38,35,79,81,78,0,0,63,0,0,0,0,0,0,13739,1035,331,0,331,0,341,341,100,5,2,0,999,999,18,0,25,0,0,0,0,0,0,0,0,0,0,100,2688,2816,100,0,0,0,0,0,0,0,0,0,0,0,0,0,0,0,0,0,0,0,0,160
615227,3099,506,82,47,9999,0,0,775,0,0,0,4111,3186,0,0,62,0,8,7,1920,599,2000,1,0,4,63,72,48725,13576,340,692,111,63,342,0,22,14,72,4,4,0,10,0,0,0,0,0,2688,2816,2688,2816,4128,2208,7874,1558,0,0,0,0,100,84,39,34,36,78,84,79,0,0,59,0,0,0,0,0,0,13739,1035,331,0,331,0,341,341,100,7,2,0,999,999,18,0,25,0,0,0,0,0,0,0,0,0,0,100,2688,2816,100,0,0,0,0,0,0,0,0,0,0,0,0,0,0,0,0,0,0,0,0,160
616226,3099,506,82,47,9999,0,0,524,0,0,0,4111,2154,0,0,62,0,8,7,1920,599,2000,1,0,4,58,72,54763,13495,318,648,91,64,325,0,31,17,72,4,4,0,10,0,0,0,0,0,2688,2816,2688,2816,4128,2208,6843,1549,0,0,0,0,100,89,49,45,46,89,86,89,0,0,54,0,0,0,0,0,0,13739,1035,331,0,331,0,341,341,100,3,1,0,999,999,18,0,25,0,0,0,0,0,0,0,0,0,0,100,2688,2816,100,0,0,0,0,0,0,0,0,0,0,0,0,0,0,0,0,0,0,0,0,160
617226,3099,506,82,47,9999,0,0,882,0,0,0,4111,3625,0,0,62,0,8,7,1920,599,2000,1,0,4,59,72,53893,13621,534,622,129,64,413,0,30,20,73,4,4,0,10,0,0,0,0,0,2688,2816,2688,2816,4128,2208,6922,1473,0,0,0,0,100,88,43,37,39,85,86,88,0,0,56,0,0,0,0,0,0,13739,1035,331,0,331,0,341,341,100,5,2,0,999,999,18,0,25,0,0,0,0,0,0,0,0,0,0,100,2688,2816,100,0,0,0,0,0,0,0,0,0,0,0,0,0,0,0,0,0,0,0,0,160
618226,3099,506,82,47,9999,0,0,726,0,0,0,4111,2984,0,0,62,0,8,7,1920,599,2000,1,0,4,63,72,52759,13569,318,721,169,62,354,0,32,12,73,4,4,0,10,0,0,0,0,0,2688,2816,2688,2816,4128,2208,7293,1593,0,0,0,0,100,87,34,34,33,83,87,85,0,0,57,0,0,0,0,0,0,13739,1035,331,0,331,0,341,341,100,3,1,0,999,999,18,0,25,0,0,0,0,0,0,0,0,0,0,100,2688,2816,100,0,0,0,0,0,0,0,0,0,0,0,0,0,0,0,0,0,0,0,0,160
619270,3087,506,82,47,9999,0,0,625,0,0,0,4111,2569,0,0,62,0,8,7,1920,599,2000,1,0,4,64,72,51214,13516,356,645,151,64,410,0,28,9,73,4,4,0,10,0,0,0,0,0,2688,2816,2688,2816,4128,2208,6679,1534,0,0,0,0,100,88,43,42,49,88,84,84,0,0,53,0,0,0,0,0,0,13739,1038,331,0,331,0,341,341,100,2,1,0,999,999,18,0,25,0,0,0,0,0,0,0,0,0,0,100,2688,2816,100,0,0,0,0,0,0,0,0,0,0,0,0,0,0,0,0,0,0,0,0,160
620226,3087,506,82,47,9999,0,0,652,0,0,0,4111,2680,0,0,62,0,8,7,1920,599,2000,1,0,4,59,72,49564,13559,336,726,142,63,327,0,25,20,73,4,4,0,10,0,0,0,0,0,2688,2816,2688,2816,4128,2208,7543,1563,0,0,0,0,100,82,44,42,43,82,82,81,0,0,54,0,0,0,0,0,0,13739,1038,331,0,331,0,341,341,100,3,1,0,999,999,18,0,25,0,0,0,0,0,0,0,0,0,0,100,2688,2816,100,0,0,0,0,0,0,0,0,0,0,0,0,0,0,0,0,0,0,0,0,160
621227,3087,506,82,47,9999,0,0,948,0,0,0,4111,3897,0,0,62,0,8,7,1920,599,2000,1,0,4,59,72,51327,13483,293,648,118,63,336,0,29,20,72,4,4,0,10,0,0,0,0,0,2688,2816,2688,2816,4128,2208,6773,1491,0,0,0,0,100,84,34,35,39,82,84,84,0,0,55,0,0,0,0,0,0,13739,1038,331,0,331,0,341,341,100,4,1,0,999,999,18,0,25,0,0,0,0,0,0,0,0,0,0,100,2688,2816,100,0,0,0,0,0,0,0,0,0,0,0,0,0,0,0,0,0,0,0,0,160
622229,3087,506,82,47,9999,0,0,865,0,0,0,4129,3571,0,0,62,0,8,7,1920,599,2000,1,0,4,67,72,50092,13471,279,657,120,63,333,0,29,7,73,4,4,0,10,0,0,0,0,0,2688,2816,2688,2816,4128,2208,6676,1477,0,0,0,0,100,86,45,44,49,86,84,85,0,0,54,0,0,0,0,0,0,13739,1038,331,0,331,0,341,341,100,2,1,0,999,999,18,0,25,0,0,0,0,0,0,0,0,0,0,100,2688,2816,100,0,0,0,0,0,0,0,0,0,0,0,0,0,0,0,0,0,0,0,0,160
623234,3087,506,82,47,9999,0,0,492,0,0,0,4129,2031,0,0,62,0,8,7,1920,599,2000,1,0,4,62,72,52330,13509,347,679,125,64,443,0,27,15,73,4,4,0,10,0,0,0,0,0,2688,2816,2688,2816,4128,2208,7171,1597,0,0,0,0,100,86,45,44,49,86,84,85,0,0,54,0,0,0,0,0,0,13739,1038,331,0,331,0,341,341,100,4,2,0,999,999,18,0,25,0,0,0,0,0,0,0,0,0,0,100,2688,2816,100,0,0,0,0,0,0,0,0,0,0,0,0,0,0,0,0,0,0,0,0,160
624234,3087,506,82,47,9999,0,0,829,0,0,0,4129,3422,0,0,62,0,8,7,1920,599,2000,1,0,4,60,72,49343,13465,326,663,124,63,422,0,21,18,72,4,4,0,10,0,0,0,0,0,2688,2816,2688,2816,4128,2208,7595,1710,0,0,0,0,100,86,41,36,38,84,86,81,0,0,55,0,0,0,0,0,0,13739,1038,331,0,331,0,341,341,100,3,1,0,999,999,18,0,25,0,0,0,0,0,0,0,0,0,0,100,2688,2816,100,0,0,0,0,0,0,0,0,0,0,0,0,0,0,0,0,0,0,0,0,160
625234,3087,506,82,47,9999,0,0,535,0,0,0,4129,2209,0,0,62,0,8,7,1920,599,2000,1,0,4,61,72,50689,13505,296,625,115,64,397,0,31,18,73,4,4,0,10,0,0,0,0,0,2688,2816,2688,2816,4128,2208,6817,1569,0,0,0,0,100,83,41,36,39,81,83,81,0,0,54,0,0,0,0,0,0,13739,1038,331,0,331,0,341,341,100,6,2,0,999,999,18,0,25,0,0,0,0,0,0,0,0,0,0,100,2688,2816,100,0,0,0,0,0,0,0,0,0,0,0,0,0,0,0,0,0,0,0,0,160
626234,3087,506,82,47,9999,0,0,127,0,0,0,4129,524,0,0,62,0,8,7,1920,599,2000,1,0,4,58,72,52486,13552,302,640,110,62,341,0,25,16,72,4,4,0,10,0,0,0,0,0,2688,2816,2688,2816,4128,2208,6784,1674,0,0,0,0,100,86,43,40,51,85,82,86,0,0,56,0,0,0,0,0,0,13739,1038,331,0,331,0,341,341,100,3,1,0,999,999,18,0,25,0,0,0,0,0,0,0,0,0,0,100,2688,2816,100,0,0,0,0,0,0,0,0,0,0,0,0,0,0,0,0,0,0,0,0,160
627235,3087,506,82,47,9999,0,0,989,0,0,0,4129,4083,0,0,62,0,8,7,1920,599,2000,1,0,4,65,72,54831,13493,323,619,111,64,369,0,37,12,73,4,4,0,10,0,0,0,0,0,2688,2816,2688,2816,4128,2208,6985,1632,0,0,0,0,100,84,43,38,38,81,83,84,0,0,59,0,0,0,0,0,0,13739,1038,331,0,331,0,341,341,100,2,1,0,999,999,18,0,25,0,0,0,0,0,0,0,0,0,0,100,2688,2816,100,0,0,0,0,0,0,0,0,0,0,0,0,0,0,0,0,0,0,0,0,160
628235,3087,506,82,47,9999,0,0,805,0,0,0,4129,3323,0,0,62,0,8,7,1920,599,2000,1,0,4,66,72,54387,13498,334,592,103,63,356,0,48,7,72,4,4,0,10,0,0,0,0,0,2688,2816,2688,2816,4128,2208,7338,1641,0,0,0,0,100,78,43,39,36,73,78,76,0,0,60,0,0,0,0,0,0,13739,1038,331,0,331,0,341,341,100,2,1,0,999,999,18,0,25,0,0,0,0,0,0,0,0,0,0,100,2688,2816,100,0,0,0,0,0,0,0,0,0,0,0,0,0,0,0,0,0,0,0,0,160
629234,3087,506,82,47,9999,0,0,768,0,0,0,4129,3171,0,0,62,0,8,7,1920,599,2000,1,0,4,67,72,55802,13543,513,624,405,64,710,2,40,8,73,4,4,0,10,0,0,0,0,0,2688,2816,2688,2816,4128,2208,6964,1684,0,0,0,0,100,79,47,42,50,78,79,76,0,0,63,0,0,0,0,0,0,13739,1038,331,0,331,0,341,341,100,2,2,0,999,999,18,0,25,0,0,0,0,0,0,0,0,0,0,100,2688,2816,100,0,0,0,0,0,0,0,0,0,0,0,0,0,0,0,0,0,0,0,0,160
630235,3087,506,82,47,9999,0,0,625,0,0,0,4129,2580,0,0,62,0,8,7,1920,599,2000,1,0,4,71,72,56845,13577,278,699,164,63,335,0,62,3,72,4,4,0,10,0,0,0,0,0,2688,2816,2688,2816,4128,2208,6886,1615,0,0,0,0,100,75,43,36,39,72,74,75,0,0,63,0,0,0,0,0,0,13739,1038,331,0,331,0,341,341,100,2,1,0,999,999,18,0,25,0,0,0,0,0,0,0,0,0,0,100,2688,2816,100,0,0,0,0,0,0,0,0,0,0,0,0,0,0,0,0,0,0,0,0,160
631235,3087,506,82,47,9999,0,0,663,0,0,0,4129,2737,0,0,62,0,8,7,1920,599,2000,1,0,4,72,72,55559,13525,308,658,107,64,308,0,65,2,72,4,4,0,10,0,0,0,0,0,2688,2816,2688,2816,4128,2208,7079,1639,0,0,0,0,100,71,40,36,37,62,71,65,0,0,63,0,0,0,0,0,0,13739,1038,331,0,331,0,341,341,100,2,1,0,999,999,18,0,25,0,0,0,0,0,0,0,0,0,0,100,2688,2816,100,0,0,0,0,0,0,0,0,0,0,0,0,0,0,0,0,0,0,0,0,160
632235,3087,506,82,47,9999,0,0,663,0,0,0,4135,2741,0,0,62,0,8,7,1920,599,2000,1,0,4,71,72,52786,13465,300,604,131,64,313,0,57,3,73,4,4,0,10,0,0,0,0,0,2688,2816,2688,2816,4128,2208,6883,1599,0,0,0,0,100,70,43,40,45,67,67,70,0,0,64,0,0,0,0,0,0,13739,1038,331,0,331,0,341,341,100,2,1,0,999,999,18,0,25,0,0,0,0,0,0,0,0,0,0,100,2688,2816,100,0,0,0,0,0,0,0,0,0,0,0,0,0,0,0,0,0,0,0,0,160
633235,3087,506,82,47,9999,0,0,925,0,0,0,4135,3824,0,0,62,0,8,7,1920,599,2000,1,0,4,72,72,56873,13566,324,639,135,66,321,0,71,0,73,4,4,0,10,0,0,0,0,0,2688,2816,2688,2816,4128,2208,6475,1613,0,0,0,0,100,69,42,38,42,62,69,67,0,0,60,0,0,0,0,0,0,13739,1038,331,0,331,0,341,341,100,0,0,0,999,999,18,0,25,0,0,0,0,0,0,0,0,0,0,100,2688,2816,100,0,0,0,0,0,0,0,0,0,0,0,0,0,0,0,0,0,0,0,0,160
634235,3087,506,82,47,9999,0,0,592,0,0,0,4135,2447,0,0,62,0,8,7,1920,599,2000,1,0,4,71,72,54447,13544,328,673,135,64,350,0,56,1,72,4,4,0,10,0,0,0,0,0,2688,2816,2688,2816,4128,2208,6594,1624,0,0,0,0,100,67,46,44,45,65,67,66,0,0,62,0,0,0,0,0,0,13739,1038,331,0,331,0,341,341,100,1,1,0,999,999,18,0,25,0,0,0,0,0,0,0,0,0,0,100,2688,2816,100,0,0,0,0,0,0,0,0,0,0,0,0,0,0,0,0,0,0,0,0,160
635237,3087,506,82,47,9999,0,0,869,0,0,0,4135,3593,0,0,62,0,8,7,1920,599,2000,1,0,4,72,72,52022,13489,260,707,151,63,382,0,44,0,73,4,4,0,10,0,0,0,0,0,2688,2816,2688,2816,4128,2208,6946,1521,0,0,0,0,100,75,52,51,56,69,75,71,0,0,62,0,0,0,0,0,0,13739,1038,331,0,331,0,341,341,100,0,0,0,999,999,18,0,25,0,0,0,0,0,0,0,0,0,0,100,2688,2816,100,0,0,0,0,0,0,0,0,0,0,0,0,0,0,0,0,0,0,0,0,160
636235,3087,506,82,47,9999,0,0,199,0,0,0,4135,822,0,0,62,0,8,7,1920,599,2000,1,0,4,73,72,57882,13540,325,764,114,63,352,0,76,0,73,4,4,0,10,0,0,0,0,0,2688,2816,2688,2816,4128,2208,5460,1512,0,0,0,0,100,68,36,32,37,67,66,68,0,0,55,0,0,0,0,0,0,13739,1038,331,0,331,0,341,341,100,0,0,0,999,999,18,0,25,0,0,0,0,0,0,0,0,0,0,100,2688,2816,100,0,0,0,0,0,0,0,0,0,0,0,0,0,0,0,0,0,0,0,0,160
637235,3087,506,82,47,9999,0,0,395,0,0,0,4135,1633,0,0,62,0,8,7,1920,599,2000,1,0,4,72,72,57095,13541,349,682,90,64,343,0,99,0,72,4,4,0,10,0,0,0,0,0,2688,2816,2688,2816,4128,2208,6688,1600,0,0,0,0,100,66,37,39,36,63,66,66,0,0,57,0,0,0,0,0,0,13739,1038,331,0,331,0,341,341,100,0,0,0,999,999,18,0,25,0,0,0,0,0,0,0,0,0,0,100,2688,2816,100,0,0,0,0,0,0,0,0,0,0,0,0,0,0,0,0,0,0,0,0,160
638240,3087,506,82,47,9999,0,0,899,0,0,0,4135,3717,0,0,62,0,8,7,1920,599,2000,1,0,4,72,72,30367,13638,311,658,195,64,378,0,8,0,73,4,4,0,10,0,0,0,0,0,2688,2816,2688,2816,4128,2208,6346,2068,0,0,0,0,100,36,38,35,35,36,26,30,0,0,59,0,0,0,0,0,0,13739,1038,331,0,331,0,341,341,100,0,0,0,999,999,18,0,25,0,0,0,0,0,0,0,0,0,0,100,2688,2816,100,0,0,0,0,0,0,0,0,0,0,0,0,0,0,0,0,0,0,0,0,160
639270,3020,503,82,47,9999,0,0,820,0,0,0,4135,3390,0,0,62,0,8,7,1920,599,2000,1,0,4,73,72,30284,14723,1020,1550,705,64,551,0,0,1,14,11,0,0,10,0,0,0,0,0,2688,2816,2688,2816,4128,2208,6912,3643,0,0,0,0,100,46,65,63,65,43,46,46,0,0,68,0,0,0,0,0,0,13736,1039,328,0,328,0,338,338,100,1,1,0,999,999,18,0,25,0,0,0,0,0,0,0,0,0,0,100,2688,2816,100,0,0,0,0,0,0,0,0,0,0,0,0,0,0,0,0,0,0,0,0,160
640236,3020,503,82,47,9999,0,0,648,0,0,0,4135,2679,0,0,62,0,8,7,1920,599,2000,1,0,4,72,72,35058,16182,503,2385,466,53,852,0,0,0,0,14,6,0,10,0,0,0,0,0,2688,2816,2688,2816,4128,2208,6111,3640,0,0,0,0,100,68,72,71,74,68,66,63,0,0,73,0,0,0,0,0,0,13736,1039,328,0,328,0,338,338,100,0,0,0,999,999,18,0,25,0,0,0,0,0,0,0,0,0,0,100,2688,2816,100,0,0,0,0,0,0,0,0,0,0,0,0,0,0,0,0,0,0,0,0,160
641236,3020,503,82,47,9999,0,0,579,0,0,0,4135,2394,0,0,62,0,8,7,1920,599,2000,1,0,4,73,72,35083,16037,381,2206,268,50,347,0,0,0,0,16,7,0,10,0,0,0,0,0,2688,2816,2688,2816,4128,2208,6440,3789,0,0,0,0,100,54,56,53,63,54,41,50,0,0,74,0,0,0,0,0,0,13736,1039,328,0,328,0,338,338,100,0,0,0,999,999,18,0,25,0,0,0,0,0,0,0,0,0,0,100,2688,2816,100,0,0,0,0,0,0,0,0,0,0,0,0,0,0,0,0,0,0,0,0,160
642236,3020,503,82,47,9999,0,0,888,0,0,0,4140,3676,0,0,62,0,8,7,1920,599,2000,1,0,4,72,72,35065,16093,398,2297,298,52,364,0,0,0,0,14,7,0,10,0,0,0,0,0,2688,2816,2688,2816,4128,2208,6276,3769,0,0,0,0,100,50,55,55,61,50,49,48,0,0,74,0,0,0,0,0,0,13736,1039,328,0,328,0,338,338,100,0,0,0,999,999,18,0,25,0,0,0,0,0,0,0,0,0,0,100,2688,2816,100,0,0,0,0,0,0,0,0,0,0,0,0,0,0,0,0,0,0,0,0,160
643238,3020,503,82,47,9999,0,0,637,0,0,0,4140,2637,0,0,62,0,8,7,1920,599,2000,1,0,4,73,72,34206,15370,352,1522,251,61,386,0,0,0,0,14,7,0,10,0,0,0,0,0,2688,2816,2688,2816,4128,2208,6209,3817,0,0,0,0,100,45,44,43,54,43,39,45,0,0,74,0,0,0,0,0,0,13736,1039,328,0,328,0,338,338,100,0,0,0,999,999,18,0,25,0,0,0,0,0,0,0,0,0,0,100,2688,2816,100,0,0,0,0,0,0,0,0,0,0,0,0,0,0,0,0,0,0,0,0,160
644237,3020,503,82,47,9999,0,0,683,0,0,0,4140,2827,0,0,62,0,8,7,1920,599,2000,1,0,4,73,72,34224,15268,675,1372,343,53,578,0,0,0,0,13,7,0,10,0,0,0,0,0,2688,2816,2688,2816,4128,2208,6173,3148,0,0,0,0,100,47,43,42,56,47,41,39,0,0,73,0,0,0,0,0,0,13736,1039,328,0,328,0,338,338,100,0,0,0,999,999,18,0,25,0,0,0,0,0,0,0,0,0,0,100,2688,2816,100,0,0,0,0,0,0,0,0,0,0,0,0,0,0,0,0,0,0,0,0,160
645237,3020,503,82,47,9999,0,0,768,0,0,0,4140,3179,0,0,62,0,8,7,1920,599,2000,1,0,4,72,72,34923,16074,307,2335,219,43,451,0,0,0,0,13,7,0,10,0,0,0,0,0,2688,2816,2688,2816,4128,2208,6006,3346,0,0,0,0,100,70,64,61,70,67,68,70,0,0,71,0,0,0,0,0,0,13736,1039,328,0,328,0,338,338,100,0,0,0,999,999,18,0,25,0,0,0,0,0,0,0,0,0,0,100,2688,2816,100,0,0,0,0,0,0,0,0,0,0,0,0,0,0,0,0,0,0,0,0,160