Time Stamp,available_memory_MB,app_pss_MB,battery_level_percentage,battery_temperature_celcius,battery_current_now_milliamps,power_count_neg,power_count_pos,power_current,power_current_neg,power_current_pos,power_level_state,power_voltage,power_wattage,power_wattage_neg,power_wattage_pos,iad_millimeter,shader_hitches,cpu_level,gpu_level,cpu_frequency_MHz,gpu_frequency_MHz,mem_frequency_MHz,minimum_vsyncs,extra_latency_mode,phase_sync_mode,average_frame_rate,display_refresh_rate,average_prediction_microseconds,icfl_mean_microseconds,icfl_stdev_microseconds,slice_headroom_mean_microseconds,slice_headroom_stdev_microseconds,slice_gpu_start_delay_min_microseconds,slice_gpu_start_delay_max_microseconds,screen_tear_count,early_frame_count,stale_frame_count,direct_render_frame_count,total_layer_count,merged_layer_count,maximum_rotational_speed_degrees_per_second,eye_texture_scale_factor,foveation_mode,foveation_level,dynamic_foveation_enabled,eye_tracked_foveation_latency_milliseconds,symmetric_fov,eye_buffer_width,eye_buffer_height,swap_chain_width,swap_chain_height,front_buffer_width,front_buffer_height,app_gpu_time_microseconds,timewarp_gpu_time_microseconds,guardian_gpu_time_microseconds,local_dimming_enabled,cabc_enabled,temporal_dimming_enabled,temporal_dimming_gain,cpu_utilization_percentage,cpu_utilization_percentage_core0,cpu_utilization_percentage_core1,cpu_utilization_percentage_core2,cpu_utilization_percentage_core3,cpu_utilization_percentage_core4,cpu_utilization_percentage_core5,cpu_utilization_percentage_core6,cpu_utilization_percentage_core7,gpu_utilization_percentage,spacewarp_motion_vector_type,spacewarped_frames_per_second,extrapolation_factor_mean,extrapolation_factor_rms,data_extrapolation_factor_mean,data_extrapolation_factor_rms,app_vss_MB,app_rss_MB,app_uss_MB,app_dalvik_pss_MB,app_private_dirty_MB,app_private_clean_MB,app_gpu_physical_MB,app_gpu_virtual_MB,app_gpu_allocated_percentage,stale_frames_consecutive,max_repeated_frames,skipped_frames,face_tracking_overall_latency_milliseconds,face_tracking_processing_latency_milliseconds,face_tracking_frame_to_frame_latency_milliseconds,face_tracking_frames_dropped,face_tracking_frames_per_second,eye_tracking_overall_latency_milliseconds,eye_tracking_processing_latency_milliseconds,eye_tracking_frame_to_frame_latency_milliseconds,eye_tracking_frames_dropped,eye_tracking_frames_per_second,hand_tracking_overall_latency_milliseconds,hand_tracking_processing_latency_milliseconds,hand_tracking_frame_to_frame_latency_milliseconds,hand_tracking_frames_dropped,hand_tracking_frames_per_second,dynres_recommendation_percentage,dynres_recommendation_width,dynres_recommendation_height,app_frame_throttle,avg_vertices_per_frame,avg_fill_percentage,avg_inst_per_frag,avg_inst_per_vert,avg_frag_inst_per_pixel,avg_vert_inst_per_pixel,avg_textures_per_frag,percent_time_shading_frags,percent_time_shading_verts,percent_time_compute,percent_vertex_fetch_stall,percent_texture_fetch_stall,percent_texture_l1_miss,percent_texture_l2_miss,percent_texture_nearest_filtered,percent_texture_linear_filtered,percent_texture_anisotropic_filtered,vrshell_average_frame_rate,vrshell_gpu_time_microseconds,vrshell_and_guardian_gpu_time_microseconds,render_scale
1001,2881,515,92,41,9999,0,0,1549,0,0,0,4186,6484,0,0,62,0,8,7,1920,545,2000,1,0,4,72,72,36124,17796,788,3669,852,69,447,2,0,3,0,11,0,0,10,0,0,0,0,0,2688,2816,2688,2816,4128,2208,6392,3103,0,0,0,0,100,63,75,76,75,61,62,63,0,0,72,0,0,0,0,0,0,13277,957,335,0,335,0,329,329,100,2,1,0,999,999,40,0,26,0,0,0,0,0,0,0,0,0,0,100,2688,2816,100,0,0,0,0,0,0,0,0,0,0,0,0,0,0,0,0,0,0,0,0,160
2000,2881,515,92,41,9999,0,0,840,0,0,0,4186,3516,0,0,62,0,8,7,2054,599,2000,1,0,4,73,72,36343,17307,457,3081,334,67,347,0,0,0,0,12,5,0,10,0,0,0,0,0,2688,2816,2688,2816,4128,2208,6283,3239,0,0,0,0,100,48,54,51,60,48,48,48,0,0,72,0,0,0,0,0,0,13277,957,335,0,335,0,329,329,100,0,0,0,999,999,40,0,25,0,0,0,0,0,0,0,0,0,0,100,2688,2816,100,0,0,0,0,0,0,0,0,0,0,0,0,0,0,0,0,0,0,0,0,160
3000,2881,515,92,41,9999,0,0,685,0,0,0,4186,2867,0,0,62,0,8,7,2054,599,2000,1,0,4,72,72,35648,16710,412,2490,330,42,475,0,0,0,0,13,6,0,10,0,0,0,0,0,2688,2816,2688,2816,4128,2208,6080,3317,0,0,0,0,100,52,55,53,61,52,52,49,0,0,71,0,0,0,0,0,0,13277,957,335,0,335,0,329,329,100,0,0,0,999,999,61,0,22,0,0,0,0,0,0,0,0,0,0,100,2688,2816,100,0,0,0,0,0,0,0,0,0,0,0,0,0,0,0,0,0,0,0,0,160
4000,2881,515,92,41,9999,0,0,507,0,0,0,4186,2122,0,0,62,0,8,7,2054,599,2000,1,0,4,73,72,35275,17174,892,2876,844,52,476,0,0,0,0,11,6,0,10,0,0,0,0,0,2688,2816,2688,2816,4128,2208,6027,3264,0,0,0,0,100,51,51,50,57,51,50,43,0,0,70,0,0,0,0,0,0,13277,957,335,0,335,0,329,329,100,0,0,0,999,999,40,0,25,0,0,0,0,0,0,0,0,0,0,100,2688,2816,100,0,0,0,0,0,0,0,0,0,0,0,0,0,0,0,0,0,0,0,0,160
5000,2881,515,92,41,9999,0,0,692,0,0,0,4186,2896,0,0,62,0,8,7,2054,599,2000,1,0,4,72,72,34864,15817,341,1633,348,48,376,0,0,0,0,11,6,0,10,0,0,0,0,0,2688,2816,2688,2816,4128,2208,6236,3292,0,0,0,0,100,39,45,39,47,38,39,33,0,0,70,0,0,0,0,0,0,13277,957,335,0,335,0,329,329,100,0,0,0,999,999,40,0,25,0,0,0,0,0,0,0,0,0,0,100,2688,2816,100,0,0,0,0,0,0,0,0,0,0,0,0,0,0,0,0,0,0,0,0,160
6001,2881,515,92,41,9999,0,0,640,0,0,0,4186,2679,0,0,62,0,8,7,2054,599,2000,1,0,4,73,72,34087,15899,452,1489,402,129,1076,0,0,0,0,12,6,0,10,0,0,0,0,0,2688,2816,2688,2816,4128,2208,6031,3261,0,0,0,0,100,39,41,39,46,39,38,36,0,0,70,0,0,0,0,0,0,13277,957,335,0,335,0,329,329,100,0,0,0,999,999,40,0,25,0,0,0,0,0,0,0,0,0,0,100,2688,2816,100,0,0,0,0,0,0,0,0,0,0,0,0,0,0,0,0,0,0,0,0,160
7001,2881,515,92,41,9999,0,0,628,0,0,0,4186,2628,0,0,62,0,8,7,2054,599,2000,1,0,4,73,72,34265,15991,327,1874,336,52,712,0,0,0,0,12,6,0,10,0,0,0,0,0,2688,2816,2688,2816,4128,2208,6197,3316,0,0,0,0,100,43,43,39,51,37,43,34,0,0,70,0,0,0,0,0,0,13277,957,335,0,335,0,329,329,100,0,0,0,999,999,40,0,25,0,0,0,0,0,0,0,0,0,0,100,2688,2816,100,0,0,0,0,0,0,0,0,0,0,0,0,0,0,0,0,0,0,0,0,160
8001,2881,515,92,41,9999,0,0,1097,0,0,0,4186,4592,0,0,62,0,8,7,2054,599,2000,1,0,4,73,72,34504,15998,378,1824,327,49,887,0,0,0,0,12,6,0,10,0,0,0,0,0,2688,2816,2688,2816,4128,2208,6025,3426,0,0,0,0,100,58,64,64,69,58,57,56,0,0,70,0,0,0,0,0,0,13277,957,335,0,335,0,329,329,100,0,0,0,999,999,40,0,25,0,0,0,0,0,0,0,0,0,0,100,2688,2816,100,0,0,0,0,0,0,0,0,0,0,0,0,0,0,0,0,0,0,0,0,160
9001,2881,515,92,41,9999,0,0,915,0,0,0,4186,3830,0,0,62,0,8,7,2054,599,2000,1,0,4,73,72,35381,16786,480,2352,497,42,972,0,0,0,0,13,8,0,10,0,0,0,0,0,2688,2816,2688,2816,4128,2208,6146,4098,0,0,0,0,100,50,64,65,73,48,50,44,0,0,73,0,0,0,0,0,0,13277,957,335,0,335,0,329,329,100,0,0,0,999,999,40,0,25,0,0,0,0,0,0,0,0,0,0,100,2688,2816,100,0,0,0,0,0,0,0,0,0,0,0,0,0,0,0,0,0,0,0,0,160
10001,2881,515,92,41,9999,0,0,729,0,0,0,4233,3085,0,0,62,0,8,7,2054,599,2000,1,0,4,73,72,36288,17285,497,2922,587,44,830,0,0,0,0,7,2,0,10,0,0,0,0,0,2688,2816,2688,2816,4128,2208,5678,2959,0,0,0,0,100,44,62,60,68,43,44,43,0,0,73,0,0,0,0,0,0,13277,957,335,0,335,0,329,329,100,0,0,0,999,999,40,0,25,0,0,0,0,0,0,0,0,0,0,100,2688,2816,100,0,0,0,0,0,0,0,0,0,0,0,0,0,0,0,0,0,0,0,0,160
11001,2881,515,92,41,9999,0,0,630,0,0,0,4233,2666,0,0,62,0,8,7,2054,599,2000,1,0,4,72,72,33035,16437,508,2717,592,64,356,0,0,0,0,7,2,0,10,0,0,0,0,0,2688,2816,2688,2816,4128,2208,6382,2458,0,0,0,0,100,36,62,60,62,28,36,29,0,0,66,0,0,0,0,0,0,13277,957,335,0,335,0,329,329,100,0,0,0,999,999,40,0,25,0,0,0,0,0,0,0,0,0,0,100,2688,2816,100,0,0,0,0,0,0,0,0,0,0,0,0,0,0,0,0,0,0,0,0,160
12001,2881,515,92,41,9999,0,0,858,0,0,0,4233,3631,0,0,62,0,8,7,1920,599,2000,1,0,4,73,72,31644,15378,265,1586,227,140,339,0,0,0,0,7,6,0,10,0,0,0,0,0,2688,2816,2688,2816,4128,2208,6693,2694,0,0,0,0,100,29,57,56,58,25,28,29,0,0,68,0,0,0,0,0,0,13277,957,335,0,335,0,329,329,100,0,0,0,999,999,40,0,25,0,0,0,0,0,0,0,0,0,0,100,2688,2816,100,0,0,0,0,0,0,0,0,0,0,0,0,0,0,0,0,0,0,0,0,160
13001,2881,515,92,41,9999,0,0,735,0,0,0,4233,3111,0,0,62,0,8,7,1920,599,2000,1,0,4,73,72,31846,15094,311,1114,194,65,360,0,0,0,0,7,6,0,10,0,0,0,0,0,2688,2816,2688,2816,4128,2208,6910,2757,0,0,0,0,100,30,53,53,57,27,30,26,0,0,70,0,0,0,0,0,0,13277,957,335,0,335,0,329,329,100,0,0,0,999,999,40,0,25,0,0,0,0,0,0,0,0,0,0,100,2688,2816,100,0,0,0,0,0,0,0,0,0,0,0,0,0,0,0,0,0,0,0,0,160
14001,2881,515,92,41,9999,0,0,550,0,0,0,4233,2328,0,0,62,0,8,7,1920,599,2000,1,0,4,72,72,31869,14936,308,1421,271,64,348,0,0,0,68,6,4,0,10,0,0,0,0,0,2688,2816,2688,2816,4128,2208,5582,1863,0,0,0,0,100,35,55,55,53,35,33,33,0,0,65,0,0,0,0,0,0,13277,957,335,0,335,0,329,329,100,0,0,0,999,999,40,0,25,0,0,0,0,0,0,0,0,0,0,100,2688,2816,100,0,0,0,0,0,0,0,0,0,0,0,0,0,0,0,0,0,0,0,0,160
15001,2881,515,92,41,9999,0,0,644,0,0,0,4233,2726,0,0,62,0,8,7,1920,599,2000,1,0,4,72,72,29112,14969,342,1712,266,64,343,0,0,0,72,6,4,0,10,0,0,0,0,0,2688,2816,2688,2816,4128,2208,5227,1574,0,0,0,0,100,29,51,53,51,26,29,27,0,0,58,0,0,0,0,0,0,13277,957,335,0,335,0,329,329,100,0,0,0,999,999,40,0,25,0,0,0,0,0,0,0,0,0,0,100,2688,2816,100,0,0,0,0,0,0,0,0,0,0,0,0,0,0,0,0,0,0,0,0,160
16001,2881,515,92,41,9999,0,0,650,0,0,0,4233,2751,0,0,62,0,8,7,1920,599,2000,1,0,4,72,72,27314,14466,347,1144,174,64,260,0,0,0,72,6,4,0,10,0,0,0,0,0,2688,2816,2688,2816,4128,2208,4981,1597,0,0,0,0,100,27,53,49,52,25,27,27,0,0,52,0,0,0,0,0,0,13277,957,335,0,335,0,329,329,100,0,0,0,999,999,40,0,25,0,0,0,0,0,0,0,0,0,0,100,2688,2816,100,0,0,0,0,0,0,0,0,0,0,0,0,0,0,0,0,0,0,0,0,160
17001,2881,515,92,41,9999,0,0,858,0,0,0,4233,3631,0,0,62,0,8,7,1920,599,2000,1,0,4,72,72,26586,14234,457,900,268,65,218,0,0,0,73,6,4,0,10,0,0,0,0,0,2688,2816,2688,2816,4128,2208,5427,1676,0,0,0,0,100,30,61,58,59,29,30,29,0,0,51,0,0,0,0,0,0,13277,957,335,0,335,0,329,329,100,0,0,0,999,999,40,0,25,0,0,0,0,0,0,0,0,0,0,100,2688,2816,100,0,0,0,0,0,0,0,0,0,0,0,0,0,0,0,0,0,0,0,0,160
18001,2881,515,92,41,9999,0,0,520,0,0,0,4233,2201,0,0,62,0,8,7,1920,599,2000,1,0,4,73,72,28124,14508,356,967,258,64,340,0,0,0,52,6,4,0,10,0,0,0,0,0,2688,2816,2688,2816,4128,2208,6826,2092,0,0,0,0,100,31,62,62,62,26,31,31,0,0,60,0,0,0,0,0,0,13277,957,335,0,335,0,329,329,100,0,0,0,999,999,40,0,25,0,0,0,0,0,0,0,0,0,0,100,2688,2816,100,0,0,0,0,0,0,0,0,0,0,0,0,0,0,0,0,0,0,0,0,160
20001,3354,514,92,41,9999,0,0,646,0,0,0,4235,2735,0,0,62,0,8,7,1920,599,2000,1,0,4,72,72,30320,14235,326,585,121,66,362,0,0,0,9,6,4,0,10,0,0,0,0,0,2688,2816,2688,2816,4128,2208,7129,2265,0,0,0,0,100,33,52,55,54,33,32,28,0,0,67,0,0,0,0,0,0,13277,969,326,0,326,0,329,329,100,0,0,0,999,999,40,0,25,0,0,0,0,0,0,0,0,0,0,100,2688,2816,100,0,0,0,0,0,0,0,0,0,0,0,0,0,0,0,0,0,0,0,0,160
21002,3354,514,92,41,9999,0,0,466,0,0,0,4235,1973,0,0,62,0,8,7,1920,599,2000,1,0,4,73,72,30224,14222,346,555,114,66,341,0,0,0,9,6,4,0,10,0,0,0,0,0,2688,2816,2688,2816,4128,2208,6617,2231,0,0,0,0,100,34,56,52,55,31,34,27,0,0,66,0,0,0,0,0,0,13277,969,326,0,326,0,329,329,100,0,0,0,999,999,40,0,25,0,0,0,0,0,0,0,0,0,0,100,2688,2816,100,0,0,0,0,0,0,0,0,0,0,0,0,0,0,0,0,0,0,0,0,160
22001,3354,514,92,41,9999,0,0,944,0,0,0,4235,3997,0,0,62,0,8,7,1920,599,2000,1,0,4,71,72,30969,14314,348,648,103,65,366,0,3,6,6,6,4,0,10,0,0,0,0,0,2688,2816,2688,2816,4128,2208,6630,2242,0,0,0,0,100,43,52,50,50,41,43,41,0,0,65,0,0,0,0,0,0,13277,969,326,0,326,0,329,329,100,3,2,0,999,999,40,0,25,0,0,0,0,0,0,0,0,0,0,100,2688,2816,100,0,0,0,0,0,0,0,0,0,0,0,0,0,0,0,0,0,0,0,0,160
23002,3354,514,92,41,9999,0,0,1259,0,0,0,4213,5304,0,0,62,0,8,7,1920,599,2000,1,0,4,72,72,46115,14408,330,734,118,64,357,0,54,0,72,6,4,0,10,0,0,0,0,0,2688,2816,2688,2816,4128,2208,6506,2203,0,0,0,0,100,61,54,53,51,60,59,61,0,0,66,0,0,0,0,0,0,13277,969,326,0,326,0,329,329,100,0,0,0,999,999,40,0,25,0,0,0,0,0,0,0,0,0,0,100,2688,2816,100,0,0,0,0,0,0,0,0,0,0,0,0,0,0,0,0,0,0,0,0,160
24001,3354,514,92,41,9999,0,0,884,0,0,0,4213,3724,0,0,62,0,8,7,1920,599,2000,1,0,4,74,72,55248,14325,340,677,121,64,402,0,63,0,71,6,4,0,10,0,0,0,0,0,2688,2816,2688,2816,4128,2208,7065,2291,0,0,0,0,100,64,61,59,59,63,64,60,0,0,65,0,0,0,0,0,0,13277,969,326,0,326,0,329,329,100,0,0,0,999,999,40,0,25,0,0,0,0,0,0,0,0,0,0,100,2688,2816,100,0,0,0,0,0,0,0,0,0,0,0,0,0,0,0,0,0,0,0,0,160
25006,3354,514,92,41,9999,0,0,938,0,0,0,4213,3951,0,0,62,0,8,7,1920,599,2000,1,0,4,70,72,57573,14519,428,838,390,64,294,0,58,2,73,5,4,0,10,0,0,0,0,0,2688,2816,2688,2816,4128,2208,6412,2198,0,0,0,0,100,64,61,59,59,63,64,60,0,0,65,0,0,0,0,0,0,13277,969,326,0,326,0,329,329,100,1,1,0,999,999,40,0,25,0,0,0,0,0,0,0,0,0,0,100,2688,2816,100,0,0,0,0,0,0,0,0,0,0,0,0,0,0,0,0,0,0,0,0,160
26003,3354,514,92,41,9999,0,0,1299,0,0,0,4213,5472,0,0,62,0,8,7,1920,599,2000,1,0,4,73,72,57509,14956,314,1479,253,63,316,0,83,1,73,5,4,0,10,0,0,0,0,0,2688,2816,2688,2816,4128,2208,6353,2045,0,0,0,0,100,64,57,56,55,58,64,54,0,0,62,0,0,0,0,0,0,13277,969,326,0,326,0,329,329,100,1,1,0,999,999,40,0,25,0,0,0,0,0,0,0,0,0,0,100,2688,2816,100,0,0,0,0,0,0,0,0,0,0,0,0,0,0,0,0,0,0,0,0,160
27002,3354,514,92,41,9999,0,0,774,0,0,0,4213,3260,0,0,62,0,8,7,1920,599,2000,1,0,4,71,72,48806,14488,287,999,167,64,325,0,44,4,72,5,4,0,10,0,0,0,0,0,2688,2816,2688,2816,4128,2208,7202,2083,0,0,0,0,100,59,48,46,48,59,58,53,0,0,64,0,0,0,0,0,0,13277,969,326,0,326,0,329,329,100,2,1,0,999,999,40,0,25,0,0,0,0,0,0,0,0,0,0,100,2688,2816,100,0,0,0,0,0,0,0,0,0,0,0,0,0,0,0,0,0,0,0,0,160
28002,3354,514,92,41,9999,0,0,1039,0,0,0,4213,4377,0,0,62,0,8,7,1920,599,2000,1,0,4,71,72,55530,14242,303,794,115,63,294,0,71,1,72,5,4,0,10,0,0,0,0,0,2688,2816,2688,2816,4128,2208,6703,2041,0,0,0,0,100,60,52,51,47,60,57,54,0,0,65,0,0,0,0,0,0,13277,969,326,0,326,0,329,329,100,1,1,0,999,999,40,0,25,0,0,0,0,0,0,0,0,0,0,100,2688,2816,100,0,0,0,0,0,0,0,0,0,0,0,0,0,0,0,0,0,0,0,0,160
29002,3354,514,92,41,9999,0,0,843,0,0,0,4213,3551,0,0,62,0,8,7,1920,599,2000,1,0,4,72,72,56567,14220,346,622,125,64,306,0,70,3,72,5,4,0,10,0,0,0,0,0,2688,2816,2688,2816,4128,2208,6588,2277,0,0,0,0,100,61,52,50,47,55,61,52,0,0,67,0,0,0,0,0,0,13277,969,326,0,326,0,329,329,100,2,1,0,999,999,40,0,25,0,0,0,0,0,0,0,0,0,0,100,2688,2816,100,0,0,0,0,0,0,0,0,0,0,0,0,0,0,0,0,0,0,0,0,160
30003,3354,514,92,41,9999,0,0,956,0,0,0,4216,4030,0,0,62,0,8,7,1920,599,2000,1,0,4,73,72,56755,14220,346,622,125,64,306,0,70,3,72,5,4,0,10,0,0,0,0,0,2688,2816,2688,2816,4128,2208,6545,2198,0,0,0,0,100,61,48,46,46,54,61,50,0,0,65,0,0,0,0,0,0,13277,969,326,0,326,0,329,329,100,2,1,0,999,999,40,0,25,0,0,0,0,0,0,0,0,0,0,100,2688,2816,100,0,0,0,0,0,0,0,0,0,0,0,0,0,0,0,0,0,0,0,0,160
31002,3354,514,92,41,9999,0,0,770,0,0,0,4216,3246,0,0,62,0,8,7,1920,599,2000,1,0,4,73,72,60190,14339,384,727,372,63,324,0,80,0,67,4,0,0,10,0,0,0,0,0,2688,2816,2688,2816,4128,2208,6098,1497,0,0,0,0,100,57,43,44,41,53,57,56,0,0,59,0,0,0,0,0,0,13277,969,326,0,326,0,329,329,100,0,0,0,999,999,40,0,25,0,0,0,0,0,0,0,0,0,0,100,2688,2816,100,0,0,0,0,0,0,0,0,0,0,0,0,0,0,0,0,0,0,0,0,160
32002,3354,514,92,41,9999,0,0,907,0,0,0,4234,3840,0,0,62,0,8,7,2361,599,2000,1,0,4,71,72,56353,14838,375,1621,306,62,367,0,80,3,0,4,0,0,10,0,0,0,0,0,2688,2816,2688,2816,4128,2208,6124,1624,0,0,0,0,100,62,32,30,32,53,62,52,0,0,57,0,0,0,0,0,0,13277,969,326,0,326,0,329,329,100,1,1,0,999,999,40,0,25,0,0,0,0,0,0,0,0,0,0,100,2688,2816,100,0,0,0,0,0,0,0,0,0,0,0,0,0,0,0,0,0,0,0,0,160
33002,3354,514,92,41,9999,0,0,1327,0,0,0,4234,5618,0,0,62,0,8,7,2361,599,2000,1,0,4,73,72,55266,14309,299,1093,197,62,336,0,79,1,0,4,4,0,10,0,0,0,0,0,2688,2816,2688,2816,4128,2208,6663,1673,0,0,0,0,100,59,38,34,37,59,58,55,0,0,57,0,0,0,0,0,0,13277,969,326,0,326,0,329,329,100,1,1,0,999,999,40,0,25,0,0,0,0,0,0,0,0,0,0,100,2688,2816,100,0,0,0,0,0,0,0,0,0,0,0,0,0,0,0,0,0,0,0,0,160
34002,3354,514,92,41,9999,0,0,928,0,0,0,4234,3929,0,0,62,0,8,7,2361,599,2000,1,0,4,69,72,49017,14254,352,893,144,63,390,0,52,0,28,4,4,0,10,0,0,0,0,0,2688,2816,2688,2816,4128,2208,6128,1757,0,0,0,0,100,66,37,31,33,50,66,57,0,0,56,0,0,0,0,0,0,13277,969,326,0,326,0,329,329,100,0,0,0,999,999,40,0,25,0,0,0,0,0,0,0,0,0,0,100,2688,2816,100,0,0,0,0,0,0,0,0,0,0,0,0,0,0,0,0,0,0,0,0,160
35002,3354,514,92,41,9999,0,0,858,0,0,0,4234,3632,0,0,62,0,8,7,2361,599,2000,1,0,4,72,72,56704,14152,371,852,124,62,283,0,65,7,72,4,4,0,10,0,0,0,0,0,2688,2816,2688,2816,4128,2208,6049,1662,0,0,0,0,100,63,36,31,30,50,63,54,0,0,57,0,0,0,0,0,0,13277,969,326,0,326,0,329,329,100,2,1,0,999,999,40,0,25,0,0,0,0,0,0,0,0,0,0,100,2688,2816,100,0,0,0,0,0,0,0,0,0,0,0,0,0,0,0,0,0,0,0,0,160
36002,3354,514,92,41,9999,0,0,941,0,0,0,4234,3984,0,0,62,0,8,7,2361,599,2000,1,0,4,72,72,53885,14015,351,683,84,63,332,0,81,0,72,4,4,0,10,0,0,0,0,0,2688,2816,2688,2816,4128,2208,6156,1663,0,0,0,0,100,64,41,38,41,62,64,58,0,0,56,0,0,0,0,0,0,13277,969,326,0,326,0,329,329,100,0,0,0,999,999,40,0,25,0,0,0,0,0,0,0,0,0,0,100,2688,2816,100,0,0,0,0,0,0,0,0,0,0,0,0,0,0,0,0,0,0,0,0,160
37002,3354,514,92,41,9999,0,0,833,0,0,0,4234,3526,0,0,62,0,8,7,2361,599,2000,1,0,4,69,72,55401,13916,323,602,125,63,346,0,68,4,73,4,4,0,10,0,0,0,0,0,2688,2816,2688,2816,4128,2208,6147,1677,0,0,0,0,100,56,36,30,34,55,55,56,0,0,57,0,0,0,0,0,0,13277,969,326,0,326,0,329,329,100,2,1,0,999,999,40,0,25,0,0,0,0,0,0,0,0,0,0,100,2688,2816,100,0,0,0,0,0,0,0,0,0,0,0,0,0,0,0,0,0,0,0,0,160
38003,3354,514,92,41,9999,0,0,1306,0,0,0,4234,5529,0,0,62,0,8,7,2361,599,2000,1,0,4,72,72,50838,13880,323,614,112,63,304,0,68,3,72,4,4,0,10,0,0,0,0,0,2688,2816,2688,2816,4128,2208,6307,1705,0,0,0,0,100,59,41,35,37,52,59,52,0,0,57,0,0,0,0,0,0,13277,969,326,0,326,0,329,329,100,2,1,0,999,999,40,0,25,0,0,0,0,0,0,0,0,0,0,100,2688,2816,100,0,0,0,0,0,0,0,0,0,0,0,0,0,0,0,0,0,0,0,0,160
39027,3302,526,92,41,9999,0,0,1304,0,0,0,4234,5521,0,0,62,0,8,7,2361,599,2000,1,0,4,74,72,52569,13981,348,619,116,62,323,0,65,1,72,4,4,0,10,0,0,0,0,0,2688,2816,2688,2816,4128,2208,6241,1822,0,0,0,0,100,60,50,45,46,60,55,60,0,0,58,0,0,0,0,0,0,13581,1018,331,0,331,0,336,336,100,1,1,0,999,999,40,0,25,0,0,0,0,0,0,0,0,0,0,100,2688,2816,100,0,0,0,0,0,0,0,0,0,0,0,0,0,0,0,0,0,0,0,0,160
40003,3302,526,92,42,9999,0,0,739,0,0,0,4248,3139,0,0,62,0,8,7,2361,599,2000,1,0,4,71,72,54746,14005,366,667,115,63,324,0,63,3,73,4,4,0,10,0,0,0,0,0,2688,2816,2688,2816,4128,2208,6275,1670,0,0,0,0,100,59,48,43,42,59,59,53,0,0,57,0,0,0,0,0,0,13581,1018,331,0,331,0,336,336,100,1,1,0,999,999,40,0,25,0,0,0,0,0,0,0,0,0,0,100,2688,2816,100,0,0,0,0,0,0,0,0,0,0,0,0,0,0,0,0,0,0,0,0,160
41005,3302,526,92,42,9999,0,0,969,0,0,0,4248,4116,0,0,62,0,8,7,2361,599,2000,1,0,4,72,72,53584,13988,320,669,97,63,349,0,73,3,73,4,4,0,10,0,0,0,0,0,2688,2816,2688,2816,4128,2208,6177,1636,0,0,0,0,100,59,38,30,34,53,59,53,0,0,56,0,0,0,0,0,0,13581,1018,331,0,331,0,336,336,100,3,1,0,999,999,40,0,25,0,0,0,0,0,0,0,0,0,0,100,2688,2816,100,0,0,0,0,0,0,0,0,0,0,0,0,0,0,0,0,0,0,0,0,160
42003,3302,526,92,42,9999,0,0,865,0,0,0,4248,3674,0,0,62,0,8,7,2361,599,2000,1,0,4,72,72,55649,14022,741,648,138,62,336,0,75,3,73,4,4,0,10,0,0,0,0,0,2688,2816,2688,2816,4128,2208,6519,1642,0,0,0,0,100,60,33,31,33,52,60,51,0,0,57,0,0,0,0,0,0,13581,1018,331,0,331,0,336,336,100,3,1,0,999,999,40,0,25,0,0,0,0,0,0,0,0,0,0,100,2688,2816,100,0,0,0,0,0,0,0,0,0,0,0,0,0,0,0,0,0,0,0,0,160
43003,3302,526,92,42,9999,0,0,1043,0,0,0,4248,4430,0,0,62,0,8,7,2361,599,2000,1,0,4,72,72,50560,13917,337,613,90,63,306,0,83,0,72,4,4,0,10,0,0,0,0,0,2688,2816,2688,2816,4128,2208,6635,1578,0,0,0,0,100,57,34,30,33,54,57,52,0,0,59,0,0,0,0,0,0,13581,1018,331,0,331,0,336,336,100,0,0,0,999,999,40,0,25,0,0,0,0,0,0,0,0,0,0,100,2688,2816,100,0,0,0,0,0,0,0,0,0,0,0,0,0,0,0,0,0,0,0,0,160
44003,3302,526,92,42,9999,0,0,853,0,0,0,4248,3623,0,0,62,0,8,7,2361,599,2000,1,0,4,71,72,53092,13926,344,612,131,62,307,0,61,3,73,4,4,0,10,0,0,0,0,0,2688,2816,2688,2816,4128,2208,7199,1691,0,0,0,0,100,58,28,26,27,56,58,54,0,0,62,0,0,0,0,0,0,13581,1018,331,0,331,0,336,336,100,1,1,0,999,999,40,0,25,0,0,0,0,0,0,0,0,0,0,100,2688,2816,100,0,0,0,0,0,0,0,0,0,0,0,0,0,0,0,0,0,0,0,0,160
45003,3302,526,92,42,9999,0,0,1324,0,0,0,4248,5624,0,0,62,0,8,7,2361,599,2000,1,0,4,74,72,51734,13929,351,613,113,63,290,0,59,6,73,4,4,0,10,0,0,0,0,0,2688,2816,2688,2816,4128,2208,5308,1580,0,0,0,0,100,57,32,28,28,57,57,48,0,0,55,0,0,0,0,0,0,13581,1018,331,0,331,0,336,336,100,2,1,0,999,999,40,0,25,0,0,0,0,0,0,0,0,0,0,100,2688,2816,100,0,0,0,0,0,0,0,0,0,0,0,0,0,0,0,0,0,0,0,0,160
46007,3302,526,92,42,9999,0,0,1082,0,0,0,4248,4596,0,0,62,0,8,7,2361,599,2000,1,0,4,70,72,53507,13875,326,617,104,62,311,0,85,0,72,4,4,0,10,0,0,0,0,0,2688,2816,2688,2816,4128,2208,5652,1559,0,0,0,0,100,58,34,31,31,52,58,50,0,0,53,0,0,0,0,0,0,13581,1018,331,0,331,0,336,336,100,0,0,0,999,999,40,0,25,0,0,0,0,0,0,0,0,0,0,100,2688,2816,100,0,0,0,0,0,0,0,0,0,0,0,0,0,0,0,0,0,0,0,0,160
47004,3302,526,92,42,9999,0,0,639,0,0,0,4248,2714,0,0,62,0,8,7,2361,599,2000,1,0,4,72,72,52791,13806,300,624,124,63,289,0,83,4,72,4,4,0,10,0,0,0,0,0,2688,2816,2688,2816,4128,2208,6265,1600,0,0,0,0,100,56,29,29,24,53,55,56,0,0,54,0,0,0,0,0,0,13581,1018,331,0,331,0,336,336,100,2,1,0,999,999,40,0,25,0,0,0,0,0,0,0,0,0,0,100,2688,2816,100,0,0,0,0,0,0,0,0,0,0,0,0,0,0,0,0,0,0,0,0,160
48004,3302,526,92,42,9999,0,0,863,0,0,0,4248,3666,0,0,62,0,8,7,2361,599,2000,1,0,4,72,72,51703,13822,346,601,104,62,346,0,68,4,73,4,4,0,10,0,0,0,0,0,2688,2816,2688,2816,4128,2208,4995,1598,0,0,0,0,100,58,31,27,30,49,58,54,0,0,53,0,0,0,0,0,0,13581,1018,331,0,331,0,336,336,100,2,1,0,999,999,40,0,25,0,0,0,0,0,0,0,0,0,0,100,2688,2816,100,0,0,0,0,0,0,0,0,0,0,0,0,0,0,0,0,0,0,0,0,160
49004,3302,526,92,42,9999,0,0,689,0,0,0,4248,2926,0,0,62,0,8,7,2361,599,2000,1,0,4,71,72,53866,13852,335,590,98,63,348,0,96,0,73,4,4,0,10,0,0,0,0,0,2688,2816,2688,2816,4128,2208,6838,1743,0,0,0,0,100,56,33,30,28,56,48,54,0,0,54,0,0,0,0,0,0,13581,1018,331,0,331,0,336,336,100,0,0,0,999,999,40,0,25,0,0,0,0,0,0,0,0,0,0,100,2688,2816,100,0,0,0,0,0,0,0,0,0,0,0,0,0,0,0,0,0,0,0,0,160
50004,3302,526,92,42,9999,0,0,978,0,0,0,4232,4138,0,0,62,0,8,7,2361,599,2000,1,0,4,72,72,56604,13893,308,593,127,63,313,0,86,3,72,4,4,0,10,0,0,0,0,0,2688,2816,2688,2816,4128,2208,4976,1554,0,0,0,0,100,55,33,27,28,55,54,53,0,0,55,0,0,0,0,0,0,13581,1018,331,0,331,0,336,336,100,2,1,0,999,999,40,0,25,0,0,0,0,0,0,0,0,0,0,100,2688,2816,100,0,0,0,0,0,0,0,0,0,0,0,0,0,0,0,0,0,0,0,0,160
51004,3302,526,92,42,9999,0,0,647,0,0,0,4232,2738,0,0,62,0,8,7,2361,599,2000,1,0,4,71,72,54663,13821,342,606,89,63,333,0,83,1,72,4,4,0,10,0,0,0,0,0,2688,2816,2688,2816,4128,2208,4548,1391,0,0,0,0,100,58,35,25,30,58,57,53,0,0,48,0,0,0,0,0,0,13581,1018,331,0,331,0,336,336,100,1,1,0,999,999,40,0,25,0,0,0,0,0,0,0,0,0,0,100,2688,2816,100,0,0,0,0,0,0,0,0,0,0,0,0,0,0,0,0,0,0,0,0,160
52004,3302,526,92,42,9999,0,0,888,0,0,0,4232,3758,0,0,62,0,8,7,1920,599,2000,1,0,4,74,72,54220,13869,341,665,93,63,319,0,101,1,72,4,4,0,10,0,0,0,0,0,2688,2816,2688,2816,4128,2208,5145,1475,0,0,0,0,100,56,31,30,29,54,53,56,0,0,47,0,0,0,0,0,0,13581,1018,331,0,331,0,336,336,100,1,1,0,999,999,40,0,25,0,0,0,0,0,0,0,0,0,0,100,2688,2816,100,0,0,0,0,0,0,0,0,0,0,0,0,0,0,0,0,0,0,0,0,160
53004,3302,526,92,42,9999,0,0,966,0,0,0,4232,4088,0,0,62,0,8,7,1920,599,2000,1,0,4,68,72,50610,13830,393,599,82,63,347,0,107,0,73,4,4,0,10,0,0,0,0,0,2688,2816,2688,2816,4128,2208,4748,1379,0,0,0,0,100,58,31,30,31,58,53,52,0,0,46,0,0,0,0,0,0,13581,1018,331,0,331,0,336,336,100,0,0,0,999,999,40,0,25,0,0,0,0,0,0,0,0,0,0,100,2688,2816,100,0,0,0,0,0,0,0,0,0,0,0,0,0,0,0,0,0,0,0,0,160
54004,3302,526,92,42,9999,0,0,577,0,0,0,4232,2441,0,0,62,0,8,7,1920,599,2000,1,0,4,73,72,51013,13822,311,624,108,62,334,0,69,7,73,4,4,0,10,0,0,0,0,0,2688,2816,2688,2816,4128,2208,4853,1554,0,0,0,0,100,62,34,31,34,62,53,51,0,0,47,0,0,0,0,0,0,13581,1018,331,0,331,0,336,336,100,2,1,0,999,999,40,0,25,0,0,0,0,0,0,0,0,0,0,100,2688,2816,100,0,0,0,0,0,0,0,0,0,0,0,0,0,0,0,0,0,0,0,0,160
55004,3302,526,92,42,9999,0,0,895,0,0,0,4232,3787,0,0,62,0,8,7,1920,599,2000,1,0,4,73,72,53476,13758,302,619,111,62,320,0,88,2,73,4,4,0,10,0,0,0,0,0,2688,2816,2688,2816,4128,2208,6920,1719,0,0,0,0,100,58,31,26,29,55,58,51,0,0,51,0,0,0,0,0,0,13581,1018,331,0,331,0,336,336,100,2,1,0,999,999,40,0,25,0,0,0,0,0,0,0,0,0,0,100,2688,2816,100,0,0,0,0,0,0,0,0,0,0,0,0,0,0,0,0,0,0,0,0,160
56009,3302,526,92,42,9999,0,0,821,0,0,0,4232,3474,0,0,62,0,8,7,1920,599,2000,1,0,4,72,72,55543,13875,367,571,110,63,330,0,73,3,73,4,4,0,10,0,0,0,0,0,2688,2816,2688,2816,4128,2208,7097,1681,0,0,0,0,100,64,38,34,32,64,58,56,0,0,60,0,0,0,0,0,0,13581,1018,331,0,331,0,336,336,100,2,1,0,999,999,40,0,25,0,0,0,0,0,0,0,0,0,0,100,2688,2816,100,0,0,0,0,0,0,0,0,0,0,0,0,0,0,0,0,0,0,0,0,160
57005,3302,526,92,42,9999,0,0,336,0,0,0,4232,1421,0,0,62,0,8,7,1920,599,2000,1,0,4,72,72,56243,13984,332,600,93,63,348,0,57,1,73,4,4,0,10,0,0,0,0,0,2688,2816,2688,2816,4128,2208,6459,1663,0,0,0,0,100,64,41,31,37,62,64,64,0,0,60,0,0,0,0,0,0,13581,1018,331,0,331,0,336,336,100,1,1,0,999,999,40,0,25,0,0,0,0,0,0,0,0,0,0,100,2688,2816,100,0,0,0,0,0,0,0,0,0,0,0,0,0,0,0,0,0,0,0,0,160
58006,3302,526,92,42,9999,0,0,1068,0,0,0,4232,4519,0,0,62,0,8,7,1920,599,2000,1,0,4,72,72,54813,13982,320,634,105,63,320,0,52,5,72,4,4,0,10,0,0,0,0,0,2688,2816,2688,2816,4128,2208,6921,1636,0,0,0,0,100,67,38,35,39,63,61,67,0,0,62,0,0,0,0,0,0,13581,1018,331,0,331,0,336,336,100,2,1,0,999,999,40,0,25,0,0,0,0,0,0,0,0,0,0,100,2688,2816,100,0,0,0,0,0,0,0,0,0,0,0,0,0,0,0,0,0,0,0,0,160
59039,3153,526,92,42,9999,0,0,1273,0,0,0,4232,5387,0,0,62,0,8,7,1920,599,2000,1,0,4,72,72,58503,13868,298,647,125,63,350,0,64,0,73,4,4,0,10,0,0,0,0,0,2688,2816,2688,2816,4128,2208,7112,1712,0,0,0,0,100,64,37,35,37,63,62,64,0,0,63,0,0,0,0,0,0,13582,1026,331,0,331,0,337,337,100,0,0,0,999,999,40,0,25,0,0,0,0,0,0,0,0,0,0,100,2688,2816,100,0,0,0,0,0,0,0,0,0,0,0,0,0,0,0,0,0,0,0,0,160
60006,3153,526,92,42,9999,0,0,866,0,0,0,4220,3654,0,0,62,0,8,7,1920,599,2000,1,0,4,72,72,56441,13978,371,623,116,63,352,0,70,1,72,4,4,0,10,0,0,0,0,0,2688,2816,2688,2816,4128,2208,5815,1679,0,0,0,0,100,68,46,42,43,68,66,61,0,0,61,0,0,0,0,0,0,13582,1026,331,0,331,0,337,337,100,1,1,0,999,999,40,0,25,0,0,0,0,0,0,0,0,0,0,100,2688,2816,100,0,0,0,0,0,0,0,0,0,0,0,0,0,0,0,0,0,0,0,0,160
61006,3153,526,92,42,9999,0,0,853,0,0,0,4220,3599,0,0,62,0,8,7,1920,599,2000,1,0,4,72,72,56627,14072,377,672,135,64,386,0,64,0,73,4,4,0,10,0,0,0,0,0,2688,2816,2688,2816,4128,2208,6442,1643,0,0,0,0,100,74,51,47,46,65,74,67,0,0,58,0,0,0,0,0,0,13582,1026,331,0,331,0,337,337,100,0,0,0,999,999,40,0,25,0,0,0,0,0,0,0,0,0,0,100,2688,2816,100,0,0,0,0,0,0,0,0,0,0,0,0,0,0,0,0,0,0,0,0,160
62006,3153,526,92,42,9999,0,0,853,0,0,0,4220,3599,0,0,62,0,8,7,1920,599,2000,1,0,4,72,72,57102,14055,321,749,113,64,379,0,62,1,73,4,4,0,10,0,0,0,0,0,2688,2816,2688,2816,4128,2208,6756,1688,0,0,0,0,100,73,39,35,38,62,73,65,0,0,61,0,0,0,0,0,0,13582,1026,331,0,331,0,337,337,100,1,1,0,999,999,40,0,25,0,0,0,0,0,0,0,0,0,0,100,2688,2816,100,0,0,0,0,0,0,0,0,0,0,0,0,0,0,0,0,0,0,0,0,160
63006,3153,526,92,42,9999,0,0,788,0,0,0,4220,3325,0,0,62,0,8,7,1920,599,2000,1,0,4,72,72,54715,13988,304,716,107,63,425,0,64,0,72,4,4,0,10,0,0,0,0,0,2688,2816,2688,2816,4128,2208,7662,1677,0,0,0,0,100,66,40,36,38,65,59,66,0,0,64,0,0,0,0,0,0,13582,1026,331,0,331,0,337,337,100,0,0,0,999,999,40,0,25,0,0,0,0,0,0,0,0,0,0,100,2688,2816,100,0,0,0,0,0,0,0,0,0,0,0,0,0,0,0,0,0,0,0,0,160
64007,3153,526,92,42,9999,0,0,1009,0,0,0,4220,4257,0,0,62,0,8,7,1920,599,2000,1,0,4,72,72,56765,14032,397,705,121,64,329,0,50,2,72,4,4,0,10,0,0,0,0,0,2688,2816,2688,2816,4128,2208,5995,1706,0,0,0,0,100,68,39,38,38,63,68,67,0,0,60,0,0,0,0,0,0,13582,1026,331,0,331,0,337,337,100,2,1,0,999,999,40,0,25,0,0,0,0,0,0,0,0,0,0,100,2688,2816,100,0,0,0,0,0,0,0,0,0,0,0,0,0,0,0,0,0,0,0,0,160
65007,3153,526,92,42,9999,0,0,755,0,0,0,4220,3186,0,0,62,0,8,7,1920,599,2000,1,0,4,73,72,58645,14022,340,659,118,63,353,0,72,0,73,4,4,0,10,0,0,0,0,0,2688,2816,2688,2816,4128,2208,6018,1621,0,0,0,0,100,65,43,42,41,64,65,62,0,0,59,0,0,0,0,0,0,13582,1026,331,0,331,0,337,337,100,0,0,0,999,999,40,0,25,0,0,0,0,0,0,0,0,0,0,100,2688,2816,100,0,0,0,0,0,0,0,0,0,0,0,0,0,0,0,0,0,0,0,0,160
66007,3153,526,92,42,9999,0,0,987,0,0,0,4220,4165,0,0,62,0,8,7,1920,599,2000,1,0,4,70,72,55579,13997,333,664,123,63,310,0,69,5,72,4,4,0,10,0,0,0,0,0,2688,2816,2688,2816,4128,2208,6780,1593,0,0,0,0,100,65,41,36,40,58,65,65,0,0,59,0,0,0,0,0,0,13582,1026,331,0,331,0,337,337,100,3,1,0,999,999,40,0,25,0,0,0,0,0,0,0,0,0,0,100,2688,2816,100,0,0,0,0,0,0,0,0,0,0,0,0,0,0,0,0,0,0,0,0,160
67008,3153,526,92,42,9999,0,0,989,0,0,0,4220,4173,0,0,62,0,8,7,1920,599,2000,1,0,4,72,72,56636,13934,315,630,122,63,313,0,74,0,73,4,4,0,10,0,0,0,0,0,2688,2816,2688,2816,4128,2208,6298,1665,0,0,0,0,100,65,39,36,38,59,65,61,0,0,61,0,0,0,0,0,0,13582,1026,331,0,331,0,337,337,100,0,0,0,999,999,40,0,25,0,0,0,0,0,0,0,0,0,0,100,2688,2816,100,0,0,0,0,0,0,0,0,0,0,0,0,0,0,0,0,0,0,0,0,160
68007,3153,526,92,42,9999,0,0,783,0,0,0,4220,3304,0,0,62,0,8,7,1920,599,2000,1,0,4,73,72,58635,13898,348,643,148,63,357,0,70,4,73,4,4,0,10,0,0,0,0,0,2688,2816,2688,2816,4128,2208,6460,1648,0,0,0,0,100,71,41,38,42,60,71,67,0,0,60,0,0,0,0,0,0,13582,1026,331,0,331,0,337,337,100,2,1,0,999,999,40,0,25,0,0,0,0,0,0,0,0,0,0,100,2688,2816,100,0,0,0,0,0,0,0,0,0,0,0,0,0,0,0,0,0,0,0,0,160
69007,3153,526,92,42,9999,0,0,698,0,0,0,4220,2945,0,0,62,0,8,7,1920,599,2000,1,0,4,71,72,59332,14029,345,745,166,62,363,0,75,0,72,4,4,0,10,0,0,0,0,0,2688,2816,2688,2816,4128,2208,7011,1682,0,0,0,0,100,67,43,38,39,67,66,63,0,0,59,0,0,0,0,0,0,13582,1026,331,0,331,0,337,337,100,0,0,0,999,999,40,0,25,0,0,0,0,0,0,0,0,0,0,100,2688,2816,100,0,0,0,0,0,0,0,0,0,0,0,0,0,0,0,0,0,0,0,0,160
70007,3153,526,91,42,9999,0,0,842,0,0,0,4229,3560,0,0,62,0,8,7,1920,599,2000,1,0,4,71,72,55323,13972,330,690,118,63,423,0,66,3,73,4,4,0,10,0,0,0,0,0,2688,2816,2688,2816,4128,2208,6766,1618,0,0,0,0,100,65,39,37,39,64,65,61,0,0,60,0,0,0,0,0,0,13582,1026,331,0,331,0,337,337,100,2,1,0,999,999,40,0,25,0,0,0,0,0,0,0,0,0,0,100,2688,2816,100,0,0,0,0,0,0,0,0,0,0,0,0,0,0,0,0,0,0,0,0,160
71007,3153,526,91,42,9999,0,0,737,0,0,0,4229,3116,0,0,62,0,8,7,1920,599,2000,1,0,4,72,72,57655,13940,270,728,162,64,453,0,70,0,73,4,4,0,10,0,0,0,0,0,2688,2816,2688,2816,4128,2208,6850,1580,0,0,0,0,100,68,41,37,34,61,68,61,0,0,61,0,0,0,0,0,0,13582,1026,331,0,331,0,337,337,100,0,0,0,999,999,40,0,25,0,0,0,0,0,0,0,0,0,0,100,2688,2816,100,0,0,0,0,0,0,0,0,0,0,0,0,0,0,0,0,0,0,0,0,160
72007,3153,526,91,42,9999,0,0,821,0,0,0,4229,3472,0,0,62,0,8,7,1920,599,2000,1,0,4,72,72,57655,13878,237,716,171,63,325,0,68,0,72,4,4,0,10,0,0,0,0,0,2688,2816,2688,2816,4128,2208,6831,1624,0,0,0,0,100,64,36,31,34,62,62,64,0,0,62,0,0,0,0,0,0,13582,1026,331,0,331,0,337,337,100,0,0,0,999,999,40,0,25,0,0,0,0,0,0,0,0,0,0,100,2688,2816,100,0,0,0,0,0,0,0,0,0,0,0,0,0,0,0,0,0,0,0,0,160
73008,3153,526,91,42,9999,0,0,717,0,0,0,4229,3032,0,0,62,0,8,7,1920,599,2000,1,0,4,73,72,52112,13862,585,627,113,64,336,0,50,1,72,4,4,0,10,0,0,0,0,0,2688,2816,2688,2816,4128,2208,7307,1640,0,0,0,0,100,64,37,33,32,64,64,60,0,0,64,0,0,0,0,0,0,13582,1026,331,0,331,0,337,337,100,1,1,0,999,999,40,0,25,0,0,0,0,0,0,0,0,0,0,100,2688,2816,100,0,0,0,0,0,0,0,0,0,0,0,0,0,0,0,0,0,0,0,0,160
74008,3153,526,91,42,9999,0,0,671,0,0,0,4229,2837,0,0,62,0,8,7,1920,599,2000,1,0,4,72,72,56545,13975,338,673,100,63,428,0,58,3,72,4,4,0,10,0,0,0,0,0,2688,2816,2688,2816,4128,2208,6324,1669,0,0,0,0,100,67,37,34,34,67,61,63,0,0,63,0,0,0,0,0,0,13582,1026,331,0,331,0,337,337,100,2,1,0,999,999,40,0,25,0,0,0,0,0,0,0,0,0,0,100,2688,2816,100,0,0,0,0,0,0,0,0,0,0,0,0,0,0,0,0,0,0,0,0,160
75009,3153,526,91,42,9999,0,0,923,0,0,0,4229,3903,0,0,62,0,8,7,1920,599,2000,1,0,4,71,72,55740,13929,310,640,142,64,371,0,65,0,73,4,4,0,10,0,0,0,0,0,2688,2816,2688,2816,4128,2208,6386,1656,0,0,0,0,100,70,39,37,38,64,70,65,0,0,60,0,0,0,0,0,0,13582,1026,331,0,331,0,337,337,100,0,0,0,999,999,40,0,25,0,0,0,0,0,0,0,0,0,0,100,2688,2816,100,0,0,0,0,0,0,0,0,0,0,0,0,0,0,0,0,0,0,0,0,160
76011,3153,526,91,42,9999,0,0,454,0,0,0,4229,1919,0,0,62,0,8,7,1920,599,2000,1,0,4,72,72,58089,13786,283,636,112,64,318,0,68,1,72,4,4,0,10,0,0,0,0,0,2688,2816,2688,2816,4128,2208,6707,1595,0,0,0,0,100,70,39,33,36,64,70,63,0,0,61,0,0,0,0,0,0,13582,1026,331,0,331,0,337,337,100,1,1,0,999,999,40,0,25,0,0,0,0,0,0,0,0,0,0,100,2688,2816,100,0,0,0,0,0,0,0,0,0,0,0,0,0,0,0,0,0,0,0,0,160
77009,3153,526,91,42,9999,0,0,709,0,0,0,4229,2998,0,0,62,0,8,7,1920,599,2000,1,0,4,72,72,56202,13873,327,654,122,63,348,0,67,1,73,4,4,0,10,0,0,0,0,0,2688,2816,2688,2816,4128,2208,6567,1622,0,0,0,0,100,64,38,39,35,62,64,63,0,0,59,0,0,0,0,0,0,13582,1026,331,0,331,0,337,337,100,1,1,0,999,999,40,0,25,0,0,0,0,0,0,0,0,0,0,100,2688,2816,100,0,0,0,0,0,0,0,0,0,0,0,0,0,0,0,0,0,0,0,0,160
78009,3153,526,91,42,9999,0,0,1101,0,0,0,4229,4656,0,0,62,0,8,7,1920,599,2000,1,0,4,71,72,57199,13860,331,643,100,64,358,0,61,1,72,4,4,0,10,0,0,0,0,0,2688,2816,2688,2816,4128,2208,6387,1606,0,0,0,0,100,75,42,36,34,62,75,63,0,0,59,0,0,0,0,0,0,13582,1026,331,0,331,0,337,337,100,1,1,0,999,999,40,0,25,0,0,0,0,0,0,0,0,0,0,100,2688,2816,100,0,0,0,0,0,0,0,0,0,0,0,0,0,0,0,0,0,0,0,0,160
79036,3295,525,91,42,9999,0,0,742,0,0,0,4229,3137,0,0,62,0,8,7,1920,599,2000,1,0,4,73,72,59221,13999,327,656,109,63,364,0,70,0,73,4,4,0,10,0,0,0,0,0,2688,2816,2688,2816,4128,2208,6546,1667,0,0,0,0,100,66,37,34,37,64,66,65,0,0,58,0,0,0,0,0,0,13580,1035,328,0,328,0,335,335,100,0,0,0,999,999,40,0,25,0,0,0,0,0,0,0,0,0,0,100,2688,2816,100,0,0,0,0,0,0,0,0,0,0,0,0,0,0,0,0,0,0,0,0,160
80009,3295,525,91,42,9999,0,0,978,0,0,0,4226,4133,0,0,62,0,8,7,1920,599,2000,1,0,4,69,72,56056,13848,276,687,117,63,313,0,44,6,73,4,4,0,10,0,0,0,0,0,2688,2816,2688,2816,4128,2208,6282,1613,0,0,0,0,100,69,37,34,34,66,69,60,0,0,59,0,0,0,0,0,0,13580,1035,328,0,328,0,335,335,100,2,1,0,999,999,40,0,25,0,0,0,0,0,0,0,0,0,0,100,2688,2816,100,0,0,0,0,0,0,0,0,0,0,0,0,0,0,0,0,0,0,0,0,160
81009,3295,525,91,42,9999,0,0,1279,0,0,0,4226,5405,0,0,62,0,8,7,1920,599,2000,1,0,4,71,72,52035,13804,307,618,116,63,329,0,58,0,73,4,4,0,10,0,0,0,0,0,2688,2816,2688,2816,4128,2208,6657,1642,0,0,0,0,100,74,44,36,42,66,74,62,0,0,60,0,0,0,0,0,0,13580,1035,328,0,328,0,335,335,100,0,0,0,999,999,40,0,25,0,0,0,0,0,0,0,0,0,0,100,2688,2816,100,0,0,0,0,0,0,0,0,0,0,0,0,0,0,0,0,0,0,0,0,160
82013,3295,525,91,42,9999,0,0,622,0,0,0,4226,2628,0,0,62,0,8,7,1920,599,2000,1,0,4,72,72,57784,13850,304,594,114,64,330,0,58,0,73,4,4,0,10,0,0,0,0,0,2688,2816,2688,2816,4128,2208,6458,1638,0,0,0,0,100,72,53,50,48,72,69,64,0,0,61,0,0,0,0,0,0,13580,1035,328,0,328,0,335,335,100,0,0,0,999,999,40,0,25,0,0,0,0,0,0,0,0,0,0,100,2688,2816,100,0,0,0,0,0,0,0,0,0,0,0,0,0,0,0,0,0,0,0,0,160
83010,3295,525,91,42,9999,0,0,534,0,0,0,4226,2256,0,0,62,0,8,7,1920,599,2000,1,0,4,72,72,55543,13939,336,639,104,64,316,0,64,0,72,4,4,0,10,0,0,0,0,0,2688,2816,2688,2816,4128,2208,6531,1626,0,0,0,0,100,72,43,38,41,70,72,65,0,0,60,0,0,0,0,0,0,13580,1035,328,0,328,0,335,335,100,0,0,0,999,999,40,0,25,0,0,0,0,0,0,0,0,0,0,100,2688,2816,100,0,0,0,0,0,0,0,0,0,0,0,0,0,0,0,0,0,0,0,0,160
84009,3295,525,91,42,9999,0,0,724,0,0,0,4226,3059,0,0,62,0,8,7,1920,599,2000,1,0,4,72,72,57035,13892,282,690,124,64,441,0,70,1,73,4,4,0,10,0,0,0,0,0,2688,2816,2688,2816,4128,2208,6525,1685,0,0,0,0,100,67,39,31,35,67,66,64,0,0,59,0,0,0,0,0,0,13580,1035,328,0,328,0,335,335,100,1,1,0,999,999,40,0,25,0,0,0,0,0,0,0,0,0,0,100,2688,2816,100,0,0,0,0,0,0,0,0,0,0,0,0,0,0,0,0,0,0,0,0,160
85010,3295,525,91,42,9999,0,0,818,0,0,0,4226,3456,0,0,62,0,8,7,1920,599,2000,1,0,4,73,72,54314,13808,242,691,151,63,385,0,59,0,73,4,4,0,10,0,0,0,0,0,2688,2816,2688,2816,4128,2208,6423,1622,0,0,0,0,100,69,36,30,32,67,69,63,0,0,60,0,0,0,0,0,0,13580,1035,328,0,328,0,335,335,100,0,0,0,999,999,40,0,25,0,0,0,0,0,0,0,0,0,0,100,2688,2816,100,0,0,0,0,0,0,0,0,0,0,0,0,0,0,0,0,0,0,0,0,160
86009,3295,525,91,42,9999,0,0,771,0,0,0,4226,3258,0,0,62,0,8,7,1920,599,2000,1,0,4,73,72,59592,13846,330,619,137,64,340,0,71,1,72,4,4,0,10,0,0,0,0,0,2688,2816,2688,2816,4128,2208,6046,1574,0,0,0,0,100,66,42,36,35,62,64,66,0,0,59,0,0,0,0,0,0,13580,1035,328,0,328,0,335,335,100,0,0,0,999,999,40,0,25,0,0,0,0,0,0,0,0,0,0,100,2688,2816,100,0,0,0,0,0,0,0,0,0,0,0,0,0,0,0,0,0,0,0,0,160
87009,3295,525,91,42,9999,0,0,823,0,0,0,4226,3477,0,0,62,0,8,7,1920,599,2000,1,0,4,71,72,57851,13875,328,622,107,63,322,0,65,0,72,4,4,0,10,0,0,0,0,0,2688,2816,2688,2816,4128,2208,6406,1599,0,0,0,0,100,70,43,35,38,70,66,64,0,0,60,0,0,0,0,0,0,13580,1035,328,0,328,0,335,335,100,1,1,0,999,999,40,0,25,0,0,0,0,0,0,0,0,0,0,100,2688,2816,100,0,0,0,0,0,0,0,0,0,0,0,0,0,0,0,0,0,0,0,0,160
88009,3295,525,91,42,9999,0,0,810,0,0,0,4226,3423,0,0,62,0,8,7,1920,599,2000,1,0,4,73,72,54014,13844,305,603,88,63,372,0,63,0,73,4,4,0,10,0,0,0,0,0,2688,2816,2688,2816,4128,2208,5955,1610,0,0,0,0,100,74,38,35,35,74,66,62,0,0,60,0,0,0,0,0,0,13580,1035,328,0,328,0,335,335,100,0,0,0,999,999,40,0,25,0,0,0,0,0,0,0,0,0,0,100,2688,2816,100,0,0,0,0,0,0,0,0,0,0,0,0,0,0,0,0,0,0,0,0,160
89010,3295,525,91,42,9999,0,0,751,0,0,0,4226,3173,0,0,62,0,8,7,1920,599,2000,1,0,4,72,72,56976,13771,287,604,96,63,330,0,54,0,73,4,4,0,10,0,0,0,0,0,2688,2816,2688,2816,4128,2208,6363,1707,0,0,0,0,100,71,44,38,40,71,71,67,0,0,60,0,0,0,0,0,0,13580,1035,328,0,328,0,335,335,100,0,0,0,999,999,40,0,25,0,0,0,0,0,0,0,0,0,0,100,2688,2816,100,0,0,0,0,0,0,0,0,0,0,0,0,0,0,0,0,0,0,0,0,160
90010,3295,525,91,42,9999,0,0,852,0,0,0,4227,3601,0,0,62,0,8,7,1920,599,2000,1,0,4,73,72,56202,13897,346,646,113,63,321,0,64,2,73,4,4,0,10,0,0,0,0,0,2688,2816,2688,2816,4128,2208,6435,1614,0,0,0,0,100,70,38,36,36,70,67,63,0,0,60,0,0,0,0,0,0,13580,1035,328,0,328,0,335,335,100,2,1,0,999,999,40,0,25,0,0,0,0,0,0,0,0,0,0,100,2688,2816,100,0,0,0,0,0,0,0,0,0,0,0,0,0,0,0,0,0,0,0,0,160
91010,3295,525,91,42,9999,0,0,833,0,0,0,4227,3521,0,0,62,0,8,7,1920,599,2000,1,0,4,72,72,54921,13939,331,648,96,65,430,0,62,0,73,4,4,0,10,0,0,0,0,0,2688,2816,2688,2816,4128,2208,6414,1591,0,0,0,0,100,72,39,35,34,72,66,65,0,0,60,0,0,0,0,0,0,13580,1035,328,0,328,0,335,335,100,0,0,0,999,999,40,0,25,0,0,0,0,0,0,0,0,0,0,100,2688,2816,100,0,0,0,0,0,0,0,0,0,0,0,0,0,0,0,0,0,0,0,0,160
92011,3295,525,91,42,9999,0,0,786,0,0,0,4227,3322,0,0,62,0,8,7,1920,599,2000,1,0,4,74,72,55432,13939,315,652,114,63,334,0,61,0,72,4,4,0,10,0,0,0,0,0,2688,2816,2688,2816,4128,2208,6526,1580,0,0,0,0,100,71,39,37,34,64,71,63,0,0,59,0,0,0,0,0,0,13580,1035,328,0,328,0,335,335,100,0,0,0,999,999,40,0,25,0,0,0,0,0,0,0,0,0,0,100,2688,2816,100,0,0,0,0,0,0,0,0,0,0,0,0,0,0,0,0,0,0,0,0,160
93013,3295,525,91,42,9999,0,0,980,0,0,0,4227,4142,0,0,62,0,8,7,1920,599,2000,1,0,4,72,72,54217,13884,547,632,113,64,372,0,60,0,72,4,4,0,10,0,0,0,0,0,2688,2816,2688,2816,4128,2208,6178,1650,0,0,0,0,100,69,42,35,37,68,64,69,0,0,59,0,0,0,0,0,0,13580,1035,328,0,328,0,335,335,100,0,0,0,999,999,40,0,25,0,0,0,0,0,0,0,0,0,0,100,2688,2816,100,0,0,0,0,0,0,0,0,0,0,0,0,0,0,0,0,0,0,0,0,160
94010,3295,525,91,42,9999,0,0,1062,0,0,0,4227,4489,0,0,62,0,8,7,1920,599,2000,1,0,4,73,72,56862,13944,322,717,167,63,422,0,74,0,73,4,4,0,10,0,0,0,0,0,2688,2816,2688,2816,4128,2208,6438,1660,0,0,0,0,100,69,38,35,36,64,69,64,0,0,59,0,0,0,0,0,0,13580,1035,328,0,328,0,335,335,100,0,0,0,999,999,40,0,25,0,0,0,0,0,0,0,0,0,0,100,2688,2816,100,0,0,0,0,0,0,0,0,0,0,0,0,0,0,0,0,0,0,0,0,160
95010,3295,525,91,42,9999,0,0,765,0,0,0,4227,3233,0,0,62,0,8,7,1920,599,2000,1,0,4,73,72,58513,13885,311,709,134,63,321,0,74,0,73,4,4,0,10,0,0,0,0,0,2688,2816,2688,2816,4128,2208,6515,1628,0,0,0,0,100,69,39,37,37,65,69,64,0,0,59,0,0,0,0,0,0,13580,1035,328,0,328,0,335,335,100,0,0,0,999,999,40,0,25,0,0,0,0,0,0,0,0,0,0,100,2688,2816,100,0,0,0,0,0,0,0,0,0,0,0,0,0,0,0,0,0,0,0,0,160
96010,3295,525,91,42,9999,0,0,898,0,0,0,4227,3795,0,0,62,0,8,7,1920,599,2000,1,0,4,70,72,53495,13886,317,612,90,64,356,0,38,2,72,4,4,0,10,0,0,0,0,0,2688,2816,2688,2816,4128,2208,6803,1626,0,0,0,0,100,77,46,42,43,72,77,67,0,0,60,0,0,0,0,0,0,13580,1035,328,0,328,0,335,335,100,1,1,0,999,999,40,0,25,0,0,0,0,0,0,0,0,0,0,100,2688,2816,100,0,0,0,0,0,0,0,0,0,0,0,0,0,0,0,0,0,0,0,0,160
97011,3295,525,91,42,9999,0,0,712,0,0,0,4227,3009,0,0,62,0,8,7,1920,599,2000,1,0,4,71,72,51469,13891,315,636,140,63,324,0,38,4,73,4,4,0,10,0,0,0,0,0,2688,2816,2688,2816,4128,2208,6574,1677,0,0,0,0,100,72,41,37,39,66,72,62,0,0,61,0,0,0,0,0,0,13580,1035,328,0,328,0,335,335,100,2,1,0,999,999,40,0,25,0,0,0,0,0,0,0,0,0,0,100,2688,2816,100,0,0,0,0,0,0,0,0,0,0,0,0,0,0,0,0,0,0,0,0,160
98010,3295,525,91,42,9999,0,0,886,0,0,0,4227,3745,0,0,62,0,8,7,1920,599,2000,1,0,4,70,72,54260,13875,321,682,98,64,329,0,65,2,73,4,4,0,10,0,0,0,0,0,2688,2816,2688,2816,4128,2208,6659,1648,0,0,0,0,100,75,44,42,43,75,67,60,0,0,60,0,0,0,0,0,0,13580,1035,328,0,328,0,335,335,100,1,1,0,999,999,40,0,25,0,0,0,0,0,0,0,0,0,0,100,2688,2816,100,0,0,0,0,0,0,0,0,0,0,0,0,0,0,0,0,0,0,0,0,160
99054,3235,525,91,42,9999,0,0,773,0,0,0,4227,3267,0,0,62,0,8,7,1920,599,2000,1,0,4,71,72,52806,13862,309,720,183,64,393,0,53,6,72,4,4,0,10,0,0,0,0,0,2688,2816,2688,2816,4128,2208,6560,1659,0,0,0,0,100,71,50,46,45,71,71,65,0,0,60,0,0,0,0,0,0,13581,1037,328,0,328,0,336,336,100,2,1,0,999,999,40,0,25,0,0,0,0,0,0,0,0,0,0,100,2688,2816,100,0,0,0,0,0,0,0,0,0,0,0,0,0,0,0,0,0,0,0,0,160
100013,3235,525,91,42,9999,0,0,708,0,0,0,4218,2986,0,0,62,0,8,7,1920,599,2000,1,0,4,71,72,56980,14015,299,743,127,63,343,0,68,0,73,4,4,0,10,0,0,0,0,0,2688,2816,2688,2816,4128,2208,6731,1666,0,0,0,0,100,70,38,36,34,64,70,65,0,0,60,0,0,0,0,0,0,13581,1037,328,0,328,0,336,336,100,0,0,0,999,999,40,0,25,0,0,0,0,0,0,0,0,0,0,100,2688,2816,100,0,0,0,0,0,0,0,0,0,0,0,0,0,0,0,0,0,0,0,0,160
101011,3235,525,91,42,9999,0,0,804,0,0,0,4218,3391,0,0,62,0,8,7,1920,599,2000,1,0,4,70,72,55328,13904,348,638,106,64,384,0,51,6,72,4,4,0,10,0,0,0,0,0,2688,2816,2688,2816,4128,2208,6131,1643,0,0,0,0,100,69,37,33,35,66,69,63,0,0,59,0,0,0,0,0,0,13581,1037,328,0,328,0,336,336,100,2,1,0,999,999,40,0,25,0,0,0,0,0,0,0,0,0,0,100,2688,2816,100,0,0,0,0,0,0,0,0,0,0,0,0,0,0,0,0,0,0,0,0,160
102011,3235,525,91,42,9999,0,0,1508,0,0,0,4218,6360,0,0,62,0,8,7,1920,599,2000,1,0,4,73,72,53365,13818,293,620,105,63,390,0,45,0,72,4,4,0,10,0,0,0,0,0,2688,2816,2688,2816,4128,2208,8771,2264,0,0,0,0,100,71,47,40,40,71,68,64,0,0,66,0,0,0,0,0,0,13581,1037,328,0,328,0,336,336,100,0,0,0,999,999,40,0,25,0,0,0,0,0,0,0,0,0,0,100,2688,2816,100,0,0,0,0,0,0,0,0,0,0,0,0,0,0,0,0,0,0,0,0,160
103012,3235,525,91,42,9999,0,0,1207,0,0,0,4218,5091,0,0,62,0,8,7,1920,599,2000,1,0,4,71,72,54318,14879,463,1357,516,64,945,1,52,2,12,6,4,0,10,0,0,0,0,0,2688,2816,2688,2816,4128,2208,7050,2202,0,0,0,0,100,76,84,85,82,76,72,68,0,0,69,0,0,0,0,0,0,13581,1037,328,0,328,0,336,336,100,1,1,0,999,999,40,0,25,0,0,0,0,0,0,0,0,0,0,100,2688,2816,100,0,0,0,0,0,0,0,0,0,0,0,0,0,0,0,0,0,0,0,0,160
104012,3235,525,91,42,9999,0,0,1152,0,0,0,4218,4859,0,0,62,0,8,7,1920,599,2000,1,0,4,72,72,56528,14640,297,1244,435,64,401,0,63,2,73,6,4,0,10,0,0,0,0,0,2688,2816,2688,2816,4128,2208,6947,2246,0,0,0,0,100,70,72,70,70,70,68,65,0,0,69,0,0,0,0,0,0,13581,1037,328,0,328,0,336,336,100,2,1,0,999,999,40,0,25,0,0,0,0,0,0,0,0,0,0,100,2688,2816,100,0,0,0,0,0,0,0,0,0,0,0,0,0,0,0,0,0,0,0,0,160
105011,3235,525,91,42,9999,0,0,883,0,0,0,4218,3724,0,0,62,0,8,7,1920,599,2000,1,0,4,72,72,58697,14470,330,914,152,65,340,0,61,0,54,6,4,0,10,0,0,0,0,0,2688,2816,2688,2816,4128,2208,7337,2327,0,0,0,0,100,73,60,59,58,73,67,68,0,0,70,0,0,0,0,0,0,13581,1037,328,0,328,0,336,336,100,0,0,0,999,999,40,0,25,0,0,0,0,0,0,0,0,0,0,100,2688,2816,100,0,0,0,0,0,0,0,0,0,0,0,0,0,0,0,0,0,0,0,0,160
106013,3235,525,91,42,9999,0,0,886,0,0,0,4218,3737,0,0,62,0,8,7,1920,599,2000,1,0,4,73,72,55259,14292,337,730,129,64,356,0,53,0,19,6,4,0,10,0,0,0,0,0,2688,2816,2688,2816,4128,2208,6671,2225,0,0,0,0,100,72,62,57,60,72,66,64,0,0,70,0,0,0,0,0,0,13581,1037,328,0,328,0,336,336,100,0,0,0,999,999,40,0,25,0,0,0,0,0,0,0,0,0,0,100,2688,2816,100,0,0,0,0,0,0,0,0,0,0,0,0,0,0,0,0,0,0,0,0,160
107012,3235,525,91,42,9999,0,0,965,0,0,0,4218,4070,0,0,62,0,8,7,1920,599,2000,1,0,4,71,72,54987,14379,317,733,154,63,351,0,58,3,0,6,4,0,10,0,0,0,0,0,2688,2816,2688,2816,4128,2208,6655,2171,0,0,0,0,100,70,60,58,57,70,63,66,0,0,69,0,0,0,0,0,0,13581,1037,328,0,328,0,336,336,100,2,1,0,999,999,40,0,25,0,0,0,0,0,0,0,0,0,0,100,2688,2816,100,0,0,0,0,0,0,0,0,0,0,0,0,0,0,0,0,0,0,0,0,160
108011,3235,525,91,42,9999,0,0,659,0,0,0,4218,2779,0,0,62,0,8,7,1920,599,2000,1,0,4,72,72,58622,14817,487,1362,347,65,430,0,66,0,58,5,4,0,10,0,0,0,0,0,2688,2816,2688,2816,4128,2208,6960,2163,0,0,0,0,100,72,58,56,54,72,68,65,0,0,68,0,0,0,0,0,0,13581,1037,328,0,328,0,336,336,100,0,0,0,999,999,40,0,25,0,0,0,0,0,0,0,0,0,0,100,2688,2816,100,0,0,0,0,0,0,0,0,0,0,0,0,0,0,0,0,0,0,0,0,160
109012,3235,525,91,42,9999,0,0,975,0,0,0,4218,4112,0,0,62,0,8,7,1920,599,2000,1,0,4,72,72,58001,14548,308,1112,152,63,365,0,61,1,73,5,4,0,10,0,0,0,0,0,2688,2816,2688,2816,4128,2208,6938,2273,0,0,0,0,100,65,54,54,55,64,65,59,0,0,67,0,0,0,0,0,0,13581,1037,328,0,328,0,336,336,100,1,1,0,999,999,40,0,25,0,0,0,0,0,0,0,0,0,0,100,2688,2816,100,0,0,0,0,0,0,0,0,0,0,0,0,0,0,0,0,0,0,0,0,160
110012,3235,525,91,42,9999,0,0,1086,0,0,0,4218,4580,0,0,62,0,8,7,1920,599,2000,1,0,4,69,72,53969,14288,296,797,112,64,311,0,56,3,72,5,4,0,10,0,0,0,0,0,2688,2816,2688,2816,4128,2208,6841,2222,0,0,0,0,100,69,52,51,50,69,66,62,0,0,68,0,0,0,0,0,0,13581,1037,328,0,328,0,336,336,100,2,1,0,999,999,40,0,25,0,0,0,0,0,0,0,0,0,0,100,2688,2816,100,0,0,0,0,0,0,0,0,0,0,0,0,0,0,0,0,0,0,0,0,160
111013,3235,525,91,42,9999,0,0,943,0,0,0,4218,3977,0,0,62,0,8,7,1920,599,2000,1,0,4,72,72,55791,14168,293,679,120,64,362,0,46,0,73,5,4,0,10,0,0,0,0,0,2688,2816,2688,2816,4128,2208,7460,2109,0,0,0,0,100,70,53,50,50,70,68,66,0,0,68,0,0,0,0,0,0,13581,1037,328,0,328,0,336,336,100,0,0,0,999,999,40,0,25,0,0,0,0,0,0,0,0,0,0,100,2688,2816,100,0,0,0,0,0,0,0,0,0,0,0,0,0,0,0,0,0,0,0,0,160
112014,3235,525,91,42,9999,0,0,860,0,0,0,4218,3627,0,0,62,0,8,7,1920,599,2000,1,0,4,74,72,53988,14212,320,660,119,63,332,0,65,0,72,5,4,0,10,0,0,0,0,0,2688,2816,2688,2816,4128,2208,7561,1918,0,0,0,0,100,74,48,45,46,61,74,59,0,0,68,0,0,0,0,0,0,13581,1037,328,0,328,0,336,336,100,0,0,0,999,999,40,0,25,0,0,0,0,0,0,0,0,0,0,100,2688,2816,100,0,0,0,0,0,0,0,0,0,0,0,0,0,0,0,0,0,0,0,0,160
113013,3235,525,91,42,9999,0,0,766,0,0,0,4216,3229,0,0,62,0,8,7,1920,599,2000,1,0,4,72,72,57288,13985,297,711,120,63,395,0,69,0,72,4,4,0,10,0,0,0,0,0,2688,2816,2688,2816,4128,2208,6862,1625,0,0,0,0,100,68,39,39,35,64,68,62,0,0,64,0,0,0,0,0,0,13581,1037,328,0,328,0,336,336,100,0,0,0,999,999,40,0,25,0,0,0,0,0,0,0,0,0,0,100,2688,2816,100,0,0,0,0,0,0,0,0,0,0,0,0,0,0,0,0,0,0,0,0,160
114014,3235,525,91,42,9999,0,0,496,0,0,0,4216,2091,0,0,62,0,8,7,1920,599,2000,1,0,4,73,72,57566,13882,297,681,130,64,423,0,66,0,73,4,4,0,10,0,0,0,0,0,2688,2816,2688,2816,4128,2208,6724,1660,0,0,0,0,100,68,40,31,37,68,68,65,0,0,62,0,0,0,0,0,0,13581,1037,328,0,328,0,336,336,100,0,0,0,999,999,40,0,25,0,0,0,0,0,0,0,0,0,0,100,2688,2816,100,0,0,0,0,0,0,0,0,0,0,0,0,0,0,0,0,0,0,0,0,160
115014,3235,525,91,42,9999,0,0,692,0,0,0,4216,2917,0,0,62,0,8,7,1920,599,2000,1,0,4,70,72,55847,13774,287,666,126,63,350,0,67,2,72,4,4,0,10,0,0,0,0,0,2688,2816,2688,2816,4128,2208,6708,1619,0,0,0,0,100,66,38,32,32,66,62,65,0,0,61,0,0,0,0,0,0,13581,1037,328,0,328,0,336,336,100,1,1,0,999,999,40,0,25,0,0,0,0,0,0,0,0,0,0,100,2688,2816,100,0,0,0,0,0,0,0,0,0,0,0,0,0,0,0,0,0,0,0,0,160
116014,3235,525,91,42,9999,0,0,937,0,0,0,4216,3950,0,0,62,0,8,7,1920,599,2000,1,0,4,72,72,55399,13825,334,609,112,63,340,0,66,0,73,4,4,0,10,0,0,0,0,0,2688,2816,2688,2816,4128,2208,6526,1568,0,0,0,0,100,71,38,34,35,66,71,64,0,0,61,0,0,0,0,0,0,13581,1037,328,0,328,0,336,336,100,0,0,0,999,999,40,0,25,0,0,0,0,0,0,0,0,0,0,100,2688,2816,100,0,0,0,0,0,0,0,0,0,0,0,0,0,0,0,0,0,0,0,0,160
117018,3235,525,91,42,9999,0,0,842,0,0,0,4216,3549,0,0,62,0,8,7,1920,599,2000,1,0,4,70,72,57712,13840,292,597,102,63,332,0,59,3,73,4,4,0,10,0,0,0,0,0,2688,2816,2688,2816,4128,2208,6785,1611,0,0,0,0,100,72,40,36,37,65,72,63,0,0,61,0,0,0,0,0,0,13581,1037,328,0,328,0,336,336,100,2,1,0,999,999,40,0,25,0,0,0,0,0,0,0,0,0,0,100,2688,2816,100,0,0,0,0,0,0,0,0,0,0,0,0,0,0,0,0,0,0,0,0,160
118014,3235,525,91,42,9999,0,0,952,0,0,0,4216,4013,0,0,62,0,8,7,1920,599,2000,1,0,4,72,72,56138,13804,313,607,117,63,293,0,64,0,73,4,4,0,10,0,0,0,0,0,2688,2816,2688,2816,4128,2208,6391,1587,0,0,0,0,100,69,41,40,37,68,69,62,0,0,61,0,0,0,0,0,0,13581,1037,328,0,328,0,336,336,100,0,0,0,999,999,40,0,25,0,0,0,0,0,0,0,0,0,0,100,2688,2816,100,0,0,0,0,0,0,0,0,0,0,0,0,0,0,0,0,0,0,0,0,160
119054,3220,527,91,42,9999,0,0,855,0,0,0,4216,3604,0,0,62,0,8,7,1920,599,2000,1,0,4,73,72,57483,13766,292,595,124,63,357,0,71,0,73,4,4,0,10,0,0,0,0,0,2688,2816,2688,2816,4128,2208,6097,1647,0,0,0,0,100,69,41,34,35,62,69,64,0,0,60,0,0,0,0,0,0,13594,1039,329,0,329,0,337,337,100,0,0,0,999,999,40,0,25,0,0,0,0,0,0,0,0,0,0,100,2688,2816,100,0,0,0,0,0,0,0,0,0,0,0,0,0,0,0,0,0,0,0,0,160
120018,3220,527,91,43,9999,0,0,951,0,0,0,4223,4016,0,0,62,0,8,7,1920,599,2000,1,0,4,72,72,52691,13795,339,601,89,64,387,0,52,3,73,4,4,0,10,0,0,0,0,0,2688,2816,2688,2816,4128,2208,6528,1637,0,0,0,0,100,68,38,34,34,68,66,67,0,0,59,0,0,0,0,0,0,13594,1039,329,0,329,0,337,337,100,2,1,0,999,999,40,0,25,0,0,0,0,0,0,0,0,0,0,100,2688,2816,100,0,0,0,0,0,0,0,0,0,0,0,0,0,0,0,0,0,0,0,0,160
121017,3220,527,91,43,9999,0,0,865,0,0,0,4223,3652,0,0,62,0,8,7,1920,599,2000,1,0,4,71,72,57509,13906,357,617,140,64,335,0,65,0,72,4,4,0,10,0,0,0,0,0,2688,2816,2688,2816,4128,2208,6801,1574,0,0,0,0,100,74,41,35,34,74,69,66,0,0,61,0,0,0,0,0,0,13594,1039,329,0,329,0,337,337,100,0,0,0,999,999,40,0,25,0,0,0,0,0,0,0,0,0,0,100,2688,2816,100,0,0,0,0,0,0,0,0,0,0,0,0,0,0,0,0,0,0,0,0,160
122017,3220,527,91,43,9999,0,0,820,0,0,0,4223,3462,0,0,62,0,8,7,1920,599,2000,1,0,4,71,72,57178,13885,311,642,109,63,330,0,61,1,73,4,4,0,10,0,0,0,0,0,2688,2816,2688,2816,4128,2208,7071,1619,0,0,0,0,100,72,38,34,32,72,70,71,0,0,60,0,0,0,0,0,0,13594,1039,329,0,329,0,337,337,100,1,1,0,999,999,40,0,25,0,0,0,0,0,0,0,0,0,0,100,2688,2816,100,0,0,0,0,0,0,0,0,0,0,0,0,0,0,0,0,0,0,0,0,160
123017,3220,527,91,43,9999,0,0,1436,0,0,0,4223,6064,0,0,62,0,8,7,1920,599,2000,1,0,4,73,72,55742,13819,312,593,105,64,338,0,55,0,73,4,4,0,10,0,0,0,0,0,2688,2816,2688,2816,4128,2208,6865,1634,0,0,0,0,100,77,45,39,40,67,77,68,0,0,60,0,0,0,0,0,0,13594,1039,329,0,329,0,337,337,100,0,0,0,999,999,40,0,25,0,0,0,0,0,0,0,0,0,0,100,2688,2816,100,0,0,0,0,0,0,0,0,0,0,0,0,0,0,0,0,0,0,0,0,160
124025,3220,527,91,43,9999,0,0,1016,0,0,0,4223,4290,0,0,62,0,8,7,1920,599,2000,1,0,4,69,72,54424,13838,354,604,110,64,308,0,36,6,72,4,4,0,10,0,0,0,0,0,2688,2816,2688,2816,4128,2208,6460,1747,0,0,0,0,100,68,52,43,46,68,67,67,0,0,59,0,0,0,0,0,0,13594,1039,329,0,329,0,337,337,100,2,1,0,999,999,40,0,25,0,0,0,0,0,0,0,0,0,0,100,2688,2816,100,0,0,0,0,0,0,0,0,0,0,0,0,0,0,0,0,0,0,0,0,160
125020,3220,527,91,43,9999,0,0,906,0,0,0,4223,3826,0,0,62,0,8,7,1920,599,2000,1,0,4,70,72,50846,14002,344,680,126,64,312,0,54,2,72,4,4,0,10,0,0,0,0,0,2688,2816,2688,2816,4128,2208,6604,1666,0,0,0,0,100,71,45,42,42,71,69,68,0,0,60,0,0,0,0,0,0,13594,1039,329,0,329,0,337,337,100,2,1,0,999,999,40,0,25,0,0,0,0,0,0,0,0,0,0,100,2688,2816,100,0,0,0,0,0,0,0,0,0,0,0,0,0,0,0,0,0,0,0,0,160
126017,3220,527,91,43,9999,0,0,677,0,0,0,4223,2858,0,0,62,0,8,7,1920,599,2000,1,0,4,71,72,58248,13944,344,673,99,64,327,0,66,2,73,4,4,0,10,0,0,0,0,0,2688,2816,2688,2816,4128,2208,6606,1606,0,0,0,0,100,70,35,28,30,66,70,66,0,0,60,0,0,0,0,0,0,13594,1039,329,0,329,0,337,337,100,2,1,0,999,999,40,0,25,0,0,0,0,0,0,0,0,0,0,100,2688,2816,100,0,0,0,0,0,0,0,0,0,0,0,0,0,0,0,0,0,0,0,0,160
127017,3220,527,91,43,9999,0,0,1040,0,0,0,4223,4391,0,0,62,0,8,7,1920,599,2000,1,0,4,70,72,54781,13879,292,666,135,63,362,0,53,1,73,4,4,0,10,0,0,0,0,0,2688,2816,2688,2816,4128,2208,6577,1652,0,0,0,0,100,77,37,32,31,67,77,71,0,0,60,0,0,0,0,0,0,13594,1039,329,0,329,0,337,337,100,1,1,0,999,999,40,0,25,0,0,0,0,0,0,0,0,0,0,100,2688,2816,100,0,0,0,0,0,0,0,0,0,0,0,0,0,0,0,0,0,0,0,0,160
128017,3220,527,91,43,9999,0,0,900,0,0,0,4223,3800,0,0,62,0,8,7,1920,599,2000,1,0,4,73,72,54919,13817,301,636,120,64,338,0,45,1,72,4,4,0,10,0,0,0,0,0,2688,2816,2688,2816,4128,2208,7445,1637,0,0,0,0,100,82,38,34,32,75,82,72,0,0,60,0,0,0,0,0,0,13594,1039,329,0,329,0,337,337,100,0,0,0,999,999,40,0,25,0,0,0,0,0,0,0,0,0,0,100,2688,2816,100,0,0,0,0,0,0,0,0,0,0,0,0,0,0,0,0,0,0,0,0,160
129020,3220,527,91,43,9999,0,0,1110,0,0,0,4223,4687,0,0,62,0,8,7,1920,599,2000,1,0,4,65,72,53447,13926,340,694,101,64,409,0,35,13,73,4,4,0,10,0,0,0,0,0,2688,2816,2688,2816,4128,2208,6448,1694,0,0,0,0,100,78,42,35,32,75,78,77,0,0,56,0,0,0,0,0,0,13594,1039,329,0,329,0,337,337,100,5,1,0,999,999,40,0,25,0,0,0,0,0,0,0,0,0,0,100,2688,2816,100,0,0,0,0,0,0,0,0,0,0,0,0,0,0,0,0,0,0,0,0,160
130022,3220,527,91,43,9999,0,0,841,0,0,0,4216,3545,0,0,62,0,8,7,1920,599,2000,1,0,4,60,72,52524,14003,320,683,90,63,410,0,21,25,73,4,4,0,10,0,0,0,0,0,2688,2816,2688,2816,4128,2208,6847,1657,0,0,0,0,100,87,41,35,35,85,87,84,0,0,50,0,0,0,0,0,0,13594,1039,329,0,329,0,337,337,100,3,1,0,999,999,40,0,25,0,0,0,0,0,0,0,0,0,0,100,2688,2816,100,0,0,0,0,0,0,0,0,0,0,0,0,0,0,0,0,0,0,0,0,160
131020,3220,527,91,43,9999,0,0,792,0,0,0,4216,3339,0,0,62,0,8,7,1920,599,2000,1,0,4,48,72,55764,13844,307,652,112,63,396,0,26,29,72,4,4,0,10,0,0,0,0,0,2688,2816,2688,2816,4128,2208,6932,1605,0,0,0,0,100,86,36,30,28,81,86,84,0,0,48,0,0,0,0,0,0,13594,1039,329,0,329,0,337,337,100,8,2,0,999,999,40,0,25,0,0,0,0,0,0,0,0,0,0,100,2688,2816,100,0,0,0,0,0,0,0,0,0,0,0,0,0,0,0,0,0,0,0,0,160
132019,3220,527,91,43,9999,0,0,840,0,0,0,4216,3541,0,0,62,0,8,7,1920,599,2000,1,0,4,57,72,53395,13789,268,662,154,63,391,0,33,21,72,4,4,0,10,0,0,0,0,0,2688,2816,2688,2816,4128,2208,7346,1679,0,0,0,0,100,88,36,35,30,85,88,82,0,0,52,0,0,0,0,0,0,13594,1039,329,0,329,0,337,337,100,4,1,0,999,999,40,0,25,0,0,0,0,0,0,0,0,0,0,100,2688,2816,100,0,0,0,0,0,0,0,0,0,0,0,0,0,0,0,0,0,0,0,0,160
133025,3220,527,91,43,9999,0,0,823,0,0,0,4216,3469,0,0,62,0,8,7,1920,599,2000,1,0,4,59,72,53762,13903,344,692,146,64,352,0,40,20,73,4,4,0,10,0,0,0,0,0,2688,2816,2688,2816,4128,2208,6695,1654,0,0,0,0,100,82,37,30,32,80,82,77,0,0,58,0,0,0,0,0,0,13594,1039,329,0,329,0,337,337,100,4,1,0,999,999,40,0,25,0,0,0,0,0,0,0,0,0,0,100,2688,2816,100,0,0,0,0,0,0,0,0,0,0,0,0,0,0,0,0,0,0,0,0,160
134020,3220,527,91,43,9999,0,0,840,0,0,0,4216,3541,0,0,62,0,8,7,1920,599,2000,1,0,4,69,72,54697,14022,311,742,117,64,432,0,43,4,73,4,4,0,10,0,0,0,0,0,2688,2816,2688,2816,4128,2208,6473,1697,0,0,0,0,100,81,37,28,31,80,81,79,0,0,60,0,0,0,0,0,0,13594,1039,329,0,329,0,337,337,100,1,1,0,999,999,40,0,25,0,0,0,0,0,0,0,0,0,0,100,2688,2816,100,0,0,0,0,0,0,0,0,0,0,0,0,0,0,0,0,0,0,0,0,160
135021,3220,527,91,43,9999,0,0,693,0,0,0,4216,2921,0,0,62,0,8,7,1920,599,2000,1,0,4,70,72,54347,13822,295,630,213,64,328,1,49,4,72,4,4,0,10,0,0,0,0,0,2688,2816,2688,2816,4128,2208,7941,1624,0,0,0,0,100,78,41,38,36,78,77,78,0,0,60,0,0,0,0,0,0,13594,1039,329,0,329,0,337,337,100,1,1,0,999,999,40,0,25,0,0,0,0,0,0,0,0,0,0,100,2688,2816,100,0,0,0,0,0,0,0,0,0,0,0,0,0,0,0,0,0,0,0,0,160
136020,3220,527,91,43,9999,0,0,899,0,0,0,4216,3790,0,0,62,0,8,7,1920,599,2000,1,0,4,58,72,54854,13757,263,626,113,63,395,0,35,21,73,4,4,0,10,0,0,0,0,0,2688,2816,2688,2816,4128,2208,7294,1573,0,0,0,0,100,83,40,30,34,82,83,81,0,0,56,0,0,0,0,0,0,13594,1039,329,0,329,0,337,337,100,6,2,0,999,999,40,0,25,0,0,0,0,0,0,0,0,0,0,100,2688,2816,100,0,0,0,0,0,0,0,0,0,0,0,0,0,0,0,0,0,0,0,0,160
137021,3220,527,91,43,9999,0,0,670,0,0,0,4216,2824,0,0,62,0,8,7,1920,599,2000,1,0,4,61,72,53527,13809,311,661,106,64,380,0,35,18,72,4,4,0,10,0,0,0,0,0,2688,2816,2688,2816,4128,2208,6979,1612,0,0,0,0,100,80,36,33,30,79,80,75,0,0,53,0,0,0,0,0,0,13594,1039,329,0,329,0,337,337,100,4,2,0,999,999,40,0,25,0,0,0,0,0,0,0,0,0,0,100,2688,2816,100,0,0,0,0,0,0,0,0,0,0,0,0,0,0,0,0,0,0,0,0,160
138021,3220,527,91,43,9999,0,0,842,0,0,0,4216,3549,0,0,62,0,8,7,1920,599,2000,1,0,4,55,72,53898,13887,321,640,92,63,331,0,20,24,72,4,4,0,10,0,0,0,0,0,2688,2816,2688,2816,4128,2208,6507,1626,0,0,0,0,100,86,40,31,34,81,86,84,0,0,52,0,0,0,0,0,0,13594,1039,329,0,329,0,337,337,100,4,2,0,999,999,40,0,25,0,0,0,0,0,0,0,0,0,0,100,2688,2816,100,0,0,0,0,0,0,0,0,0,0,0,0,0,0,0,0,0,0,0,0,160
139060,3223,529,91,43,9999,0,0,1117,0,0,0,4216,4709,0,0,62,0,8,7,1920,599,2000,1,0,4,61,72,52342,13810,306,613,116,63,367,0,23,19,72,4,4,0,10,0,0,0,0,0,2688,2816,2688,2816,4128,2208,7005,1673,0,0,0,0,100,84,35,31,34,83,84,83,0,0,51,0,0,0,0,0,0,13596,1044,331,0,331,0,339,339,100,3,1,0,999,999,40,0,25,0,0,0,0,0,0,0,0,0,0,100,2688,2816,100,0,0,0,0,0,0,0,0,0,0,0,0,0,0,0,0,0,0,0,0,160
140021,3223,529,91,43,9999,0,0,900,0,0,0,4238,3814,0,0,62,0,8,7,1920,599,2000,1,0,4,53,72,55238,13894,708,668,122,63,409,0,28,25,73,4,4,0,10,0,0,0,0,0,2688,2816,2688,2816,4128,2208,6743,1651,0,0,0,0,100,85,41,32,36,85,82,81,0,0,51,0,0,0,0,0,0,13596,1044,331,0,331,0,339,339,100,4,1,0,999,999,40,0,25,0,0,0,0,0,0,0,0,0,0,100,2688,2816,100,0,0,0,0,0,0,0,0,0,0,0,0,0,0,0,0,0,0,0,0,160
141023,3223,529,91,43,9999,0,0,656,0,0,0,4238,2780,0,0,62,0,8,7,1920,599,2000,1,0,4,55,72,52205,13827,333,669,127,63,423,0,24,28,73,4,4,0,10,0,0,0,0,0,2688,2816,2688,2816,4128,2208,6726,1587,0,0,0,0,100,89,42,32,33,84,89,87,0,0,51,0,0,0,0,0,0,13596,1044,331,0,331,0,339,339,100,6,1,0,999,999,40,0,25,0,0,0,0,0,0,0,0,0,0,100,2688,2816,100,0,0,0,0,0,0,0,0,0,0,0,0,0,0,0,0,0,0,0,0,160
142021,3223,529,91,43,9999,0,0,1268,0,0,0,4238,5373,0,0,62,0,8,7,1920,599,2000,1,0,4,56,72,54270,13830,287,680,115,63,433,0,31,27,72,4,4,0,10,0,0,0,0,0,2688,2816,2688,2816,4128,2208,7046,1571,0,0,0,0,100,86,37,32,32,85,86,85,0,0,51,0,0,0,0,0,0,13596,1044,331,0,331,0,339,339,100,8,2,0,999,999,40,0,25,0,0,0,0,0,0,0,0,0,0,100,2688,2816,100,0,0,0,0,0,0,0,0,0,0,0,0,0,0,0,0,0,0,0,0,160
143024,3223,529,91,43,9999,0,0,825,0,0,0,4238,3496,0,0,62,0,8,7,1920,599,2000,1,0,4,54,72,53501,13894,298,694,103,63,358,0,27,23,72,4,4,0,10,0,0,0,0,0,2688,2816,2688,2816,4128,2208,6969,1635,0,0,0,0,100,86,36,33,26,86,86,81,0,0,50,0,0,0,0,0,0,13596,1044,331,0,331,0,339,339,100,3,2,0,999,999,40,0,25,0,0,0,0,0,0,0,0,0,0,100,2688,2816,100,0,0,0,0,0,0,0,0,0,0,0,0,0,0,0,0,0,0,0,0,160
144027,3223,529,91,43,9999,0,0,698,0,0,0,4238,2958,0,0,62,0,8,7,1920,599,2000,1,0,4,48,72,54723,13819,268,679,112,64,353,0,26,35,73,4,4,0,10,0,0,0,0,0,2688,2816,2688,2816,4128,2208,6703,1685,0,0,0,0,100,86,40,33,33,85,83,86,0,0,46,0,0,0,0,0,0,13596,1044,331,0,331,0,339,339,100,7,2,0,999,999,40,0,25,0,0,0,0,0,0,0,0,0,0,100,2688,2816,100,0,0,0,0,0,0,0,0,0,0,0,0,0,0,0,0,0,0,0,0,160
145027,3223,529,91,43,9999,0,0,1286,0,0,0,4238,5450,0,0,62,0,8,7,1920,599,2000,1,0,4,46,72,57784,13852,295,657,138,64,376,0,15,39,73,4,4,0,10,0,0,0,0,0,2688,2816,2688,2816,4128,2208,7880,1705,0,0,0,0,100,89,50,47,45,89,87,89,0,0,44,0,0,0,0,0,0,13596,1044,331,0,331,0,339,339,100,4,2,0,999,999,40,0,25,0,0,0,0,0,0,0,0,0,0,100,2688,2816,100,0,0,0,0,0,0,0,0,0,0,0,0,0,0,0,0,0,0,0,0,160
146022,3223,529,91,43,9999,0,0,688,0,0,0,4238,2915,0,0,62,0,8,7,1920,599,2000,1,0,4,40,72,52836,13958,334,741,123,63,353,0,17,40,72,4,4,0,10,0,0,0,0,0,2688,2816,2688,2816,4128,2208,6293,1610,0,0,0,0,100,87,45,38,39,87,86,85,0,0,43,0,0,0,0,0,0,13596,1044,331,0,331,0,339,339,100,7,2,0,999,999,40,0,25,0,0,0,0,0,0,0,0,0,0,100,2688,2816,100,0,0,0,0,0,0,0,0,0,0,0,0,0,0,0,0,0,0,0,0,160
147026,3223,529,91,43,9999,0,0,722,0,0,0,4238,3059,0,0,62,0,8,7,1920,599,2000,1,0,4,49,72,57209,13943,308,714,113,64,338,0,26,28,72,4,4,0,10,0,0,0,0,0,2688,2816,2688,2816,4128,2208,5905,1617,0,0,0,0,100,90,40,35,34,90,89,90,0,0,45,0,0,0,0,0,0,13596,1044,331,0,331,0,339,339,100,4,2,0,999,999,40,0,25,0,0,0,0,0,0,0,0,0,0,100,2688,2816,100,0,0,0,0,0,0,0,0,0,0,0,0,0,0,0,0,0,0,0,0,160
148026,3223,529,91,43,9999,0,0,677,0,0,0,4238,2869,0,0,62,0,8,7,1920,599,2000,1,0,4,50,72,53970,13871,309,764,126,63,444,0,19,32,73,4,4,0,10,0,0,0,0,0,2688,2816,2688,2816,4128,2208,6680,1623,0,0,0,0,100,89,40,32,31,86,89,85,0,0,45,0,0,0,0,0,0,13596,1044,331,0,331,0,339,339,100,7,4,0,999,999,40,0,25,0,0,0,0,0,0,0,0,0,0,100,2688,2816,100,0,0,0,0,0,0,0,0,0,0,0,0,0,0,0,0,0,0,0,0,160
149027,3223,529,91,43,9999,0,0,785,0,0,0,4238,3326,0,0,62,0,8,7,1920,599,2000,1,0,4,43,72,55914,13847,344,690,99,63,316,0,14,40,72,4,4,0,10,0,0,0,0,0,2688,2816,2688,2816,4128,2208,6479,1680,0,0,0,0,100,90,39,34,34,90,84,87,0,0,41,0,0,0,0,0,0,13596,1044,331,0,331,0,339,339,100,5,2,0,999,999,40,0,25,0,0,0,0,0,0,0,0,0,0,100,2688,2816,100,0,0,0,0,0,0,0,0,0,0,0,0,0,0,0,0,0,0,0,0,160
150025,3223,529,91,43,9999,0,0,499,0,0,0,4221,2106,0,0,62,0,8,7,1920,599,2000,1,0,4,45,72,55864,13786,321,613,111,64,352,0,23,36,73,4,4,0,10,0,0,0,0,0,2688,2816,2688,2816,4128,2208,7190,1594,0,0,0,0,100,88,40,34,30,88,87,87,0,0,41,0,0,0,0,0,0,13596,1044,331,0,331,0,339,339,100,7,2,0,999,999,40,0,25,0,0,0,0,0,0,0,0,0,0,100,2688,2816,100,0,0,0,0,0,0,0,0,0,0,0,0,0,0,0,0,0,0,0,0,160
151027,3223,529,91,43,9999,0,0,752,0,0,0,4221,3174,0,0,62,0,8,7,1920,599,2000,1,0,4,44,72,51803,13951,326,684,121,63,365,0,19,33,72,4,4,0,10,0,0,0,0,0,2688,2816,2688,2816,4128,2208,6437,1554,0,0,0,0,100,87,40,36,36,85,87,85,0,0,43,0,0,0,0,0,0,13596,1044,331,0,331,0,339,339,100,9,7,0,999,999,40,0,25,0,0,0,0,0,0,0,0,0,0,100,2688,2816,100,0,0,0,0,0,0,0,0,0,0,0,0,0,0,0,0,0,0,0,0,160
152025,3223,529,91,43,9999,0,0,909,0,0,0,4218,3834,0,0,62,0,8,7,1920,599,2000,1,0,4,54,72,53589,13889,308,653,108,64,329,0,23,29,73,4,4,0,10,0,0,0,0,0,2688,2816,2688,2816,4128,2208,6659,1620,0,0,0,0,100,91,42,32,33,91,89,89,0,0,46,0,0,0,0,0,0,13596,1044,331,0,331,0,339,339,100,5,2,0,999,999,40,0,25,0,0,0,0,0,0,0,0,0,0,100,2688,2816,100,0,0,0,0,0,0,0,0,0,0,0,0,0,0,0,0,0,0,0,0,160
153026,3223,529,91,43,9999,0,0,795,0,0,0,4218,3353,0,0,62,0,8,7,1920,599,2000,1,0,4,47,72,50315,13804,302,710,119,64,429,0,19,30,73,4,4,0,10,0,0,0,0,0,2688,2816,2688,2816,4128,2208,6059,1614,0,0,0,0,100,88,44,37,32,87,88,86,0,0,45,0,0,0,0,0,0,13596,1044,331,0,331,0,339,339,100,4,2,0,999,999,40,0,25,0,0,0,0,0,0,0,0,0,0,100,2688,2816,100,0,0,0,0,0,0,0,0,0,0,0,0,0,0,0,0,0,0,0,0,160
154025,3223,529,91,43,9999,0,0,963,0,0,0,4218,4061,0,0,62,0,8,7,1920,599,2000,1,0,4,50,72,51296,13823,316,665,137,63,404,0,16,32,72,4,4,0,10,0,0,0,0,0,2688,2816,2688,2816,4128,2208,6076,1654,0,0,0,0,100,89,42,37,33,88,89,88,0,0,46,0,0,0,0,0,0,13596,1044,331,0,331,0,339,339,100,6,2,0,999,999,40,0,25,0,0,0,0,0,0,0,0,0,0,100,2688,2816,100,0,0,0,0,0,0,0,0,0,0,0,0,0,0,0,0,0,0,0,0,160
155026,3223,529,91,43,9999,0,0,1066,0,0,0,4218,4496,0,0,62,0,8,7,1920,599,2000,1,0,4,51,72,50744,13746,320,593,111,64,363,0,16,30,73,4,4,0,10,0,0,0,0,0,2688,2816,2688,2816,4128,2208,6512,1629,0,0,0,0,100,90,55,50,49,90,90,90,0,0,45,0,0,0,0,0,0,13596,1044,331,0,331,0,339,339,100,3,2,0,999,999,40,0,25,0,0,0,0,0,0,0,0,0,0,100,2688,2816,100,0,0,0,0,0,0,0,0,0,0,0,0,0,0,0,0,0,0,0,0,160
156025,3223,529,91,43,9999,0,0,674,0,0,0,4218,2842,0,0,62,0,8,7,1920,599,2000,1,0,4,57,72,49821,13819,308,598,100,63,368,0,19,26,73,4,4,0,10,0,0,0,0,0,2688,2816,2688,2816,4128,2208,7077,1554,0,0,0,0,100,86,42,34,34,86,86,85,0,0,48,0,0,0,0,0,0,13596,1044,331,0,331,0,339,339,100,5,1,0,999,999,40,0,25,0,0,0,0,0,0,0,0,0,0,100,2688,2816,100,0,0,0,0,0,0,0,0,0,0,0,0,0,0,0,0,0,0,0,0,160
157027,3223,529,91,43,9999,0,0,615,0,0,0,4218,2594,0,0,62,0,8,7,1920,599,2000,1,0,4,57,72,51046,13819,308,598,100,63,368,0,19,26,73,4,4,0,10,0,0,0,0,0,2688,2816,2688,2816,4128,2208,7314,1556,0,0,0,0,100,89,39,34,35,89,85,82,0,0,50,0,0,0,0,0,0,13596,1044,331,0,331,0,339,339,100,5,1,0,999,999,40,0,25,0,0,0,0,0,0,0,0,0,0,100,2688,2816,100,0,0,0,0,0,0,0,0,0,0,0,0,0,0,0,0,0,0,0,0,160
158026,3223,529,91,43,9999,0,0,814,0,0,0,4218,3433,0,0,62,0,8,7,1920,599,2000,1,0,4,55,72,53147,13758,304,613,101,64,308,0,22,20,72,4,4,0,10,0,0,0,0,0,2688,2816,2688,2816,4128,2208,6545,1623,0,0,0,0,100,87,46,39,40,87,86,85,0,0,51,0,0,0,0,0,0,13596,1044,331,0,331,0,339,339,100,4,1,0,999,999,40,0,25,0,0,0,0,0,0,0,0,0,0,100,2688,2816,100,0,0,0,0,0,0,0,0,0,0,0,0,0,0,0,0,0,0,0,0,160
159071,3211,527,91,43,9999,0,0,1090,0,0,0,4218,4597,0,0,62,0,8,7,1920,599,2000,1,0,4,56,72,46710,13762,349,617,113,63,406,0,20,24,72,4,4,0,10,0,0,0,0,0,2688,2816,2688,2816,4128,2208,7153,1662,0,0,0,0,100,87,43,39,38,87,87,87,0,0,50,0,0,0,0,0,0,13624,1048,329,0,329,0,337,337,100,3,2,0,999,999,40,0,25,0,0,0,0,0,0,0,0,0,0,100,2688,2816,100,0,0,0,0,0,0,0,0,0,0,0,0,0,0,0,0,0,0,0,0,160
160028,3211,527,91,43,9999,0,0,781,0,0,0,4221,3296,0,0,62,0,8,7,1920,599,2000,1,0,4,56,72,53325,13945,321,682,108,63,372,0,23,23,73,4,4,0,10,0,0,0,0,0,2688,2816,2688,2816,4128,2208,6637,1613,0,0,0,0,100,89,44,38,36,85,89,85,0,0,49,0,0,0,0,0,0,13624,1048,329,0,329,0,337,337,100,5,1,0,999,999,40,0,25,0,0,0,0,0,0,0,0,0,0,100,2688,2816,100,0,0,0,0,0,0,0,0,0,0,0,0,0,0,0,0,0,0,0,0,160
161027,3211,527,91,43,9999,0,0,1163,0,0,0,4221,4909,0,0,62,0,8,7,1920,599,2000,1,0,4,64,72,48710,13945,321,682,108,63,372,0,23,23,73,4,4,0,10,0,0,0,0,0,2688,2816,2688,2816,4128,2208,6261,1595,0,0,0,0,100,84,39,34,35,82,84,81,0,0,54,0,0,0,0,0,0,13624,1048,329,0,329,0,337,337,100,5,1,0,999,999,40,0,25,0,0,0,0,0,0,0,0,0,0,100,2688,2816,100,0,0,0,0,0,0,0,0,0,0,0,0,0,0,0,0,0,0,0,0,160
162026,3211,527,91,43,9999,0,0,756,0,0,0,4221,3191,0,0,62,0,8,7,1920,599,2000,1,0,4,64,72,52438,13840,331,658,106,64,392,0,27,11,73,4,4,0,10,0,0,0,0,0,2688,2816,2688,2816,4128,2208,7498,1597,0,0,0,0,100,80,40,34,30,80,80,76,0,0,53,0,0,0,0,0,0,13624,1048,329,0,329,0,337,337,100,3,1,0,999,999,40,0,25,0,0,0,0,0,0,0,0,0,0,100,2688,2816,100,0,0,0,0,0,0,0,0,0,0,0,0,0,0,0,0,0,0,0,0,160
163029,3211,527,91,43,9999,0,0,822,0,0,0,4221,3469,0,0,62,0,8,7,1920,599,2000,1,0,4,64,72,52665,13848,312,689,130,64,400,0,32,15,72,4,4,0,10,0,0,0,0,0,2688,2816,2688,2816,4128,2208,6327,1632,0,0,0,0,100,83,37,33,31,83,82,83,0,0,54,0,0,0,0,0,0,13624,1048,329,0,329,0,337,337,100,4,2,0,999,999,40,0,25,0,0,0,0,0,0,0,0,0,0,100,2688,2816,100,0,0,0,0,0,0,0,0,0,0,0,0,0,0,0,0,0,0,0,0,160
164030,3211,527,91,43,9999,0,0,1126,0,0,0,4221,4752,0,0,62,0,8,7,1920,599,2000,1,0,4,61,72,52402,13907,327,682,109,63,333,0,20,11,72,4,4,0,10,0,0,0,0,0,2688,2816,2688,2816,4128,2208,6054,1686,0,0,0,0,100,84,41,33,33,79,84,81,0,0,52,0,0,0,0,0,0,13624,1048,329,0,329,0,337,337,100,1,1,0,999,999,40,0,25,0,0,0,0,0,0,0,0,0,0,100,2688,2816,100,0,0,0,0,0,0,0,0,0,0,0,0,0,0,0,0,0,0,0,0,160
165029,3211,527,91,43,9999,0,0,631,0,0,0,4221,2663,0,0,62,0,8,7,1920,599,2000,1,0,4,60,72,49254,13857,297,645,106,63,325,0,31,15,73,4,4,0,10,0,0,0,0,0,2688,2816,2688,2816,4128,2208,6407,1606,0,0,0,0,100,86,46,39,34,82,86,80,0,0,51,0,0,0,0,0,0,13624,1048,329,0,329,0,337,337,100,3,1,0,999,999,40,0,25,0,0,0,0,0,0,0,0,0,0,100,2688,2816,100,0,0,0,0,0,0,0,0,0,0,0,0,0,0,0,0,0,0,0,0,160
166031,3211,527,91,43,9999,0,0,1248,0,0,0,4221,5267,0,0,62,0,8,7,1920,599,2000,1,0,4,54,72,55753,13825,284,664,109,64,417,0,13,20,73,4,4,0,10,0,0,0,0,0,2688,2816,2688,2816,4128,2208,7657,1640,0,0,0,0,100,87,51,45,43,85,87,84,0,0,48,0,0,0,0,0,0,13624,1048,329,0,329,0,337,337,100,4,2,0,999,999,40,0,25,0,0,0,0,0,0,0,0,0,0,100,2688,2816,100,0,0,0,0,0,0,0,0,0,0,0,0,0,0,0,0,0,0,0,0,160
167032,3211,527,91,43,9999,0,0,1174,0,0,0,4221,4955,0,0,62,0,8,7,1920,599,2000,1,0,4,59,72,53891,13836,330,666,144,64,432,0,33,28,73,4,4,0,10,0,0,0,0,0,2688,2816,2688,2816,4128,2208,6355,1621,0,0,0,0,100,87,47,47,38,87,85,82,0,0,49,0,0,0,0,0,0,13624,1048,329,0,329,0,337,337,100,8,3,0,999,999,40,0,25,0,0,0,0,0,0,0,0,0,0,100,2688,2816,100,0,0,0,0,0,0,0,0,0,0,0,0,0,0,0,0,0,0,0,0,160
168031,3211,527,91,43,9999,0,0,785,0,0,0,4221,3313,0,0,62,0,8,7,1920,599,2000,1,0,4,56,72,51671,13991,348,731,122,63,353,0,30,13,73,4,4,0,10,0,0,0,0,0,2688,2816,2688,2816,4128,2208,6576,1612,0,0,0,0,100,86,42,36,31,86,86,83,0,0,49,0,0,0,0,0,0,13624,1048,329,0,329,0,337,337,100,3,1,0,999,999,40,0,25,0,0,0,0,0,0,0,0,0,0,100,2688,2816,100,0,0,0,0,0,0,0,0,0,0,0,0,0,0,0,0,0,0,0,0,160
169031,3211,527,91,43,9999,0,0,673,0,0,0,4221,2840,0,0,62,0,8,7,1920,599,2000,1,0,4,53,72,53820,13886,325,664,105,63,336,0,26,24,72,4,4,0,10,0,0,0,0,0,2688,2816,2688,2816,4128,2208,7336,1667,0,0,0,0,100,87,39,31,30,87,87,87,0,0,48,0,0,0,0,0,0,13624,1048,329,0,329,0,337,337,100,7,1,0,999,999,40,0,25,0,0,0,0,0,0,0,0,0,0,100,2688,2816,100,0,0,0,0,0,0,0,0,0,0,0,0,0,0,0,0,0,0,0,0,160
170036,3211,527,91,43,9999,0,0,851,0,0,0,4203,3576,0,0,62,0,8,7,1920,599,2000,1,0,4,50,72,53836,13843,298,659,92,64,367,0,22,28,72,4,4,0,10,0,0,0,0,0,2688,2816,2688,2816,4128,2208,7256,1625,0,0,0,0,100,87,41,38,32,85,87,83,0,0,45,0,0,0,0,0,0,13624,1048,329,0,329,0,337,337,100,3,2,0,999,999,40,0,25,0,0,0,0,0,0,0,0,0,0,100,2688,2816,100,0,0,0,0,0,0,0,0,0,0,0,0,0,0,0,0,0,0,0,0,160
171036,3211,527,91,43,9999,0,0,685,0,0,0,4203,2879,0,0,62,0,8,7,1920,599,2000,1,0,4,50,72,53836,13709,303,617,99,63,335,0,20,35,73,4,4,0,10,0,0,0,0,0,2688,2816,2688,2816,4128,2208,6364,1601,0,0,0,0,100,87,41,38,32,85,87,83,0,0,44,0,0,0,0,0,0,13624,1048,329,0,329,0,337,337,100,9,2,0,999,999,40,0,25,0,0,0,0,0,0,0,0,0,0,100,2688,2816,100,0,0,0,0,0,0,0,0,0,0,0,0,0,0,0,0,0,0,0,0,160
172034,3211,527,91,43,9999,0,0,1143,0,0,0,4203,4804,0,0,62,0,8,7,1920,599,2000,1,0,4,46,72,52535,13807,338,647,113,63,334,0,21,35,73,4,4,0,10,0,0,0,0,0,2688,2816,2688,2816,4128,2208,5992,1647,0,0,0,0,100,89,43,39,39,87,89,84,0,0,44,0,0,0,0,0,0,13624,1048,329,0,329,0,337,337,100,8,3,0,999,999,40,0,25,0,0,0,0,0,0,0,0,0,0,100,2688,2816,100,0,0,0,0,0,0,0,0,0,0,0,0,0,0,0,0,0,0,0,0,160
173036,3211,527,91,43,9999,0,0,758,0,0,0,4203,3185,0,0,62,0,8,7,1920,599,2000,1,0,4,51,72,51495,13840,335,655,107,62,313,0,17,30,73,4,4,0,10,0,0,0,0,0,2688,2816,2688,2816,4128,2208,6425,1620,0,0,0,0,100,90,42,37,36,88,90,86,0,0,44,0,0,0,0,0,0,13624,1048,329,0,329,0,337,337,100,7,2,0,999,999,40,0,25,0,0,0,0,0,0,0,0,0,0,100,2688,2816,100,0,0,0,0,0,0,0,0,0,0,0,0,0,0,0,0,0,0,0,0,160
174037,3211,527,91,43,9999,0,0,725,0,0,0,4203,3047,0,0,62,0,8,7,1920,599,2000,1,0,4,49,72,54631,13830,340,625,87,64,338,0,26,30,73,4,4,0,10,0,0,0,0,0,2688,2816,2688,2816,4128,2208,5838,1678,0,0,0,0,100,85,43,33,34,85,85,84,0,0,49,0,0,0,0,0,0,13624,1048,329,0,329,0,337,337,100,6,2,0,999,999,40,0,25,0,0,0,0,0,0,0,0,0,0,100,2688,2816,100,0,0,0,0,0,0,0,0,0,0,0,0,0,0,0,0,0,0,0,0,160
175036,3211,527,91,43,9999,0,0,913,0,0,0,4203,3837,0,0,62,0,8,7,1920,599,2000,1,0,4,59,72,52591,13778,321,572,84,62,332,0,26,21,73,4,4,0,10,0,0,0,0,0,2688,2816,2688,2816,4128,2208,6937,1593,0,0,0,0,100,88,43,34,35,85,88,85,0,0,49,0,0,0,0,0,0,13624,1048,329,0,329,0,337,337,100,4,1,0,999,999,40,0,25,0,0,0,0,0,0,0,0,0,0,100,2688,2816,100,0,0,0,0,0,0,0,0,0,0,0,0,0,0,0,0,0,0,0,0,160
176038,3211,527,91,43,9999,0,0,759,0,0,0,4203,3190,0,0,62,0,8,7,1920,599,2000,1,0,4,57,72,52464,13705,315,592,114,63,308,0,25,26,73,4,4,0,10,0,0,0,0,0,2688,2816,2688,2816,4128,2208,6480,1611,0,0,0,0,100,85,40,36,37,85,84,82,0,0,52,0,0,0,0,0,0,13624,1048,329,0,329,0,337,337,100,6,2,0,999,999,40,0,25,0,0,0,0,0,0,0,0,0,0,100,2688,2816,100,0,0,0,0,0,0,0,0,0,0,0,0,0,0,0,0,0,0,0,0,160
177038,3211,527,91,43,9999,0,0,867,0,0,0,4203,3644,0,0,62,0,8,7,1920,599,2000,1,0,4,62,72,49098,13863,338,633,106,65,363,0,17,15,73,4,4,0,10,0,0,0,0,0,2688,2816,2688,2816,4128,2208,6724,1660,0,0,0,0,100,86,42,35,33,84,86,86,0,0,52,0,0,0,0,0,0,13624,1048,329,0,329,0,337,337,100,2,1,0,999,999,40,0,25,0,0,0,0,0,0,0,0,0,0,100,2688,2816,100,0,0,0,0,0,0,0,0,0,0,0,0,0,0,0,0,0,0,0,0,160
178039,3211,527,91,43,9999,0,0,575,0,0,0,4203,2416,0,0,62,0,8,7,1920,599,2000,1,0,4,58,72,50216,13938,341,674,120,64,313,0,23,20,72,4,4,0,10,0,0,0,0,0,2688,2816,2688,2816,4128,2208,6774,1655,0,0,0,0,100,87,46,40,38,85,87,86,0,0,50,0,0,0,0,0,0,13624,1048,329,0,329,0,337,337,100,3,1,0,999,999,40,0,25,0,0,0,0,0,0,0,0,0,0,100,2688,2816,100,0,0,0,0,0,0,0,0,0,0,0,0,0,0,0,0,0,0,0,0,160
179095,3215,529,91,43,9999,0,0,711,0,0,0,4203,2988,0,0,62,0,8,7,1920,599,2000,1,0,4,56,72,52465,13915,313,686,151,64,420,0,19,28,73,4,4,0,10,0,0,0,0,0,2688,2816,2688,2816,4128,2208,6439,1720,0,0,0,0,100,88,45,41,40,84,88,87,0,0,49,0,0,0,0,0,0,13641,1052,331,0,331,0,339,339,100,6,2,0,999,999,40,0,25,0,0,0,0,0,0,0,0,0,0,100,2688,2816,100,0,0,0,0,0,0,0,0,0,0,0,0,0,0,0,0,0,0,0,0,160
180045,3215,529,91,43,9999,0,0,955,0,0,0,4209,4019,0,0,62,0,8,7,1920,599,2000,1,0,4,52,72,54163,13845,350,696,111,64,338,0,32,31,73,4,4,0,10,0,0,0,0,0,2688,2816,2688,2816,4128,2208,6176,1624,0,0,0,0,100,89,45,38,39,86,89,85,0,0,46,0,0,0,0,0,0,13641,1052,331,0,331,0,339,339,100,8,2,0,999,999,40,0,25,0,0,0,0,0,0,0,0,0,0,100,2688,2816,100,0,0,0,0,0,0,0,0,0,0,0,0,0,0,0,0,0,0,0,0,160
181042,3215,529,91,43,9999,0,0,1055,0,0,0,4209,4440,0,0,62,0,8,7,1920,599,2000,1,0,4,49,72,50774,13813,332,708,158,64,366,0,17,26,73,4,4,0,10,0,0,0,0,0,2688,2816,2688,2816,4128,2208,5841,1587,0,0,0,0,100,88,42,37,37,88,87,82,0,0,49,0,0,0,0,0,0,13641,1052,331,0,331,0,339,339,100,5,2,0,999,999,40,0,25,0,0,0,0,0,0,0,0,0,0,100,2688,2816,100,0,0,0,0,0,0,0,0,0,0,0,0,0,0,0,0,0,0,0,0,160
182044,3215,529,91,43,9999,0,0,1077,0,0,0,4209,4533,0,0,62,0,8,7,1920,599,2000,1,0,4,60,72,50062,13890,312,693,142,63,348,0,31,16,72,4,4,0,10,0,0,0,0,0,2688,2816,2688,2816,4128,2208,6793,1599,0,0,0,0,100,87,44,39,35,87,87,84,0,0,51,0,0,0,0,0,0,13641,1052,331,0,331,0,339,339,100,3,1,0,999,999,40,0,25,0,0,0,0,0,0,0,0,0,0,100,2688,2816,100,0,0,0,0,0,0,0,0,0,0,0,0,0,0,0,0,0,0,0,0,160
183050,3215,529,91,43,9999,0,0,1043,0,0,0,4209,4389,0,0,62,0,8,7,1920,599,2000,1,0,4,57,72,51792,13869,286,690,114,63,422,0,18,24,73,4,4,0,10,0,0,0,0,0,2688,2816,2688,2816,4128,2208,6236,1646,0,0,0,0,100,89,39,32,32,87,89,85,0,0,52,0,0,0,0,0,0,13641,1052,331,0,331,0,339,339,100,5,2,0,999,999,40,0,25,0,0,0,0,0,0,0,0,0,0,100,2688,2816,100,0,0,0,0,0,0,0,0,0,0,0,0,0,0,0,0,0,0,0,0,160
184045,3215,529,91,43,9999,0,0,777,0,0,0,4209,3270,0,0,62,0,8,7,1920,599,2000,1,0,4,57,72,49500,13768,252,631,110,63,309,0,24,24,72,4,4,0,10,0,0,0,0,0,2688,2816,2688,2816,4128,2208,6782,1709,0,0,0,0,100,88,41,37,36,88,87,84,0,0,48,0,0,0,0,0,0,13641,1052,331,0,331,0,339,339,100,7,1,0,999,999,40,0,25,0,0,0,0,0,0,0,0,0,0,100,2688,2816,100,0,0,0,0,0,0,0,0,0,0,0,0,0,0,0,0,0,0,0,0,160
185044,3215,529,91,43,9999,0,0,927,0,0,0,4209,3901,0,0,62,0,8,7,1920,599,2000,1,0,4,52,72,50263,13797,289,697,159,63,391,0,17,26,73,4,4,0,10,0,0,0,0,0,2688,2816,2688,2816,4128,2208,6347,1631,0,0,0,0,100,89,39,35,38,89,85,86,0,0,47,0,0,0,0,0,0,13641,1052,331,0,331,0,339,339,100,5,2,0,999,999,40,0,25,0,0,0,0,0,0,0,0,0,0,100,2688,2816,100,0,0,0,0,0,0,0,0,0,0,0,0,0,0,0,0,0,0,0,0,160
186044,3215,529,91,43,9999,0,0,931,0,0,0,4209,3918,0,0,62,0,8,7,1920,599,2000,1,0,4,52,72,50775,13832,316,654,128,64,420,0,22,24,72,4,4,0,10,0,0,0,0,0,2688,2816,2688,2816,4128,2208,6146,1592,0,0,0,0,100,87,41,35,34,86,87,85,0,0,48,0,0,0,0,0,0,13641,1052,331,0,331,0,339,339,100,3,1,0,999,999,40,0,25,0,0,0,0,0,0,0,0,0,0,100,2688,2816,100,0,0,0,0,0,0,0,0,0,0,0,0,0,0,0,0,0,0,0,0,160
187045,3215,529,91,43,9999,0,0,1153,0,0,0,4209,4852,0,0,62,0,8,7,1920,599,2000,1,0,4,57,72,51385,13863,302,661,122,63,342,0,25,19,72,4,4,0,10,0,0,0,0,0,2688,2816,2688,2816,4128,2208,6707,1681,0,0,0,0,100,90,36,31,27,88,90,89,0,0,50,0,0,0,0,0,0,13641,1052,331,0,331,0,339,339,100,4,1,0,999,999,40,0,25,0,0,0,0,0,0,0,0,0,0,100,2688,2816,100,0,0,0,0,0,0,0,0,0,0,0,0,0,0,0,0,0,0,0,0,160
188045,3215,529,91,43,9999,0,0,1027,0,0,0,4209,4322,0,0,62,0,8,7,1920,599,2000,1,0,4,59,72,50183,13777,266,615,146,65,354,0,25,21,73,4,4,0,10,0,0,0,0,0,2688,2816,2688,2816,4128,2208,6530,1646,0,0,0,0,100,88,47,42,38,87,88,85,0,0,52,0,0,0,0,0,0,13641,1052,331,0,331,0,339,339,100,7,1,0,999,999,40,0,25,0,0,0,0,0,0,0,0,0,0,100,2688,2816,100,0,0,0,0,0,0,0,0,0,0,0,0,0,0,0,0,0,0,0,0,160
189045,3215,529,91,43,9999,0,0,758,0,0,0,4209,3190,0,0,62,0,8,7,1920,599,2000,1,0,4,59,72,50652,13802,296,682,146,64,391,0,23,21,72,4,4,0,10,0,0,0,0,0,2688,2816,2688,2816,4128,2208,6230,1732,0,0,0,0,100,89,50,44,46,86,89,85,0,0,47,0,0,0,0,0,0,13641,1052,331,0,331,0,339,339,100,3,2,0,999,999,40,0,25,0,0,0,0,0,0,0,0,0,0,100,2688,2816,100,0,0,0,0,0,0,0,0,0,0,0,0,0,0,0,0,0,0,0,0,160
190045,3215,529,91,44,9999,0,0,750,0,0,0,4211,3158,0,0,62,0,8,7,1920,599,2000,1,0,4,47,72,54001,13994,350,757,104,63,380,0,17,33,72,4,4,0,10,0,0,0,0,0,2688,2816,2688,2816,4128,2208,5794,1629,0,0,0,0,100,88,46,36,39,88,88,87,0,0,46,0,0,0,0,0,0,13641,1052,331,0,331,0,339,339,100,6,2,0,999,999,40,0,25,0,0,0,0,0,0,0,0,0,0,100,2688,2816,100,0,0,0,0,0,0,0,0,0,0,0,0,0,0,0,0,0,0,0,0,160
191044,3215,529,91,44,9999,0,0,756,0,0,0,4211,3183,0,0,62,0,8,7,1920,599,2000,1,0,4,52,72,49273,13997,327,732,128,63,332,0,18,28,72,4,4,0,10,0,0,0,0,0,2688,2816,2688,2816,4128,2208,6331,1556,0,0,0,0,100,87,46,36,37,84,87,84,0,0,45,0,0,0,0,0,0,13641,1052,331,0,331,0,339,339,100,12,2,0,999,999,40,0,25,0,0,0,0,0,0,0,0,0,0,100,2688,2816,100,0,0,0,0,0,0,0,0,0,0,0,0,0,0,0,0,0,0,0,0,160
192045,3215,529,91,44,9999,0,0,615,0,0,0,4211,2589,0,0,62,0,8,7,1920,599,2000,1,0,4,53,72,52944,13863,319,717,122,64,423,0,26,23,73,4,4,0,10,0,0,0,0,0,2688,2816,2688,2816,4128,2208,6070,1613,0,0,0,0,100,88,43,32,36,88,87,87,0,0,45,0,0,0,0,0,0,13641,1052,331,0,331,0,339,339,100,3,1,0,999,999,40,0,25,0,0,0,0,0,0,0,0,0,0,100,2688,2816,100,0,0,0,0,0,0,0,0,0,0,0,0,0,0,0,0,0,0,0,0,160
193044,3215,529,91,44,9999,0,0,628,0,0,0,4211,2644,0,0,62,0,8,7,1920,599,2000,1,0,4,53,72,52975,13796,335,646,91,64,389,0,23,24,73,4,4,0,10,0,0,0,0,0,2688,2816,2688,2816,4128,2208,6988,1595,0,0,0,0,100,88,42,33,35,87,88,88,0,0,46,0,0,0,0,0,0,13641,1052,331,0,331,0,339,339,100,4,1,0,999,999,40,0,25,0,0,0,0,0,0,0,0,0,0,100,2688,2816,100,0,0,0,0,0,0,0,0,0,0,0,0,0,0,0,0,0,0,0,0,160
194046,3215,529,91,44,9999,0,0,803,0,0,0,4211,3381,0,0,62,0,8,7,1920,599,2000,1,0,4,53,72,51589,13800,453,645,106,64,336,0,20,25,72,4,4,0,10,0,0,0,0,0,2688,2816,2688,2816,4128,2208,6626,1667,0,0,0,0,100,89,44,39,37,86,89,87,0,0,48,0,0,0,0,0,0,13641,1052,331,0,331,0,339,339,100,5,1,0,999,999,40,0,25,0,0,0,0,0,0,0,0,0,0,100,2688,2816,100,0,0,0,0,0,0,0,0,0,0,0,0,0,0,0,0,0,0,0,0,160
195045,3215,529,91,44,9999,0,0,750,0,0,0,4211,3158,0,0,62,0,8,7,1920,599,2000,1,0,4,52,72,53040,13825,345,623,101,64,317,0,22,28,73,4,4,0,10,0,0,0,0,0,2688,2816,2688,2816,4128,2208,5844,1619,0,0,0,0,100,90,41,35,36,89,90,89,0,0,47,0,0,0,0,0,0,13641,1052,331,0,331,0,339,339,100,3,2,0,999,999,40,0,25,0,0,0,0,0,0,0,0,0,0,100,2688,2816,100,0,0,0,0,0,0,0,0,0,0,0,0,0,0,0,0,0,0,0,0,160
196045,3215,529,91,44,9999,0,0,815,0,0,0,4211,3431,0,0,62,0,8,7,1920,599,2000,1,0,4,57,72,51866,13816,312,640,102,64,338,0,26,23,72,4,4,0,10,0,0,0,0,0,2688,2816,2688,2816,4128,2208,6740,1554,0,0,0,0,100,89,42,34,39,88,89,87,0,0,47,0,0,0,0,0,0,13641,1052,331,0,331,0,339,339,100,5,2,0,999,999,40,0,25,0,0,0,0,0,0,0,0,0,0,100,2688,2816,100,0,0,0,0,0,0,0,0,0,0,0,0,0,0,0,0,0,0,0,0,160
197045,3215,529,91,44,9999,0,0,590,0,0,0,4211,2484,0,0,62,0,8,7,1920,599,2000,1,0,4,57,72,49761,13749,319,640,105,64,343,0,25,24,72,4,4,0,10,0,0,0,0,0,2688,2816,2688,2816,4128,2208,6559,1630,0,0,0,0,100,88,42,33,34,87,87,88,0,0,50,0,0,0,0,0,0,13641,1052,331,0,331,0,339,339,100,7,1,0,999,999,40,0,25,0,0,0,0,0,0,0,0,0,0,100,2688,2816,100,0,0,0,0,0,0,0,0,0,0,0,0,0,0,0,0,0,0,0,0,160
198048,3215,529,91,44,9999,0,0,736,0,0,0,4211,3099,0,0,62,0,8,7,1920,599,2000,1,0,4,55,72,50985,13727,287,653,148,63,401,0,22,23,73,4,4,0,10,0,0,0,0,0,2688,2816,2688,2816,4128,2208,6133,1625,0,0,0,0,100,87,39,34,38,85,86,87,0,0,51,0,0,0,0,0,0,13641,1052,331,0,331,0,339,339,100,3,2,0,999,999,40,0,25,0,0,0,0,0,0,0,0,0,0,100,2688,2816,100,0,0,0,0,0,0,0,0,0,0,0,0,0,0,0,0,0,0,0,0,160
199079,3275,529,91,44,9999,0,0,720,0,0,0,4211,3031,0,0,62,0,8,7,1920,599,2000,1,0,4,59,72,51087,13803,294,625,132,63,339,0,24,18,72,4,4,0,10,0,0,0,0,0,2688,2816,2688,2816,4128,2208,6049,1671,0,0,0,0,100,90,40,35,39,90,88,87,0,0,48,0,0,0,0,0,0,13643,1052,331,0,331,0,339,339,100,5,2,0,999,999,40,0,25,0,0,0,0,0,0,0,0,0,0,100,2688,2816,100,0,0,0,0,0,0,0,0,0,0,0,0,0,0,0,0,0,0,0,0,160
200048,3275,529,91,44,9999,0,0,888,0,0,0,4208,3736,0,0,62,0,8,7,1920,599,2000,1,0,4,58,72,51732,13790,307,615,109,63,319,0,25,24,73,4,4,0,10,0,0,0,0,0,2688,2816,2688,2816,4128,2208,5783,1658,0,0,0,0,100,88,42,38,32,87,88,86,0,0,50,0,0,0,0,0,0,13643,1052,331,0,331,0,339,339,100,7,2,0,999,999,40,0,25,0,0,0,0,0,0,0,0,0,0,100,2688,2816,100,0,0,0,0,0,0,0,0,0,0,0,0,0,0,0,0,0,0,0,0,160
201306,3275,529,91,44,9999,0,0,849,0,0,0,4208,3572,0,0,62,0,8,7,1920,599,2000,1,0,4,59,72,51370,13752,332,607,94,64,330,0,34,18,72,4,4,0,10,0,0,0,0,0,2688,2816,2688,2816,4128,2208,5938,1571,0,0,0,0,100,89,44,41,38,89,89,88,0,0,48,0,0,0,0,0,0,13643,1052,331,0,331,0,339,339,100,3,1,0,999,999,40,0,25,0,0,0,0,0,0,0,0,0,0,100,2688,2816,100,0,0,0,0,0,0,0,0,0,0,0,0,0,0,0,0,0,0,0,0,160
202052,3275,529,91,44,9999,0,0,849,0,0,0,4208,3572,0,0,62,0,8,7,1920,599,2000,1,0,4,59,72,51426,13780,368,624,100,64,364,0,25,21,72,4,4,0,10,0,0,0,0,0,2688,2816,2688,2816,4128,2208,6082,1654,0,0,0,0,100,88,43,38,37,86,88,87,0,0,49,0,0,0,0,0,0,13643,1052,331,0,331,0,339,339,100,5,1,0,999,999,40,0,25,0,0,0,0,0,0,0,0,0,0,100,2688,2816,100,0,0,0,0,0,0,0,0,0,0,0,0,0,0,0,0,0,0,0,0,160
203050,3275,529,91,44,9999,0,0,1407,0,0,0,4208,5920,0,0,62,0,8,7,1920,599,2000,1,0,4,57,72,50407,13846,326,644,112,64,369,0,25,19,73,4,4,0,10,0,0,0,0,0,2688,2816,2688,2816,4128,2208,7291,1632,0,0,0,0,100,88,42,36,35,88,88,88,0,0,51,0,0,0,0,0,0,13643,1052,331,0,331,0,339,339,100,3,1,0,999,999,40,0,25,0,0,0,0,0,0,0,0,0,0,100,2688,2816,100,0,0,0,0,0,0,0,0,0,0,0,0,0,0,0,0,0,0,0,0,160
204055,3275,529,91,44,9999,0,0,901,0,0,0,4208,3791,0,0,62,0,8,7,1920,599,2000,1,0,4,57,72,51495,13862,313,659,114,63,360,0,25,19,72,4,4,0,10,0,0,0,0,0,2688,2816,2688,2816,4128,2208,7188,1671,0,0,0,0,100,88,34,30,33,86,88,86,0,0,55,0,0,0,0,0,0,13643,1052,331,0,331,0,339,339,100,3,2,0,999,999,40,0,25,0,0,0,0,0,0,0,0,0,0,100,2688,2816,100,0,0,0,0,0,0,0,0,0,0,0,0,0,0,0,0,0,0,0,0,160
205055,3275,529,91,44,9999,0,0,819,0,0,0,4208,3446,0,0,62,0,8,7,1920,599,2000,1,0,4,59,72,52406,13743,302,625,119,63,334,0,32,21,73,4,4,0,10,0,0,0,0,0,2688,2816,2688,2816,4128,2208,6906,1645,0,0,0,0,100,87,35,30,33,85,87,87,0,0,53,0,0,0,0,0,0,13643,1052,331,0,331,0,339,339,100,5,1,0,999,999,40,0,25,0,0,0,0,0,0,0,0,0,0,100,2688,2816,100,0,0,0,0,0,0,0,0,0,0,0,0,0,0,0,0,0,0,0,0,160
206060,3275,529,91,44,9999,0,0,743,0,0,0,4208,3126,0,0,62,0,8,7,1920,599,2000,1,0,4,56,72,50775,13757,318,687,151,63,491,0,20,23,73,4,4,0,10,0,0,0,0,0,2688,2816,2688,2816,4128,2208,7634,1620,0,0,0,0,100,88,39,32,31,88,87,86,0,0,56,0,0,0,0,0,0,13643,1052,331,0,331,0,339,339,100,4,1,0,999,999,40,0,25,0,0,0,0,0,0,0,0,0,0,100,2688,2816,100,0,0,0,0,0,0,0,0,0,0,0,0,0,0,0,0,0,0,0,0,160
207054,3275,529,91,44,9999,0,0,830,0,0,0,4208,3492,0,0,62,0,8,7,1920,599,2000,1,0,4,58,72,53675,13813,274,659,120,62,424,0,30,22,72,4,4,0,10,0,0,0,0,0,2688,2816,2688,2816,4128,2208,7858,1664,0,0,0,0,100,88,39,34,36,88,88,87,0,0,56,0,0,0,0,0,0,13643,1052,331,0,331,0,339,339,100,4,1,0,999,999,40,0,25,0,0,0,0,0,0,0,0,0,0,100,2688,2816,100,0,0,0,0,0,0,0,0,0,0,0,0,0,0,0,0,0,0,0,0,160
208055,3275,529,91,44,9999,0,0,1140,0,0,0,4208,4797,0,0,62,0,8,7,1920,599,2000,1,0,4,58,72,48984,13762,290,620,102,63,331,0,26,17,72,4,4,0,10,0,0,0,0,0,2688,2816,2688,2816,4128,2208,7310,1695,0,0,0,0,100,88,39,31,34,86,87,88,0,0,52,0,0,0,0,0,0,13643,1052,331,0,331,0,339,339,100,3,1,0,999,999,40,0,25,0,0,0,0,0,0,0,0,0,0,100,2688,2816,100,0,0,0,0,0,0,0,0,0,0,0,0,0,0,0,0,0,0,0,0,160
209054,3275,529,91,44,9999,0,0,1235,0,0,0,4192,5177,0,0,62,0,8,7,1920,599,2000,1,0,4,53,72,49251,13757,280,593,111,64,334,0,19,31,72,4,4,0,10,0,0,0,0,0,2688,2816,2688,2816,4128,2208,6641,1822,0,0,0,0,100,87,45,42,40,85,87,83,0,0,51,0,0,0,0,0,0,13643,1052,331,0,331,0,339,339,100,8,2,0,999,999,40,0,25,0,0,0,0,0,0,0,0,0,0,100,2688,2816,100,0,0,0,0,0,0,0,0,0,0,0,0,0,0,0,0,0,0,0,0,160
210055,3275,529,91,44,9999,0,0,1198,0,0,0,4225,5061,0,0,62,0,8,7,1920,599,2000,1,0,4,52,72,50359,13836,371,668,141,63,446,0,11,30,73,4,4,0,10,0,0,0,0,0,2688,2816,2688,2816,4128,2208,6705,1699,0,0,0,0,100,89,51,46,47,88,89,88,0,0,50,0,0,0,0,0,0,13643,1052,331,0,331,0,339,339,100,4,2,0,999,999,40,0,25,0,0,0,0,0,0,0,0,0,0,100,2688,2816,100,0,0,0,0,0,0,0,0,0,0,0,0,0,0,0,0,0,0,0,0,160
211054,3275,529,91,44,9999,0,0,925,0,0,0,4225,3908,0,0,62,0,8,7,1920,599,2000,1,0,4,56,72,51430,13866,329,701,93,64,399,0,23,26,73,4,4,0,10,0,0,0,0,0,2688,2816,2688,2816,4128,2208,6782,1647,0,0,0,0,100,87,42,34,32,87,85,86,0,0,50,0,0,0,0,0,0,13643,1052,331,0,331,0,339,339,100,5,2,0,999,999,40,0,25,0,0,0,0,0,0,0,0,0,0,100,2688,2816,100,0,0,0,0,0,0,0,0,0,0,0,0,0,0,0,0,0,0,0,0,160
212057,3275,529,91,44,9999,0,0,1003,0,0,0,4225,4237,0,0,62,0,8,7,1920,599,2000,1,0,4,54,72,52202,13924,323,656,90,64,310,0,29,27,73,4,4,0,10,0,0,0,0,0,2688,2816,2688,2816,4128,2208,6686,1676,0,0,0,0,100,88,39,32,30,86,88,84,0,0,51,0,0,0,0,0,0,13643,1052,331,0,331,0,339,339,100,6,2,0,999,999,40,0,25,0,0,0,0,0,0,0,0,0,0,100,2688,2816,100,0,0,0,0,0,0,0,0,0,0,0,0,0,0,0,0,0,0,0,0,160
213055,3275,529,91,44,9999,0,0,912,0,0,0,4225,3853,0,0,62,0,8,7,1920,599,2000,1,0,4,61,72,45662,13781,295,621,115,63,337,0,13,21,72,4,4,0,10,0,0,0,0,0,2688,2816,2688,2816,4128,2208,6971,1679,0,0,0,0,100,87,38,35,33,87,87,85,0,0,52,0,0,0,0,0,0,13643,1052,331,0,331,0,339,339,100,2,1,0,999,999,40,0,25,0,0,0,0,0,0,0,0,0,0,100,2688,2816,100,0,0,0,0,0,0,0,0,0,0,0,0,0,0,0,0,0,0,0,0,160
214056,3275,529,91,44,9999,0,0,730,0,0,0,4225,3084,0,0,62,0,8,7,1920,599,2000,1,0,4,58,72,51376,13801,576,632,106,63,298,0,29,18,73,4,4,0,10,0,0,0,0,0,2688,2816,2688,2816,4128,2208,6860,1741,0,0,0,0,100,87,41,37,32,85,86,87,0,0,54,0,0,0,0,0,0,13643,1052,331,0,331,0,339,339,100,4,1,0,999,999,40,0,25,0,0,0,0,0,0,0,0,0,0,100,2688,2816,100,0,0,0,0,0,0,0,0,0,0,0,0,0,0,0,0,0,0,0,0,160
215057,3275,529,91,44,9999,0,0,817,0,0,0,4225,3451,0,0,62,0,8,7,1920,599,2000,1,0,4,59,72,51099,13826,318,680,129,63,463,0,27,24,72,4,4,0,10,0,0,0,0,0,2688,2816,2688,2816,4128,2208,7234,1670,0,0,0,0,100,91,45,38,39,88,91,86,0,0,52,0,0,0,0,0,0,13643,1052,331,0,331,0,339,339,100,4,1,0,999,999,40,0,25,0,0,0,0,0,0,0,0,0,0,100,2688,2816,100,0,0,0,0,0,0,0,0,0,0,0,0,0,0,0,0,0,0,0,0,160
216059,3275,529,91,44,9999,0,0,1144,0,0,0,4225,4833,0,0,62,0,8,7,1920,599,2000,1,0,4,58,72,53402,13866,281,681,148,64,335,0,23,20,73,4,4,0,10,0,0,0,0,0,2688,2816,2688,2816,4128,2208,6349,1622,0,0,0,0,100,89,50,48,45,89,89,87,0,0,53,0,0,0,0,0,0,13643,1052,331,0,331,0,339,339,100,3,1,0,999,999,40,0,25,0,0,0,0,0,0,0,0,0,0,100,2688,2816,100,0,0,0,0,0,0,0,0,0,0,0,0,0,0,0,0,0,0,0,0,160
217058,3275,529,91,44,9999,0,0,844,0,0,0,4225,3565,0,0,62,0,8,7,1920,599,2000,1,0,4,59,72,51166,13840,296,698,128,64,453,0,25,25,73,4,4,0,10,0,0,0,0,0,2688,2816,2688,2816,4128,2208,7228,1690,0,0,0,0,100,87,38,28,32,86,87,85,0,0,53,0,0,0,0,0,0,13643,1052,331,0,331,0,339,339,100,7,2,0,999,999,40,0,25,0,0,0,0,0,0,0,0,0,0,100,2688,2816,100,0,0,0,0,0,0,0,0,0,0,0,0,0,0,0,0,0,0,0,0,160
218059,3275,529,91,44,9999,0,0,882,0,0,0,4225,3726,0,0,62,0,8,7,1920,599,2000,1,0,4,56,72,55623,13870,337,728,110,63,422,0,32,21,73,4,4,0,10,0,0,0,0,0,2688,2816,2688,2816,4128,2208,6784,1696,0,0,0,0,100,88,43,37,31,87,88,87,0,0,51,0,0,0,0,0,0,13643,1052,331,0,331,0,339,339,100,5,1,0,999,999,40,0,25,0,0,0,0,0,0,0,0,0,0,100,2688,2816,100,0,0,0,0,0,0,0,0,0,0,0,0,0,0,0,0,0,0,0,0,160
219098,3285,529,91,44,9999,0,0,1025,0,0,0,4225,4330,0,0,62,0,8,7,1920,599,2000,1,0,4,55,72,50364,13834,338,671,89,63,428,0,23,21,72,4,4,0,10,0,0,0,0,0,2688,2816,2688,2816,4128,2208,7594,1683,0,0,0,0,100,87,46,43,38,86,87,84,0,0,53,0,0,0,0,0,0,13660,1057,331,0,331,0,339,339,100,2,1,0,999,999,40,0,25,0,0,0,0,0,0,0,0,0,0,100,2688,2816,100,0,0,0,0,0,0,0,0,0,0,0,0,0,0,0,0,0,0,0,0,160
220058,3285,529,91,43,9999,0,0,792,0,0,0,4214,3337,0,0,62,0,8,7,1920,599,2000,1,0,4,54,72,52294,13782,298,662,138,64,335,0,23,32,73,4,4,0,10,0,0,0,0,0,2688,2816,2688,2816,4128,2208,7735,1672,0,0,0,0,100,88,41,31,32,88,87,86,0,0,52,0,0,0,0,0,0,13660,1057,331,0,331,0,339,339,100,8,2,0,999,999,40,0,25,0,0,0,0,0,0,0,0,0,0,100,2688,2816,100,0,0,0,0,0,0,0,0,0,0,0,0,0,0,0,0,0,0,0,0,160
221058,3285,529,91,43,9999,0,0,987,0,0,0,4214,4159,0,0,62,0,8,7,1920,599,2000,1,0,4,50,72,53454,13741,305,598,99,64,364,0,24,29,73,4,4,0,10,0,0,0,0,0,2688,2816,2688,2816,4128,2208,6890,1635,0,0,0,0,100,87,44,36,36,87,86,87,0,0,52,0,0,0,0,0,0,13660,1057,331,0,331,0,339,339,100,5,1,0,999,999,40,0,25,0,0,0,0,0,0,0,0,0,0,100,2688,2816,100,0,0,0,0,0,0,0,0,0,0,0,0,0,0,0,0,0,0,0,0,160
222064,3285,529,91,43,9999,0,0,819,0,0,0,4214,3451,0,0,62,0,8,7,1920,599,2000,1,0,4,54,72,49855,13743,283,615,100,63,352,0,21,22,72,4,4,0,10,0,0,0,0,0,2688,2816,2688,2816,4128,2208,7549,1617,0,0,0,0,100,89,40,31,34,86,89,86,0,0,53,0,0,0,0,0,0,13660,1057,331,0,331,0,339,339,100,4,1,0,999,999,40,0,25,0,0,0,0,0,0,0,0,0,0,100,2688,2816,100,0,0,0,0,0,0,0,0,0,0,0,0,0,0,0,0,0,0,0,0,160
223064,3285,529,91,43,9999,0,0,711,0,0,0,4214,2996,0,0,62,0,8,7,1920,599,2000,1,0,4,56,72,51524,13733,327,619,103,63,341,0,23,23,72,4,4,0,10,0,0,0,0,0,2688,2816,2688,2816,4128,2208,6669,1638,0,0,0,0,100,89,41,32,28,89,86,88,0,0,52,0,0,0,0,0,0,13660,1057,331,0,331,0,339,339,100,4,2,0,999,999,40,0,25,0,0,0,0,0,0,0,0,0,0,100,2688,2816,100,0,0,0,0,0,0,0,0,0,0,0,0,0,0,0,0,0,0,0,0,160
224065,3285,529,91,43,9999,0,0,777,0,0,0,4214,3274,0,0,62,0,8,7,1920,599,2000,1,0,4,56,72,54546,13744,324,619,91,63,325,0,29,25,73,4,4,0,10,0,0,0,0,0,2688,2816,2688,2816,4128,2208,7728,1689,0,0,0,0,100,87,41,35,35,87,87,84,0,0,50,0,0,0,0,0,0,13660,1057,331,0,331,0,339,339,100,4,1,0,999,999,40,0,25,0,0,0,0,0,0,0,0,0,0,100,2688,2816,100,0,0,0,0,0,0,0,0,0,0,0,0,0,0,0,0,0,0,0,0,160
225067,3285,529,91,43,9999,0,0,784,0,0,0,4214,3303,0,0,62,0,8,7,1920,599,2000,1,0,4,55,72,47267,13747,296,611,97,63,330,0,12,25,72,4,4,0,10,0,0,0,0,0,2688,2816,2688,2816,4128,2208,6044,1623,0,0,0,0,100,87,37,31,34,87,87,87,0,0,49,0,0,0,0,0,0,13660,1057,331,0,331,0,339,339,100,6,2,0,999,999,40,0,25,0,0,0,0,0,0,0,0,0,0,100,2688,2816,100,0,0,0,0,0,0,0,0,0,0,0,0,0,0,0,0,0,0,0,0,160
226067,3285,529,91,43,9999,0,0,855,0,0,0,4214,3602,0,0,62,0,8,7,1920,599,2000,1,0,4,55,72,50465,13724,315,570,108,64,388,0,25,25,72,4,4,0,10,0,0,0,0,0,2688,2816,2688,2816,4128,2208,6322,1615,0,0,0,0,100,87,39,33,35,85,87,87,0,0,49,0,0,0,0,0,0,13660,1057,331,0,331,0,339,339,100,5,1,0,999,999,40,0,25,0,0,0,0,0,0,0,0,0,0,100,2688,2816,100,0,0,0,0,0,0,0,0,0,0,0,0,0,0,0,0,0,0,0,0,160
227067,3285,529,91,43,9999,0,0,813,0,0,0,4214,3425,0,0,62,0,8,7,1920,599,2000,1,0,4,58,72,53167,13714,306,618,103,64,330,0,28,19,73,4,4,0,10,0,0,0,0,0,2688,2816,2688,2816,4128,2208,6240,1614,0,0,0,0,100,88,42,32,32,85,88,85,0,0,50,0,0,0,0,0,0,13660,1057,331,0,331,0,339,339,100,2,1,0,999,999,40,0,25,0,0,0,0,0,0,0,0,0,0,100,2688,2816,100,0,0,0,0,0,0,0,0,0,0,0,0,0,0,0,0,0,0,0,0,160
228072,3285,529,91,43,9999,0,0,891,0,0,0,4214,3754,0,0,62,0,8,7,1920,599,2000,1,0,4,55,72,52394,13778,307,654,125,64,282,0,36,22,73,4,4,0,10,0,0,0,0,0,2688,2816,2688,2816,4128,2208,6497,1619,0,0,0,0,100,87,41,31,30,87,86,84,0,0,49,0,0,0,0,0,0,13660,1057,331,0,331,0,339,339,100,6,2,0,999,999,40,0,25,0,0,0,0,0,0,0,0,0,0,100,2688,2816,100,0,0,0,0,0,0,0,0,0,0,0,0,0,0,0,0,0,0,0,0,160
229076,3285,529,91,43,9999,0,0,945,0,0,0,4214,3982,0,0,62,0,8,7,1920,599,2000,1,0,4,54,72,53035,13776,271,728,189,64,422,0,26,28,73,4,4,0,10,0,0,0,0,0,2688,2816,2688,2816,4128,2208,6885,1725,0,0,0,0,100,87,41,37,34,87,84,84,0,0,49,0,0,0,0,0,0,13660,1057,331,0,331,0,339,339,100,5,2,0,999,999,40,0,25,0,0,0,0,0,0,0,0,0,0,100,2688,2816,100,0,0,0,0,0,0,0,0,0,0,0,0,0,0,0,0,0,0,0,0,160
230079,3285,529,91,45,9999,0,0,1341,0,0,0,4196,5626,0,0,62,0,8,7,1920,599,2000,1,0,4,50,72,57643,13807,253,635,141,64,387,0,27,29,72,4,4,0,10,0,0,0,0,0,2688,2816,2688,2816,4128,2208,7069,1679,0,0,0,0,100,89,47,43,40,89,88,87,0,0,49,0,0,0,0,0,0,13660,1057,331,0,331,0,339,339,100,3,2,0,999,999,40,0,25,0,0,0,0,0,0,0,0,0,0,100,2688,2816,100,0,0,0,0,0,0,0,0,0,0,0,0,0,0,0,0,0,0,0,0,160
231074,3285,529,91,45,9999,0,0,843,0,0,0,4196,3537,0,0,62,0,8,7,1920,599,2000,1,0,4,53,72,54776,13797,319,641,108,64,351,0,22,26,72,4,4,0,10,0,0,0,0,0,2688,2816,2688,2816,4128,2208,7359,1639,0,0,0,0,100,89,57,51,51,88,89,87,0,0,48,0,0,0,0,0,0,13660,1057,331,0,331,0,339,339,100,3,2,0,999,999,40,0,25,0,0,0,0,0,0,0,0,0,0,100,2688,2816,100,0,0,0,0,0,0,0,0,0,0,0,0,0,0,0,0,0,0,0,0,160
232074,3285,529,91,45,9999,0,0,849,0,0,0,4196,3562,0,0,62,0,8,7,1920,599,2000,1,0,4,49,72,52659,13822,348,645,93,64,368,0,21,33,73,4,4,0,10,0,0,0,0,0,2688,2816,2688,2816,4128,2208,6057,1652,0,0,0,0,100,89,43,36,33,88,88,89,0,0,50,0,0,0,0,0,0,13660,1057,331,0,331,0,339,339,100,5,2,0,999,999,40,0,25,0,0,0,0,0,0,0,0,0,0,100,2688,2816,100,0,0,0,0,0,0,0,0,0,0,0,0,0,0,0,0,0,0,0,0,160
233074,3285,529,91,45,9999,0,0,687,0,0,0,4196,2882,0,0,62,0,8,7,1920,599,2000,1,0,4,51,72,50813,13805,293,601,111,63,341,0,15,31,72,4,4,0,10,0,0,0,0,0,2688,2816,2688,2816,4128,2208,7730,1677,0,0,0,0,100,89,46,37,35,87,89,87,0,0,45,0,0,0,0,0,0,13660,1057,331,0,331,0,339,339,100,7,2,0,999,999,40,0,25,0,0,0,0,0,0,0,0,0,0,100,2688,2816,100,0,0,0,0,0,0,0,0,0,0,0,0,0,0,0,0,0,0,0,0,160
234073,3285,529,91,45,9999,0,0,583,0,0,0,4217,2458,0,0,62,0,8,7,1920,599,2000,1,0,4,45,72,51800,13881,612,711,175,63,396,0,11,37,73,4,4,0,10,0,0,0,0,0,2688,2816,2688,2816,4128,2208,6291,1719,0,0,0,0,100,90,45,42,37,90,87,87,0,0,46,0,0,0,0,0,0,13660,1057,331,0,331,0,339,339,100,7,2,0,999,999,40,0,25,0,0,0,0,0,0,0,0,0,0,100,2688,2816,100,0,0,0,0,0,0,0,0,0,0,0,0,0,0,0,0,0,0,0,0,160
235074,3285,529,91,45,9999,0,0,741,0,0,0,4217,3124,0,0,62,0,8,7,1920,599,2000,1,0,4,57,72,53399,13798,298,701,144,63,392,0,31,21,72,4,4,0,10,0,0,0,0,0,2688,2816,2688,2816,4128,2208,6689,1683,0,0,0,0,100,87,39,33,33,84,87,85,0,0,49,0,0,0,0,0,0,13660,1057,331,0,331,0,339,339,100,3,2,0,999,999,40,0,25,0,0,0,0,0,0,0,0,0,0,100,2688,2816,100,0,0,0,0,0,0,0,0,0,0,0,0,0,0,0,0,0,0,0,0,160
236076,3285,529,91,45,9999,0,0,737,0,0,0,4217,3107,0,0,62,0,8,7,1920,599,2000,1,0,4,64,72,52080,13755,333,617,113,64,373,0,31,14,73,4,4,0,10,0,0,0,0,0,2688,2816,2688,2816,4128,2208,8017,1642,0,0,0,0,100,82,39,34,36,80,82,80,0,0,51,0,0,0,0,0,0,13660,1057,331,0,331,0,339,339,100,3,1,0,999,999,40,0,25,0,0,0,0,0,0,0,0,0,0,100,2688,2816,100,0,0,0,0,0,0,0,0,0,0,0,0,0,0,0,0,0,0,0,0,160
237074,3285,529,91,45,9999,0,0,821,0,0,0,4217,3462,0,0,62,0,8,7,1920,599,2000,1,0,4,62,72,51861,13828,315,665,109,64,343,0,31,15,73,4,4,0,10,0,0,0,0,0,2688,2816,2688,2816,4128,2208,6631,1621,0,0,0,0,100,81,39,35,35,78,81,81,0,0,55,0,0,0,0,0,0,13660,1057,331,0,331,0,339,339,100,3,1,0,999,999,40,0,25,0,0,0,0,0,0,0,0,0,0,100,2688,2816,100,0,0,0,0,0,0,0,0,0,0,0,0,0,0,0,0,0,0,0,0,160
238078,3285,529,91,45,9999,0,0,988,0,0,0,4217,4166,0,0,62,0,8,7,1920,599,2000,1,0,4,66,72,52804,13880,266,768,129,63,405,0,36,13,72,4,4,0,10,0,0,0,0,0,2688,2816,2688,2816,4128,2208,6492,1663,0,0,0,0,100,81,40,34,34,78,81,80,0,0,58,0,0,0,0,0,0,13660,1057,331,0,331,0,339,339,100,5,1,0,999,999,40,0,25,0,0,0,0,0,0,0,0,0,0,100,2688,2816,100,0,0,0,0,0,0,0,0,0,0,0,0,0,0,0,0,0,0,0,0,160
239113,3288,529,91,45,9999,0,0,1085,0,0,0,4217,4575,0,0,62,0,8,7,1920,599,2000,1,0,4,67,72,53440,13800,451,694,146,64,424,0,37,7,73,4,4,0,10,0,0,0,0,0,2688,2816,2688,2816,4128,2208,6042,1693,0,0,0,0,100,84,44,35,38,81,84,78,0,0,57,0,0,0,0,0,0,13660,1053,331,0,331,0,339,339,100,2,1,0,999,999,40,0,25,0,0,0,0,0,0,0,0,0,0,100,2688,2816,100,0,0,0,0,0,0,0,0,0,0,0,0,0,0,0,0,0,0,0,0,160
240079,3288,529,91,45,9999,0,0,866,0,0,0,4205,3641,0,0,62,0,8,7,1920,599,2000,1,0,4,70,72,52989,13852,364,702,110,63,342,0,42,5,72,4,4,0,10,0,0,0,0,0,2688,2816,2688,2816,4128,2208,6450,1625,0,0,0,0,100,82,43,37,38,80,82,82,0,0,56,0,0,0,0,0,0,13660,1053,331,0,331,0,339,339,100,3,1,0,999,999,40,0,25,0,0,0,0,0,0,0,0,0,0,100,2688,2816,100,0,0,0,0,0,0,0,0,0,0,0,0,0,0,0,0,0,0,0,0,160
241078,3288,529,91,45,9999,0,0,1044,0,0,0,4205,4390,0,0,62,0,8,7,1920,599,2000,1,0,4,71,72,51561,13785,317,628,101,63,417,0,28,2,72,4,4,0,10,0,0,0,0,0,2688,2816,2688,2816,4128,2208,6323,1569,0,0,0,0,100,83,41,35,35,81,80,83,0,0,57,0,0,0,0,0,0,13660,1053,331,0,331,0,339,339,100,1,1,0,999,999,40,0,25,0,0,0,0,0,0,0,0,0,0,100,2688,2816,100,0,0,0,0,0,0,0,0,0,0,0,0,0,0,0,0,0,0,0,0,160
242079,3288,529,91,45,9999,0,0,958,0,0,0,4205,4028,0,0,62,0,8,7,1920,599,2000,1,0,4,69,72,55778,13789,290,674,114,62,339,0,57,3,72,4,4,0,10,0,0,0,0,0,2688,2816,2688,2816,4128,2208,6306,1657,0,0,0,0,100,82,41,34,37,82,82,81,0,0,57,0,0,0,0,0,0,13660,1053,331,0,331,0,339,339,100,1,1,0,999,999,40,0,25,0,0,0,0,0,0,0,0,0,0,100,2688,2816,100,0,0,0,0,0,0,0,0,0,0,0,0,0,0,0,0,0,0,0,0,160
243080,3288,529,91,45,9999,0,0,878,0,0,0,4205,3691,0,0,62,0,8,7,1920,599,2000,1,0,4,66,72,54934,13726,288,639,154,64,460,0,53,8,73,4,4,0,10,0,0,0,0,0,2688,2816,2688,2816,4128,2208,7054,1703,0,0,0,0,100,82,43,38,39,80,82,81,0,0,59,0,0,0,0,0,0,13660,1053,331,0,331,0,339,339,100,2,1,0,999,999,40,0,25,0,0,0,0,0,0,0,0,0,0,100,2688,2816,100,0,0,0,0,0,0,0,0,0,0,0,0,0,0,0,0,0,0,0,0,160
244080,3288,529,91,45,9999,0,0,866,0,0,0,4205,3641,0,0,62,0,8,7,1920,599,2000,1,0,4,64,72,54065,13814,349,678,106,63,341,0,41,8,73,4,4,0,10,0,0,0,0,0,2688,2816,2688,2816,4128,2208,6804,1726,0,0,0,0,100,83,42,38,34,81,81,83,0,0,56,0,0,0,0,0,0,13660,1053,331,0,331,0,339,339,100,2,1,0,999,999,40,0,25,0,0,0,0,0,0,0,0,0,0,100,2688,2816,100,0,0,0,0,0,0,0,0,0,0,0,0,0,0,0,0,0,0,0,0,160
245079,3288,529,91,45,9999,0,0,824,0,0,0,4205,3464,0,0,62,0,8,7,1920,599,2000,1,0,4,70,72,50081,13765,343,615,98,63,333,0,28,12,72,4,4,0,10,0,0,0,0,0,2688,2816,2688,2816,4128,2208,6352,1667,0,0,0,0,100,80,43,39,42,79,80,77,0,0,60,0,0,0,0,0,0,13660,1053,331,0,331,0,339,339,100,6,2,0,999,999,40,0,25,0,0,0,0,0,0,0,0,0,0,100,2688,2816,100,0,0,0,0,0,0,0,0,0,0,0,0,0,0,0,0,0,0,0,0,160
246080,3288,529,91,45,9999,0,0,967,0,0,0,4205,4066,0,0,62,0,8,7,1920,599,2000,1,0,4,68,72,54904,13792,298,609,113,64,360,0,52,4,73,4,4,0,10,0,0,0,0,0,2688,2816,2688,2816,4128,2208,6949,1605,0,0,0,0,100,81,42,40,35,80,81,77,0,0,58,0,0,0,0,0,0,13660,1053,331,0,331,0,339,339,100,2,1,0,999,999,40,0,25,0,0,0,0,0,0,0,0,0,0,100,2688,2816,100,0,0,0,0,0,0,0,0,0,0,0,0,0,0,0,0,0,0,0,0,160
247081,3288,529,91,45,9999,0,0,991,0,0,0,4205,4167,0,0,62,0,8,7,1920,599,2000,1,0,4,65,72,54313,13767,304,654,118,63,376,0,45,9,73,4,4,0,10,0,0,0,0,0,2688,2816,2688,2816,4128,2208,6846,1685,0,0,0,0,100,78,39,34,32,78,77,76,0,0,58,0,0,0,0,0,0,13660,1053,331,0,331,0,339,339,100,2,1,0,999,999,40,0,25,0,0,0,0,0,0,0,0,0,0,100,2688,2816,100,0,0,0,0,0,0,0,0,0,0,0,0,0,0,0,0,0,0,0,0,160
248080,3288,529,91,45,9999,0,0,1011,0,0,0,4205,4251,0,0,62,0,8,7,1920,599,2000,1,0,4,62,72,53154,13791,316,682,137,65,405,0,30,12,72,4,4,0,10,0,0,0,0,0,2688,2816,2688,2816,4128,2208,7237,1694,0,0,0,0,100,81,42,33,36,81,81,81,0,0,55,0,0,0,0,0,0,13660,1053,331,0,331,0,339,339,100,2,1,0,999,999,40,0,25,0,0,0,0,0,0,0,0,0,0,100,2688,2816,100,0,0,0,0,0,0,0,0,0,0,0,0,0,0,0,0,0,0,0,0,160
249090,3288,529,91,45,9999,0,0,776,0,0,0,4205,3263,0,0,62,0,8,7,1920,599,2000,1,0,4,56,72,49829,13877,355,701,121,64,340,0,18,23,72,4,4,0,10,0,0,0,0,0,2688,2816,2688,2816,4128,2208,6942,1737,0,0,0,0,100,86,44,38,38,85,86,86,0,0,53,0,0,0,0,0,0,13660,1053,331,0,331,0,339,339,100,3,1,0,999,999,40,0,25,0,0,0,0,0,0,0,0,0,0,100,2688,2816,100,0,0,0,0,0,0,0,0,0,0,0,0,0,0,0,0,0,0,0,0,160
250083,3288,529,91,45,9999,0,0,833,0,0,0,4194,3493,0,0,62,0,8,7,1920,599,2000,1,0,4,48,72,55516,13939,312,739,126,64,433,0,25,28,72,4,4,0,10,0,0,0,0,0,2688,2816,2688,2816,4128,2208,7017,1653,0,0,0,0,100,82,42,35,35,80,82,82,0,0,50,0,0,0,0,0,0,13660,1053,331,0,331,0,339,339,100,6,2,0,999,999,40,0,25,0,0,0,0,0,0,0,0,0,0,100,2688,2816,100,0,0,0,0,0,0,0,0,0,0,0,0,0,0,0,0,0,0,0,0,160
251086,3288,529,91,45,9999,0,0,1116,0,0,0,4194,4680,0,0,62,0,8,7,1920,599,2000,1,0,4,49,72,54673,13843,294,729,129,64,339,0,21,28,72,4,4,0,10,0,0,0,0,0,2688,2816,2688,2816,4128,2208,7039,1687,0,0,0,0,100,89,50,48,43,89,87,87,0,0,48,0,0,0,0,0,0,13660,1053,331,0,331,0,339,339,100,4,1,0,999,999,40,0,25,0,0,0,0,0,0,0,0,0,0,100,2688,2816,100,0,0,0,0,0,0,0,0,0,0,0,0,0,0,0,0,0,0,0,0,160
252092,3288,529,91,45,9999,0,0,689,0,0,0,4194,2889,0,0,62,0,8,7,1920,599,2000,1,0,4,49,72,55418,13822,330,681,137,65,335,0,18,29,73,4,4,0,10,0,0,0,0,0,2688,2816,2688,2816,4128,2208,6791,1664,0,0,0,0,100,89,55,50,48,87,88,89,0,0,47,0,0,0,0,0,0,13660,1053,331,0,331,0,339,339,100,4,2,0,999,999,40,0,25,0,0,0,0,0,0,0,0,0,0,100,2688,2816,100,0,0,0,0,0,0,0,0,0,0,0,0,0,0,0,0,0,0,0,0,160
253087,3288,529,91,45,9999,0,0,772,0,0,0,4194,3237,0,0,62,0,8,7,1920,599,2000,1,0,4,47,72,53194,13930,342,755,115,63,337,0,25,38,72,4,4,0,10,0,0,0,0,0,2688,2816,2688,2816,4128,2208,7217,1701,0,0,0,0,100,88,47,42,38,87,88,87,0,0,45,0,0,0,0,0,0,13660,1053,331,0,331,0,339,339,100,5,2,0,999,999,40,0,25,0,0,0,0,0,0,0,0,0,0,100,2688,2816,100,0,0,0,0,0,0,0,0,0,0,0,0,0,0,0,0,0,0,0,0,160
254095,3288,529,91,45,9999,0,0,816,0,0,0,4194,3422,0,0,62,0,8,7,1920,599,2000,1,0,4,56,72,52608,13851,331,665,101,63,381,0,18,28,72,4,4,0,10,0,0,0,0,0,2688,2816,2688,2816,4128,2208,6076,1717,0,0,0,0,100,87,45,41,36,86,87,86,0,0,50,0,0,0,0,0,0,13660,1053,331,0,331,0,339,339,100,6,2,0,999,999,40,0,25,0,0,0,0,0,0,0,0,0,0,100,2688,2816,100,0,0,0,0,0,0,0,0,0,0,0,0,0,0,0,0,0,0,0,0,160
255092,3288,529,91,45,9999,0,0,903,0,0,0,4194,3787,0,0,62,0,8,7,1920,599,2000,1,0,4,61,72,52861,13783,285,694,125,63,374,0,34,15,73,4,4,0,10,0,0,0,0,0,2688,2816,2688,2816,4128,2208,6063,1631,0,0,0,0,100,88,42,39,38,86,88,86,0,0,52,0,0,0,0,0,0,13660,1053,331,0,331,0,339,339,100,6,1,0,999,999,40,0,25,0,0,0,0,0,0,0,0,0,0,100,2688,2816,100,0,0,0,0,0,0,0,0,0,0,0,0,0,0,0,0,0,0,0,0,160
256093,3288,529,91,45,9999,0,0,741,0,0,0,4194,3107,0,0,62,0,8,7,1920,599,2000,1,0,4,58,72,53773,13730,244,690,183,64,548,0,35,24,73,4,4,0,10,0,0,0,0,0,2688,2816,2688,2816,4128,2208,6183,1607,0,0,0,0,100,83,44,40,38,83,82,80,0,0,52,0,0,0,0,0,0,13660,1053,331,0,331,0,339,339,100,8,2,0,999,999,40,0,25,0,0,0,0,0,0,0,0,0,0,100,2688,2816,100,0,0,0,0,0,0,0,0,0,0,0,0,0,0,0,0,0,0,0,0,160
257092,3288,529,91,45,9999,0,0,786,0,0,0,4194,3296,0,0,62,0,8,7,1920,599,2000,1,0,4,62,72,53005,13816,346,723,123,63,347,0,31,13,72,4,4,0,10,0,0,0,0,0,2688,2816,2688,2816,4128,2208,6763,1594,0,0,0,0,100,84,40,35,34,84,84,83,0,0,54,0,0,0,0,0,0,13660,1053,331,0,331,0,339,339,100,8,3,0,999,999,40,0,25,0,0,0,0,0,0,0,0,0,0,100,2688,2816,100,0,0,0,0,0,0,0,0,0,0,0,0,0,0,0,0,0,0,0,0,160
258095,3288,529,91,45,9999,0,0,1014,0,0,0,4194,4252,0,0,62,0,8,7,1920,599,2000,1,0,4,62,72,50948,13811,323,645,103,63,385,0,27,18,72,4,4,0,10,0,0,0,0,0,2688,2816,2688,2816,4128,2208,6339,1656,0,0,0,0,100,87,49,41,39,86,87,83,0,0,54,0,0,0,0,0,0,13660,1053,331,0,331,0,339,339,100,4,1,0,999,999,40,0,25,0,0,0,0,0,0,0,0,0,0,100,2688,2816,100,0,0,0,0,0,0,0,0,0,0,0,0,0,0,0,0,0,0,0,0,160
259132,3285,529,91,45,9999,0,0,853,0,0,0,4194,3577,0,0,62,0,8,7,1920,599,2000,1,0,4,59,72,52739,13758,281,642,129,64,324,0,28,23,73,4,4,0,10,0,0,0,0,0,2688,2816,2688,2816,4128,2208,5908,1703,0,0,0,0,100,86,40,34,36,82,84,86,0,0,54,0,0,0,0,0,0,13660,1054,331,0,331,0,339,339,100,6,2,0,999,999,40,0,25,0,0,0,0,0,0,0,0,0,0,100,2688,2816,100,0,0,0,0,0,0,0,0,0,0,0,0,0,0,0,0,0,0,0,0,160
260093,3285,529,91,44,9999,0,0,987,0,0,0,4224,4169,0,0,62,0,8,7,1920,599,2000,1,0,4,58,72,51995,13732,290,662,186,63,349,0,26,17,73,4,4,0,10,0,0,0,0,0,2688,2816,2688,2816,4128,2208,6626,1658,0,0,0,0,100,84,43,36,34,83,84,83,0,0,52,0,0,0,0,0,0,13660,1054,331,0,331,0,339,339,100,6,1,0,999,999,40,0,25,0,0,0,0,0,0,0,0,0,0,100,2688,2816,100,0,0,0,0,0,0,0,0,0,0,0,0,0,0,0,0,0,0,0,0,160
261098,3285,529,91,44,9999,0,0,1026,0,0,0,4224,4333,0,0,62,0,8,7,1920,599,2000,1,0,4,63,72,51985,13785,319,680,123,63,405,0,28,14,73,4,4,0,10,0,0,0,0,0,2688,2816,2688,2816,4128,2208,6509,1641,0,0,0,0,100,87,47,41,37,85,87,87,0,0,54,0,0,0,0,0,0,13660,1054,331,0,331,0,339,339,100,4,1,0,999,999,40,0,25,0,0,0,0,0,0,0,0,0,0,100,2688,2816,100,0,0,0,0,0,0,0,0,0,0,0,0,0,0,0,0,0,0,0,0,160
262095,3285,529,91,44,9999,0,0,999,0,0,0,4224,4219,0,0,62,0,8,7,1920,599,2000,1,0,4,60,72,52485,13819,335,681,115,64,368,0,27,16,72,4,4,0,10,0,0,0,0,0,2688,2816,2688,2816,4128,2208,7301,1653,0,0,0,0,100,86,45,40,34,82,86,84,0,0,54,0,0,0,0,0,0,13660,1054,331,0,331,0,339,339,100,2,1,0,999,999,40,0,25,0,0,0,0,0,0,0,0,0,0,100,2688,2816,100,0,0,0,0,0,0,0,0,0,0,0,0,0,0,0,0,0,0,0,0,160
263097,3285,529,91,44,9999,0,0,654,0,0,0,4224,2762,0,0,62,0,8,7,1920,599,2000,1,0,4,64,72,53781,13764,306,621,105,63,345,0,33,14,72,4,4,0,10,0,0,0,0,0,2688,2816,2688,2816,4128,2208,6300,1656,0,0,0,0,100,86,41,32,35,85,86,85,0,0,55,0,0,0,0,0,0,13660,1054,331,0,331,0,339,339,100,2,1,0,999,999,40,0,25,0,0,0,0,0,0,0,0,0,0,100,2688,2816,100,0,0,0,0,0,0,0,0,0,0,0,0,0,0,0,0,0,0,0,0,160
264097,3285,529,91,44,9999,0,0,698,0,0,0,4224,2948,0,0,62,0,8,7,1920,599,2000,1,0,4,43,72,52415,13759,426,630,125,63,377,0,30,35,73,4,4,0,10,0,0,0,0,0,2688,2816,2688,2816,4128,2208,7220,1786,0,0,0,0,100,82,41,38,36,82,80,76,0,0,48,0,0,0,0,0,0,13660,1054,331,0,331,0,339,339,100,20,12,0,999,999,40,0,25,0,0,0,0,0,0,0,0,0,0,100,2688,2816,100,0,0,0,0,0,0,0,0,0,0,0,0,0,0,0,0,0,0,0,0,160
265096,3285,529,91,44,9999,0,0,852,0,0,0,4224,3598,0,0,62,0,8,7,1920,599,2000,1,0,4,57,72,50283,13790,292,721,141,64,480,0,20,26,73,4,4,0,10,0,0,0,0,0,2688,2816,2688,2816,4128,2208,6215,1720,0,0,0,0,100,87,42,39,39,87,86,87,0,0,49,0,0,0,0,0,0,13660,1054,331,0,331,0,339,339,100,5,1,0,999,999,40,0,25,0,0,0,0,0,0,0,0,0,0,100,2688,2816,100,0,0,0,0,0,0,0,0,0,0,0,0,0,0,0,0,0,0,0,0,160
266096,3285,529,91,44,9999,0,0,638,0,0,0,4224,2694,0,0,62,0,8,7,1920,599,2000,1,0,4,57,72,50283,13913,351,720,124,64,416,0,20,18,72,4,4,0,10,0,0,0,0,0,2688,2816,2688,2816,4128,2208,6184,1631,0,0,0,0,100,85,42,35,39,83,85,85,0,0,52,0,0,0,0,0,0,13660,1054,331,0,331,0,339,339,100,4,1,0,999,999,40,0,25,0,0,0,0,0,0,0,0,0,0,100,2688,2816,100,0,0,0,0,0,0,0,0,0,0,0,0,0,0,0,0,0,0,0,0,160
267099,3285,529,91,44,9999,0,0,1026,0,0,0,4224,4333,0,0,62,0,8,7,1920,599,2000,1,0,4,59,72,48491,13867,322,671,103,65,336,0,17,33,72,4,4,0,10,0,0,0,0,0,2688,2816,2688,2816,4128,2208,7283,1651,0,0,0,0,100,86,44,40,39,86,86,85,0,0,48,0,0,0,0,0,0,13660,1054,331,0,331,0,339,339,100,7,2,0,999,999,40,0,25,0,0,0,0,0,0,0,0,0,0,100,2688,2816,100,0,0,0,0,0,0,0,0,0,0,0,0,0,0,0,0,0,0,0,0,160
268096,3285,529,91,44,9999,0,0,1098,0,0,0,4224,4637,0,0,62,0,8,7,1920,599,2000,1,0,4,53,72,53705,13729,318,641,94,64,383,0,31,17,73,4,4,0,10,0,0,0,0,0,2688,2816,2688,2816,4128,2208,6038,1655,0,0,0,0,100,87,39,33,32,87,87,84,0,0,51,0,0,0,0,0,0,13660,1054,331,0,331,0,339,339,100,2,1,0,999,999,40,0,25,0,0,0,0,0,0,0,0,0,0,100,2688,2816,100,0,0,0,0,0,0,0,0,0,0,0,0,0,0,0,0,0,0,0,0,160
269097,3285,529,91,44,9999,0,0,873,0,0,0,4224,3687,0,0,62,0,8,7,1920,599,2000,1,0,4,60,72,51726,13751,323,658,108,63,412,0,24,21,73,4,4,0,10,0,0,0,0,0,2688,2816,2688,2816,4128,2208,6294,1711,0,0,0,0,100,87,40,35,32,84,87,82,0,0,51,0,0,0,0,0,0,13660,1054,331,0,331,0,339,339,100,5,1,0,999,999,40,0,25,0,0,0,0,0,0,0,0,0,0,100,2688,2816,100,0,0,0,0,0,0,0,0,0,0,0,0,0,0,0,0,0,0,0,0,160
270098,3285,529,91,44,9999,0,0,789,0,0,0,4213,3324,0,0,62,0,8,7,1920,599,2000,1,0,4,58,72,52119,13749,330,640,118,64,339,0,50,16,72,4,4,0,10,0,0,0,0,0,2688,2816,2688,2816,4128,2208,6399,1704,0,0,0,0,100,85,39,32,34,82,85,81,0,0,51,0,0,0,0,0,0,13660,1054,331,0,331,0,339,339,100,7,2,0,999,999,40,0,25,0,0,0,0,0,0,0,0,0,0,100,2688,2816,100,0,0,0,0,0,0,0,0,0,0,0,0,0,0,0,0,0,0,0,0,160
271098,3285,529,91,44,9999,0,0,1002,0,0,0,4198,4206,0,0,62,0,8,7,1920,599,2000,1,0,4,57,72,53901,13794,312,600,93,64,400,0,19,27,72,4,4,0,10,0,0,0,0,0,2688,2816,2688,2816,4128,2208,8175,1683,0,0,0,0,100,86,41,39,35,86,86,85,0,0,54,0,0,0,0,0,0,13660,1054,331,0,331,0,339,339,100,5,1,0,999,999,40,0,25,0,0,0,0,0,0,0,0,0,0,100,2688,2816,100,0,0,0,0,0,0,0,0,0,0,0,0,0,0,0,0,0,0,0,0,160
272099,3285,529,91,44,9999,0,0,1479,0,0,0,4198,6208,0,0,62,0,8,7,1920,599,2000,1,0,4,58,72,50320,13777,292,647,154,64,310,0,26,18,73,4,4,0,10,0,0,0,0,0,2688,2816,2688,2816,4128,2208,7521,1750,0,0,0,0,100,88,47,41,41,84,88,88,0,0,57,0,0,0,0,0,0,13660,1054,331,0,331,0,339,339,100,4,1,0,999,999,40,0,25,0,0,0,0,0,0,0,0,0,0,100,2688,2816,100,0,0,0,0,0,0,0,0,0,0,0,0,0,0,0,0,0,0,0,0,160
273098,3285,529,91,44,9999,0,0,897,0,0,0,4208,3774,0,0,62,0,8,7,1920,599,2000,1,0,4,60,72,49501,13899,368,722,148,65,347,0,21,21,73,4,4,0,10,0,0,0,0,0,2688,2816,2688,2816,4128,2208,7463,1744,0,0,0,0,100,89,58,52,52,88,88,89,0,0,55,0,0,0,0,0,0,13660,1054,331,0,331,0,339,339,100,3,2,0,999,999,40,0,25,0,0,0,0,0,0,0,0,0,0,100,2688,2816,100,0,0,0,0,0,0,0,0,0,0,0,0,0,0,0,0,0,0,0,0,160
274098,3285,529,90,45,9999,0,0,1241,0,0,0,4208,5222,0,0,62,0,8,7,1920,599,2000,1,0,4,56,72,50643,13854,351,713,114,64,425,0,16,26,71,4,4,0,10,0,0,0,0,0,2688,2816,2688,2816,4128,2208,7198,1794,0,0,0,0,100,87,46,42,43,84,87,87,0,0,55,0,0,0,0,0,0,13660,1054,331,0,331,0,339,339,100,6,1,0,999,999,40,0,25,0,0,0,0,0,0,0,0,0,0,100,2688,2816,100,0,0,0,0,0,0,0,0,0,0,0,0,0,0,0,0,0,0,0,0,160
275099,3285,529,90,45,9999,0,0,882,0,0,0,4208,3711,0,0,62,0,8,7,1920,599,2000,1,0,4,58,72,49973,13916,322,686,106,64,398,0,21,25,73,4,4,0,10,0,0,0,0,0,2688,2816,2688,2816,4128,2208,7545,1716,0,0,0,0,100,89,56,56,52,89,88,87,0,0,54,0,0,0,0,0,0,13660,1054,331,0,331,0,339,339,100,6,2,0,999,999,40,0,25,0,0,0,0,0,0,0,0,0,0,100,2688,2816,100,0,0,0,0,0,0,0,0,0,0,0,0,0,0,0,0,0,0,0,0,160
276099,3285,529,90,45,9999,0,0,1048,0,0,0,4208,4409,0,0,62,0,8,7,1920,599,2000,1,0,4,55,72,51528,13816,312,645,90,64,333,0,28,18,72,4,4,0,10,0,0,0,0,0,2688,2816,2688,2816,4128,2208,6908,1647,0,0,0,0,100,86,44,41,37,85,86,86,0,0,55,0,0,0,0,0,0,13660,1054,331,0,331,0,339,339,100,4,1,0,999,999,40,0,25,0,0,0,0,0,0,0,0,0,0,100,2688,2816,100,0,0,0,0,0,0,0,0,0,0,0,0,0,0,0,0,0,0,0,0,160
277101,3285,529,90,45,9999,0,0,1079,0,0,0,4208,4540,0,0,62,0,8,7,1920,599,2000,1,0,4,60,72,53006,13702,308,604,91,64,358,0,35,18,73,4,4,0,10,0,0,0,0,0,2688,2816,2688,2816,4128,2208,7383,1708,0,0,0,0,100,86,45,37,38,85,86,82,0,0,55,0,0,0,0,0,0,13660,1054,331,0,331,0,339,339,100,3,1,0,999,999,40,0,25,0,0,0,0,0,0,0,0,0,0,100,2688,2816,100,0,0,0,0,0,0,0,0,0,0,0,0,0,0,0,0,0,0,0,0,160
278103,3285,529,90,45,9999,0,0,1091,0,0,0,4208,4590,0,0,62,0,8,7,1920,599,2000,1,0,4,57,72,55246,13758,308,627,106,64,358,0,22,24,72,4,4,0,10,0,0,0,0,0,2688,2816,2688,2816,4128,2208,7534,1730,0,0,0,0,100,88,47,44,42,88,85,84,0,0,52,0,0,0,0,0,0,13660,1054,331,0,331,0,339,339,100,3,2,0,999,999,40,0,25,0,0,0,0,0,0,0,0,0,0,100,2688,2816,100,0,0,0,0,0,0,0,0,0,0,0,0,0,0,0,0,0,0,0,0,160
279154,3272,529,90,45,9999,0,0,791,0,0,0,4208,3328,0,0,62,0,8,7,1920,599,2000,1,0,4,53,72,52755,13853,560,632,110,63,367,0,26,18,72,4,4,0,10,0,0,0,0,0,2688,2816,2688,2816,4128,2208,6886,1822,0,0,0,0,100,87,47,40,41,87,87,84,0,0,54,0,0,0,0,0,0,13660,1060,331,0,331,0,339,339,100,5,1,0,999,999,40,0,25,0,0,0,0,0,0,0,0,0,0,100,2688,2816,100,0,0,0,0,0,0,0,0,0,0,0,0,0,0,0,0,0,0,0,0,160
280102,3272,529,90,44,9999,0,0,1354,0,0,0,4207,5696,0,0,62,0,8,7,1920,599,2000,1,0,4,59,72,50703,13834,317,614,97,64,362,0,16,27,72,4,4,0,10,0,0,0,0,0,2688,2816,2688,2816,4128,2208,7355,1738,0,0,0,0,100,90,43,40,41,87,90,85,0,0,53,0,0,0,0,0,0,13660,1060,331,0,331,0,339,339,100,5,2,0,999,999,40,0,25,0,0,0,0,0,0,0,0,0,0,100,2688,2816,100,0,0,0,0,0,0,0,0,0,0,0,0,0,0,0,0,0,0,0,0,160
281101,3272,529,90,44,9999,0,0,894,0,0,0,4207,3761,0,0,62,0,8,7,1920,599,2000,1,0,4,53,72,53409,13792,321,660,122,64,347,0,28,22,73,4,4,0,10,0,0,0,0,0,2688,2816,2688,2816,4128,2208,6295,1693,0,0,0,0,100,87,45,39,36,87,86,84,0,0,52,0,0,0,0,0,0,13660,1060,331,0,331,0,339,339,100,3,2,0,999,999,40,0,25,0,0,0,0,0,0,0,0,0,0,100,2688,2816,100,0,0,0,0,0,0,0,0,0,0,0,0,0,0,0,0,0,0,0,0,160
282102,3272,529,90,44,9999,0,0,1009,0,0,0,4207,4244,0,0,62,0,8,7,1920,599,2000,1,0,4,57,72,52696,13740,310,628,117,62,334,0,32,25,72,4,4,0,10,0,0,0,0,0,2688,2816,2688,2816,4128,2208,7463,1733,0,0,0,0,100,86,46,38,40,86,86,85,0,0,53,0,0,0,0,0,0,13660,1060,331,0,331,0,339,339,100,5,2,0,999,999,40,0,25,0,0,0,0,0,0,0,0,0,0,100,2688,2816,100,0,0,0,0,0,0,0,0,0,0,0,0,0,0,0,0,0,0,0,0,160
283101,3272,529,90,44,9999,0,0,1116,0,0,0,4207,4695,0,0,62,0,8,7,1920,599,2000,1,0,4,56,72,54092,13760,314,616,101,64,349,0,23,21,72,4,4,0,10,0,0,0,0,0,2688,2816,2688,2816,4128,2208,7647,1716,0,0,0,0,100,87,41,36,37,87,87,85,0,0,54,0,0,0,0,0,0,13660,1060,331,0,331,0,339,339,100,5,2,0,999,999,40,0,25,0,0,0,0,0,0,0,0,0,0,100,2688,2816,100,0,0,0,0,0,0,0,0,0,0,0,0,0,0,0,0,0,0,0,0,160
284103,3272,529,90,44,9999,0,0,831,0,0,0,4207,3496,0,0,62,0,8,7,1920,599,2000,1,0,4,54,72,51994,13758,310,609,104,64,328,0,26,29,73,4,4,0,10,0,0,0,0,0,2688,2816,2688,2816,4128,2208,6572,1704,0,0,0,0,100,85,41,36,36,84,85,83,0,0,52,0,0,0,0,0,0,13660,1060,331,0,331,0,339,339,100,4,2,0,999,999,40,0,25,0,0,0,0,0,0,0,0,0,0,100,2688,2816,100,0,0,0,0,0,0,0,0,0,0,0,0,0,0,0,0,0,0,0,0,160
285102,3272,529,90,44,9999,0,0,982,0,0,0,4207,4131,0,0,62,0,8,7,1920,599,2000,1,0,4,52,72,56096,13687,317,590,94,63,330,0,27,26,72,4,4,0,10,0,0,0,0,0,2688,2816,2688,2816,4128,2208,7975,1704,0,0,0,0,100,88,46,38,39,85,88,87,0,0,51,0,0,0,0,0,0,13660,1060,331,0,331,0,339,339,100,7,1,0,999,999,40,0,25,0,0,0,0,0,0,0,0,0,0,100,2688,2816,100,0,0,0,0,0,0,0,0,0,0,0,0,0,0,0,0,0,0,0,0,160
286102,3272,529,90,44,9999,0,0,882,0,0,0,4207,3710,0,0,62,0,8,7,1920,599,2000,1,0,4,55,72,53674,13678,337,583,109,64,348,0,25,13,72,4,4,0,10,0,0,0,0,0,2688,2816,2688,2816,4128,2208,5832,1608,0,0,0,0,100,88,41,33,38,87,88,85,0,0,54,0,0,0,0,0,0,13660,1060,331,0,331,0,339,339,100,2,1,0,999,999,40,0,25,0,0,0,0,0,0,0,0,0,0,100,2688,2816,100,0,0,0,0,0,0,0,0,0,0,0,0,0,0,0,0,0,0,0,0,160
287102,3272,529,90,44,9999,0,0,899,0,0,0,4207,3782,0,0,62,0,8,7,1920,599,2000,1,0,4,61,72,53314,13817,330,681,183,64,372,0,31,18,72,4,4,0,10,0,0,0,0,0,2688,2816,2688,2816,4128,2208,5875,1612,0,0,0,0,100,87,38,38,34,87,86,84,0,0,51,0,0,0,0,0,0,13660,1060,331,0,331,0,339,339,100,4,2,0,999,999,40,0,25,0,0,0,0,0,0,0,0,0,0,100,2688,2816,100,0,0,0,0,0,0,0,0,0,0,0,0,0,0,0,0,0,0,0,0,160
288101,3272,529,90,44,9999,0,0,863,0,0,0,4207,3630,0,0,62,0,8,7,1920,599,2000,1,0,4,60,72,50371,13880,344,699,112,64,320,0,14,20,73,4,4,0,10,0,0,0,0,0,2688,2816,2688,2816,4128,2208,7843,1638,0,0,0,0,100,89,41,37,34,89,86,82,0,0,56,0,0,0,0,0,0,13660,1060,331,0,331,0,339,339,100,3,1,0,999,999,40,0,25,0,0,0,0,0,0,0,0,0,0,100,2688,2816,100,0,0,0,0,0,0,0,0,0,0,0,0,0,0,0,0,0,0,0,0,160
289101,3272,529,90,44,9999,0,0,1038,0,0,0,4207,4366,0,0,62,0,8,7,1920,599,2000,1,0,4,56,72,48942,13780,320,662,120,64,344,0,26,21,73,4,4,0,10,0,0,0,0,0,2688,2816,2688,2816,4128,2208,7555,1649,0,0,0,0,100,87,39,36,37,84,87,85,0,0,57,0,0,0,0,0,0,13660,1060,331,0,331,0,339,339,100,3,2,0,999,999,40,0,25,0,0,0,0,0,0,0,0,0,0,100,2688,2816,100,0,0,0,0,0,0,0,0,0,0,0,0,0,0,0,0,0,0,0,0,160
290101,3272,529,90,44,9999,0,0,863,0,0,0,4201,3625,0,0,62,0,8,7,1920,599,2000,1,0,4,60,72,53015,13855,359,663,95,65,355,0,26,15,73,4,4,0,10,0,0,0,0,0,2688,2816,2688,2816,4128,2208,8423,1628,0,0,0,0,100,85,44,33,34,82,80,85,0,0,59,0,0,0,0,0,0,13660,1060,331,0,331,0,339,339,100,3,1,0,999,999,40,0,25,0,0,0,0,0,0,0,0,0,0,100,2688,2816,100,0,0,0,0,0,0,0,0,0,0,0,0,0,0,0,0,0,0,0,0,160
291101,3272,529,90,44,9999,0,0,1034,0,0,0,4201,4343,0,0,62,0,8,7,1920,599,2000,1,0,4,57,72,51655,13736,323,625,108,63,393,0,16,23,73,4,4,0,10,0,0,0,0,0,2688,2816,2688,2816,4128,2208,9076,1617,0,0,0,0,100,89,44,35,35,89,85,85,0,0,62,0,0,0,0,0,0,13660,1060,331,0,331,0,339,339,100,4,2,0,999,999,40,0,25,0,0,0,0,0,0,0,0,0,0,100,2688,2816,100,0,0,0,0,0,0,0,0,0,0,0,0,0,0,0,0,0,0,0,0,160
292104,3272,529,90,44,9999,0,0,743,0,0,0,4201,3121,0,0,62,0,8,7,1920,599,2000,1,0,4,55,72,49727,13813,334,668,124,63,348,0,20,32,72,4,4,0,10,0,0,0,0,0,2688,2816,2688,2816,4128,2208,8080,1633,0,0,0,0,100,86,37,34,35,86,86,86,0,0,57,0,0,0,0,0,0,13660,1060,331,0,331,0,339,339,100,7,2,0,999,999,40,0,25,0,0,0,0,0,0,0,0,0,0,100,2688,2816,100,0,0,0,0,0,0,0,0,0,0,0,0,0,0,0,0,0,0,0,0,160
293103,3272,529,90,44,9999,0,0,1189,0,0,0,4201,4994,0,0,62,0,8,7,1920,599,2000,1,0,4,50,72,52220,13709,290,619,110,64,416,0,30,22,73,4,4,0,10,0,0,0,0,0,2688,2816,2688,2816,4128,2208,7426,1625,0,0,0,0,100,87,43,37,34,87,85,84,0,0,56,0,0,0,0,0,0,13660,1060,331,0,331,0,339,339,100,5,4,0,999,999,40,0,25,0,0,0,0,0,0,0,0,0,0,100,2688,2816,100,0,0,0,0,0,0,0,0,0,0,0,0,0,0,0,0,0,0,0,0,160
294102,3272,529,90,44,9999,0,0,1176,0,0,0,4201,4940,0,0,62,0,8,7,1920,599,2000,1,0,4,57,72,54712,13718,279,654,180,63,398,0,24,22,72,4,4,0,10,0,0,0,0,0,2688,2816,2688,2816,4128,2208,6950,1669,0,0,0,0,100,86,58,52,49,86,86,81,0,0,56,0,0,0,0,0,0,13660,1060,331,0,331,0,339,339,100,4,1,0,999,999,40,0,25,0,0,0,0,0,0,0,0,0,0,100,2688,2816,100,0,0,0,0,0,0,0,0,0,0,0,0,0,0,0,0,0,0,0,0,160
295102,3272,529,90,44,9999,0,0,993,0,0,0,4201,4171,0,0,62,0,8,7,1920,599,2000,1,0,4,54,72,53602,13736,301,715,186,65,391,0,29,22,73,4,4,0,10,0,0,0,0,0,2688,2816,2688,2816,4128,2208,6628,1605,0,0,0,0,100,90,47,40,39,90,90,89,0,0,53,0,0,0,0,0,0,13660,1060,331,0,331,0,339,339,100,3,2,0,999,999,40,0,25,0,0,0,0,0,0,0,0,0,0,100,2688,2816,100,0,0,0,0,0,0,0,0,0,0,0,0,0,0,0,0,0,0,0,0,160
296103,3272,529,90,44,9999,0,0,1020,0,0,0,4201,4285,0,0,62,0,8,7,1920,599,2000,1,0,4,59,72,50439,13802,330,669,119,64,443,0,13,30,73,4,4,0,10,0,0,0,0,0,2688,2816,2688,2816,4128,2208,7506,1576,0,0,0,0,100,86,40,35,33,86,85,84,0,0,52,0,0,0,0,0,0,13660,1060,331,0,331,0,339,339,100,7,2,0,999,999,40,0,25,0,0,0,0,0,0,0,0,0,0,100,2688,2816,100,0,0,0,0,0,0,0,0,0,0,0,0,0,0,0,0,0,0,0,0,160
297104,3272,529,90,44,9999,0,0,810,0,0,0,4201,3402,0,0,62,0,8,7,1920,599,2000,1,0,4,56,72,46886,13802,330,669,119,64,443,0,13,30,73,4,4,0,10,0,0,0,0,0,2688,2816,2688,2816,4128,2208,7458,1636,0,0,0,0,100,89,41,36,37,87,89,86,0,0,53,0,0,0,0,0,0,13660,1060,331,0,331,0,339,339,100,7,2,0,999,999,40,0,25,0,0,0,0,0,0,0,0,0,0,100,2688,2816,100,0,0,0,0,0,0,0,0,0,0,0,0,0,0,0,0,0,0,0,0,160
298104,3272,529,90,44,9999,0,0,897,0,0,0,4201,3768,0,0,62,0,8,7,1920,599,2000,1,0,4,59,72,50386,13762,325,628,104,64,404,0,24,23,73,4,4,0,10,0,0,0,0,0,2688,2816,2688,2816,4128,2208,6642,1631,0,0,0,0,100,81,39,35,35,77,81,74,0,0,60,0,0,0,0,0,0,13660,1060,331,0,331,0,339,339,100,3,1,0,999,999,40,0,25,0,0,0,0,0,0,0,0,0,0,100,2688,2816,100,0,0,0,0,0,0,0,0,0,0,0,0,0,0,0,0,0,0,0,0,160
299141,3266,530,90,44,9999,0,0,1036,0,0,0,4201,4352,0,0,62,0,8,7,1920,599,2000,1,0,4,68,72,52775,13770,343,685,128,64,334,0,36,4,72,4,4,0,10,0,0,0,0,0,2688,2816,2688,2816,4128,2208,7342,1671,0,0,0,0,100,78,40,35,35,78,75,74,0,0,61,0,0,0,0,0,0,13695,1065,331,0,331,0,340,340,100,1,1,0,999,999,40,0,25,0,0,0,0,0,0,0,0,0,0,100,2688,2816,100,0,0,0,0,0,0,0,0,0,0,0,0,0,0,0,0,0,0,0,0,160
300104,3266,530,90,45,9999,0,0,804,0,0,0,4194,3371,0,0,62,0,8,7,1920,599,2000,1,0,4,70,72,55670,13784,346,689,141,64,377,0,49,9,73,4,4,0,10,0,0,0,0,0,2688,2816,2688,2816,4128,2208,6941,1699,0,0,0,0,100,74,40,32,35,69,74,70,0,0,62,0,0,0,0,0,0,13695,1065,331,0,331,0,340,340,100,3,2,0,999,999,40,0,25,0,0,0,0,0,0,0,0,0,0,100,2688,2816,100,0,0,0,0,0,0,0,0,0,0,0,0,0,0,0,0,0,0,0,0,160
301104,3266,530,90,45,9999,0,0,813,0,0,0,4194,3409,0,0,62,0,8,7,1920,599,2000,1,0,4,73,72,54793,13853,333,632,123,64,416,0,47,2,72,4,4,0,10,0,0,0,0,0,2688,2816,2688,2816,4128,2208,7480,1555,0,0,0,0,100,68,39,34,31,64,68,66,0,0,64,0,0,0,0,0,0,13695,1065,331,0,331,0,340,340,100,2,1,0,999,999,40,0,25,0,0,0,0,0,0,0,0,0,0,100,2688,2816,100,0,0,0,0,0,0,0,0,0,0,0,0,0,0,0,0,0,0,0,0,160
302104,3266,530,90,45,9999,0,0,793,0,0,0,4194,3325,0,0,62,0,8,7,1920,599,2000,1,0,4,72,72,55970,13753,322,641,106,63,347,0,63,2,73,4,4,0,10,0,0,0,0,0,2688,2816,2688,2816,4128,2208,6950,1623,0,0,0,0,100,65,35,31,31,60,65,65,0,0,65,0,0,0,0,0,0,13695,1065,331,0,331,0,340,340,100,2,1,0,999,999,40,0,25,0,0,0,0,0,0,0,0,0,0,100,2688,2816,100,0,0,0,0,0,0,0,0,0,0,0,0,0,0,0,0,0,0,0,0,160
303106,3266,530,90,45,9999,0,0,948,0,0,0,4194,3975,0,0,62,0,8,7,1920,599,2000,1,0,4,72,72,55058,13730,329,610,104,63,334,0,66,0,73,4,4,0,10,0,0,0,0,0,2688,2816,2688,2816,4128,2208,5618,1573,0,0,0,0,100,65,35,31,31,60,65,65,0,0,58,0,0,0,0,0,0,13695,1065,331,0,331,0,340,340,100,0,0,0,999,999,40,0,25,0,0,0,0,0,0,0,0,0,0,100,2688,2816,100,0,0,0,0,0,0,0,0,0,0,0,0,0,0,0,0,0,0,0,0,160
304106,3266,530,90,45,9999,0,0,687,0,0,0,4194,2881,0,0,62,0,8,7,1920,599,2000,1,0,4,73,72,54489,13702,323,673,159,64,367,0,62,1,73,4,4,0,10,0,0,0,0,0,2688,2816,2688,2816,4128,2208,7262,1642,0,0,0,0,100,69,35,30,32,65,69,58,0,0,62,0,0,0,0,0,0,13695,1065,331,0,331,0,340,340,100,1,1,0,999,999,40,0,25,0,0,0,0,0,0,0,0,0,0,100,2688,2816,100,0,0,0,0,0,0,0,0,0,0,0,0,0,0,0,0,0,0,0,0,160
305105,3266,530,90,45,9999,0,0,912,0,0,0,4194,3824,0,0,62,0,8,7,1920,599,2000,1,0,4,70,72,56381,13769,348,669,98,64,340,0,60,0,72,4,4,0,10,0,0,0,0,0,2688,2816,2688,2816,4128,2208,6501,1572,0,0,0,0,100,70,41,35,35,67,70,60,0,0,60,0,0,0,0,0,0,13695,1065,331,0,331,0,340,340,100,0,0,0,999,999,40,0,25,0,0,0,0,0,0,0,0,0,0,100,2688,2816,100,0,0,0,0,0,0,0,0,0,0,0,0,0,0,0,0,0,0,0,0,160
306107,3266,530,90,45,9999,0,0,919,0,0,0,4194,3854,0,0,62,0,8,7,1920,599,2000,1,0,4,73,72,54818,13728,343,609,93,64,330,0,54,3,72,4,4,0,10,0,0,0,0,0,2688,2816,2688,2816,4128,2208,7068,1556,0,0,0,0,100,70,41,35,35,67,70,60,0,0,60,0,0,0,0,0,0,13695,1065,331,0,331,0,340,340,100,2,1,0,999,999,40,0,25,0,0,0,0,0,0,0,0,0,0,100,2688,2816,100,0,0,0,0,0,0,0,0,0,0,0,0,0,0,0,0,0,0,0,0,160
307106,3266,530,90,45,9999,0,0,744,0,0,0,4194,3120,0,0,62,0,8,7,1920,599,2000,1,0,4,73,72,59161,13628,317,580,122,64,339,0,69,0,73,4,4,0,10,0,0,0,0,0,2688,2816,2688,2816,4128,2208,6040,1546,0,0,0,0,100,72,36,33,34,61,72,66,0,0,63,0,0,0,0,0,0,13695,1065,331,0,331,0,340,340,100,0,0,0,999,999,40,0,25,0,0,0,0,0,0,0,0,0,0,100,2688,2816,100,0,0,0,0,0,0,0,0,0,0,0,0,0,0,0,0,0,0,0,0,160
308106,3266,530,90,45,9999,0,0,816,0,0,0,4194,3422,0,0,62,0,8,7,1920,599,2000,1,0,4,70,72,53667,13865,345,689,123,63,317,0,64,1,72,4,4,0,10,0,0,0,0,0,2688,2816,2688,2816,4128,2208,6840,1525,0,0,0,0,100,67,35,34,36,64,67,64,0,0,57,0,0,0,0,0,0,13695,1065,331,0,331,0,340,340,100,1,1,0,999,999,40,0,25,0,0,0,0,0,0,0,0,0,0,100,2688,2816,100,0,0,0,0,0,0,0,0,0,0,0,0,0,0,0,0,0,0,0,0,160
309109,3266,530,90,45,9999,0,0,1129,0,0,0,4194,4735,0,0,62,0,8,7,1920,599,2000,1,0,4,70,72,54042,13735,349,662,112,63,335,0,73,2,72,4,4,0,10,0,0,0,0,0,2688,2816,2688,2816,4128,2208,7081,1735,0,0,0,0,100,66,42,36,32,60,66,61,0,0,62,0,0,0,0,0,0,13695,1065,331,0,331,0,340,340,100,1,1,0,999,999,40,0,25,0,0,0,0,0,0,0,0,0,0,100,2688,2816,100,0,0,0,0,0,0,0,0,0,0,0,0,0,0,0,0,0,0,0,0,160
310106,3266,530,90,45,9999,0,0,1025,0,0,0,4199,4303,0,0,62,0,8,7,1920,599,2000,1,0,4,73,72,55906,13772,310,580,110,63,350,0,49,3,73,4,4,0,10,0,0,0,0,0,2688,2816,2688,2816,4128,2208,8227,1650,0,0,0,0,100,71,41,40,36,65,71,64,0,0,65,0,0,0,0,0,0,13695,1065,331,0,331,0,340,340,100,2,1,0,999,999,40,0,25,0,0,0,0,0,0,0,0,0,0,100,2688,2816,100,0,0,0,0,0,0,0,0,0,0,0,0,0,0,0,0,0,0,0,0,160
311106,3266,530,90,45,9999,0,0,1130,0,0,0,4199,4744,0,0,62,0,8,7,1920,599,2000,1,0,4,69,72,54012,13665,300,602,96,63,312,0,68,0,72,4,4,0,10,0,0,0,0,0,2688,2816,2688,2816,4128,2208,9417,1498,0,0,0,0,100,65,39,38,32,65,64,64,0,0,68,0,0,0,0,0,0,13695,1065,331,0,331,0,340,340,100,0,0,0,999,999,40,0,25,0,0,0,0,0,0,0,0,0,0,100,2688,2816,100,0,0,0,0,0,0,0,0,0,0,0,0,0,0,0,0,0,0,0,0,160
312106,3266,530,90,45,9999,0,0,960,0,0,0,4199,4031,0,0,62,0,8,7,1920,599,2000,1,0,4,69,72,45934,13646,332,620,115,63,380,0,27,11,73,4,4,0,10,0,0,0,0,0,2688,2816,2688,2816,4128,2208,7959,1646,0,0,0,0,100,70,40,32,37,70,64,61,0,0,71,0,0,0,0,0,0,13695,1065,331,0,331,0,340,340,100,2,1,0,999,999,40,0,25,0,0,0,0,0,0,0,0,0,0,100,2688,2816,100,0,0,0,0,0,0,0,0,0,0,0,0,0,0,0,0,0,0,0,0,160
313106,3266,530,90,45,9999,0,0,1132,0,0,0,4199,4753,0,0,62,0,8,7,1920,599,2000,1,0,4,73,72,54256,13715,340,581,118,64,332,0,35,3,72,4,4,0,10,0,0,0,0,0,2688,2816,2688,2816,4128,2208,7598,1653,0,0,0,0,100,68,39,36,33,65,68,64,0,0,67,0,0,0,0,0,0,13695,1065,331,0,331,0,340,340,100,2,1,0,999,999,40,0,25,0,0,0,0,0,0,0,0,0,0,100,2688,2816,100,0,0,0,0,0,0,0,0,0,0,0,0,0,0,0,0,0,0,0,0,160
314108,3266,530,90,45,9999,0,0,840,0,0,0,4199,3527,0,0,62,0,8,7,1920,599,2000,1,0,4,73,72,52588,13810,294,644,123,64,417,0,51,0,73,4,4,0,10,0,0,0,0,0,2688,2816,2688,2816,4128,2208,8262,1660,0,0,0,0,100,68,39,32,32,68,65,62,0,0,68,0,0,0,0,0,0,13695,1065,331,0,331,0,340,340,100,0,0,0,999,999,40,0,25,0,0,0,0,0,0,0,0,0,0,100,2688,2816,100,0,0,0,0,0,0,0,0,0,0,0,0,0,0,0,0,0,0,0,0,160
315106,3266,530,90,45,9999,0,0,1087,0,0,0,4199,4564,0,0,62,0,8,7,1920,599,2000,1,0,4,68,72,48446,13771,315,692,103,63,458,0,43,6,72,4,4,0,10,0,0,0,0,0,2688,2816,2688,2816,4128,2208,8086,1683,0,0,0,0,100,69,40,36,34,68,69,61,0,0,69,0,0,0,0,0,0,13695,1065,331,0,331,0,340,340,100,4,1,0,999,999,40,0,25,0,0,0,0,0,0,0,0,0,0,100,2688,2816,100,0,0,0,0,0,0,0,0,0,0,0,0,0,0,0,0,0,0,0,0,160
316108,3266,530,90,45,9999,0,0,1031,0,0,0,4199,4329,0,0,62,0,8,7,1920,599,2000,1,0,4,70,72,50914,13796,353,633,121,63,418,0,20,3,72,4,4,0,10,0,0,0,0,0,2688,2816,2688,2816,4128,2208,7451,1568,0,0,0,0,100,69,54,52,51,66,69,69,0,0,68,0,0,0,0,0,0,13695,1065,331,0,331,0,340,340,100,1,1,0,999,999,40,0,25,0,0,0,0,0,0,0,0,0,0,100,2688,2816,100,0,0,0,0,0,0,0,0,0,0,0,0,0,0,0,0,0,0,0,0,160
317107,3266,530,90,45,9999,0,0,537,0,0,0,4199,2254,0,0,62,0,8,7,1920,599,2000,1,0,4,72,72,57402,13765,337,645,100,65,307,0,60,1,72,4,4,0,10,0,0,0,0,0,2688,2816,2688,2816,4128,2208,6947,1557,0,0,0,0,100,74,41,44,41,65,74,60,0,0,67,0,0,0,0,0,0,13695,1065,331,0,331,0,340,340,100,1,1,0,999,999,40,0,25,0,0,0,0,0,0,0,0,0,0,100,2688,2816,100,0,0,0,0,0,0,0,0,0,0,0,0,0,0,0,0,0,0,0,0,160
318107,3266,530,90,45,9999,0,0,866,0,0,0,4199,3636,0,0,62,0,8,7,1920,599,2000,1,0,4,73,72,53782,13776,319,671,122,63,385,0,59,1,72,4,4,0,10,0,0,0,0,0,2688,2816,2688,2816,4128,2208,7163,1580,0,0,0,0,100,71,41,30,34,65,71,60,0,0,63,0,0,0,0,0,0,13695,1065,331,0,331,0,340,340,100,1,1,0,999,999,40,0,25,0,0,0,0,0,0,0,0,0,0,100,2688,2816,100,0,0,0,0,0,0,0,0,0,0,0,0,0,0,0,0,0,0,0,0,160
319138,3257,528,90,45,9999,0,0,1259,0,0,0,4199,5286,0,0,62,0,8,7,1920,599,2000,1,0,4,72,72,55901,13875,657,702,165,64,312,0,60,2,72,4,4,0,10,0,0,0,0,0,2688,2816,2688,2816,4128,2208,7780,1632,0,0,0,0,100,67,41,37,36,67,67,64,0,0,62,0,0,0,0,0,0,13693,1066,329,0,329,0,338,338,100,1,1,0,999,999,40,0,25,0,0,0,0,0,0,0,0,0,0,100,2688,2816,100,0,0,0,0,0,0,0,0,0,0,0,0,0,0,0,0,0,0,0,0,160
320107,3257,528,90,45,9999,0,0,966,0,0,0,4206,4062,0,0,62,0,8,7,1920,599,2000,1,0,4,68,72,54284,13819,329,683,151,65,344,0,44,4,73,4,4,0,10,0,0,0,0,0,2688,2816,2688,2816,4128,2208,6965,1544,0,0,0,0,100,70,43,32,34,62,70,66,0,0,64,0,0,0,0,0,0,13693,1066,329,0,329,0,338,338,100,2,1,0,999,999,40,0,25,0,0,0,0,0,0,0,0,0,0,100,2688,2816,100,0,0,0,0,0,0,0,0,0,0,0,0,0,0,0,0,0,0,0,0,160
321107,3257,528,90,45,9999,0,0,610,0,0,0,4206,2565,0,0,62,0,8,7,1920,599,2000,1,0,4,72,72,53155,13802,360,665,117,64,322,0,51,1,73,4,4,0,10,0,0,0,0,0,2688,2816,2688,2816,4128,2208,5933,1497,0,0,0,0,100,72,42,32,33,64,72,68,0,0,60,0,0,0,0,0,0,13693,1066,329,0,329,0,338,338,100,1,1,0,999,999,40,0,25,0,0,0,0,0,0,0,0,0,0,100,2688,2816,100,0,0,0,0,0,0,0,0,0,0,0,0,0,0,0,0,0,0,0,0,160
322107,3257,528,90,45,9999,0,0,915,0,0,0,4206,3848,0,0,62,0,8,7,1920,599,2000,1,0,4,73,72,56584,13765,301,695,140,63,398,0,75,0,73,4,4,0,10,0,0,0,0,0,2688,2816,2688,2816,4128,2208,6934,1545,0,0,0,0,100,67,39,35,32,62,67,61,0,0,62,0,0,0,0,0,0,13693,1066,329,0,329,0,338,338,100,0,0,0,999,999,40,0,25,0,0,0,0,0,0,0,0,0,0,100,2688,2816,100,0,0,0,0,0,0,0,0,0,0,0,0,0,0,0,0,0,0,0,0,160
323107,3257,528,90,45,9999,0,0,744,0,0,0,4206,3129,0,0,62,0,8,7,1920,599,2000,1,0,4,71,72,54695,13746,312,651,100,64,317,0,67,0,73,4,4,0,10,0,0,0,0,0,2688,2816,2688,2816,4128,2208,8136,1558,0,0,0,0,100,66,41,35,37,64,66,62,0,0,61,0,0,0,0,0,0,13693,1066,329,0,329,0,338,338,100,0,0,0,999,999,40,0,25,0,0,0,0,0,0,0,0,0,0,100,2688,2816,100,0,0,0,0,0,0,0,0,0,0,0,0,0,0,0,0,0,0,0,0,160
324110,3257,528,90,45,9999,0,0,745,0,0,0,4206,3133,0,0,62,0,8,7,1920,599,2000,1,0,4,69,72,52029,13697,336,649,99,64,365,0,36,10,73,4,4,0,10,0,0,0,0,0,2688,2816,2688,2816,4128,2208,7172,1677,0,0,0,0,100,67,36,34,28,63,67,60,0,0,65,0,0,0,0,0,0,13693,1066,329,0,329,0,338,338,100,2,1,0,999,999,40,0,25,0,0,0,0,0,0,0,0,0,0,100,2688,2816,100,0,0,0,0,0,0,0,0,0,0,0,0,0,0,0,0,0,0,0,0,160
325110,3257,528,90,45,9999,0,0,881,0,0,0,4206,3705,0,0,62,0,8,7,1920,599,2000,1,0,4,70,72,53511,13669,353,574,98,63,363,0,55,2,72,4,4,0,10,0,0,0,0,0,2688,2816,2688,2816,4128,2208,7453,1603,0,0,0,0,100,68,41,35,28,64,68,65,0,0,65,0,0,0,0,0,0,13693,1066,329,0,329,0,338,338,100,2,1,0,999,999,40,0,25,0,0,0,0,0,0,0,0,0,0,100,2688,2816,100,0,0,0,0,0,0,0,0,0,0,0,0,0,0,0,0,0,0,0,0,160
326109,3257,528,90,45,9999,0,0,804,0,0,0,4206,3381,0,0,62,0,8,7,1920,599,2000,1,0,4,73,72,49998,13688,314,582,119,64,402,0,45,4,73,4,4,0,10,0,0,0,0,0,2688,2816,2688,2816,4128,2208,7583,1601,0,0,0,0,100,68,38,32,32,63,68,66,0,0,66,0,0,0,0,0,0,13693,1066,329,0,329,0,338,338,100,2,1,0,999,999,40,0,25,0,0,0,0,0,0,0,0,0,0,100,2688,2816,100,0,0,0,0,0,0,0,0,0,0,0,0,0,0,0,0,0,0,0,0,160
327112,3257,528,90,45,9999,0,0,880,0,0,0,4206,3701,0,0,62,0,8,7,1920,599,2000,1,0,4,70,72,51496,13696,299,588,123,64,345,0,38,2,72,4,4,0,10,0,0,0,0,0,2688,2816,2688,2816,4128,2208,7317,1612,0,0,0,0,100,74,38,37,31,64,74,62,0,0,66,0,0,0,0,0,0,13693,1066,329,0,329,0,338,338,100,1,1,0,999,999,40,0,25,0,0,0,0,0,0,0,0,0,0,100,2688,2816,100,0,0,0,0,0,0,0,0,0,0,0,0,0,0,0,0,0,0,0,0,160
328107,3257,528,90,45,9999,0,0,701,0,0,0,4206,2948,0,0,62,0,8,7,1920,599,2000,1,0,4,74,72,56991,13636,292,583,128,64,432,0,56,2,73,4,4,0,10,0,0,0,0,0,2688,2816,2688,2816,4128,2208,7278,1603,0,0,0,0,100,71,40,37,34,63,71,66,0,0,65,0,0,0,0,0,0,13693,1066,329,0,329,0,338,338,100,2,1,0,999,999,40,0,25,0,0,0,0,0,0,0,0,0,0,100,2688,2816,100,0,0,0,0,0,0,0,0,0,0,0,0,0,0,0,0,0,0,0,0,160
329108,3257,528,90,45,9999,0,0,912,0,0,0,4206,3835,0,0,62,0,8,7,1920,599,2000,1,0,4,69,72,54766,13830,383,718,99,63,420,0,61,3,72,4,4,0,10,0,0,0,0,0,2688,2816,2688,2816,4128,2208,7734,1620,0,0,0,0,100,69,37,34,32,63,69,60,0,0,65,0,0,0,0,0,0,13693,1066,329,0,329,0,338,338,100,2,1,0,999,999,40,0,25,0,0,0,0,0,0,0,0,0,0,100,2688,2816,100,0,0,0,0,0,0,0,0,0,0,0,0,0,0,0,0,0,0,0,0,160
330108,3257,528,90,45,9999,0,0,618,0,0,0,4202,2596,0,0,62,0,8,7,1920,599,2000,1,0,4,73,72,59058,13802,327,673,112,64,332,0,59,1,73,4,4,0,10,0,0,0,0,0,2688,2816,2688,2816,4128,2208,6915,1562,0,0,0,0,100,70,40,31,33,62,70,63,0,0,64,0,0,0,0,0,0,13693,1066,329,0,329,0,338,338,100,1,1,0,999,999,40,0,25,0,0,0,0,0,0,0,0,0,0,100,2688,2816,100,0,0,0,0,0,0,0,0,0,0,0,0,0,0,0,0,0,0,0,0,160
331108,3257,528,90,45,9999,0,0,943,0,0,0,4202,3962,0,0,62,0,8,7,1920,599,2000,1,0,4,71,72,56051,13740,314,657,125,63,396,0,60,3,72,4,4,0,10,0,0,0,0,0,2688,2816,2688,2816,4128,2208,6446,1510,0,0,0,0,100,73,35,30,31,61,73,66,0,0,63,0,0,0,0,0,0,13693,1066,329,0,329,0,338,338,100,3,1,0,999,999,40,0,25,0,0,0,0,0,0,0,0,0,0,100,2688,2816,100,0,0,0,0,0,0,0,0,0,0,0,0,0,0,0,0,0,0,0,0,160
332108,3257,528,90,45,9999,0,0,1036,0,0,0,4202,4353,0,0,62,0,8,7,1920,599,2000,1,0,4,68,72,52097,13654,297,604,113,64,334,0,54,1,73,4,4,0,10,0,0,0,0,0,2688,2816,2688,2816,4128,2208,6979,1559,0,0,0,0,100,72,40,31,36,69,72,62,0,0,61,0,0,0,0,0,0,13693,1066,329,0,329,0,338,338,100,1,1,0,999,999,40,0,25,0,0,0,0,0,0,0,0,0,0,100,2688,2816,100,0,0,0,0,0,0,0,0,0,0,0,0,0,0,0,0,0,0,0,0,160
333108,3257,528,90,45,9999,0,0,1009,0,0,0,4202,4239,0,0,62,0,8,7,1920,599,2000,1,0,4,71,72,54022,13700,387,615,104,63,363,0,46,5,72,4,4,0,10,0,0,0,0,0,2688,2816,2688,2816,4128,2208,7136,1594,0,0,0,0,100,74,41,36,33,63,74,68,0,0,62,0,0,0,0,0,0,13693,1066,329,0,329,0,338,338,100,2,1,0,999,999,40,0,25,0,0,0,0,0,0,0,0,0,0,100,2688,2816,100,0,0,0,0,0,0,0,0,0,0,0,0,0,0,0,0,0,0,0,0,160
334109,3257,528,90,45,9999,0,0,992,0,0,0,4202,4168,0,0,62,0,8,7,1920,599,2000,1,0,4,67,72,49071,13718,356,603,99,64,310,0,41,4,73,4,4,0,10,0,0,0,0,0,2688,2816,2688,2816,4128,2208,7418,1613,0,0,0,0,100,69,42,34,35,67,69,69,0,0,62,0,0,0,0,0,0,13693,1066,329,0,329,0,338,338,100,2,1,0,999,999,40,0,25,0,0,0,0,0,0,0,0,0,0,100,2688,2816,100,0,0,0,0,0,0,0,0,0,0,0,0,0,0,0,0,0,0,0,0,160
335109,3257,528,90,45,9999,0,0,793,0,0,0,4202,3332,0,0,62,0,8,7,1920,599,2000,1,0,4,71,72,50424,13875,487,671,110,63,364,0,20,7,72,4,4,0,10,0,0,0,0,0,2688,2816,2688,2816,4128,2208,7126,1560,0,0,0,0,100,75,42,36,35,67,75,69,0,0,63,0,0,0,0,0,0,13693,1066,329,0,329,0,338,338,100,4,1,0,999,999,40,0,25,0,0,0,0,0,0,0,0,0,0,100,2688,2816,100,0,0,0,0,0,0,0,0,0,0,0,0,0,0,0,0,0,0,0,0,160
336109,3257,528,90,45,9999,0,0,1064,0,0,0,4202,4470,0,0,62,0,8,7,1920,599,2000,1,0,4,69,72,49146,13667,301,663,113,63,410,0,34,3,73,4,4,0,10,0,0,0,0,0,2688,2816,2688,2816,4128,2208,7545,1574,0,0,0,0,100,75,44,44,41,68,75,65,0,0,63,0,0,0,0,0,0,13693,1066,329,0,329,0,338,338,100,1,1,0,999,999,40,0,25,0,0,0,0,0,0,0,0,0,0,100,2688,2816,100,0,0,0,0,0,0,0,0,0,0,0,0,0,0,0,0,0,0,0,0,160
337108,3257,528,90,45,9999,0,0,867,0,0,0,4202,3643,0,0,62,0,8,7,1920,599,2000,1,0,4,71,72,50676,13678,349,628,124,65,320,0,41,0,72,4,4,0,10,0,0,0,0,0,2688,2816,2688,2816,4128,2208,7259,1571,0,0,0,0,100,70,50,43,42,61,70,69,0,0,63,0,0,0,0,0,0,13693,1066,329,0,329,0,338,338,100,0,0,0,999,999,40,0,25,0,0,0,0,0,0,0,0,0,0,100,2688,2816,100,0,0,0,0,0,0,0,0,0,0,0,0,0,0,0,0,0,0,0,0,160
338108,3257,528,90,45,9999,0,0,1064,0,0,0,4202,4470,0,0,62,0,8,7,1920,599,2000,1,0,4,69,72,54525,13854,472,677,130,64,365,0,45,3,72,4,4,0,10,0,0,0,0,0,2688,2816,2688,2816,4128,2208,7120,1589,0,0,0,0,100,73,47,43,41,65,71,73,0,0,63,0,0,0,0,0,0,13693,1066,329,0,329,0,338,338,100,1,1,0,999,999,40,0,25,0,0,0,0,0,0,0,0,0,0,100,2688,2816,100,0,0,0,0,0,0,0,0,0,0,0,0,0,0,0,0,0,0,0,0,160
339143,3255,530,90,45,9999,0,0,868,0,0,0,4202,3647,0,0,62,0,8,7,1920,599,2000,1,0,4,68,72,52470,13800,304,672,157,64,402,0,52,4,72,4,4,0,10,0,0,0,0,0,2688,2816,2688,2816,4128,2208,7112,1674,0,0,0,0,100,74,44,41,40,64,71,74,0,0,61,0,0,0,0,0,0,13695,1065,331,0,331,0,340,340,100,2,1,0,999,999,40,0,25,0,0,0,0,0,0,0,0,0,0,100,2688,2816,100,0,0,0,0,0,0,0,0,0,0,0,0,0,0,0,0,0,0,0,0,160
340108,3255,530,90,45,9999,0,0,726,0,0,0,4222,3065,0,0,62,0,8,7,1920,599,2000,1,0,4,70,72,54285,13731,231,747,217,64,347,0,35,7,73,4,4,0,10,0,0,0,0,0,2688,2816,2688,2816,4128,2208,6994,1627,0,0,0,0,100,78,41,37,36,66,78,66,0,0,62,0,0,0,0,0,0,13695,1065,331,0,331,0,340,340,100,2,1,0,999,999,40,0,25,0,0,0,0,0,0,0,0,0,0,100,2688,2816,100,0,0,0,0,0,0,0,0,0,0,0,0,0,0,0,0,0,0,0,0,160
341108,3255,530,90,45,9999,0,0,911,0,0,0,4222,3846,0,0,62,0,8,7,1920,599,2000,1,0,4,72,72,53168,13670,305,649,131,65,375,0,48,4,72,4,4,0,10,0,0,0,0,0,2688,2816,2688,2816,4128,2208,7087,1514,0,0,0,0,100,68,39,34,37,64,68,68,0,0,63,0,0,0,0,0,0,13695,1065,331,0,331,0,340,340,100,1,1,0,999,999,40,0,25,0,0,0,0,0,0,0,0,0,0,100,2688,2816,100,0,0,0,0,0,0,0,0,0,0,0,0,0,0,0,0,0,0,0,0,160
342111,3255,530,90,45,9999,0,0,886,0,0,0,4222,3740,0,0,62,0,8,7,1920,599,2000,1,0,4,71,72,52425,13725,353,636,100,63,317,0,50,3,72,4,4,0,10,0,0,0,0,0,2688,2816,2688,2816,4128,2208,7266,1563,0,0,0,0,100,67,39,35,33,63,67,65,0,0,63,0,0,0,0,0,0,13695,1065,331,0,331,0,340,340,100,2,1,0,999,999,40,0,25,0,0,0,0,0,0,0,0,0,0,100,2688,2816,100,0,0,0,0,0,0,0,0,0,0,0,0,0,0,0,0,0,0,0,0,160
343111,3255,530,90,45,9999,0,0,700,0,0,0,4222,2955,0,0,62,0,8,7,1920,599,2000,1,0,4,70,72,51402,13719,344,594,96,64,318,0,51,4,72,4,4,0,10,0,0,0,0,0,2688,2816,2688,2816,4128,2208,7457,1557,0,0,0,0,100,73,41,36,34,62,73,68,0,0,64,0,0,0,0,0,0,13695,1065,331,0,331,0,340,340,100,2,1,0,999,999,40,0,25,0,0,0,0,0,0,0,0,0,0,100,2688,2816,100,0,0,0,0,0,0,0,0,0,0,0,0,0,0,0,0,0,0,0,0,160
344111,3255,530,90,45,9999,0,0,727,0,0,0,4222,3069,0,0,62,0,8,7,1920,599,2000,1,0,4,71,72,55596,13682,286,647,137,64,324,0,52,2,73,4,4,0,10,0,0,0,0,0,2688,2816,2688,2816,4128,2208,7468,1627,0,0,0,0,100,69,38,38,36,66,62,69,0,0,64,0,0,0,0,0,0,13695,1065,331,0,331,0,340,340,100,1,1,0,999,999,40,0,25,0,0,0,0,0,0,0,0,0,0,100,2688,2816,100,0,0,0,0,0,0,0,0,0,0,0,0,0,0,0,0,0,0,0,0,160
345112,3255,530,90,45,9999,0,0,1031,0,0,0,4222,4352,0,0,62,0,8,7,1920,599,2000,1,0,4,71,72,52116,13590,312,572,122,63,309,0,48,1,73,4,4,0,10,0,0,0,0,0,2688,2816,2688,2816,4128,2208,7422,1617,0,0,0,0,100,69,41,36,37,65,65,69,0,0,65,0,0,0,0,0,0,13695,1065,331,0,331,0,340,340,100,1,1,0,999,999,40,0,25,0,0,0,0,0,0,0,0,0,0,100,2688,2816,100,0,0,0,0,0,0,0,0,0,0,0,0,0,0,0,0,0,0,0,0,160
346113,3255,530,90,45,9999,0,0,884,0,0,0,4222,3732,0,0,62,0,8,7,1920,599,2000,1,0,4,71,72,50375,13688,361,580,117,65,342,0,55,2,73,4,4,0,10,0,0,0,0,0,2688,2816,2688,2816,4128,2208,7688,1608,0,0,0,0,100,68,39,32,30,61,68,68,0,0,65,0,0,0,0,0,0,13695,1065,331,0,331,0,340,340,100,2,1,0,999,999,40,0,25,0,0,0,0,0,0,0,0,0,0,100,2688,2816,100,0,0,0,0,0,0,0,0,0,0,0,0,0,0,0,0,0,0,0,0,160
347112,3255,530,90,45,9999,0,0,899,0,0,0,4222,3795,0,0,62,0,8,7,1920,599,2000,1,0,4,70,72,52213,13800,339,644,101,65,324,0,33,5,72,4,4,0,10,0,0,0,0,0,2688,2816,2688,2816,4128,2208,7288,1621,0,0,0,0,100,68,35,30,29,65,63,68,0,0,66,0,0,0,0,0,0,13695,1065,331,0,331,0,340,340,100,2,1,0,999,999,40,0,25,0,0,0,0,0,0,0,0,0,0,100,2688,2816,100,0,0,0,0,0,0,0,0,0,0,0,0,0,0,0,0,0,0,0,0,160
348112,3255,530,90,45,9999,0,0,823,0,0,0,4222,3474,0,0,62,0,8,7,1920,599,2000,1,0,4,72,72,54969,13760,306,642,119,64,330,0,62,2,73,4,4,0,10,0,0,0,0,0,2688,2816,2688,2816,4128,2208,6984,1614,0,0,0,0,100,70,35,32,32,63,64,70,0,0,61,0,0,0,0,0,0,13695,1065,331,0,331,0,340,340,100,2,1,0,999,999,40,0,25,0,0,0,0,0,0,0,0,0,0,100,2688,2816,100,0,0,0,0,0,0,0,0,0,0,0,0,0,0,0,0,0,0,0,0,160
349113,3255,530,90,45,9999,0,0,891,0,0,0,4222,3761,0,0,62,0,8,7,1920,599,2000,1,0,4,70,72,57946,13636,306,629,108,63,322,0,62,3,72,4,4,0,10,0,0,0,0,0,2688,2816,2688,2816,4128,2208,6526,1689,0,0,0,0,100,66,39,34,32,61,66,64,0,0,59,0,0,0,0,0,0,13695,1065,331,0,331,0,340,340,100,2,1,0,999,999,40,0,25,0,0,0,0,0,0,0,0,0,0,100,2688,2816,100,0,0,0,0,0,0,0,0,0,0,0,0,0,0,0,0,0,0,0,0,160
350113,3255,530,90,45,9999,0,0,1074,0,0,0,4197,4507,0,0,62,0,8,7,1920,599,2000,1,0,4,65,72,54722,13667,321,596,135,64,423,0,60,8,72,4,4,0,10,0,0,0,0,0,2688,2816,2688,2816,4128,2208,7169,1636,0,0,0,0,100,76,40,33,32,73,76,70,0,0,63,0,0,0,0,0,0,13695,1065,331,0,331,0,340,340,100,7,2,0,999,999,40,0,25,0,0,0,0,0,0,0,0,0,0,100,2688,2816,100,0,0,0,0,0,0,0,0,0,0,0,0,0,0,0,0,0,0,0,0,160
351114,3255,530,90,45,9999,0,0,957,0,0,0,4197,4016,0,0,62,0,8,7,1920,599,2000,1,0,4,70,72,53686,13834,348,631,134,64,369,0,45,5,73,4,4,0,10,0,0,0,0,0,2688,2816,2688,2816,4128,2208,7914,1623,0,0,0,0,100,78,39,34,36,74,78,75,0,0,65,0,0,0,0,0,0,13695,1065,331,0,331,0,340,340,100,2,1,0,999,999,40,0,25,0,0,0,0,0,0,0,0,0,0,100,2688,2816,100,0,0,0,0,0,0,0,0,0,0,0,0,0,0,0,0,0,0,0,0,160
352113,3255,530,90,45,9999,0,0,943,0,0,0,4197,3957,0,0,62,0,8,7,1920,599,2000,1,0,4,63,72,52934,13781,328,640,135,64,425,0,40,8,73,4,4,0,10,0,0,0,0,0,2688,2816,2688,2816,4128,2208,7529,1661,0,0,0,0,100,81,39,34,35,76,79,81,0,0,60,0,0,0,0,0,0,13695,1065,331,0,331,0,340,340,100,3,2,0,999,999,40,0,25,0,0,0,0,0,0,0,0,0,0,100,2688,2816,100,0,0,0,0,0,0,0,0,0,0,0,0,0,0,0,0,0,0,0,0,160
353113,3255,530,90,45,9999,0,0,934,0,0,0,4197,3919,0,0,62,0,8,7,1920,599,2000,1,0,4,65,72,52833,13695,327,654,123,64,341,0,30,15,73,4,4,0,10,0,0,0,0,0,2688,2816,2688,2816,4128,2208,8256,1598,0,0,0,0,100,82,39,37,32,82,82,80,0,0,61,0,0,0,0,0,0,13695,1065,331,0,331,0,340,340,100,5,1,0,999,999,40,0,25,0,0,0,0,0,0,0,0,0,0,100,2688,2816,100,0,0,0,0,0,0,0,0,0,0,0,0,0,0,0,0,0,0,0,0,160
354119,3255,530,90,45,9999,0,0,1134,0,0,0,4189,4750,0,0,62,0,8,7,1920,599,2000,1,0,4,61,72,53625,13753,324,694,162,63,354,0,35,16,72,4,4,0,10,0,0,0,0,0,2688,2816,2688,2816,4128,2208,7025,1621,0,0,0,0,100,86,38,37,28,83,86,85,0,0,60,0,0,0,0,0,0,13695,1065,331,0,331,0,340,340,100,3,1,0,999,999,40,0,25,0,0,0,0,0,0,0,0,0,0,100,2688,2816,100,0,0,0,0,0,0,0,0,0,0,0,0,0,0,0,0,0,0,0,0,160
355119,3255,530,90,45,9999,0,0,1060,0,0,0,4189,4440,0,0,62,0,8,7,1920,599,2000,1,0,4,63,72,49851,13829,657,687,116,63,362,0,35,9,73,4,4,0,10,0,0,0,0,0,2688,2816,2688,2816,4128,2208,7719,1622,0,0,0,0,100,88,44,38,34,87,88,88,0,0,59,0,0,0,0,0,0,13695,1065,331,0,331,0,340,340,100,2,1,0,999,999,40,0,25,0,0,0,0,0,0,0,0,0,0,100,2688,2816,100,0,0,0,0,0,0,0,0,0,0,0,0,0,0,0,0,0,0,0,0,160
356120,3255,530,90,45,9999,0,0,917,0,0,0,4189,3841,0,0,62,0,8,7,1920,599,2000,1,0,4,61,72,53282,13782,313,626,101,63,378,0,29,18,73,4,4,0,10,0,0,0,0,0,2688,2816,2688,2816,4128,2208,7352,1605,0,0,0,0,100,89,42,41,33,84,83,89,0,0,59,0,0,0,0,0,0,13695,1065,331,0,331,0,340,340,100,5,1,0,999,999,40,0,25,0,0,0,0,0,0,0,0,0,0,100,2688,2816,100,0,0,0,0,0,0,0,0,0,0,0,0,0,0,0,0,0,0,0,0,160
357120,3255,530,90,45,9999,0,0,1509,0,0,0,4189,6321,0,0,62,0,8,7,1920,599,2000,1,0,4,65,72,55759,13687,310,607,107,64,371,0,36,12,73,4,4,0,10,0,0,0,0,0,2688,2816,2688,2816,4128,2208,7254,1669,0,0,0,0,100,88,43,40,38,85,88,87,0,0,61,0,0,0,0,0,0,13695,1065,331,0,331,0,340,340,100,2,1,0,999,999,40,0,25,0,0,0,0,0,0,0,0,0,0,100,2688,2816,100,0,0,0,0,0,0,0,0,0,0,0,0,0,0,0,0,0,0,0,0,160
358121,3255,530,90,45,9999,0,0,1346,0,0,0,4189,5638,0,0,62,0,8,7,1920,599,2000,1,0,4,58,72,54328,13737,323,633,144,64,343,0,49,13,73,4,4,0,10,0,0,0,0,0,2688,2816,2688,2816,4128,2208,7533,1709,0,0,0,0,100,87,48,47,47,87,87,85,0,0,59,0,0,0,0,0,0,13695,1065,331,0,331,0,340,340,100,6,2,0,999,999,40,0,25,0,0,0,0,0,0,0,0,0,0,100,2688,2816,100,0,0,0,0,0,0,0,0,0,0,0,0,0,0,0,0,0,0,0,0,160
359155,3256,527,90,45,9999,0,0,974,0,0,0,4189,4080,0,0,62,0,8,7,1920,599,2000,1,0,4,61,72,53235,13872,336,701,151,64,354,0,40,14,72,4,4,0,10,0,0,0,0,0,2688,2816,2688,2816,4128,2208,7763,1750,0,0,0,0,100,86,52,50,49,86,86,86,0,0,59,0,0,0,0,0,0,13706,1072,328,0,328,0,337,337,100,3,1,0,999,999,40,0,25,0,0,0,0,0,0,0,0,0,0,100,2688,2816,100,0,0,0,0,0,0,0,0,0,0,0,0,0,0,0,0,0,0,0,0,160
360122,3256,527,90,45,9999,0,0,1248,0,0,0,4199,5240,0,0,62,0,8,7,1920,599,2000,1,0,4,62,72,52199,13840,318,700,109,64,354,0,28,21,73,4,4,0,10,0,0,0,0,0,2688,2816,2688,2816,4128,2208,7245,1634,0,0,0,0,100,87,42,37,38,85,87,86,0,0,61,0,0,0,0,0,0,13706,1072,328,0,328,0,337,337,100,4,2,0,999,999,40,0,25,0,0,0,0,0,0,0,0,0,0,100,2688,2816,100,0,0,0,0,0,0,0,0,0,0,0,0,0,0,0,0,0,0,0,0,160
361125,3256,527,90,45,9999,0,0,1043,0,0,0,4199,4379,0,0,62,0,8,7,1920,599,2000,1,0,4,59,72,50954,13790,315,741,124,64,458,0,19,18,73,4,4,0,10,0,0,0,0,0,2688,2816,2688,2816,4128,2208,7050,1527,0,0,0,0,100,88,42,39,37,88,88,86,0,0,57,0,0,0,0,0,0,13706,1072,328,0,328,0,337,337,100,4,1,0,999,999,40,0,25,0,0,0,0,0,0,0,0,0,0,100,2688,2816,100,0,0,0,0,0,0,0,0,0,0,0,0,0,0,0,0,0,0,0,0,160
362124,3256,527,90,45,9999,0,0,747,0,0,0,4199,3136,0,0,62,0,8,7,1920,599,2000,1,0,4,57,72,52552,13791,356,728,114,63,361,0,31,17,73,4,4,0,10,0,0,0,0,0,2688,2816,2688,2816,4128,2208,7650,1562,0,0,0,0,100,86,38,37,34,86,86,82,0,0,55,0,0,0,0,0,0,13706,1072,328,0,328,0,337,337,100,3,1,0,999,999,40,0,25,0,0,0,0,0,0,0,0,0,0,100,2688,2816,100,0,0,0,0,0,0,0,0,0,0,0,0,0,0,0,0,0,0,0,0,160
363124,3256,527,90,45,9999,0,0,927,0,0,0,4199,3892,0,0,62,0,8,7,1920,599,2000,1,0,4,55,72,51143,13709,325,656,117,63,373,0,8,25,72,4,4,0,10,0,0,0,0,0,2688,2816,2688,2816,4128,2208,7508,1618,0,0,0,0,100,88,39,37,34,84,88,88,0,0,54,0,0,0,0,0,0,13706,1072,328,0,328,0,337,337,100,2,1,0,999,999,40,0,25,0,0,0,0,0,0,0,0,0,0,100,2688,2816,100,0,0,0,0,0,0,0,0,0,0,0,0,0,0,0,0,0,0,0,0,160
364124,3256,527,90,45,9999,0,0,923,0,0,0,4199,3875,0,0,62,0,8,7,1920,599,2000,1,0,4,58,72,52852,13740,348,610,95,64,311,0,26,20,73,4,4,0,10,0,0,0,0,0,2688,2816,2688,2816,4128,2208,7424,1626,0,0,0,0,100,87,40,34,34,86,86,87,0,0,57,0,0,0,0,0,0,13706,1072,328,0,328,0,337,337,100,4,1,0,999,999,40,0,25,0,0,0,0,0,0,0,0,0,0,100,2688,2816,100,0,0,0,0,0,0,0,0,0,0,0,0,0,0,0,0,0,0,0,0,160
365125,3256,527,90,45,9999,0,0,904,0,0,0,4199,3795,0,0,62,0,8,7,1920,599,2000,1,0,4,62,72,51393,13671,325,575,101,63,327,0,27,13,73,4,4,0,10,0,0,0,0,0,2688,2816,2688,2816,4128,2208,7717,1606,0,0,0,0,100,90,43,39,37,84,87,90,0,0,58,0,0,0,0,0,0,13706,1072,328,0,328,0,337,337,100,2,1,0,999,999,40,0,25,0,0,0,0,0,0,0,0,0,0,100,2688,2816,100,0,0,0,0,0,0,0,0,0,0,0,0,0,0,0,0,0,0,0,0,160
366125,3256,527,90,45,9999,0,0,637,0,0,0,4199,2674,0,0,62,0,8,7,1920,599,2000,1,0,4,63,72,54690,13628,294,622,123,64,324,0,33,18,73,4,4,0,10,0,0,0,0,0,2688,2816,2688,2816,4128,2208,7469,1580,0,0,0,0,100,86,39,34,34,85,86,85,0,0,59,0,0,0,0,0,0,13706,1072,328,0,328,0,337,337,100,4,2,0,999,999,40,0,25,0,0,0,0,0,0,0,0,0,0,100,2688,2816,100,0,0,0,0,0,0,0,0,0,0,0,0,0,0,0,0,0,0,0,0,160
367126,3256,527,90,45,9999,0,0,1137,0,0,0,4199,4774,0,0,62,0,8,7,1920,599,2000,1,0,4,57,72,49498,13659,334,586,120,63,322,0,32,18,72,4,4,0,10,0,0,0,0,0,2688,2816,2688,2816,4128,2208,7830,1651,0,0,0,0,100,84,35,30,31,81,84,84,0,0,56,0,0,0,0,0,0,13706,1072,328,0,328,0,337,337,100,5,1,0,999,999,40,0,25,0,0,0,0,0,0,0,0,0,0,100,2688,2816,100,0,0,0,0,0,0,0,0,0,0,0,0,0,0,0,0,0,0,0,0,160
368125,3256,527,90,45,9999,0,0,647,0,0,0,4199,2716,0,0,62,0,8,7,1920,599,2000,1,0,4,55,72,51001,13761,351,601,124,63,327,0,24,19,73,4,4,0,10,0,0,0,0,0,2688,2816,2688,2816,4128,2208,7548,1639,0,0,0,0,100,87,38,32,35,84,86,87,0,0,57,0,0,0,0,0,0,13706,1072,328,0,328,0,337,337,100,3,1,0,999,999,40,0,25,0,0,0,0,0,0,0,0,0,0,100,2688,2816,100,0,0,0,0,0,0,0,0,0,0,0,0,0,0,0,0,0,0,0,0,160
369128,3256,527,90,45,9999,0,0,849,0,0,0,4199,3564,0,0,62,0,8,7,1920,599,2000,1,0,4,56,72,54211,13799,308,683,137,64,326,0,22,32,73,4,4,0,10,0,0,0,0,0,2688,2816,2688,2816,4128,2208,5299,1582,0,0,0,0,100,88,42,36,39,85,85,88,0,0,52,0,0,0,0,0,0,13706,1072,328,0,328,0,337,337,100,5,2,0,999,999,40,0,25,0,0,0,0,0,0,0,0,0,0,100,2688,2816,100,0,0,0,0,0,0,0,0,0,0,0,0,0,0,0,0,0,0,0,0,160
370126,3256,527,90,45,9999,0,0,760,0,0,0,4189,3183,0,0,62,0,8,7,1920,599,2000,1,0,4,57,72,51780,13760,339,748,136,63,439,0,34,19,73,4,4,0,10,0,0,0,0,0,2688,2816,2688,2816,4128,2208,5324,1491,0,0,0,0,100,89,39,36,36,86,89,83,0,0,47,0,0,0,0,0,0,13706,1072,328,0,328,0,337,337,100,3,1,0,999,999,40,0,25,0,0,0,0,0,0,0,0,0,0,100,2688,2816,100,0,0,0,0,0,0,0,0,0,0,0,0,0,0,0,0,0,0,0,0,160
371126,3256,527,90,45,9999,0,0,867,0,0,0,4189,3631,0,0,62,0,8,7,1920,599,2000,1,0,4,54,72,49768,13720,348,709,108,63,407,0,19,23,72,4,4,0,10,0,0,0,0,0,2688,2816,2688,2816,4128,2208,6783,1598,0,0,0,0,100,88,38,29,34,88,86,87,0,0,45,0,0,0,0,0,0,13706,1072,328,0,328,0,337,337,100,5,1,0,999,999,40,0,25,0,0,0,0,0,0,0,0,0,0,100,2688,2816,100,0,0,0,0,0,0,0,0,0,0,0,0,0,0,0,0,0,0,0,0,160
372130,3256,527,90,45,9999,0,0,959,0,0,0,4189,4017,0,0,62,0,8,7,1920,599,2000,1,0,4,60,72,51220,13800,366,657,134,65,335,0,18,22,73,4,4,0,10,0,0,0,0,0,2688,2816,2688,2816,4128,2208,7336,1655,0,0,0,0,100,88,37,32,32,88,86,87,0,0,54,0,0,0,0,0,0,13706,1072,328,0,328,0,337,337,100,3,1,0,999,999,40,0,25,0,0,0,0,0,0,0,0,0,0,100,2688,2816,100,0,0,0,0,0,0,0,0,0,0,0,0,0,0,0,0,0,0,0,0,160
373128,3256,527,90,45,9999,0,0,608,0,0,0,4189,2546,0,0,62,0,8,7,1920,599,2000,1,0,4,64,72,50918,13823,327,669,117,64,340,0,31,12,72,4,4,0,10,0,0,0,0,0,2688,2816,2688,2816,4128,2208,7271,1604,0,0,0,0,100,88,33,30,30,87,88,87,0,0,59,0,0,0,0,0,0,13706,1072,328,0,328,0,337,337,100,3,1,0,999,999,40,0,25,0,0,0,0,0,0,0,0,0,0,100,2688,2816,100,0,0,0,0,0,0,0,0,0,0,0,0,0,0,0,0,0,0,0,0,160
374129,3256,527,90,45,9999,0,0,916,0,0,0,4189,3837,0,0,62,0,8,7,1920,599,2000,1,0,4,63,72,48804,13794,318,662,152,64,361,0,22,13,73,4,4,0,10,0,0,0,0,0,2688,2816,2688,2816,4128,2208,7209,1689,0,0,0,0,100,89,34,32,33,88,89,88,0,0,57,0,0,0,0,0,0,13706,1072,328,0,328,0,337,337,100,5,1,0,999,999,40,0,25,0,0,0,0,0,0,0,0,0,0,100,2688,2816,100,0,0,0,0,0,0,0,0,0,0,0,0,0,0,0,0,0,0,0,0,160
375135,3256,527,90,45,9999,0,0,714,0,0,0,4189,2990,0,0,62,0,8,7,1920,599,2000,1,0,4,63,72,52316,13840,694,684,126,63,412,0,25,15,73,4,4,0,10,0,0,0,0,0,2688,2816,2688,2816,4128,2208,7891,1642,0,0,0,0,100,89,40,35,34,89,88,88,0,0,60,0,0,0,0,0,0,13706,1072,328,0,328,0,337,337,100,4,1,0,999,999,40,0,25,0,0,0,0,0,0,0,0,0,0,100,2688,2816,100,0,0,0,0,0,0,0,0,0,0,0,0,0,0,0,0,0,0,0,0,160
376131,3256,527,90,45,9999,0,0,959,0,0,0,4189,4017,0,0,62,0,8,7,1920,599,2000,1,0,4,61,72,52354,13708,310,671,120,63,382,0,24,21,72,4,4,0,10,0,0,0,0,0,2688,2816,2688,2816,4128,2208,7546,1629,0,0,0,0,100,86,38,29,34,85,86,86,0,0,59,0,0,0,0,0,0,13706,1072,328,0,328,0,337,337,100,6,1,0,999,999,40,0,25,0,0,0,0,0,0,0,0,0,0,100,2688,2816,100,0,0,0,0,0,0,0,0,0,0,0,0,0,0,0,0,0,0,0,0,160
377132,3256,527,90,45,9999,0,0,899,0,0,0,4189,3765,0,0,62,0,8,7,1920,599,2000,1,0,4,62,72,52848,13794,324,677,107,64,308,0,34,14,72,4,4,0,10,0,0,0,0,0,2688,2816,2688,2816,4128,2208,5893,1478,0,0,0,0,100,88,38,33,33,86,86,88,0,0,54,0,0,0,0,0,0,13706,1072,328,0,328,0,337,337,100,5,1,0,999,999,40,0,25,0,0,0,0,0,0,0,0,0,0,100,2688,2816,100,0,0,0,0,0,0,0,0,0,0,0,0,0,0,0,0,0,0,0,0,160
378132,3256,527,90,45,9999,0,0,932,0,0,0,4189,3904,0,0,62,0,8,7,1920,599,2000,1,0,4,62,72,51381,13776,705,661,119,64,371,0,20,21,72,4,4,0,10,0,0,0,0,0,2688,2816,2688,2816,4128,2208,6067,1465,0,0,0,0,100,88,39,34,30,87,88,87,0,0,50,0,0,0,0,0,0,13706,1072,328,0,328,0,337,337,100,5,1,0,999,999,40,0,25,0,0,0,0,0,0,0,0,0,0,100,2688,2816,100,0,0,0,0,0,0,0,0,0,0,0,0,0,0,0,0,0,0,0,0,160
379198,3115,530,90,45,9999,0,0,1095,0,0,0,4189,4586,0,0,62,0,8,7,1920,599,2000,1,0,4,56,72,49276,13741,344,655,119,64,426,0,23,18,73,4,4,0,10,0,0,0,0,0,2688,2816,2688,2816,4128,2208,7453,1791,0,0,0,0,100,89,48,44,42,87,89,88,0,0,52,0,0,0,0,0,0,13709,1072,331,0,331,0,340,340,100,4,2,0,999,999,40,0,25,0,0,0,0,0,0,0,0,0,0,100,2688,2816,100,0,0,0,0,0,0,0,0,0,0,0,0,0,0,0,0,0,0,0,0,160
380132,3115,530,90,45,9999,0,0,1110,0,0,0,4199,4660,0,0,62,0,8,7,1920,599,2000,1,0,4,56,72,49276,13813,303,694,120,64,352,0,11,29,73,4,4,0,10,0,0,0,0,0,2688,2816,2688,2816,4128,2208,7360,1700,0,0,0,0,100,90,50,46,45,88,90,89,0,0,53,0,0,0,0,0,0,13709,1072,331,0,331,0,340,340,100,5,2,0,999,999,40,0,25,0,0,0,0,0,0,0,0,0,0,100,2688,2816,100,0,0,0,0,0,0,0,0,0,0,0,0,0,0,0,0,0,0,0,0,160
381133,3115,530,90,45,9999,0,0,887,0,0,0,4199,3724,0,0,62,0,8,7,1920,599,2000,1,0,4,55,72,52735,13719,296,659,125,63,356,0,36,18,72,4,4,0,10,0,0,0,0,0,2688,2816,2688,2816,4128,2208,6821,1583,0,0,0,0,100,88,40,38,33,86,87,88,0,0,56,0,0,0,0,0,0,13709,1072,331,0,331,0,340,340,100,4,1,0,999,999,40,0,25,0,0,0,0,0,0,0,0,0,0,100,2688,2816,100,0,0,0,0,0,0,0,0,0,0,0,0,0,0,0,0,0,0,0,0,160
382133,3115,530,90,45,9999,0,0,810,0,0,0,4199,3401,0,0,62,0,8,7,1920,599,2000,1,0,4,62,72,50178,13691,353,617,120,64,442,0,28,14,72,4,4,0,10,0,0,0,0,0,2688,2816,2688,2816,4128,2208,7513,1629,0,0,0,0,100,88,40,31,34,83,87,88,0,0,58,0,0,0,0,0,0,13709,1072,331,0,331,0,340,340,100,4,1,0,999,999,40,0,25,0,0,0,0,0,0,0,0,0,0,100,2688,2816,100,0,0,0,0,0,0,0,0,0,0,0,0,0,0,0,0,0,0,0,0,160
383133,3115,530,90,45,9999,0,0,1271,0,0,0,4199,5336,0,0,62,0,8,7,1920,599,2000,1,0,4,62,72,50273,13690,322,661,153,62,314,0,19,17,73,4,4,0,10,0,0,0,0,0,2688,2816,2688,2816,4128,2208,8278,1601,0,0,0,0,100,87,39,28,32,87,87,86,0,0,61,0,0,0,0,0,0,13709,1072,331,0,331,0,340,340,100,5,1,0,999,999,40,0,25,0,0,0,0,0,0,0,0,0,0,100,2688,2816,100,0,0,0,0,0,0,0,0,0,0,0,0,0,0,0,0,0,0,0,0,160
384133,3115,530,90,45,9999,0,0,514,0,0,0,4199,2158,0,0,62,0,8,7,1920,599,2000,1,0,4,63,72,49408,13697,315,653,133,64,364,0,21,12,72,4,4,0,10,0,0,0,0,0,2688,2816,2688,2816,4128,2208,7097,1620,0,0,0,0,100,88,38,34,31,85,88,87,0,0,60,0,0,0,0,0,0,13709,1072,331,0,331,0,340,340,100,2,1,0,999,999,40,0,25,0,0,0,0,0,0,0,0,0,0,100,2688,2816,100,0,0,0,0,0,0,0,0,0,0,0,0,0,0,0,0,0,0,0,0,160
385135,3115,530,90,45,9999,0,0,664,0,0,0,4199,2788,0,0,62,0,8,7,1920,599,2000,1,0,4,64,72,50279,13770,322,647,106,64,382,0,20,14,72,4,4,0,10,0,0,0,0,0,2688,2816,2688,2816,4128,2208,7400,1590,0,0,0,0,100,89,40,37,35,87,89,87,0,0,57,0,0,0,0,0,0,13709,1072,331,0,331,0,340,340,100,2,1,0,999,999,40,0,25,0,0,0,0,0,0,0,0,0,0,100,2688,2816,100,0,0,0,0,0,0,0,0,0,0,0,0,0,0,0,0,0,0,0,0,160
386133,3115,530,90,45,9999,0,0,903,0,0,0,4199,3791,0,0,62,0,8,7,1920,599,2000,1,0,4,59,72,50253,13735,328,697,124,64,414,0,29,30,72,4,4,0,10,0,0,0,0,0,2688,2816,2688,2816,4128,2208,8413,1562,0,0,0,0,100,82,40,41,34,81,82,82,0,0,49,0,0,0,0,0,0,13709,1072,331,0,331,0,340,340,100,5,2,0,999,999,40,0,25,0,0,0,0,0,0,0,0,0,0,100,2688,2816,100,0,0,0,0,0,0,0,0,0,0,0,0,0,0,0,0,0,0,0,0,160
387133,3115,530,90,45,9999,0,0,814,0,0,0,4199,3417,0,0,62,0,8,7,1920,599,2000,1,0,4,43,72,57482,13818,330,698,171,64,369,0,18,38,73,4,4,0,10,0,0,0,0,0,2688,2816,2688,2816,4128,2208,6946,1585,0,0,0,0,100,90,39,39,37,87,90,89,0,0,49,0,0,0,0,0,0,13709,1072,331,0,331,0,340,340,100,5,2,0,999,999,40,0,25,0,0,0,0,0,0,0,0,0,0,100,2688,2816,100,0,0,0,0,0,0,0,0,0,0,0,0,0,0,0,0,0,0,0,0,160
388133,3115,530,90,45,9999,0,0,899,0,0,0,4199,3774,0,0,62,0,8,7,1920,599,2000,1,0,4,50,72,52783,13755,358,672,123,64,343,0,26,15,73,4,4,0,10,0,0,0,0,0,2688,2816,2688,2816,4128,2208,7778,1583,0,0,0,0,100,88,44,36,39,86,88,87,0,0,56,0,0,0,0,0,0,13709,1072,331,0,331,0,340,340,100,4,1,0,999,999,40,0,25,0,0,0,0,0,0,0,0,0,0,100,2688,2816,100,0,0,0,0,0,0,0,0,0,0,0,0,0,0,0,0,0,0,0,0,160
389133,3115,530,90,45,9999,0,0,962,0,0,0,4199,4039,0,0,62,0,8,7,1920,599,2000,1,0,4,63,72,46994,13762,327,657,100,63,424,0,14,22,73,4,4,0,10,0,0,0,0,0,2688,2816,2688,2816,4128,2208,7657,1654,0,0,0,0,100,88,39,35,31,83,88,88,0,0,58,0,0,0,0,0,0,13709,1072,331,0,331,0,340,340,100,2,1,0,999,999,40,0,25,0,0,0,0,0,0,0,0,0,0,100,2688,2816,100,0,0,0,0,0,0,0,0,0,0,0,0,0,0,0,0,0,0,0,0,160
390135,3115,530,90,45,9999,0,0,1223,0,0,0,4211,5150,0,0,62,0,8,7,1920,599,2000,1,0,4,58,72,52098,13734,316,678,106,64,381,0,27,19,72,4,4,0,10,0,0,0,0,0,2688,2816,2688,2816,4128,2208,7611,1616,0,0,0,0,100,85,38,34,33,85,83,85,0,0,58,0,0,0,0,0,0,13709,1072,331,0,331,0,340,340,100,2,1,0,999,999,40,0,25,0,0,0,0,0,0,0,0,0,0,100,2688,2816,100,0,0,0,0,0,0,0,0,0,0,0,0,0,0,0,0,0,0,0,0,160
391134,3115,530,90,45,9999,0,0,760,0,0,0,4208,3198,0,0,62,0,8,7,1920,599,2000,1,0,4,60,72,52676,13669,365,622,98,64,332,0,26,11,72,4,4,0,10,0,0,0,0,0,2688,2816,2688,2816,4128,2208,6658,1508,0,0,0,0,100,87,41,34,35,81,87,85,0,0,60,0,0,0,0,0,0,13709,1072,331,0,331,0,340,340,100,3,2,0,999,999,40,0,25,0,0,0,0,0,0,0,0,0,0,100,2688,2816,100,0,0,0,0,0,0,0,0,0,0,0,0,0,0,0,0,0,0,0,0,160
392135,3115,530,90,45,9999,0,0,1168,0,0,0,4208,4914,0,0,62,0,8,7,1920,599,2000,1,0,4,63,72,50601,13653,337,616,106,64,379,0,38,11,73,4,4,0,10,0,0,0,0,0,2688,2816,2688,2816,4128,2208,7627,1577,0,0,0,0,100,82,37,35,34,80,80,82,0,0,59,0,0,0,0,0,0,13709,1072,331,0,331,0,340,340,100,2,1,0,999,999,40,0,25,0,0,0,0,0,0,0,0,0,0,100,2688,2816,100,0,0,0,0,0,0,0,0,0,0,0,0,0,0,0,0,0,0,0,0,160
393135,3115,530,90,45,9999,0,0,1181,0,0,0,4208,4969,0,0,62,0,8,7,1920,599,2000,1,0,4,66,72,53867,13684,276,611,136,64,325,0,38,6,72,4,4,0,10,0,0,0,0,0,2688,2816,2688,2816,4128,2208,7427,1629,0,0,0,0,100,82,42,33,37,79,81,82,0,0,62,0,0,0,0,0,0,13709,1072,331,0,331,0,340,340,100,1,1,0,999,999,40,0,25,0,0,0,0,0,0,0,0,0,0,100,2688,2816,100,0,0,0,0,0,0,0,0,0,0,0,0,0,0,0,0,0,0,0,0,160
394136,3115,530,90,45,9999,0,0,829,0,0,0,4208,3488,0,0,62,0,8,7,1920,599,2000,1,0,4,67,72,53524,13634,303,581,100,62,316,0,51,8,73,4,4,0,10,0,0,0,0,0,2688,2816,2688,2816,4128,2208,7025,1668,0,0,0,0,100,77,40,31,35,76,77,74,0,0,63,0,0,0,0,0,0,13709,1072,331,0,331,0,340,340,100,2,2,0,999,999,40,0,25,0,0,0,0,0,0,0,0,0,0,100,2688,2816,100,0,0,0,0,0,0,0,0,0,0,0,0,0,0,0,0,0,0,0,0,160
395136,3115,530,90,45,9999,0,0,878,0,0,0,4198,3685,0,0,62,0,8,7,1920,599,2000,1,0,4,67,72,54261,13637,361,626,146,64,331,0,33,13,72,4,4,0,10,0,0,0,0,0,2688,2816,2688,2816,4128,2208,7964,1666,0,0,0,0,100,86,54,48,51,81,86,86,0,0,60,0,0,0,0,0,0,13709,1072,331,0,331,0,340,340,100,6,3,0,999,999,40,0,25,0,0,0,0,0,0,0,0,0,0,100,2688,2816,100,0,0,0,0,0,0,0,0,0,0,0,0,0,0,0,0,0,0,0,0,160
396137,3115,530,90,45,9999,0,0,1208,0,0,0,4198,5071,0,0,62,0,8,7,1920,599,2000,1,0,4,61,72,54108,13741,361,624,120,63,421,0,21,28,73,4,4,0,10,0,0,0,0,0,2688,2816,2688,2816,4128,2208,7341,1618,0,0,0,0,100,86,43,39,39,85,86,86,0,0,57,0,0,0,0,0,0,13709,1072,331,0,331,0,340,340,100,9,1,0,999,999,40,0,25,0,0,0,0,0,0,0,0,0,0,100,2688,2816,100,0,0,0,0,0,0,0,0,0,0,0,0,0,0,0,0,0,0,0,0,160
397139,3115,530,90,45,9999,0,0,820,0,0,0,4198,3442,0,0,62,0,8,7,1920,599,2000,1,0,4,54,72,52234,13711,323,602,100,64,336,0,33,20,73,4,4,0,10,0,0,0,0,0,2688,2816,2688,2816,4128,2208,7061,1622,0,0,0,0,100,86,42,40,36,85,86,85,0,0,58,0,0,0,0,0,0,13709,1072,331,0,331,0,340,340,100,7,1,0,999,999,40,0,25,0,0,0,0,0,0,0,0,0,0,100,2688,2816,100,0,0,0,0,0,0,0,0,0,0,0,0,0,0,0,0,0,0,0,0,160
398136,3115,530,90,45,9999,0,0,1034,0,0,0,4198,4340,0,0,62,0,8,7,1920,599,2000,1,0,4,61,72,55425,13668,267,666,161,64,390,0,29,8,72,4,4,0,10,0,0,0,0,0,2688,2816,2688,2816,4128,2208,7078,1650,0,0,0,0,100,82,48,44,44,81,82,82,0,0,62,0,0,0,0,0,0,13709,1072,331,0,331,0,340,340,100,2,1,0,999,999,40,0,25,0,0,0,0,0,0,0,0,0,0,100,2688,2816,100,0,0,0,0,0,0,0,0,0,0,0,0,0,0,0,0,0,0,0,0,160
399193,3256,530,90,45,9999,0,0,1067,0,0,0,4198,4479,0,0,62,0,8,7,1920,599,2000,1,0,4,71,72,54111,13806,349,723,107,65,415,0,47,6,72,4,4,0,10,0,0,0,0,0,2688,2816,2688,2816,4128,2208,7143,1655,0,0,0,0,100,79,40,38,38,79,79,75,0,0,63,0,0,0,0,0,0,13709,1075,331,0,331,0,340,340,100,2,1,0,999,999,40,0,25,0,0,0,0,0,0,0,0,0,0,100,2688,2816,100,0,0,0,0,0,0,0,0,0,0,0,0,0,0,0,0,0,0,0,0,160
400135,3256,530,90,45,9999,0,0,1082,0,0,0,4163,4504,0,0,62,0,8,7,1920,599,2000,1,0,4,66,72,51239,13786,358,654,111,65,303,0,30,14,72,4,4,0,10,0,0,0,0,0,2688,2816,2688,2816,4128,2208,7557,1695,0,0,0,0,100,85,50,43,42,81,80,85,0,0,60,0,0,0,0,0,0,13709,1075,331,0,331,0,340,340,100,2,1,0,999,999,40,0,25,0,0,0,0,0,0,0,0,0,0,100,2688,2816,100,0,0,0,0,0,0,0,0,0,0,0,0,0,0,0,0,0,0,0,0,160
401136,3256,530,90,45,9999,0,0,670,0,0,0,4163,2789,0,0,62,0,8,7,1920,599,2000,1,0,4,58,72,51756,13798,287,676,137,64,344,0,35,21,73,4,4,0,10,0,0,0,0,0,2688,2816,2688,2816,4128,2208,7140,1625,0,0,0,0,100,82,52,50,49,81,80,82,0,0,59,0,0,0,0,0,0,13709,1075,331,0,331,0,340,340,100,3,2,0,999,999,40,0,25,0,0,0,0,0,0,0,0,0,0,100,2688,2816,100,0,0,0,0,0,0,0,0,0,0,0,0,0,0,0,0,0,0,0,0,160
402135,3256,530,90,45,9999,0,0,1186,0,0,0,4163,4937,0,0,62,0,8,7,1920,599,2000,1,0,4,58,72,52331,13699,289,677,115,64,297,0,27,22,72,4,4,0,10,0,0,0,0,0,2688,2816,2688,2816,4128,2208,7908,1617,0,0,0,0,100,84,44,38,34,82,84,82,0,0,57,0,0,0,0,0,0,13709,1075,331,0,331,0,340,340,100,7,2,0,999,999,40,0,25,0,0,0,0,0,0,0,0,0,0,100,2688,2816,100,0,0,0,0,0,0,0,0,0,0,0,0,0,0,0,0,0,0,0,0,160
403136,3256,530,90,45,9999,0,0,975,0,0,0,4163,4058,0,0,62,0,8,7,1920,599,2000,1,0,4,62,72,51372,13596,318,618,103,63,413,0,26,11,73,4,4,0,10,0,0,0,0,0,2688,2816,2688,2816,4128,2208,7104,1535,0,0,0,0,100,86,41,35,36,85,84,86,0,0,57,0,0,0,0,0,0,13709,1075,331,0,331,0,340,340,100,3,2,0,999,999,40,0,25,0,0,0,0,0,0,0,0,0,0,100,2688,2816,100,0,0,0,0,0,0,0,0,0,0,0,0,0,0,0,0,0,0,0,0,160
404142,3256,530,90,45,9999,0,0,790,0,0,0,4163,3288,0,0,62,0,8,7,1920,599,2000,1,0,4,61,72,53241,13589,341,627,120,63,418,0,30,16,73,4,4,0,10,0,0,0,0,0,2688,2816,2688,2816,4128,2208,7020,1593,0,0,0,0,100,86,41,38,35,84,84,86,0,0,56,0,0,0,0,0,0,13709,1075,331,0,331,0,340,340,100,4,2,0,999,999,40,0,25,0,0,0,0,0,0,0,0,0,0,100,2688,2816,100,0,0,0,0,0,0,0,0,0,0,0,0,0,0,0,0,0,0,0,0,160
405139,3256,530,90,45,9999,0,0,855,0,0,0,4163,3559,0,0,62,0,8,7,1920,599,2000,1,0,4,58,72,52417,13725,288,709,150,63,356,0,21,24,73,4,4,0,10,0,0,0,0,0,2688,2816,2688,2816,4128,2208,7187,1584,0,0,0,0,100,88,41,39,39,87,88,85,0,0,54,0,0,0,0,0,0,13709,1075,331,0,331,0,340,340,100,4,1,0,999,999,40,0,25,0,0,0,0,0,0,0,0,0,0,100,2688,2816,100,0,0,0,0,0,0,0,0,0,0,0,0,0,0,0,0,0,0,0,0,160
406141,3256,530,90,45,9999,0,0,587,0,0,0,4163,2443,0,0,62,0,8,7,1920,599,2000,1,0,4,54,72,53753,13693,277,699,158,63,421,0,25,22,73,4,4,0,10,0,0,0,0,0,2688,2816,2688,2816,4128,2208,7266,1503,0,0,0,0,100,87,42,39,35,84,87,85,0,0,54,0,0,0,0,0,0,13709,1075,331,0,331,0,340,340,100,4,2,0,999,999,40,0,25,0,0,0,0,0,0,0,0,0,0,100,2688,2816,100,0,0,0,0,0,0,0,0,0,0,0,0,0,0,0,0,0,0,0,0,160
407142,3256,530,90,45,9999,0,0,725,0,0,0,4163,3018,0,0,62,0,8,7,1920,599,2000,1,0,4,58,72,52575,13619,282,676,114,63,342,0,26,25,72,4,4,0,10,0,0,0,0,0,2688,2816,2688,2816,4128,2208,7971,1559,0,0,0,0,100,86,42,36,36,80,86,84,0,0,52,0,0,0,0,0,0,13709,1075,331,0,331,0,340,340,100,3,2,0,999,999,40,0,25,0,0,0,0,0,0,0,0,0,0,100,2688,2816,100,0,0,0,0,0,0,0,0,0,0,0,0,0,0,0,0,0,0,0,0,160
408140,3256,530,90,45,9999,0,0,1095,0,0,0,4163,4558,0,0,62,0,8,7,1920,599,2000,1,0,4,52,72,53939,13573,336,593,101,63,336,0,26,19,72,4,4,0,10,0,0,0,0,0,2688,2816,2688,2816,4128,2208,6805,1558,0,0,0,0,100,87,41,39,39,86,86,87,0,0,55,0,0,0,0,0,0,13709,1075,331,0,331,0,340,340,100,3,1,0,999,999,40,0,25,0,0,0,0,0,0,0,0,0,0,100,2688,2816,100,0,0,0,0,0,0,0,0,0,0,0,0,0,0,0,0,0,0,0,0,160
409141,3256,530,90,45,9999,0,0,1215,0,0,0,4188,5088,0,0,62,0,8,7,1920,599,2000,1,0,4,64,72,53267,13780,351,631,128,63,411,0,35,15,73,4,4,0,10,0,0,0,0,0,2688,2816,2688,2816,4128,2208,7117,1783,0,0,0,0,100,88,42,36,39,84,88,88,0,0,58,0,0,0,0,0,0,13709,1075,331,0,331,0,340,340,100,4,1,0,999,999,40,0,25,0,0,0,0,0,0,0,0,0,0,100,2688,2816,100,0,0,0,0,0,0,0,0,0,0,0,0,0,0,0,0,0,0,0,0,160
410144,3256,530,90,46,9999,0,0,1188,0,0,0,4176,4961,0,0,62,0,8,7,1920,599,2000,1,0,4,60,72,52388,13723,286,654,136,63,352,0,20,25,73,4,4,0,10,0,0,0,0,0,2688,2816,2688,2816,4128,2208,8044,1668,0,0,0,0,100,87,43,40,36,85,86,87,0,0,54,0,0,0,0,0,0,13709,1075,331,0,331,0,340,340,100,6,1,0,999,999,40,0,25,0,0,0,0,0,0,0,0,0,0,100,2688,2816,100,0,0,0,0,0,0,0,0,0,0,0,0,0,0,0,0,0,0,0,0,160
411141,3256,530,90,46,9999,0,0,1052,0,0,0,4176,4393,0,0,62,0,8,7,1920,599,2000,1,0,4,52,72,53905,13670,276,626,150,63,413,0,25,20,73,4,4,0,10,0,0,0,0,0,2688,2816,2688,2816,4128,2208,7106,1688,0,0,0,0,100,89,46,41,43,86,85,89,0,0,56,0,0,0,0,0,0,13709,1075,331,0,331,0,340,340,100,4,1,0,999,999,40,0,25,0,0,0,0,0,0,0,0,0,0,100,2688,2816,100,0,0,0,0,0,0,0,0,0,0,0,0,0,0,0,0,0,0,0,0,160
412142,3256,530,90,46,9999,0,0,1238,0,0,0,4176,5169,0,0,62,0,8,7,1920,599,2000,1,0,4,56,72,51974,13827,379,674,118,64,340,0,20,23,72,4,4,0,10,0,0,0,0,0,2688,2816,2688,2816,4128,2208,7121,1704,0,0,0,0,100,85,44,38,37,81,84,85,0,0,56,0,0,0,0,0,0,13709,1075,331,0,331,0,340,340,100,5,2,0,999,999,40,0,25,0,0,0,0,0,0,0,0,0,0,100,2688,2816,100,0,0,0,0,0,0,0,0,0,0,0,0,0,0,0,0,0,0,0,0,160
413145,3256,530,90,46,9999,0,0,1183,0,0,0,4176,4940,0,0,62,0,8,7,1920,599,2000,1,0,4,58,72,52008,13831,359,656,115,64,346,0,18,20,73,4,4,0,10,0,0,0,0,0,2688,2816,2688,2816,4128,2208,8433,1695,0,0,0,0,100,88,41,36,36,85,87,88,0,0,55,0,0,0,0,0,0,13709,1075,331,0,331,0,340,340,100,4,1,0,999,999,40,0,25,0,0,0,0,0,0,0,0,0,0,100,2688,2816,100,0,0,0,0,0,0,0,0,0,0,0,0,0,0,0,0,0,0,0,0,160
414144,3256,530,90,46,9999,0,0,1096,0,0,0,4176,4576,0,0,62,0,8,7,1920,599,2000,1,0,4,56,72,51697,13806,310,640,116,63,406,0,19,27,72,4,4,0,10,0,0,0,0,0,2688,2816,2688,2816,4128,2208,7187,1646,0,0,0,0,100,87,41,36,37,87,87,86,0,0,53,0,0,0,0,0,0,13709,1075,331,0,331,0,340,340,100,7,1,0,999,999,40,0,25,0,0,0,0,0,0,0,0,0,0,100,2688,2816,100,0,0,0,0,0,0,0,0,0,0,0,0,0,0,0,0,0,0,0,0,160
415144,3256,530,90,46,9999,0,0,1072,0,0,0,4176,4476,0,0,62,0,8,7,1920,599,2000,1,0,4,53,72,55723,13667,299,671,101,63,338,0,31,24,73,4,4,0,10,0,0,0,0,0,2688,2816,2688,2816,4128,2208,7114,1587,0,0,0,0,100,87,42,38,36,86,86,87,0,0,50,0,0,0,0,0,0,13709,1075,331,0,331,0,340,340,100,5,2,0,999,999,40,0,25,0,0,0,0,0,0,0,0,0,0,100,2688,2816,100,0,0,0,0,0,0,0,0,0,0,0,0,0,0,0,0,0,0,0,0,160
416145,3256,530,90,46,9999,0,0,1106,0,0,0,4176,4618,0,0,62,0,8,7,1920,599,2000,1,0,4,49,72,54715,13633,337,635,106,63,313,0,18,37,72,4,4,0,10,0,0,0,0,0,2688,2816,2688,2816,4128,2208,7102,1537,0,0,0,0,100,86,42,35,38,83,85,86,0,0,44,0,0,0,0,0,0,13709,1075,331,0,331,0,340,340,100,9,5,0,999,999,40,0,25,0,0,0,0,0,0,0,0,0,0,100,2688,2816,100,0,0,0,0,0,0,0,0,0,0,0,0,0,0,0,0,0,0,0,0,160
417144,3256,530,90,46,9999,0,0,1082,0,0,0,4176,4518,0,0,62,0,8,7,1920,599,2000,1,0,4,53,72,53141,13751,528,612,114,63,341,0,31,21,73,4,4,0,10,0,0,0,0,0,2688,2816,2688,2816,4128,2208,8447,1574,0,0,0,0,100,89,42,39,39,84,89,87,0,0,50,0,0,0,0,0,0,13709,1075,331,0,331,0,340,340,100,5,2,0,999,999,40,0,25,0,0,0,0,0,0,0,0,0,0,100,2688,2816,100,0,0,0,0,0,0,0,0,0,0,0,0,0,0,0,0,0,0,0,0,160
418148,3256,530,90,46,9999,0,0,1346,0,0,0,4176,5620,0,0,62,0,8,7,1920,599,2000,1,0,4,53,72,51680,13703,329,617,113,63,428,0,17,25,73,4,4,0,10,0,0,0,0,0,2688,2816,2688,2816,4128,2208,7127,1660,0,0,0,0,100,90,44,40,35,88,88,90,0,0,54,0,0,0,0,0,0,13709,1075,331,0,331,0,340,340,100,5,1,0,999,999,40,0,25,0,0,0,0,0,0,0,0,0,0,100,2688,2816,100,0,0,0,0,0,0,0,0,0,0,0,0,0,0,0,0,0,0,0,0,160
419191,3253,530,90,46,9999,0,0,1240,0,0,0,4176,5178,0,0,62,0,8,7,1920,599,2000,1,0,4,67,72,54156,13689,310,606,119,63,356,0,50,4,73,4,4,0,10,0,0,0,0,0,2688,2816,2688,2816,4128,2208,7116,1732,0,0,0,0,100,85,42,36,36,83,85,85,0,0,61,0,0,0,0,0,0,13725,1071,331,0,331,0,340,340,100,2,1,0,999,999,40,0,25,0,0,0,0,0,0,0,0,0,0,100,2688,2816,100,0,0,0,0,0,0,0,0,0,0,0,0,0,0,0,0,0,0,0,0,160
420145,3253,530,90,46,9999,0,0,1171,0,0,0,4185,4900,0,0,62,0,8,7,1920,599,2000,1,0,4,67,72,50929,13669,341,598,109,63,388,0,30,6,72,4,4,0,10,0,0,0,0,0,2688,2816,2688,2816,4128,2208,6906,1674,0,0,0,0,100,86,42,32,33,80,82,86,0,0,62,0,0,0,0,0,0,13725,1071,331,0,331,0,340,340,100,2,1,0,999,999,40,0,25,0,0,0,0,0,0,0,0,0,0,100,2688,2816,100,0,0,0,0,0,0,0,0,0,0,0,0,0,0,0,0,0,0,0,0,160
421147,3253,530,90,46,9999,0,0,1205,0,0,0,4185,5042,0,0,62,0,8,7,1920,599,2000,1,0,4,71,72,52362,13749,394,603,117,64,340,0,30,8,72,4,4,0,10,0,0,0,0,0,2688,2816,2688,2816,4128,2208,6844,1659,0,0,0,0,100,82,45,44,42,75,80,82,0,0,62,0,0,0,0,0,0,13725,1071,331,0,331,0,340,340,100,3,1,0,999,999,40,0,25,0,0,0,0,0,0,0,0,0,0,100,2688,2816,100,0,0,0,0,0,0,0,0,0,0,0,0,0,0,0,0,0,0,0,0,160
422146,3253,530,90,46,9999,0,0,1335,0,0,0,4185,5586,0,0,62,0,8,7,1920,599,2000,1,0,4,64,72,51919,13859,319,608,113,65,326,0,45,7,73,4,4,0,10,0,0,0,0,0,2688,2816,2688,2816,4128,2208,7429,1650,0,0,0,0,100,79,47,47,47,74,79,73,0,0,62,0,0,0,0,0,0,13725,1071,331,0,331,0,340,340,100,1,1,0,999,999,40,0,25,0,0,0,0,0,0,0,0,0,0,100,2688,2816,100,0,0,0,0,0,0,0,0,0,0,0,0,0,0,0,0,0,0,0,0,160
423146,3253,530,90,46,9999,0,0,1049,0,0,0,4185,4390,0,0,62,0,8,7,1920,599,2000,1,0,4,71,72,52365,13782,284,711,123,64,320,0,35,3,73,4,4,0,10,0,0,0,0,0,2688,2816,2688,2816,4128,2208,6427,1658,0,0,0,0,100,77,42,34,35,71,65,77,0,0,64,0,0,0,0,0,0,13725,1071,331,0,331,0,340,340,100,2,1,0,999,999,40,0,25,0,0,0,0,0,0,0,0,0,0,100,2688,2816,100,0,0,0,0,0,0,0,0,0,0,0,0,0,0,0,0,0,0,0,0,160
424146,3253,530,90,46,9999,0,0,1005,0,0,0,4185,4205,0,0,62,0,8,7,1920,599,2000,1,0,4,72,72,52871,13741,323,670,114,64,354,0,48,0,72,4,4,0,10,0,0,0,0,0,2688,2816,2688,2816,4128,2208,7200,1739,0,0,0,0,100,77,42,34,35,71,65,77,0,0,65,0,0,0,0,0,0,13725,1071,331,0,331,0,340,340,100,0,0,0,999,999,40,0,25,0,0,0,0,0,0,0,0,0,0,100,2688,2816,100,0,0,0,0,0,0,0,0,0,0,0,0,0,0,0,0,0,0,0,0,160
425148,3253,530,90,46,9999,0,0,1116,0,0,0,4185,4670,0,0,62,0,8,7,1920,599,2000,1,0,4,74,72,54220,13771,375,646,110,64,316,0,64,2,73,4,4,0,10,0,0,0,0,0,2688,2816,2688,2816,4128,2208,7161,1648,0,0,0,0,100,70,36,34,31,64,70,69,0,0,65,0,0,0,0,0,0,13725,1071,331,0,331,0,340,340,100,2,1,0,999,999,40,0,25,0,0,0,0,0,0,0,0,0,0,100,2688,2816,100,0,0,0,0,0,0,0,0,0,0,0,0,0,0,0,0,0,0,0,0,160
426146,3253,530,90,46,9999,0,0,1141,0,0,0,4185,4775,0,0,62,0,8,7,1920,599,2000,1,0,4,71,72,58660,13797,341,687,105,63,313,0,70,0,72,4,4,0,10,0,0,0,0,0,2688,2816,2688,2816,4128,2208,6495,1527,0,0,0,0,100,68,41,36,36,63,68,68,0,0,61,0,0,0,0,0,0,13725,1071,331,0,331,0,340,340,100,0,0,0,999,999,40,0,25,0,0,0,0,0,0,0,0,0,0,100,2688,2816,100,0,0,0,0,0,0,0,0,0,0,0,0,0,0,0,0,0,0,0,0,160
427147,3253,530,90,46,9999,0,0,1207,0,0,0,4185,5051,0,0,62,0,8,7,1920,599,2000,1,0,4,72,72,55102,13682,320,601,94,64,310,0,56,0,73,4,4,0,10,0,0,0,0,0,2688,2816,2688,2816,4128,2208,7543,1500,0,0,0,0,100,68,41,34,38,62,63,68,0,0,65,0,0,0,0,0,0,13725,1071,331,0,331,0,340,340,100,0,0,0,999,999,40,0,25,0,0,0,0,0,0,0,0,0,0,100,2688,2816,100,0,0,0,0,0,0,0,0,0,0,0,0,0,0,0,0,0,0,0,0,160
428152,3253,530,90,46,9999,0,0,1003,0,0,0,4185,4197,0,0,62,0,8,7,1920,599,2000,1,0,4,72,72,53248,13565,278,637,121,62,340,0,65,1,72,4,4,0,10,0,0,0,0,0,2688,2816,2688,2816,4128,2208,6154,1528,0,0,0,0,100,71,40,38,36,61,71,67,0,0,59,0,0,0,0,0,0,13725,1071,331,0,331,0,340,340,100,1,1,0,999,999,40,0,25,0,0,0,0,0,0,0,0,0,0,100,2688,2816,100,0,0,0,0,0,0,0,0,0,0,0,0,0,0,0,0,0,0,0,0,160
429146,3253,530,90,46,9999,0,0,1146,0,0,0,4185,4796,0,0,62,0,8,7,1920,599,2000,1,0,4,71,72,56561,13565,278,637,121,62,340,0,65,1,72,4,4,0,10,0,0,0,0,0,2688,2816,2688,2816,4128,2208,7203,1667,0,0,0,0,100,67,42,39,41,60,63,67,0,0,62,0,0,0,0,0,0,13725,1071,331,0,331,0,340,340,100,1,1,0,999,999,40,0,25,0,0,0,0,0,0,0,0,0,0,100,2688,2816,100,0,0,0,0,0,0,0,0,0,0,0,0,0,0,0,0,0,0,0,0,160
430147,3253,530,90,46,9999,0,0,933,0,0,0,4179,3899,0,0,62,0,8,7,1920,599,2000,1,0,4,73,72,57696,13599,341,567,116,64,305,0,63,3,73,4,4,0,10,0,0,0,0,0,2688,2816,2688,2816,4128,2208,5721,1534,0,0,0,0,100,74,43,37,40,65,74,72,0,0,61,0,0,0,0,0,0,13725,1071,331,0,331,0,340,340,100,3,1,0,999,999,40,0,25,0,0,0,0,0,0,0,0,0,0,100,2688,2816,100,0,0,0,0,0,0,0,0,0,0,0,0,0,0,0,0,0,0,0,0,160
431147,3253,530,90,46,9999,0,0,1015,0,0,0,4179,4241,0,0,62,0,8,7,1920,599,2000,1,0,4,72,72,57189,13708,353,597,105,64,331,0,66,0,73,4,4,0,10,0,0,0,0,0,2688,2816,2688,2816,4128,2208,7031,1630,0,0,0,0,100,70,38,34,34,64,70,64,0,0,62,0,0,0,0,0,0,13725,1071,331,0,331,0,340,340,100,0,0,0,999,999,40,0,25,0,0,0,0,0,0,0,0,0,0,100,2688,2816,100,0,0,0,0,0,0,0,0,0,0,0,0,0,0,0,0,0,0,0,0,160
432148,3253,530,90,46,9999,0,0,1282,0,0,0,4179,5357,0,0,62,0,8,7,1920,599,2000,1,0,4,72,72,57177,13740,338,615,133,64,300,0,62,2,73,4,4,0,10,0,0,0,0,0,2688,2816,2688,2816,4128,2208,6154,1550,0,0,0,0,100,73,39,34,35,61,73,65,0,0,59,0,0,0,0,0,0,13725,1071,331,0,331,0,340,340,100,2,1,0,999,999,40,0,25,0,0,0,0,0,0,0,0,0,0,100,2688,2816,100,0,0,0,0,0,0,0,0,0,0,0,0,0,0,0,0,0,0,0,0,160
433147,3253,530,90,46,9999,0,0,1148,0,0,0,4179,4797,0,0,62,0,8,7,1920,599,2000,1,0,4,72,72,58374,13721,300,675,122,63,355,0,69,0,72,4,4,0,10,0,0,0,0,0,2688,2816,2688,2816,4128,2208,6539,1579,0,0,0,0,100,71,43,36,35,61,71,66,0,0,59,0,0,0,0,0,0,13725,1071,331,0,331,0,340,340,100,0,0,0,999,999,40,0,25,0,0,0,0,0,0,0,0,0,0,100,2688,2816,100,0,0,0,0,0,0,0,0,0,0,0,0,0,0,0,0,0,0,0,0,160
434153,3253,530,90,46,9999,0,0,1108,0,0,0,4179,4630,0,0,62,0,8,7,1920,599,2000,1,0,4,74,72,54544,13664,356,631,102,63,388,0,63,0,73,4,4,0,10,0,0,0,0,0,2688,2816,2688,2816,4128,2208,6335,1672,0,0,0,0,100,68,39,31,32,63,68,68,0,0,59,0,0,0,0,0,0,13725,1071,331,0,331,0,340,340,100,0,0,0,999,999,40,0,25,0,0,0,0,0,0,0,0,0,0,100,2688,2816,100,0,0,0,0,0,0,0,0,0,0,0,0,0,0,0,0,0,0,0,0,160
435148,3253,530,90,46,9999,0,0,1064,0,0,0,4179,4446,0,0,62,0,8,7,1920,599,2000,1,0,4,72,72,56990,13732,354,632,102,63,347,0,64,0,72,4,4,0,10,0,0,0,0,0,2688,2816,2688,2816,4128,2208,7739,1646,0,0,0,0,100,70,39,32,37,64,70,68,0,0,60,0,0,0,0,0,0,13725,1071,331,0,331,0,340,340,100,0,0,0,999,999,40,0,25,0,0,0,0,0,0,0,0,0,0,100,2688,2816,100,0,0,0,0,0,0,0,0,0,0,0,0,0,0,0,0,0,0,0,0,160
436147,3253,530,90,46,9999,0,0,963,0,0,0,4179,4024,0,0,62,0,8,7,1920,599,2000,1,0,4,69,72,55466,13756,337,595,127,64,332,0,51,4,73,4,4,0,10,0,0,0,0,0,2688,2816,2688,2816,4128,2208,6456,1568,0,0,0,0,100,70,43,37,36,66,70,68,0,0,61,0,0,0,0,0,0,13725,1071,331,0,331,0,340,340,100,2,1,0,999,999,40,0,25,0,0,0,0,0,0,0,0,0,0,100,2688,2816,100,0,0,0,0,0,0,0,0,0,0,0,0,0,0,0,0,0,0,0,0,160
437147,3253,530,90,46,9999,0,0,965,0,0,0,4179,4032,0,0,62,0,8,7,1920,599,2000,1,0,4,73,72,57927,13764,336,690,109,63,322,0,66,0,72,4,4,0,10,0,0,0,0,0,2688,2816,2688,2816,4128,2208,7766,1656,0,0,0,0,100,66,38,32,35,63,65,66,0,0,62,0,0,0,0,0,0,13725,1071,331,0,331,0,340,340,100,0,0,0,999,999,40,0,25,0,0,0,0,0,0,0,0,0,0,100,2688,2816,100,0,0,0,0,0,0,0,0,0,0,0,0,0,0,0,0,0,0,0,0,160
438147,3253,530,90,46,9999,0,0,1382,0,0,0,4179,5775,0,0,62,0,8,7,1920,599,2000,1,0,4,73,72,56722,13719,319,664,116,63,410,0,75,0,73,4,4,0,10,0,0,0,0,0,2688,2816,2688,2816,4128,2208,7554,1543,0,0,0,0,100,65,40,33,34,65,62,64,0,0,66,0,0,0,0,0,0,13725,1071,331,0,331,0,340,340,100,0,0,0,999,999,40,0,25,0,0,0,0,0,0,0,0,0,0,100,2688,2816,100,0,0,0,0,0,0,0,0,0,0,0,0,0,0,0,0,0,0,0,0,160
439191,3275,529,90,46,9999,0,0,1015,0,0,0,4179,4241,0,0,62,0,8,7,1920,599,2000,1,0,4,71,72,50448,13899,357,745,111,65,423,0,60,0,73,4,4,0,10,0,0,0,0,0,2688,2816,2688,2816,4128,2208,7645,1568,0,0,0,0,100,64,42,37,37,60,63,64,0,0,65,0,0,0,0,0,0,13724,1072,329,0,329,0,339,339,100,0,0,0,999,999,40,0,25,0,0,0,0,0,0,0,0,0,0,100,2688,2816,100,0,0,0,0,0,0,0,0,0,0,0,0,0,0,0,0,0,0,0,0,160
440149,3275,529,90,46,9999,0,0,913,0,0,0,4181,3817,0,0,62,0,8,7,1920,599,2000,1,0,4,73,72,53908,13788,318,681,100,65,344,0,32,8,72,4,4,0,10,0,0,0,0,0,2688,2816,2688,2816,4128,2208,7176,1531,0,0,0,0,100,67,40,32,37,61,65,67,0,0,65,0,0,0,0,0,0,13724,1072,329,0,329,0,339,339,100,2,1,0,999,999,40,0,25,0,0,0,0,0,0,0,0,0,0,100,2688,2816,100,0,0,0,0,0,0,0,0,0,0,0,0,0,0,0,0,0,0,0,0,160
441149,3275,529,90,46,9999,0,0,1311,0,0,0,4181,5481,0,0,62,0,8,7,1920,599,2000,1,0,4,73,72,58051,13688,289,637,101,63,324,0,68,0,73,4,4,0,10,0,0,0,0,0,2688,2816,2688,2816,4128,2208,6686,1501,0,0,0,0,100,68,40,39,35,62,62,68,0,0,60,0,0,0,0,0,0,13724,1072,329,0,329,0,339,339,100,0,0,0,999,999,40,0,25,0,0,0,0,0,0,0,0,0,0,100,2688,2816,100,0,0,0,0,0,0,0,0,0,0,0,0,0,0,0,0,0,0,0,0,160
442150,3275,529,90,46,9999,0,0,1145,0,0,0,4181,4787,0,0,62,0,8,7,1920,599,2000,1,0,4,71,72,55283,13603,321,588,101,63,342,0,70,0,73,4,4,0,10,0,0,0,0,0,2688,2816,2688,2816,4128,2208,5930,1532,0,0,0,0,100,68,45,40,40,61,68,68,0,0,58,0,0,0,0,0,0,13724,1072,329,0,329,0,339,339,100,0,0,0,999,999,40,0,25,0,0,0,0,0,0,0,0,0,0,100,2688,2816,100,0,0,0,0,0,0,0,0,0,0,0,0,0,0,0,0,0,0,0,0,160
443149,3275,529,90,46,9999,0,0,1089,0,0,0,4181,4553,0,0,62,0,8,7,1920,599,2000,1,0,4,72,72,56534,13732,365,673,164,62,449,0,70,1,73,4,4,0,10,0,0,0,0,0,2688,2816,2688,2816,4128,2208,6050,1564,0,0,0,0,100,68,44,42,37,60,68,64,0,0,56,0,0,0,0,0,0,13724,1072,329,0,329,0,339,339,100,1,1,0,999,999,40,0,25,0,0,0,0,0,0,0,0,0,0,100,2688,2816,100,0,0,0,0,0,0,0,0,0,0,0,0,0,0,0,0,0,0,0,0,160
444149,3275,529,90,46,9999,0,0,1114,0,0,0,4181,4657,0,0,62,0,8,7,1920,599,2000,1,0,4,73,72,55913,13854,312,708,129,64,330,0,72,2,72,4,4,0,10,0,0,0,0,0,2688,2816,2688,2816,4128,2208,7899,1646,0,0,0,0,100,64,51,48,45,61,63,64,0,0,62,0,0,0,0,0,0,13724,1072,329,0,329,0,339,339,100,2,1,0,999,999,40,0,25,0,0,0,0,0,0,0,0,0,0,100,2688,2816,100,0,0,0,0,0,0,0,0,0,0,0,0,0,0,0,0,0,0,0,0,160
445149,3275,529,90,46,9999,0,0,1098,0,0,0,4181,4590,0,0,62,0,8,7,1920,599,2000,1,0,4,70,72,53429,13781,325,698,139,64,353,0,64,2,73,4,4,0,10,0,0,0,0,0,2688,2816,2688,2816,4128,2208,8096,1616,0,0,0,0,100,69,41,36,36,62,69,66,0,0,65,0,0,0,0,0,0,13724,1072,329,0,329,0,339,339,100,2,1,0,999,999,40,0,25,0,0,0,0,0,0,0,0,0,0,100,2688,2816,100,0,0,0,0,0,0,0,0,0,0,0,0,0,0,0,0,0,0,0,0,160
446149,3275,529,90,46,9999,0,0,996,0,0,0,4181,4164,0,0,62,0,8,7,1920,599,2000,1,0,4,72,72,55879,13680,304,648,104,64,333,0,53,4,73,4,4,0,10,0,0,0,0,0,2688,2816,2688,2816,4128,2208,8101,1634,0,0,0,0,100,64,38,35,34,61,64,62,0,0,70,0,0,0,0,0,0,13724,1072,329,0,329,0,339,339,100,2,1,0,999,999,40,0,25,0,0,0,0,0,0,0,0,0,0,100,2688,2816,100,0,0,0,0,0,0,0,0,0,0,0,0,0,0,0,0,0,0,0,0,160
447149,3275,529,90,46,9999,0,0,1116,0,0,0,4181,4665,0,0,62,0,8,7,1920,599,2000,1,0,4,71,72,51206,13665,323,632,133,65,299,0,48,4,72,4,4,0,10,0,0,0,0,0,2688,2816,2688,2816,4128,2208,7736,1649,0,0,0,0,100,66,36,30,37,63,66,62,0,0,70,0,0,0,0,0,0,13724,1072,329,0,329,0,339,339,100,3,1,0,999,999,40,0,25,0,0,0,0,0,0,0,0,0,0,100,2688,2816,100,0,0,0,0,0,0,0,0,0,0,0,0,0,0,0,0,0,0,0,0,160
448150,3275,529,90,46,9999,0,0,1213,0,0,0,4181,5071,0,0,62,0,8,7,1920,599,2000,1,0,4,71,72,52411,13729,322,612,107,64,347,0,47,1,73,4,4,0,10,0,0,0,0,0,2688,2816,2688,2816,4128,2208,7291,1610,0,0,0,0,100,69,35,32,36,65,69,65,0,0,70,0,0,0,0,0,0,13724,1072,329,0,329,0,339,339,100,1,1,0,999,999,40,0,25,0,0,0,0,0,0,0,0,0,0,100,2688,2816,100,0,0,0,0,0,0,0,0,0,0,0,0,0,0,0,0,0,0,0,0,160
449150,3275,529,90,46,9999,0,0,1011,0,0,0,4181,4226,0,0,62,0,8,7,1920,599,2000,1,0,4,72,72,50088,13699,319,617,82,63,316,0,50,1,72,4,4,0,10,0,0,0,0,0,2688,2816,2688,2816,4128,2208,7888,1614,0,0,0,0,100,70,38,31,33,65,60,70,0,0,69,0,0,0,0,0,0,13724,1072,329,0,329,0,339,339,100,1,1,0,999,999,40,0,25,0,0,0,0,0,0,0,0,0,0,100,2688,2816,100,0,0,0,0,0,0,0,0,0,0,0,0,0,0,0,0,0,0,0,0,160
450149,3275,529,90,46,9999,0,0,978,0,0,0,4185,4092,0,0,62,0,8,7,1920,599,2000,1,0,4,73,72,54787,13582,314,593,101,64,385,0,39,1,73,4,4,0,10,0,0,0,0,0,2688,2816,2688,2816,4128,2208,7146,1623,0,0,0,0,100,66,37,30,32,62,66,65,0,0,67,0,0,0,0,0,0,13724,1072,329,0,329,0,339,339,100,1,1,0,999,999,40,0,25,0,0,0,0,0,0,0,0,0,0,100,2688,2816,100,0,0,0,0,0,0,0,0,0,0,0,0,0,0,0,0,0,0,0,0,160
451149,3275,529,90,46,9999,0,0,903,0,0,0,4185,3779,0,0,62,0,8,7,1920,599,2000,1,0,4,73,72,57693,13633,326,606,123,63,332,0,67,0,73,4,4,0,10,0,0,0,0,0,2688,2816,2688,2816,4128,2208,8132,1600,0,0,0,0,100,67,36,29,33,64,67,61,0,0,66,0,0,0,0,0,0,13724,1072,329,0,329,0,339,339,100,0,0,0,999,999,40,0,25,0,0,0,0,0,0,0,0,0,0,100,2688,2816,100,0,0,0,0,0,0,0,0,0,0,0,0,0,0,0,0,0,0,0,0,160
452150,3275,529,90,46,9999,0,0,1155,0,0,0,4185,4833,0,0,62,0,8,7,1920,599,2000,1,0,4,71,72,56985,13645,333,572,128,63,370,0,72,0,73,4,4,0,10,0,0,0,0,0,2688,2816,2688,2816,4128,2208,7512,1632,0,0,0,0,100,66,33,31,31,63,62,66,0,0,66,0,0,0,0,0,0,13724,1072,329,0,329,0,339,339,100,0,0,0,999,999,40,0,25,0,0,0,0,0,0,0,0,0,0,100,2688,2816,100,0,0,0,0,0,0,0,0,0,0,0,0,0,0,0,0,0,0,0,0,160
453149,3275,529,90,46,9999,0,0,1015,0,0,0,4185,4247,0,0,62,0,8,7,1920,599,2000,1,0,4,71,72,52695,13766,338,623,88,63,299,0,59,3,72,4,4,0,10,0,0,0,0,0,2688,2816,2688,2816,4128,2208,8492,1569,0,0,0,0,100,62,33,28,31,60,61,62,0,0,71,0,0,0,0,0,0,13724,1072,329,0,329,0,339,339,100,2,1,0,999,999,40,0,25,0,0,0,0,0,0,0,0,0,0,100,2688,2816,100,0,0,0,0,0,0,0,0,0,0,0,0,0,0,0,0,0,0,0,0,160
454150,3275,529,90,46,9999,0,0,1100,0,0,0,4185,4603,0,0,62,0,8,7,1920,599,2000,1,0,4,69,72,50838,13658,345,601,120,65,362,0,47,3,72,4,4,0,10,0,0,0,0,0,2688,2816,2688,2816,4128,2208,10249,1610,0,0,0,0,100,65,38,33,32,63,63,65,0,0,73,0,0,0,0,0,0,13724,1072,329,0,329,0,339,339,100,2,1,0,999,999,40,0,25,0,0,0,0,0,0,0,0,0,0,100,2688,2816,100,0,0,0,0,0,0,0,0,0,0,0,0,0,0,0,0,0,0,0,0,160
455150,3275,529,89,45,9999,0,0,1043,0,0,0,4179,4358,0,0,62,0,8,7,1920,599,2000,1,0,4,65,72,50773,13674,303,672,120,63,339,0,29,7,73,4,4,0,10,0,0,0,0,0,2688,2816,2688,2816,4128,2208,9157,1686,0,0,0,0,100,68,35,31,31,59,60,68,0,0,73,0,0,0,0,0,0,13724,1072,329,0,329,0,339,339,100,3,2,0,999,999,40,0,25,0,0,0,0,0,0,0,0,0,0,100,2688,2816,100,0,0,0,0,0,0,0,0,0,0,0,0,0,0,0,0,0,0,0,0,160
456150,3275,529,89,45,9999,0,0,1108,0,0,0,4179,4630,0,0,62,0,8,7,1920,599,2000,1,0,4,68,72,46474,13744,312,639,135,64,344,0,32,10,73,4,4,0,10,0,0,0,0,0,2688,2816,2688,2816,4128,2208,8353,1601,0,0,0,0,100,76,50,45,47,66,69,76,0,0,74,0,0,0,0,0,0,13724,1072,329,0,329,0,339,339,100,2,1,0,999,999,40,0,25,0,0,0,0,0,0,0,0,0,0,100,2688,2816,100,0,0,0,0,0,0,0,0,0,0,0,0,0,0,0,0,0,0,0,0,160
457153,3275,529,89,45,9999,0,0,1026,0,0,0,4179,4287,0,0,62,0,8,7,1920,599,2000,1,0,4,70,72,48143,13802,679,648,114,64,319,0,13,10,72,4,4,0,10,0,0,0,0,0,2688,2816,2688,2816,4128,2208,7521,1720,0,0,0,0,100,66,40,31,35,66,60,63,0,0,71,0,0,0,0,0,0,13724,1072,329,0,329,0,339,339,100,2,1,0,999,999,40,0,25,0,0,0,0,0,0,0,0,0,0,100,2688,2816,100,0,0,0,0,0,0,0,0,0,0,0,0,0,0,0,0,0,0,0,0,160
458152,3275,529,89,45,9999,0,0,1134,0,0,0,4179,4738,0,0,62,0,8,7,1920,599,2000,1,0,4,71,72,56447,13688,299,596,100,63,329,0,54,3,73,4,4,0,10,0,0,0,0,0,2688,2816,2688,2816,4128,2208,7413,1746,0,0,0,0,100,67,39,35,32,63,63,67,0,0,68,0,0,0,0,0,0,13724,1072,329,0,329,0,339,339,100,2,1,0,999,999,40,0,25,0,0,0,0,0,0,0,0,0,0,100,2688,2816,100,0,0,0,0,0,0,0,0,0,0,0,0,0,0,0,0,0,0,0,0,160
459178,3252,530,89,45,9999,0,0,985,0,0,0,4179,4116,0,0,62,0,8,7,1920,599,2000,1,0,4,71,72,51525,13694,358,574,105,64,324,0,64,2,73,4,4,0,10,0,0,0,0,0,2688,2816,2688,2816,4128,2208,8456,1810,0,0,0,0,100,71,44,33,36,67,59,71,0,0,72,0,0,0,0,0,0,13726,1082,331,0,331,0,341,341,100,2,1,0,999,999,40,0,25,0,0,0,0,0,0,0,0,0,0,100,2688,2816,100,0,0,0,0,0,0,0,0,0,0,0,0,0,0,0,0,0,0,0,0,160
460151,3252,530,89,45,9999,0,0,1195,0,0,0,4180,4995,0,0,62,0,8,7,1920,599,2000,1,0,4,72,72,51527,13776,333,563,100,65,350,0,28,2,73,4,4,0,10,0,0,0,0,0,2688,2816,2688,2816,4128,2208,6899,1690,0,0,0,0,100,64,38,36,32,59,64,63,0,0,69,0,0,0,0,0,0,13726,1082,331,0,331,0,341,341,100,1,1,0,999,999,40,0,25,0,0,0,0,0,0,0,0,0,0,100,2688,2816,100,0,0,0,0,0,0,0,0,0,0,0,0,0,0,0,0,0,0,0,0,160
461150,3252,530,89,45,9999,0,0,1049,0,0,0,4180,4384,0,0,62,0,8,7,1920,599,2000,1,0,4,71,72,56779,13746,290,688,194,63,328,0,65,1,72,4,4,0,10,0,0,0,0,0,2688,2816,2688,2816,4128,2208,7332,1703,0,0,0,0,100,63,38,32,32,62,61,63,0,0,68,0,0,0,0,0,0,13726,1082,331,0,331,0,341,341,100,1,1,0,999,999,40,0,25,0,0,0,0,0,0,0,0,0,0,100,2688,2816,100,0,0,0,0,0,0,0,0,0,0,0,0,0,0,0,0,0,0,0,0,160
462151,3252,530,89,45,9999,0,0,940,0,0,0,4180,3929,0,0,62,0,8,7,1920,599,2000,1,0,4,72,72,54147,13698,305,590,101,63,315,0,58,2,72,4,4,0,10,0,0,0,0,0,2688,2816,2688,2816,4128,2208,7488,1739,0,0,0,0,100,63,36,31,28,62,61,63,0,0,68,0,0,0,0,0,0,13726,1082,331,0,331,0,341,341,100,1,1,0,999,999,40,0,25,0,0,0,0,0,0,0,0,0,0,100,2688,2816,100,0,0,0,0,0,0,0,0,0,0,0,0,0,0,0,0,0,0,0,0,160
463151,3252,530,89,45,9999,0,0,1003,0,0,0,4180,4192,0,0,62,0,8,7,1920,599,2000,1,0,4,68,72,54907,13711,315,600,127,63,413,0,59,2,73,4,4,0,10,0,0,0,0,0,2688,2816,2688,2816,4128,2208,7741,1729,0,0,0,0,100,65,35,30,28,63,61,65,0,0,66,0,0,0,0,0,0,13726,1082,331,0,331,0,341,341,100,1,1,0,999,999,40,0,25,0,0,0,0,0,0,0,0,0,0,100,2688,2816,100,0,0,0,0,0,0,0,0,0,0,0,0,0,0,0,0,0,0,0,0,160
464152,3252,530,89,45,9999,0,0,1247,0,0,0,4180,5212,0,0,62,0,8,7,1920,599,2000,1,0,4,71,72,50793,13784,328,626,134,64,396,0,39,10,72,4,4,0,10,0,0,0,0,0,2688,2816,2688,2816,4128,2208,7585,1842,0,0,0,0,100,66,38,31,32,64,66,66,0,0,67,0,0,0,0,0,0,13726,1082,331,0,331,0,341,341,100,2,1,0,999,999,40,0,25,0,0,0,0,0,0,0,0,0,0,100,2688,2816,100,0,0,0,0,0,0,0,0,0,0,0,0,0,0,0,0,0,0,0,0,160
465152,3252,530,89,45,9999,0,0,1068,0,0,0,4180,4464,0,0,62,0,8,7,1920,599,2000,1,0,4,69,72,50763,13791,307,584,125,64,422,0,22,3,72,4,4,0,10,0,0,0,0,0,2688,2816,2688,2816,4128,2208,7995,1743,0,0,0,0,100,74,51,52,51,62,74,71,0,0,68,0,0,0,0,0,0,13726,1082,331,0,331,0,341,341,100,2,1,0,999,999,40,0,25,0,0,0,0,0,0,0,0,0,0,100,2688,2816,100,0,0,0,0,0,0,0,0,0,0,0,0,0,0,0,0,0,0,0,0,160
466151,3252,530,89,45,9999,0,0,1014,0,0,0,4180,4238,0,0,62,0,8,7,1920,599,2000,1,0,4,72,72,58542,13828,348,714,116,65,412,0,55,7,73,4,4,0,10,0,0,0,0,0,2688,2816,2688,2816,4128,2208,7978,1703,0,0,0,0,100,65,46,42,39,61,65,60,0,0,68,0,0,0,0,0,0,13726,1082,331,0,331,0,341,341,100,2,1,0,999,999,40,0,25,0,0,0,0,0,0,0,0,0,0,100,2688,2816,100,0,0,0,0,0,0,0,0,0,0,0,0,0,0,0,0,0,0,0,0,160
467151,3252,530,89,45,9999,0,0,1080,0,0,0,4180,4514,0,0,62,0,8,7,1920,599,2000,1,0,4,72,72,56444,13822,360,689,112,63,345,0,69,0,72,4,4,0,10,0,0,0,0,0,2688,2816,2688,2816,4128,2208,9332,1757,0,0,0,0,100,66,34,26,31,55,64,66,0,0,71,0,0,0,0,0,0,13726,1082,331,0,331,0,341,341,100,0,0,0,999,999,40,0,25,0,0,0,0,0,0,0,0,0,0,100,2688,2816,100,0,0,0,0,0,0,0,0,0,0,0,0,0,0,0,0,0,0,0,0,160
468152,3252,530,89,45,9999,0,0,901,0,0,0,4180,3766,0,0,62,0,8,7,1920,599,2000,1,0,4,72,72,56648,13761,358,605,103,65,361,0,58,2,72,4,4,0,10,0,0,0,0,0,2688,2816,2688,2816,4128,2208,7054,1715,0,0,0,0,100,68,35,31,34,61,68,65,0,0,70,0,0,0,0,0,0,13726,1082,331,0,331,0,341,341,100,1,1,0,999,999,40,0,25,0,0,0,0,0,0,0,0,0,0,100,2688,2816,100,0,0,0,0,0,0,0,0,0,0,0,0,0,0,0,0,0,0,0,0,160
469152,3252,530,89,45,9999,0,0,980,0,0,0,4180,4096,0,0,62,0,8,7,1920,599,2000,1,0,4,70,72,55906,13828,300,694,122,63,410,0,69,0,73,4,4,0,10,0,0,0,0,0,2688,2816,2688,2816,4128,2208,7358,1794,0,0,0,0,100,71,38,32,35,60,71,60,0,0,67,0,0,0,0,0,0,13726,1082,331,0,331,0,341,341,100,0,0,0,999,999,40,0,25,0,0,0,0,0,0,0,0,0,0,100,2688,2816,100,0,0,0,0,0,0,0,0,0,0,0,0,0,0,0,0,0,0,0,0,160
470153,3252,530,89,45,9999,0,0,1060,0,0,0,4193,4444,0,0,62,0,8,7,1920,599,2000,1,0,4,72,72,55954,13776,316,677,101,64,353,0,62,2,72,4,4,0,10,0,0,0,0,0,2688,2816,2688,2816,4128,2208,7353,1688,0,0,0,0,100,67,38,35,37,61,65,67,0,0,67,0,0,0,0,0,0,13726,1082,331,0,331,0,341,341,100,1,1,0,999,999,40,0,25,0,0,0,0,0,0,0,0,0,0,100,2688,2816,100,0,0,0,0,0,0,0,0,0,0,0,0,0,0,0,0,0,0,0,0,160
471152,3252,530,89,45,9999,0,0,899,0,0,0,4193,3769,0,0,62,0,8,7,1920,599,2000,1,0,4,72,72,57630,13749,347,649,108,63,321,0,59,1,73,4,4,0,10,0,0,0,0,0,2688,2816,2688,2816,4128,2208,7664,1692,0,0,0,0,100,66,37,31,29,61,66,64,0,0,67,0,0,0,0,0,0,13726,1082,331,0,331,0,341,341,100,1,1,0,999,999,40,0,25,0,0,0,0,0,0,0,0,0,0,100,2688,2816,100,0,0,0,0,0,0,0,0,0,0,0,0,0,0,0,0,0,0,0,0,160
472152,3252,530,89,45,9999,0,0,850,0,0,0,4193,3564,0,0,62,0,8,7,1920,599,2000,1,0,4,73,72,56963,13682,378,561,100,63,324,0,68,0,73,4,4,0,10,0,0,0,0,0,2688,2816,2688,2816,4128,2208,7577,1694,0,0,0,0,100,67,37,32,32,58,67,64,0,0,68,0,0,0,0,0,0,13726,1082,331,0,331,0,341,341,100,0,0,0,999,999,40,0,25,0,0,0,0,0,0,0,0,0,0,100,2688,2816,100,0,0,0,0,0,0,0,0,0,0,0,0,0,0,0,0,0,0,0,0,160
473154,3252,530,89,45,9999,0,0,1022,0,0,0,4193,4285,0,0,62,0,8,7,1920,599,2000,1,0,4,73,72,56963,13759,326,593,98,64,356,0,58,0,73,4,4,0,10,0,0,0,0,0,2688,2816,2688,2816,4128,2208,7347,1627,0,0,0,0,100,72,35,31,32,60,69,72,0,0,67,0,0,0,0,0,0,13726,1082,331,0,331,0,341,341,100,0,0,0,999,999,40,0,25,0,0,0,0,0,0,0,0,0,0,100,2688,2816,100,0,0,0,0,0,0,0,0,0,0,0,0,0,0,0,0,0,0,0,0,160
474154,3252,530,89,45,9999,0,0,1026,0,0,0,4193,4302,0,0,62,0,8,7,1920,599,2000,1,0,4,73,72,52663,13713,316,637,117,63,354,0,61,0,73,4,4,0,10,0,0,0,0,0,2688,2816,2688,2816,4128,2208,7009,1657,0,0,0,0,100,70,39,35,35,62,67,70,0,0,68,0,0,0,0,0,0,13726,1082,331,0,331,0,341,341,100,0,0,0,999,999,40,0,25,0,0,0,0,0,0,0,0,0,0,100,2688,2816,100,0,0,0,0,0,0,0,0,0,0,0,0,0,0,0,0,0,0,0,0,160
475157,3252,530,89,45,9999,0,0,871,0,0,0,4187,3646,0,0,62,0,8,7,1920,599,2000,1,0,4,73,72,54546,13722,341,621,103,64,338,0,64,0,73,4,4,0,10,0,0,0,0,0,2688,2816,2688,2816,4128,2208,8237,1728,0,0,0,0,100,73,37,31,32,69,73,73,0,0,68,0,0,0,0,0,0,13726,1082,331,0,331,0,341,341,100,0,0,0,999,999,40,0,25,0,0,0,0,0,0,0,0,0,0,100,2688,2816,100,0,0,0,0,0,0,0,0,0,0,0,0,0,0,0,0,0,0,0,0,160
476154,3252,530,89,45,9999,0,0,1060,0,0,0,4187,4438,0,0,62,0,8,7,1920,599,2000,1,0,4,68,72,55915,13779,438,606,102,64,368,0,41,11,73,4,4,0,10,0,0,0,0,0,2688,2816,2688,2816,4128,2208,8201,1682,0,0,0,0,100,76,40,37,36,76,72,74,0,0,64,0,0,0,0,0,0,13726,1082,331,0,331,0,341,341,100,3,1,0,999,999,40,0,25,0,0,0,0,0,0,0,0,0,0,100,2688,2816,100,0,0,0,0,0,0,0,0,0,0,0,0,0,0,0,0,0,0,0,0,160
477155,3252,530,89,45,9999,0,0,1012,0,0,0,4187,4237,0,0,62,0,8,7,1920,599,2000,1,0,4,61,72,53965,13856,480,659,128,63,412,0,40,25,73,4,4,0,10,0,0,0,0,0,2688,2816,2688,2816,4128,2208,6275,1683,0,0,0,0,100,82,43,37,34,79,80,82,0,0,57,0,0,0,0,0,0,13726,1082,331,0,331,0,341,341,100,8,2,0,999,999,40,0,25,0,0,0,0,0,0,0,0,0,0,100,2688,2816,100,0,0,0,0,0,0,0,0,0,0,0,0,0,0,0,0,0,0,0,0,160
478159,3252,530,89,45,9999,0,0,893,0,0,0,4187,3738,0,0,62,0,8,7,1920,599,2000,1,0,4,59,72,55977,13809,336,683,106,63,400,0,36,11,72,4,4,0,10,0,0,0,0,0,2688,2816,2688,2816,4128,2208,8411,1728,0,0,0,0,100,87,41,36,36,86,84,87,0,0,60,0,0,0,0,0,0,13726,1082,331,0,331,0,341,341,100,2,1,0,999,999,40,0,25,0,0,0,0,0,0,0,0,0,0,100,2688,2816,100,0,0,0,0,0,0,0,0,0,0,0,0,0,0,0,0,0,0,0,0,160
479199,3257,529,89,45,9999,0,0,1008,0,0,0,4187,4220,0,0,62,0,8,7,1920,599,2000,1,0,4,64,72,52365,13671,338,601,106,64,322,0,32,15,72,4,4,0,10,0,0,0,0,0,2688,2816,2688,2816,4128,2208,8449,1716,0,0,0,0,100,86,44,39,35,82,86,82,0,0,63,0,0,0,0,0,0,13724,1072,329,0,329,0,339,339,100,3,2,0,999,999,40,0,25,0,0,0,0,0,0,0,0,0,0,100,2688,2816,100,0,0,0,0,0,0,0,0,0,0,0,0,0,0,0,0,0,0,0,0,160
480156,3257,529,89,46,9999,0,0,1223,0,0,0,4182,5114,0,0,62,0,8,7,1920,599,2000,1,0,4,57,72,53323,13707,363,605,112,64,359,0,19,21,73,4,4,0,10,0,0,0,0,0,2688,2816,2688,2816,4128,2208,8201,1650,0,0,0,0,100,85,40,37,36,85,83,85,0,0,61,0,0,0,0,0,0,13724,1072,329,0,329,0,339,339,100,4,2,0,999,999,40,0,25,0,0,0,0,0,0,0,0,0,0,100,2688,2816,100,0,0,0,0,0,0,0,0,0,0,0,0,0,0,0,0,0,0,0,0,160
481157,3257,529,89,46,9999,0,0,1004,0,0,0,4182,4198,0,0,62,0,8,7,1920,599,2000,1,0,4,59,72,50967,13757,317,643,127,63,460,0,22,20,73,4,4,0,10,0,0,0,0,0,2688,2816,2688,2816,4128,2208,8082,1638,0,0,0,0,100,86,45,39,36,85,85,86,0,0,64,0,0,0,0,0,0,13724,1072,329,0,329,0,339,339,100,5,1,0,999,999,40,0,25,0,0,0,0,0,0,0,0,0,0,100,2688,2816,100,0,0,0,0,0,0,0,0,0,0,0,0,0,0,0,0,0,0,0,0,160
482159,3257,529,89,46,9999,0,0,1127,0,0,0,4182,4713,0,0,62,0,8,7,1920,599,2000,1,0,4,62,72,48370,13770,358,651,170,63,351,0,16,16,72,4,4,0,10,0,0,0,0,0,2688,2816,2688,2816,4128,2208,8581,1713,0,0,0,0,100,83,41,37,38,82,82,83,0,0,59,0,0,0,0,0,0,13724,1072,329,0,329,0,339,339,100,3,1,0,999,999,40,0,25,0,0,0,0,0,0,0,0,0,0,100,2688,2816,100,0,0,0,0,0,0,0,0,0,0,0,0,0,0,0,0,0,0,0,0,160
483156,3257,529,89,46,9999,0,0,1147,0,0,0,4182,4796,0,0,62,0,8,7,1920,599,2000,1,0,4,57,72,55556,13687,333,620,143,63,430,0,31,21,72,4,4,0,10,0,0,0,0,0,2688,2816,2688,2816,4128,2208,8498,1758,0,0,0,0,100,86,45,43,39,84,86,84,0,0,63,0,0,0,0,0,0,13724,1072,329,0,329,0,339,339,100,3,2,0,999,999,40,0,25,0,0,0,0,0,0,0,0,0,0,100,2688,2816,100,0,0,0,0,0,0,0,0,0,0,0,0,0,0,0,0,0,0,0,0,160
484157,3257,529,89,46,9999,0,0,984,0,0,0,4182,4115,0,0,62,0,8,7,1920,599,2000,1,0,4,58,72,53916,13765,358,612,112,64,353,0,28,17,72,4,4,0,10,0,0,0,0,0,2688,2816,2688,2816,4128,2208,6870,1738,0,0,0,0,100,87,44,37,38,84,82,87,0,0,63,0,0,0,0,0,0,13724,1072,329,0,329,0,339,339,100,4,1,0,999,999,40,0,25,0,0,0,0,0,0,0,0,0,0,100,2688,2816,100,0,0,0,0,0,0,0,0,0,0,0,0,0,0,0,0,0,0,0,0,160
485157,3257,529,89,46,9999,0,0,1212,0,0,0,4182,5068,0,0,62,0,8,7,1920,599,2000,1,0,4,63,72,52260,13906,329,679,110,64,337,0,31,15,72,4,4,0,10,0,0,0,0,0,2688,2816,2688,2816,4128,2208,7616,1753,0,0,0,0,100,85,42,38,36,85,79,84,0,0,61,0,0,0,0,0,0,13724,1072,329,0,329,0,339,339,100,3,1,0,999,999,40,0,25,0,0,0,0,0,0,0,0,0,0,100,2688,2816,100,0,0,0,0,0,0,0,0,0,0,0,0,0,0,0,0,0,0,0,0,160
486160,3257,529,89,46,9999,0,0,979,0,0,0,4182,4094,0,0,62,0,8,7,1920,599,2000,1,0,4,61,72,51355,13863,317,694,139,63,428,0,18,15,73,4,4,0,10,0,0,0,0,0,2688,2816,2688,2816,4128,2208,7689,1684,0,0,0,0,100,88,55,54,53,87,88,87,0,0,62,0,0,0,0,0,0,13724,1072,329,0,329,0,339,339,100,3,1,0,999,999,40,0,25,0,0,0,0,0,0,0,0,0,0,100,2688,2816,100,0,0,0,0,0,0,0,0,0,0,0,0,0,0,0,0,0,0,0,0,160
487156,3257,529,89,46,9999,0,0,879,0,0,0,4182,3675,0,0,62,0,8,7,1920,599,2000,1,0,4,62,72,52486,13867,367,697,107,64,318,0,29,12,72,4,4,0,10,0,0,0,0,0,2688,2816,2688,2816,4128,2208,7426,1761,0,0,0,0,100,85,48,45,44,83,85,85,0,0,65,0,0,0,0,0,0,13724,1072,329,0,329,0,339,339,100,2,1,0,999,999,40,0,25,0,0,0,0,0,0,0,0,0,0,100,2688,2816,100,0,0,0,0,0,0,0,0,0,0,0,0,0,0,0,0,0,0,0,0,160
488168,3257,529,89,46,9999,0,0,843,0,0,0,4182,3525,0,0,62,0,8,7,1920,599,2000,1,0,4,64,72,51253,13824,362,666,119,64,409,0,33,12,73,4,4,0,10,0,0,0,0,0,2688,2816,2688,2816,4128,2208,7602,1773,0,0,0,0,100,85,41,36,35,84,83,85,0,0,62,0,0,0,0,0,0,13724,1072,329,0,329,0,339,339,100,2,1,0,999,999,40,0,25,0,0,0,0,0,0,0,0,0,0,100,2688,2816,100,0,0,0,0,0,0,0,0,0,0,0,0,0,0,0,0,0,0,0,0,160
489157,3257,529,89,46,9999,0,0,944,0,0,0,4182,3947,0,0,62,0,8,7,1920,599,2000,1,0,4,57,72,51617,13835,346,656,109,63,443,0,27,24,73,4,4,0,10,0,0,0,0,0,2688,2816,2688,2816,4128,2208,7415,1784,0,0,0,0,100,84,44,40,39,80,84,81,0,0,57,0,0,0,0,0,0,13724,1072,329,0,329,0,339,339,100,8,2,0,999,999,40,0,25,0,0,0,0,0,0,0,0,0,0,100,2688,2816,100,0,0,0,0,0,0,0,0,0,0,0,0,0,0,0,0,0,0,0,0,160
490157,3257,529,89,46,9999,0,0,1135,0,0,0,4187,4752,0,0,62,0,8,7,1920,599,2000,1,0,4,54,72,56299,13761,315,650,129,64,440,0,24,28,73,4,4,0,10,0,0,0,0,0,2688,2816,2688,2816,4128,2208,6960,1761,0,0,0,0,100,85,42,35,34,82,85,81,0,0,54,0,0,0,0,0,0,13724,1072,329,0,329,0,339,339,100,9,2,0,999,999,40,0,25,0,0,0,0,0,0,0,0,0,0,100,2688,2816,100,0,0,0,0,0,0,0,0,0,0,0,0,0,0,0,0,0,0,0,0,160
491157,3257,529,89,46,9999,0,0,992,0,0,0,4187,4153,0,0,62,0,8,7,1920,599,2000,1,0,4,58,72,54267,13750,349,654,133,64,367,0,36,11,72,4,4,0,10,0,0,0,0,0,2688,2816,2688,2816,4128,2208,6966,1653,0,0,0,0,100,84,38,35,34,81,80,84,0,0,54,0,0,0,0,0,0,13724,1072,329,0,329,0,339,339,100,2,1,0,999,999,40,0,25,0,0,0,0,0,0,0,0,0,0,100,2688,2816,100,0,0,0,0,0,0,0,0,0,0,0,0,0,0,0,0,0,0,0,0,160
492161,3257,529,89,46,9999,0,0,905,0,0,0,4187,3789,0,0,62,0,8,7,1920,599,2000,1,0,4,59,72,50087,13738,357,640,98,64,331,0,28,19,72,4,4,0,10,0,0,0,0,0,2688,2816,2688,2816,4128,2208,7290,1603,0,0,0,0,100,85,42,32,38,81,84,85,0,0,55,0,0,0,0,0,0,13724,1072,329,0,329,0,339,339,100,2,1,0,999,999,40,0,25,0,0,0,0,0,0,0,0,0,0,100,2688,2816,100,0,0,0,0,0,0,0,0,0,0,0,0,0,0,0,0,0,0,0,0,160
493162,3257,529,89,46,9999,0,0,1008,0,0,0,4187,4220,0,0,62,0,8,7,1920,599,2000,1,0,4,63,72,51816,13852,399,677,138,64,437,0,21,21,73,4,4,0,10,0,0,0,0,0,2688,2816,2688,2816,4128,2208,7181,1590,0,0,0,0,100,85,44,41,39,82,85,84,0,0,55,0,0,0,0,0,0,13724,1072,329,0,329,0,339,339,100,5,1,0,999,999,40,0,25,0,0,0,0,0,0,0,0,0,0,100,2688,2816,100,0,0,0,0,0,0,0,0,0,0,0,0,0,0,0,0,0,0,0,0,160
494162,3257,529,89,46,9999,0,0,843,0,0,0,4187,3529,0,0,62,0,8,7,1920,599,2000,1,0,4,55,72,50742,13847,320,718,105,63,374,0,33,25,73,4,4,0,10,0,0,0,0,0,2688,2816,2688,2816,4128,2208,7304,1718,0,0,0,0,100,84,44,37,38,81,84,83,0,0,55,0,0,0,0,0,0,13724,1072,329,0,329,0,339,339,100,7,2,0,999,999,40,0,25,0,0,0,0,0,0,0,0,0,0,100,2688,2816,100,0,0,0,0,0,0,0,0,0,0,0,0,0,0,0,0,0,0,0,0,160
495164,3257,529,89,46,9999,0,0,935,0,0,0,4187,3914,0,0,62,0,8,7,1920,599,2000,1,0,4,53,72,55108,13739,332,728,150,64,438,0,34,26,73,4,4,0,10,0,0,0,0,0,2688,2816,2688,2816,4128,2208,7189,1661,0,0,0,0,100,87,45,38,38,84,87,85,0,0,53,0,0,0,0,0,0,13724,1072,329,0,329,0,339,339,100,6,2,0,999,999,40,0,25,0,0,0,0,0,0,0,0,0,0,100,2688,2816,100,0,0,0,0,0,0,0,0,0,0,0,0,0,0,0,0,0,0,0,0,160
496165,3257,529,89,46,9999,0,0,1195,0,0,0,4187,5003,0,0,62,0,8,7,1920,599,2000,1,0,4,53,72,53851,13858,540,729,107,63,313,0,16,22,72,4,4,0,10,0,0,0,0,0,2688,2816,2688,2816,4128,2208,7357,1722,0,0,0,0,100,87,45,39,39,87,86,85,0,0,56,0,0,0,0,0,0,13724,1072,329,0,329,0,339,339,100,6,5,0,999,999,40,0,25,0,0,0,0,0,0,0,0,0,0,100,2688,2816,100,0,0,0,0,0,0,0,0,0,0,0,0,0,0,0,0,0,0,0,0,160
497163,3257,529,89,46,9999,0,0,1044,0,0,0,4187,4371,0,0,62,0,8,7,1920,599,2000,1,0,4,60,72,51830,13808,338,620,89,64,352,0,19,20,72,4,4,0,10,0,0,0,0,0,2688,2816,2688,2816,4128,2208,7369,1755,0,0,0,0,100,88,39,35,35,85,86,88,0,0,59,0,0,0,0,0,0,13724,1072,329,0,329,0,339,339,100,2,1,0,999,999,40,0,25,0,0,0,0,0,0,0,0,0,0,100,2688,2816,100,0,0,0,0,0,0,0,0,0,0,0,0,0,0,0,0,0,0,0,0,160
498163,3257,529,89,46,9999,0,0,847,0,0,0,4187,3546,0,0,62,0,8,7,1920,599,2000,1,0,4,59,72,52339,13760,326,576,109,63,317,0,36,18,73,4,4,0,10,0,0,0,0,0,2688,2816,2688,2816,4128,2208,7721,1726,0,0,0,0,100,87,41,37,34,85,86,87,0,0,61,0,0,0,0,0,0,13724,1072,329,0,329,0,339,339,100,5,1,0,999,999,40,0,25,0,0,0,0,0,0,0,0,0,0,100,2688,2816,100,0,0,0,0,0,0,0,0,0,0,0,0,0,0,0,0,0,0,0,0,160
499223,3259,530,89,46,9999,0,0,931,0,0,0,4187,3898,0,0,62,0,8,7,1920,599,2000,1,0,4,57,72,52325,13692,309,626,115,64,355,0,15,24,72,4,4,0,10,0,0,0,0,0,2688,2816,2688,2816,4128,2208,8477,1794,0,0,0,0,100,89,45,35,36,83,86,89,0,0,56,0,0,0,0,0,0,13726,1079,331,0,331,0,341,341,100,5,2,0,999,999,40,0,25,0,0,0,0,0,0,0,0,0,0,100,2688,2816,100,0,0,0,0,0,0,0,0,0,0,0,0,0,0,0,0,0,0,0,0,160
500163,3259,530,89,46,9999,0,0,814,0,0,0,4172,3396,0,0,62,0,8,7,1920,599,2000,1,0,4,49,72,54571,13682,318,640,127,63,350,0,19,27,73,4,4,0,10,0,0,0,0,0,2688,2816,2688,2816,4128,2208,7508,1736,0,0,0,0,100,88,41,34,34,88,88,88,0,0,54,0,0,0,0,0,0,13726,1079,331,0,331,0,341,341,100,4,2,0,999,999,40,0,25,0,0,0,0,0,0,0,0,0,0,100,2688,2816,100,0,0,0,0,0,0,0,0,0,0,0,0,0,0,0,0,0,0,0,0,160
501167,3259,530,89,46,9999,0,0,824,0,0,0,4172,3437,0,0,62,0,8,7,1920,599,2000,1,0,4,52,72,56131,13892,367,729,104,63,381,0,31,27,72,4,4,0,10,0,0,0,0,0,2688,2816,2688,2816,4128,2208,6045,1643,0,0,0,0,100,88,41,40,38,84,87,88,0,0,50,0,0,0,0,0,0,13726,1079,331,0,331,0,341,341,100,6,2,0,999,999,40,0,25,0,0,0,0,0,0,0,0,0,0,100,2688,2816,100,0,0,0,0,0,0,0,0,0,0,0,0,0,0,0,0,0,0,0,0,160
502164,3259,530,89,46,9999,0,0,1012,0,0,0,4172,4222,0,0,62,0,8,7,1920,599,2000,1,0,4,51,72,51540,13858,286,691,92,63,337,0,26,30,73,4,4,0,10,0,0,0,0,0,2688,2816,2688,2816,4128,2208,6389,1706,0,0,0,0,100,86,39,36,35,79,83,86,0,0,47,0,0,0,0,0,0,13726,1079,331,0,331,0,341,341,100,8,2,0,999,999,40,0,25,0,0,0,0,0,0,0,0,0,0,100,2688,2816,100,0,0,0,0,0,0,0,0,0,0,0,0,0,0,0,0,0,0,0,0,160
503164,3259,530,89,46,9999,0,0,1014,0,0,0,4172,4230,0,0,62,0,8,7,1920,599,2000,1,0,4,51,72,52381,13722,311,618,118,64,346,0,17,27,73,4,4,0,10,0,0,0,0,0,2688,2816,2688,2816,4128,2208,7695,1745,0,0,0,0,100,87,39,36,36,84,85,87,0,0,51,0,0,0,0,0,0,13726,1079,331,0,331,0,341,341,100,3,1,0,999,999,40,0,25,0,0,0,0,0,0,0,0,0,0,100,2688,2816,100,0,0,0,0,0,0,0,0,0,0,0,0,0,0,0,0,0,0,0,0,160
504167,3259,530,89,46,9999,0,0,833,0,0,0,4172,3475,0,0,62,0,8,7,1920,599,2000,1,0,4,53,72,53441,13683,319,663,164,63,359,0,37,20,73,4,4,0,10,0,0,0,0,0,2688,2816,2688,2816,4128,2208,5801,1677,0,0,0,0,100,86,40,35,31,83,86,85,0,0,54,0,0,0,0,0,0,13726,1079,331,0,331,0,341,341,100,8,2,0,999,999,40,0,25,0,0,0,0,0,0,0,0,0,0,100,2688,2816,100,0,0,0,0,0,0,0,0,0,0,0,0,0,0,0,0,0,0,0,0,160
505167,3259,530,89,46,9999,0,0,948,0,0,0,4172,3955,0,0,62,0,8,7,1920,599,2000,1,0,4,65,72,51732,13744,337,673,158,64,329,0,29,12,72,4,4,0,10,0,0,0,0,0,2688,2816,2688,2816,4128,2208,7452,1751,0,0,0,0,100,88,37,36,33,87,86,88,0,0,57,0,0,0,0,0,0,13726,1079,331,0,331,0,341,341,100,5,1,0,999,999,40,0,25,0,0,0,0,0,0,0,0,0,0,100,2688,2816,100,0,0,0,0,0,0,0,0,0,0,0,0,0,0,0,0,0,0,0,0,160
506169,3259,530,89,46,9999,0,0,1260,0,0,0,4172,5256,0,0,62,0,8,7,1920,599,2000,1,0,4,62,72,52832,13799,315,622,113,64,371,0,23,18,73,4,4,0,10,0,0,0,0,0,2688,2816,2688,2816,4128,2208,7249,1754,0,0,0,0,100,87,44,35,33,85,87,86,0,0,53,0,0,0,0,0,0,13726,1079,331,0,331,0,341,341,100,4,1,0,999,999,40,0,25,0,0,0,0,0,0,0,0,0,0,100,2688,2816,100,0,0,0,0,0,0,0,0,0,0,0,0,0,0,0,0,0,0,0,0,160
507169,3259,530,89,46,9999,0,0,810,0,0,0,4172,3379,0,0,62,0,8,7,1920,599,2000,1,0,4,48,72,52537,13756,327,615,122,64,389,0,22,33,72,4,4,0,10,0,0,0,0,0,2688,2816,2688,2816,4128,2208,7111,1788,0,0,0,0,100,87,51,48,45,84,87,86,0,0,52,0,0,0,0,0,0,13726,1079,331,0,331,0,341,341,100,5,4,0,999,999,40,0,25,0,0,0,0,0,0,0,0,0,0,100,2688,2816,100,0,0,0,0,0,0,0,0,0,0,0,0,0,0,0,0,0,0,0,0,160
508168,3259,530,89,46,9999,0,0,934,0,0,0,4172,3896,0,0,62,0,8,7,1920,599,2000,1,0,4,53,72,56159,13712,346,620,119,64,335,0,24,22,72,4,4,0,10,0,0,0,0,0,2688,2816,2688,2816,4128,2208,6484,1775,0,0,0,0,100,87,49,44,40,85,85,87,0,0,50,0,0,0,0,0,0,13726,1079,331,0,331,0,341,341,100,2,1,0,999,999,40,0,25,0,0,0,0,0,0,0,0,0,0,100,2688,2816,100,0,0,0,0,0,0,0,0,0,0,0,0,0,0,0,0,0,0,0,0,160
509178,3259,530,89,46,9999,0,0,1016,0,0,0,4172,4238,0,0,62,0,8,7,1920,599,2000,1,0,4,54,72,53621,13794,332,733,160,63,360,0,38,20,73,4,4,0,10,0,0,0,0,0,2688,2816,2688,2816,4128,2208,6202,1675,0,0,0,0,100,87,39,39,32,87,85,87,0,0,55,0,0,0,0,0,0,13726,1079,331,0,331,0,341,341,100,4,2,0,999,999,40,0,25,0,0,0,0,0,0,0,0,0,0,100,2688,2816,100,0,0,0,0,0,0,0,0,0,0,0,0,0,0,0,0,0,0,0,0,160
510169,3259,530,89,46,9999,0,0,937,0,0,0,4185,3921,0,0,62,0,8,7,1920,599,2000,1,0,4,63,72,52082,13771,342,694,120,64,367,0,39,18,72,4,4,0,10,0,0,0,0,0,2688,2816,2688,2816,4128,2208,7114,1732,0,0,0,0,100,86,38,30,31,83,86,84,0,0,54,0,0,0,0,0,0,13726,1079,331,0,331,0,341,341,100,4,1,0,999,999,40,0,25,0,0,0,0,0,0,0,0,0,0,100,2688,2816,100,0,0,0,0,0,0,0,0,0,0,0,0,0,0,0,0,0,0,0,0,160
511169,3259,530,89,46,9999,0,0,875,0,0,0,4190,3666,0,0,62,0,8,7,1920,599,2000,1,0,4,57,72,53900,13684,323,618,105,63,313,0,30,26,72,4,4,0,10,0,0,0,0,0,2688,2816,2688,2816,4128,2208,6809,1683,0,0,0,0,100,81,38,35,32,81,80,77,0,0,50,0,0,0,0,0,0,13726,1079,331,0,331,0,341,341,100,13,11,0,999,999,40,0,25,0,0,0,0,0,0,0,0,0,0,100,2688,2816,100,0,0,0,0,0,0,0,0,0,0,0,0,0,0,0,0,0,0,0,0,160
512168,3259,530,89,46,9999,0,0,1023,0,0,0,4190,4286,0,0,62,0,8,7,1920,599,2000,1,0,4,54,72,50832,13768,341,633,100,65,352,0,34,15,73,4,4,0,10,0,0,0,0,0,2688,2816,2688,2816,4128,2208,6579,1761,0,0,0,0,100,84,40,36,33,82,84,80,0,0,56,0,0,0,0,0,0,13726,1079,331,0,331,0,341,341,100,2,1,0,999,999,40,0,25,0,0,0,0,0,0,0,0,0,0,100,2688,2816,100,0,0,0,0,0,0,0,0,0,0,0,0,0,0,0,0,0,0,0,0,160
513172,3259,530,89,46,9999,0,0,949,0,0,0,4190,3976,0,0,62,0,8,7,1920,599,2000,1,0,4,64,72,47317,13769,365,611,124,64,344,0,11,16,73,4,4,0,10,0,0,0,0,0,2688,2816,2688,2816,4128,2208,7705,1771,0,0,0,0,100,82,41,34,35,80,82,76,0,0,59,0,0,0,0,0,0,13726,1079,331,0,331,0,341,341,100,7,7,0,999,999,40,0,25,0,0,0,0,0,0,0,0,0,0,100,2688,2816,100,0,0,0,0,0,0,0,0,0,0,0,0,0,0,0,0,0,0,0,0,160
514171,3259,530,89,46,9999,0,0,823,0,0,0,4190,3448,0,0,62,0,8,7,1920,599,2000,1,0,4,66,72,51145,13850,340,666,109,64,346,0,29,8,72,4,4,0,10,0,0,0,0,0,2688,2816,2688,2816,4128,2208,7048,1779,0,0,0,0,100,81,42,38,35,79,80,81,0,0,64,0,0,0,0,0,0,13726,1079,331,0,331,0,341,341,100,2,1,0,999,999,40,0,25,0,0,0,0,0,0,0,0,0,0,100,2688,2816,100,0,0,0,0,0,0,0,0,0,0,0,0,0,0,0,0,0,0,0,0,160
515168,3259,530,89,46,9999,0,0,923,0,0,0,4190,3867,0,0,62,0,8,7,1920,599,2000,1,0,4,58,72,52912,13729,316,647,105,64,418,0,22,26,72,4,4,0,10,0,0,0,0,0,2688,2816,2688,2816,4128,2208,8454,1760,0,0,0,0,100,85,48,44,46,85,80,81,0,0,59,0,0,0,0,0,0,13726,1079,331,0,331,0,341,341,100,5,2,0,999,999,40,0,25,0,0,0,0,0,0,0,0,0,0,100,2688,2816,100,0,0,0,0,0,0,0,0,0,0,0,0,0,0,0,0,0,0,0,0,160
516170,3259,530,89,46,9999,0,0,978,0,0,0,4190,4097,0,0,62,0,8,7,1920,599,2000,1,0,4,59,72,53208,13796,655,622,104,64,351,0,40,13,73,4,4,0,10,0,0,0,0,0,2688,2816,2688,2816,4128,2208,6762,1686,0,0,0,0,100,85,47,41,41,85,84,85,0,0,57,0,0,0,0,0,0,13726,1079,331,0,331,0,341,341,100,3,1,0,999,999,40,0,25,0,0,0,0,0,0,0,0,0,0,100,2688,2816,100,0,0,0,0,0,0,0,0,0,0,0,0,0,0,0,0,0,0,0,0,160
517174,3259,530,89,46,9999,0,0,937,0,0,0,4190,3926,0,0,62,0,8,7,1920,599,2000,1,0,4,64,72,49119,13725,374,622,108,63,350,0,24,15,73,4,4,0,10,0,0,0,0,0,2688,2816,2688,2816,4128,2208,6440,1658,0,0,0,0,100,86,40,32,35,84,86,86,0,0,58,0,0,0,0,0,0,13726,1079,331,0,331,0,341,341,100,3,1,0,999,999,40,0,25,0,0,0,0,0,0,0,0,0,0,100,2688,2816,100,0,0,0,0,0,0,0,0,0,0,0,0,0,0,0,0,0,0,0,0,160
518173,3259,530,89,46,9999,0,0,1003,0,0,0,4190,4202,0,0,62,0,8,7,1920,599,2000,1,0,4,66,72,49682,13760,356,613,125,64,331,0,33,13,72,4,4,0,10,0,0,0,0,0,2688,2816,2688,2816,4128,2208,7251,1777,0,0,0,0,100,86,46,43,39,85,86,84,0,0,56,0,0,0,0,0,0,13726,1079,331,0,331,0,341,341,100,2,1,0,999,999,40,0,25,0,0,0,0,0,0,0,0,0,0,100,2688,2816,100,0,0,0,0,0,0,0,0,0,0,0,0,0,0,0,0,0,0,0,0,160
519204,3261,529,89,46,9999,0,0,974,0,0,0,4190,4081,0,0,62,0,8,7,1920,599,2000,1,0,4,61,72,50344,13845,287,689,145,63,455,0,27,14,73,4,4,0,10,0,0,0,0,0,2688,2816,2688,2816,4128,2208,6994,1822,0,0,0,0,100,86,44,41,39,86,86,86,0,0,57,0,0,0,0,0,0,13726,1073,329,0,329,0,339,339,100,4,1,0,999,999,40,0,25,0,0,0,0,0,0,0,0,0,0,100,2688,2816,100,0,0,0,0,0,0,0,0,0,0,0,0,0,0,0,0,0,0,0,0,160
520176,3261,529,89,46,9999,0,0,852,0,0,0,4185,3565,0,0,62,0,8,7,1920,599,2000,1,0,4,54,72,52496,13820,331,691,127,64,404,0,23,27,73,4,4,0,10,0,0,0,0,0,2688,2816,2688,2816,4128,2208,6780,1753,0,0,0,0,100,88,39,36,36,84,87,88,0,0,55,0,0,0,0,0,0,13726,1073,329,0,329,0,339,339,100,5,2,0,999,999,40,0,25,0,0,0,0,0,0,0,0,0,0,100,2688,2816,100,0,0,0,0,0,0,0,0,0,0,0,0,0,0,0,0,0,0,0,0,160
521177,3261,529,89,46,9999,0,0,900,0,0,0,4185,3766,0,0,62,0,8,7,1920,599,2000,1,0,4,58,72,50273,13809,343,641,123,65,365,0,21,19,73,4,4,0,10,0,0,0,0,0,2688,2816,2688,2816,4128,2208,7212,1725,0,0,0,0,100,86,44,36,34,86,84,86,0,0,55,0,0,0,0,0,0,13726,1073,329,0,329,0,339,339,100,2,1,0,999,999,40,0,25,0,0,0,0,0,0,0,0,0,0,100,2688,2816,100,0,0,0,0,0,0,0,0,0,0,0,0,0,0,0,0,0,0,0,0,160
522181,3261,529,89,46,9999,0,0,1014,0,0,0,4185,4243,0,0,62,0,8,7,1920,599,2000,1,0,4,54,72,50983,13802,363,668,115,64,388,0,17,24,72,4,4,0,10,0,0,0,0,0,2688,2816,2688,2816,4128,2208,7032,1757,0,0,0,0,100,86,38,33,34,85,86,86,0,0,52,0,0,0,0,0,0,13726,1073,329,0,329,0,339,339,100,5,1,0,999,999,40,0,25,0,0,0,0,0,0,0,0,0,0,100,2688,2816,100,0,0,0,0,0,0,0,0,0,0,0,0,0,0,0,0,0,0,0,0,160
523179,3261,529,89,46,9999,0,0,844,0,0,0,4185,3532,0,0,62,0,8,7,1920,599,2000,1,0,4,63,72,50555,13807,311,635,99,65,306,0,37,12,72,4,4,0,10,0,0,0,0,0,2688,2816,2688,2816,4128,2208,6956,1710,0,0,0,0,100,87,39,30,31,82,84,87,0,0,56,0,0,0,0,0,0,13726,1073,329,0,329,0,339,339,100,3,1,0,999,999,40,0,25,0,0,0,0,0,0,0,0,0,0,100,2688,2816,100,0,0,0,0,0,0,0,0,0,0,0,0,0,0,0,0,0,0,0,0,160
524180,3261,529,89,46,9999,0,0,1123,0,0,0,4185,4699,0,0,62,0,8,7,1920,599,2000,1,0,4,64,72,49748,13697,323,613,90,64,369,0,26,16,73,4,4,0,10,0,0,0,0,0,2688,2816,2688,2816,4128,2208,7766,1776,0,0,0,0,100,87,40,38,37,85,86,87,0,0,57,0,0,0,0,0,0,13726,1073,329,0,329,0,339,339,100,3,1,0,999,999,40,0,25,0,0,0,0,0,0,0,0,0,0,100,2688,2816,100,0,0,0,0,0,0,0,0,0,0,0,0,0,0,0,0,0,0,0,0,160
525181,3261,529,89,46,9999,0,0,963,0,0,0,4185,4030,0,0,62,0,8,7,1920,599,2000,1,0,4,62,72,50776,13753,366,612,105,64,332,0,26,16,72,4,4,0,10,0,0,0,0,0,2688,2816,2688,2816,4128,2208,7510,1754,0,0,0,0,100,87,44,35,37,84,86,87,0,0,59,0,0,0,0,0,0,13726,1073,329,0,329,0,339,339,100,4,2,0,999,999,40,0,25,0,0,0,0,0,0,0,0,0,0,100,2688,2816,100,0,0,0,0,0,0,0,0,0,0,0,0,0,0,0,0,0,0,0,0,160
526181,3261,529,89,46,9999,0,0,1018,0,0,0,4185,4260,0,0,62,0,8,7,1920,599,2000,1,0,4,69,72,52720,13835,351,660,105,65,343,0,42,5,73,4,4,0,10,0,0,0,0,0,2688,2816,2688,2816,4128,2208,7478,1688,0,0,0,0,100,83,38,32,29,80,83,81,0,0,65,0,0,0,0,0,0,13726,1073,329,0,329,0,339,339,100,2,1,0,999,999,40,0,25,0,0,0,0,0,0,0,0,0,0,100,2688,2816,100,0,0,0,0,0,0,0,0,0,0,0,0,0,0,0,0,0,0,0,0,160
527181,3261,529,89,46,9999,0,0,1094,0,0,0,4185,4578,0,0,62,0,8,7,1920,599,2000,1,0,4,71,72,54390,13810,303,666,120,64,426,0,47,3,72,4,4,0,10,0,0,0,0,0,2688,2816,2688,2816,4128,2208,7095,1691,0,0,0,0,100,77,37,31,38,72,75,77,0,0,67,0,0,0,0,0,0,13726,1073,329,0,329,0,339,339,100,1,1,0,999,999,40,0,25,0,0,0,0,0,0,0,0,0,0,100,2688,2816,100,0,0,0,0,0,0,0,0,0,0,0,0,0,0,0,0,0,0,0,0,160
528181,3261,529,89,46,9999,0,0,1043,0,0,0,4185,4364,0,0,62,0,8,7,1920,599,2000,1,0,4,71,72,54129,13797,325,684,117,64,331,0,57,1,73,4,4,0,10,0,0,0,0,0,2688,2816,2688,2816,4128,2208,7631,1663,0,0,0,0,100,71,48,45,48,64,70,71,0,0,67,0,0,0,0,0,0,13726,1073,329,0,329,0,339,339,100,1,1,0,999,999,40,0,25,0,0,0,0,0,0,0,0,0,0,100,2688,2816,100,0,0,0,0,0,0,0,0,0,0,0,0,0,0,0,0,0,0,0,0,160
529181,3261,529,89,46,9999,0,0,877,0,0,0,4185,3670,0,0,62,0,8,7,1920,599,2000,1,0,4,73,72,55765,13791,373,673,97,65,324,0,62,1,73,4,4,0,10,0,0,0,0,0,2688,2816,2688,2816,4128,2208,7573,1715,0,0,0,0,100,68,48,40,41,64,64,68,0,0,65,0,0,0,0,0,0,13726,1073,329,0,329,0,339,339,100,1,1,0,999,999,40,0,25,0,0,0,0,0,0,0,0,0,0,100,2688,2816,100,0,0,0,0,0,0,0,0,0,0,0,0,0,0,0,0,0,0,0,0,160
530182,3261,529,89,46,9999,0,0,865,0,0,0,4184,3619,0,0,62,0,8,7,1920,599,2000,1,0,4,71,72,55545,13773,344,650,142,65,379,0,67,0,72,4,4,0,10,0,0,0,0,0,2688,2816,2688,2816,4128,2208,6000,1650,0,0,0,0,100,68,35,31,34,68,66,63,0,0,61,0,0,0,0,0,0,13726,1073,329,0,329,0,339,339,100,0,0,0,999,999,40,0,25,0,0,0,0,0,0,0,0,0,0,100,2688,2816,100,0,0,0,0,0,0,0,0,0,0,0,0,0,0,0,0,0,0,0,0,160
531181,3261,529,89,46,9999,0,0,952,0,0,0,4184,3983,0,0,62,0,8,7,1920,599,2000,1,0,4,71,72,55799,13808,344,662,125,64,367,0,69,1,73,4,4,0,10,0,0,0,0,0,2688,2816,2688,2816,4128,2208,7522,1688,0,0,0,0,100,71,39,29,32,65,63,71,0,0,64,0,0,0,0,0,0,13726,1073,329,0,329,0,339,339,100,1,1,0,999,999,40,0,25,0,0,0,0,0,0,0,0,0,0,100,2688,2816,100,0,0,0,0,0,0,0,0,0,0,0,0,0,0,0,0,0,0,0,0,160
532181,3261,529,89,46,9999,0,0,978,0,0,0,4184,4091,0,0,62,0,8,7,1920,599,2000,1,0,4,71,72,56879,13670,307,643,123,64,341,0,68,3,72,4,4,0,10,0,0,0,0,0,2688,2816,2688,2816,4128,2208,6122,1615,0,0,0,0,100,65,36,31,32,58,65,64,0,0,62,0,0,0,0,0,0,13726,1073,329,0,329,0,339,339,100,2,1,0,999,999,40,0,25,0,0,0,0,0,0,0,0,0,0,100,2688,2816,100,0,0,0,0,0,0,0,0,0,0,0,0,0,0,0,0,0,0,0,0,160
533181,3261,529,89,46,9999,0,0,977,0,0,0,4184,4087,0,0,62,0,8,7,1920,599,2000,1,0,4,72,72,56864,13804,346,787,420,63,854,2,86,0,73,4,4,0,10,0,0,0,0,0,2688,2816,2688,2816,4128,2208,6808,1681,0,0,0,0,100,65,35,32,32,60,63,65,0,0,60,0,0,0,0,0,0,13726,1073,329,0,329,0,339,339,100,0,0,0,999,999,40,0,25,0,0,0,0,0,0,0,0,0,0,100,2688,2816,100,0,0,0,0,0,0,0,0,0,0,0,0,0,0,0,0,0,0,0,0,160
534181,3261,529,89,46,9999,0,0,891,0,0,0,4184,3727,0,0,62,0,8,7,1920,599,2000,1,0,4,72,72,57032,13849,352,703,123,64,337,0,59,0,72,4,4,0,10,0,0,0,0,0,2688,2816,2688,2816,4128,2208,7077,1785,0,0,0,0,100,68,39,30,31,66,63,68,0,0,64,0,0,0,0,0,0,13726,1073,329,0,329,0,339,339,100,0,0,0,999,999,40,0,25,0,0,0,0,0,0,0,0,0,0,100,2688,2816,100,0,0,0,0,0,0,0,0,0,0,0,0,0,0,0,0,0,0,0,0,160
535181,3261,529,89,46,9999,0,0,949,0,0,0,4184,3970,0,0,62,0,8,7,1920,599,2000,1,0,4,68,72,51645,13809,339,675,127,63,450,0,44,7,73,4,4,0,10,0,0,0,0,0,2688,2816,2688,2816,4128,2208,8483,1672,0,0,0,0,100,68,38,30,32,63,64,68,0,0,67,0,0,0,0,0,0,13726,1073,329,0,329,0,339,339,100,2,1,0,999,999,40,0,25,0,0,0,0,0,0,0,0,0,0,100,2688,2816,100,0,0,0,0,0,0,0,0,0,0,0,0,0,0,0,0,0,0,0,0,160
536181,3261,529,89,46,9999,0,0,901,0,0,0,4184,3769,0,0,62,0,8,7,1920,599,2000,1,0,4,68,72,49890,13777,583,703,94,64,351,0,28,9,73,4,4,0,10,0,0,0,0,0,2688,2816,2688,2816,4128,2208,8839,1559,0,0,0,0,100,66,38,34,34,65,66,64,0,0,72,0,0,0,0,0,0,13726,1073,329,0,329,0,339,339,100,2,1,0,999,999,40,0,25,0,0,0,0,0,0,0,0,0,0,100,2688,2816,100,0,0,0,0,0,0,0,0,0,0,0,0,0,0,0,0,0,0,0,0,160
537181,3261,529,89,46,9999,0,0,942,0,0,0,4184,3941,0,0,62,0,8,7,1920,599,2000,1,0,4,68,72,49298,13616,259,660,108,64,378,0,32,7,72,4,4,0,10,0,0,0,0,0,2688,2816,2688,2816,4128,2208,9078,1537,0,0,0,0,100,69,37,31,34,67,69,65,0,0,71,0,0,0,0,0,0,13726,1073,329,0,329,0,339,339,100,2,1,0,999,999,40,0,25,0,0,0,0,0,0,0,0,0,0,100,2688,2816,100,0,0,0,0,0,0,0,0,0,0,0,0,0,0,0,0,0,0,0,0,160
538182,3261,529,89,46,9999,0,0,1011,0,0,0,4184,4230,0,0,62,0,8,7,1920,599,2000,1,0,4,69,72,51224,13592,308,637,119,63,375,0,40,3,73,4,4,0,10,0,0,0,0,0,2688,2816,2688,2816,4128,2208,7889,1610,0,0,0,0,100,69,41,34,35,61,66,69,0,0,74,0,0,0,0,0,0,13726,1073,329,0,329,0,339,339,100,2,1,0,999,999,40,0,25,0,0,0,0,0,0,0,0,0,0,100,2688,2816,100,0,0,0,0,0,0,0,0,0,0,0,0,0,0,0,0,0,0,0,0,160
539214,3267,531,89,46,9999,0,0,966,0,0,0,4184,4041,0,0,62,0,8,7,1920,599,2000,1,0,4,68,72,49273,13712,300,659,96,64,325,0,36,9,72,4,4,0,10,0,0,0,0,0,2688,2816,2688,2816,4128,2208,9661,1750,0,0,0,0,100,65,38,34,32,63,62,65,0,0,74,0,0,0,0,0,0,13726,1068,331,0,331,0,341,341,100,2,1,0,999,999,40,0,25,0,0,0,0,0,0,0,0,0,0,100,2688,2816,100,0,0,0,0,0,0,0,0,0,0,0,0,0,0,0,0,0,0,0,0,160
540182,3267,531,89,46,9999,0,0,941,0,0,0,4186,3939,0,0,62,0,8,7,1920,599,2000,1,0,4,69,72,50652,13640,274,603,96,64,406,0,29,5,72,4,4,0,10,0,0,0,0,0,2688,2816,2688,2816,4128,2208,9643,1645,0,0,0,0,100,65,35,30,30,63,63,65,0,0,73,0,0,0,0,0,0,13726,1068,331,0,331,0,341,341,100,2,1,0,999,999,40,0,25,0,0,0,0,0,0,0,0,0,0,100,2688,2816,100,0,0,0,0,0,0,0,0,0,0,0,0,0,0,0,0,0,0,0,0,160
541182,3267,531,89,46,9999,0,0,1168,0,0,0,4186,4889,0,0,62,0,8,7,1920,599,2000,1,0,4,68,72,50346,13613,285,626,102,63,371,0,30,5,73,4,4,0,10,0,0,0,0,0,2688,2816,2688,2816,4128,2208,8807,1601,0,0,0,0,100,68,37,32,34,64,68,68,0,0,75,0,0,0,0,0,0,13726,1068,331,0,331,0,341,341,100,2,1,0,999,999,40,0,25,0,0,0,0,0,0,0,0,0,0,100,2688,2816,100,0,0,0,0,0,0,0,0,0,0,0,0,0,0,0,0,0,0,0,0,160
542182,3267,531,89,46,9999,0,0,916,0,0,0,4186,3834,0,0,62,0,8,7,1920,599,2000,1,0,4,70,72,51387,13594,286,612,95,63,376,0,37,4,73,4,4,0,10,0,0,0,0,0,2688,2816,2688,2816,4128,2208,8673,1640,0,0,0,0,100,71,40,31,30,71,65,64,0,0,75,0,0,0,0,0,0,13726,1068,331,0,331,0,341,341,100,2,2,0,999,999,40,0,25,0,0,0,0,0,0,0,0,0,0,100,2688,2816,100,0,0,0,0,0,0,0,0,0,0,0,0,0,0,0,0,0,0,0,0,160
543182,3267,531,89,46,9999,0,0,966,0,0,0,4186,4043,0,0,62,0,8,7,1920,599,2000,1,0,4,68,72,50332,13676,304,640,151,64,381,0,44,7,72,4,4,0,10,0,0,0,0,0,2688,2816,2688,2816,4128,2208,5876,1646,0,0,0,0,100,65,38,33,36,63,63,65,0,0,67,0,0,0,0,0,0,13726,1068,331,0,331,0,341,341,100,2,1,0,999,999,40,0,25,0,0,0,0,0,0,0,0,0,0,100,2688,2816,100,0,0,0,0,0,0,0,0,0,0,0,0,0,0,0,0,0,0,0,0,160
544182,3267,531,89,46,9999,0,0,1072,0,0,0,4186,4487,0,0,62,0,8,7,1920,599,2000,1,0,4,72,72,55047,13748,315,707,131,63,431,0,68,0,72,4,4,0,10,0,0,0,0,0,2688,2816,2688,2816,4128,2208,7533,1751,0,0,0,0,100,68,36,31,35,65,64,68,0,0,63,0,0,0,0,0,0,13726,1068,331,0,331,0,341,341,100,0,0,0,999,999,40,0,25,0,0,0,0,0,0,0,0,0,0,100,2688,2816,100,0,0,0,0,0,0,0,0,0,0,0,0,0,0,0,0,0,0,0,0,160
545182,3267,531,89,46,9999,0,0,1019,0,0,0,4186,4265,0,0,62,0,8,7,1920,599,2000,1,0,4,70,72,53161,13703,322,683,101,65,334,0,49,4,72,4,4,0,10,0,0,0,0,0,2688,2816,2688,2816,4128,2208,7855,1653,0,0,0,0,100,69,38,37,38,60,64,69,0,0,67,0,0,0,0,0,0,13726,1068,331,0,331,0,341,341,100,2,1,0,999,999,40,0,25,0,0,0,0,0,0,0,0,0,0,100,2688,2816,100,0,0,0,0,0,0,0,0,0,0,0,0,0,0,0,0,0,0,0,0,160
546182,3267,531,89,46,9999,0,0,1031,0,0,0,4186,4315,0,0,62,0,8,7,1920,599,2000,1,0,4,72,72,53323,13711,316,672,122,64,335,0,53,2,73,4,4,0,10,0,0,0,0,0,2688,2816,2688,2816,4128,2208,8199,1621,0,0,0,0,100,72,38,35,33,60,72,62,0,0,70,0,0,0,0,0,0,13726,1068,331,0,331,0,341,341,100,2,1,0,999,999,40,0,25,0,0,0,0,0,0,0,0,0,0,100,2688,2816,100,0,0,0,0,0,0,0,0,0,0,0,0,0,0,0,0,0,0,0,0,160
547182,3267,531,89,46,9999,0,0,1037,0,0,0,4186,4340,0,0,62,0,8,7,1920,599,2000,1,0,4,69,72,53801,13670,283,669,116,64,346,0,46,5,72,4,4,0,10,0,0,0,0,0,2688,2816,2688,2816,4128,2208,8621,1552,0,0,0,0,100,69,37,33,34,64,66,69,0,0,72,0,0,0,0,0,0,13726,1068,331,0,331,0,341,341,100,3,1,0,999,999,40,0,25,0,0,0,0,0,0,0,0,0,0,100,2688,2816,100,0,0,0,0,0,0,0,0,0,0,0,0,0,0,0,0,0,0,0,0,160
548183,3267,531,89,46,9999,0,0,927,0,0,0,4186,3880,0,0,62,0,8,7,1920,599,2000,1,0,4,72,72,52758,13669,268,671,170,64,344,0,42,1,72,4,4,0,10,0,0,0,0,0,2688,2816,2688,2816,4128,2208,7803,1626,0,0,0,0,100,76,36,34,33,72,73,76,0,0,70,0,0,0,0,0,0,13726,1068,331,0,331,0,341,341,100,1,1,0,999,999,40,0,25,0,0,0,0,0,0,0,0,0,0,100,2688,2816,100,0,0,0,0,0,0,0,0,0,0,0,0,0,0,0,0,0,0,0,0,160
549183,3267,531,89,46,9999,0,0,1163,0,0,0,4186,4868,0,0,62,0,8,7,1920,599,2000,1,0,4,64,72,55872,13605,306,598,131,63,367,0,37,16,72,4,4,0,10,0,0,0,0,0,2688,2816,2688,2816,4128,2208,7417,1749,0,0,0,0,100,78,44,43,42,75,78,77,0,0,65,0,0,0,0,0,0,13726,1068,331,0,331,0,341,341,100,4,2,0,999,999,40,0,25,0,0,0,0,0,0,0,0,0,0,100,2688,2816,100,0,0,0,0,0,0,0,0,0,0,0,0,0,0,0,0,0,0,0,0,160
550189,3267,531,89,46,9999,0,0,975,0,0,0,4186,4081,0,0,62,0,8,7,1920,599,2000,1,0,4,51,72,51322,13819,381,700,143,64,355,0,13,33,73,4,4,0,10,0,0,0,0,0,2688,2816,2688,2816,4128,2208,8900,1667,0,0,0,0,100,86,53,50,50,84,86,85,0,0,57,0,0,0,0,0,0,13726,1068,331,0,331,0,341,341,100,8,2,0,999,999,40,0,25,0,0,0,0,0,0,0,0,0,0,100,2688,2816,100,0,0,0,0,0,0,0,0,0,0,0,0,0,0,0,0,0,0,0,0,160
551184,3267,531,89,46,9999,0,0,955,0,0,0,4186,3997,0,0,62,0,8,7,1920,599,2000,1,0,4,40,72,59352,13859,306,713,117,64,333,0,10,39,72,4,4,0,10,0,0,0,0,0,2688,2816,2688,2816,4128,2208,7621,1674,0,0,0,0,100,89,41,34,37,87,89,89,0,0,50,0,0,0,0,0,0,13726,1068,331,0,331,0,341,341,100,4,2,0,999,999,40,0,25,0,0,0,0,0,0,0,0,0,0,100,2688,2816,100,0,0,0,0,0,0,0,0,0,0,0,0,0,0,0,0,0,0,0,0,160
552187,3267,531,89,46,9999,0,0,866,0,0,0,4186,3625,0,0,62,0,8,7,1920,599,2000,1,0,4,51,72,54792,13722,312,685,113,63,387,0,26,28,72,4,4,0,10,0,0,0,0,0,2688,2816,2688,2816,4128,2208,9043,1656,0,0,0,0,100,88,41,33,32,87,87,88,0,0,56,0,0,0,0,0,0,13726,1068,331,0,331,0,341,341,100,4,2,0,999,999,40,0,25,0,0,0,0,0,0,0,0,0,0,100,2688,2816,100,0,0,0,0,0,0,0,0,0,0,0,0,0,0,0,0,0,0,0,0,160
553185,3267,531,89,46,9999,0,0,970,0,0,0,4186,4060,0,0,62,0,8,7,1920,599,2000,1,0,4,54,72,53696,13717,332,652,109,64,417,0,27,23,73,4,4,0,10,0,0,0,0,0,2688,2816,2688,2816,4128,2208,9050,1665,0,0,0,0,100,90,39,37,31,86,88,90,0,0,61,0,0,0,0,0,0,13726,1068,331,0,331,0,341,341,100,3,1,0,999,999,40,0,25,0,0,0,0,0,0,0,0,0,0,100,2688,2816,100,0,0,0,0,0,0,0,0,0,0,0,0,0,0,0,0,0,0,0,0,160
554187,3267,531,89,46,9999,0,0,985,0,0,0,4186,4123,0,0,62,0,8,7,1920,599,2000,1,0,4,54,72,51844,13652,329,642,114,63,352,0,18,29,72,4,4,0,10,0,0,0,0,0,2688,2816,2688,2816,4128,2208,8258,1688,0,0,0,0,100,88,39,38,34,88,88,87,0,0,58,0,0,0,0,0,0,13726,1068,331,0,331,0,341,341,100,9,1,0,999,999,40,0,25,0,0,0,0,0,0,0,0,0,0,100,2688,2816,100,0,0,0,0,0,0,0,0,0,0,0,0,0,0,0,0,0,0,0,0,160
555188,3267,531,89,46,9999,0,0,793,0,0,0,4178,3313,0,0,62,0,8,7,1920,599,2000,1,0,4,44,72,57193,13700,562,638,117,63,365,0,16,34,73,4,4,0,10,0,0,0,0,0,2688,2816,2688,2816,4128,2208,8634,1603,0,0,0,0,100,90,42,37,38,86,88,90,0,0,52,0,0,0,0,0,0,13726,1068,331,0,331,0,341,341,100,5,2,0,999,999,40,0,25,0,0,0,0,0,0,0,0,0,0,100,2688,2816,100,0,0,0,0,0,0,0,0,0,0,0,0,0,0,0,0,0,0,0,0,160
556190,3267,531,89,46,9999,0,0,917,0,0,0,4178,3831,0,0,62,0,8,7,1920,599,2000,1,0,4,49,72,58518,13612,295,623,104,63,462,0,24,29,73,4,4,0,10,0,0,0,0,0,2688,2816,2688,2816,4128,2208,8142,1564,0,0,0,0,100,89,42,34,33,88,88,89,0,0,53,0,0,0,0,0,0,13726,1068,331,0,331,0,341,341,100,6,2,0,999,999,40,0,25,0,0,0,0,0,0,0,0,0,0,100,2688,2816,100,0,0,0,0,0,0,0,0,0,0,0,0,0,0,0,0,0,0,0,0,160
557193,3267,531,89,46,9999,0,0,928,0,0,0,4178,3877,0,0,62,0,8,7,1920,599,2000,1,0,4,43,72,55153,13551,237,673,150,63,429,0,17,37,72,4,4,0,10,0,0,0,0,0,2688,2816,2688,2816,4128,2208,8037,1536,0,0,0,0,100,88,43,38,36,88,88,86,0,0,49,0,0,0,0,0,0,13726,1068,331,0,331,0,341,341,100,7,3,0,999,999,40,0,25,0,0,0,0,0,0,0,0,0,0,100,2688,2816,100,0,0,0,0,0,0,0,0,0,0,0,0,0,0,0,0,0,0,0,0,160
558194,3267,531,89,46,9999,0,0,925,0,0,0,4178,3864,0,0,62,0,8,7,1920,599,2000,1,0,4,49,72,56685,13535,269,629,113,62,377,0,23,24,73,4,4,0,10,0,0,0,0,0,2688,2816,2688,2816,4128,2208,8499,1546,0,0,0,0,100,88,44,36,34,88,86,87,0,0,54,0,0,0,0,0,0,13726,1068,331,0,331,0,341,341,100,5,2,0,999,999,40,0,25,0,0,0,0,0,0,0,0,0,0,100,2688,2816,100,0,0,0,0,0,0,0,0,0,0,0,0,0,0,0,0,0,0,0,0,160
559240,3264,531,89,46,9999,0,0,964,0,0,0,4178,4027,0,0,62,0,8,7,1920,599,2000,1,0,4,58,72,54673,13541,265,661,162,63,354,0,27,22,73,4,4,0,10,0,0,0,0,0,2688,2816,2688,2816,4128,2208,8151,1591,0,0,0,0,100,87,41,35,34,87,85,87,0,0,59,0,0,0,0,0,0,13726,1067,331,0,331,0,341,341,100,5,2,0,999,999,40,0,25,0,0,0,0,0,0,0,0,0,0,100,2688,2816,100,0,0,0,0,0,0,0,0,0,0,0,0,0,0,0,0,0,0,0,0,160
560190,3264,531,89,46,9999,0,0,975,0,0,0,4186,4081,0,0,62,0,8,7,1920,599,2000,1,0,4,50,72,51233,13639,256,733,184,63,371,0,15,31,72,4,4,0,10,0,0,0,0,0,2688,2816,2688,2816,4128,2208,8265,1404,0,0,0,0,100,88,38,33,34,88,87,88,0,0,54,0,0,0,0,0,0,13726,1067,331,0,331,0,341,341,100,3,2,0,999,999,40,0,25,0,0,0,0,0,0,0,0,0,0,100,2688,2816,100,0,0,0,0,0,0,0,0,0,0,0,0,0,0,0,0,0,0,0,0,160
561192,3264,531,89,46,9999,0,0,939,0,0,0,4186,3930,0,0,62,0,8,7,1920,599,2000,1,0,4,51,72,52767,13587,268,691,126,63,365,0,17,28,72,4,4,0,10,0,0,0,0,0,2688,2816,2688,2816,4128,2208,8249,1399,0,0,0,0,100,88,43,41,39,86,88,88,0,0,55,0,0,0,0,0,0,13726,1067,331,0,331,0,341,341,100,6,2,0,999,999,40,0,25,0,0,0,0,0,0,0,0,0,0,100,2688,2816,100,0,0,0,0,0,0,0,0,0,0,0,0,0,0,0,0,0,0,0,0,160
562198,3264,531,89,46,9999,0,0,843,0,0,0,4186,3528,0,0,62,0,8,7,1920,599,2000,1,0,4,57,72,52166,13571,330,624,110,63,333,0,29,25,72,4,4,0,10,0,0,0,0,0,2688,2816,2688,2816,4128,2208,7791,1449,0,0,0,0,100,88,43,36,36,87,88,88,0,0,58,0,0,0,0,0,0,13726,1067,331,0,331,0,341,341,100,4,1,0,999,999,40,0,25,0,0,0,0,0,0,0,0,0,0,100,2688,2816,100,0,0,0,0,0,0,0,0,0,0,0,0,0,0,0,0,0,0,0,0,160
563195,3264,531,89,46,9999,0,0,987,0,0,0,4186,4131,0,0,62,0,8,7,1920,599,2000,1,0,4,58,72,51908,13539,303,613,100,63,332,0,23,21,73,4,4,0,10,0,0,0,0,0,2688,2816,2688,2816,4128,2208,7523,1503,0,0,0,0,100,87,42,35,34,84,87,87,0,0,59,0,0,0,0,0,0,13726,1067,331,0,331,0,341,341,100,5,2,0,999,999,40,0,25,0,0,0,0,0,0,0,0,0,0,100,2688,2816,100,0,0,0,0,0,0,0,0,0,0,0,0,0,0,0,0,0,0,0,0,160
564194,3264,531,89,46,9999,0,0,993,0,0,0,4186,4156,0,0,62,0,8,7,1920,599,2000,1,0,4,55,72,48634,13539,303,613,100,63,332,0,23,21,73,4,4,0,10,0,0,0,0,0,2688,2816,2688,2816,4128,2208,7651,1528,0,0,0,0,100,87,43,35,35,87,86,87,0,0,56,0,0,0,0,0,0,13726,1067,331,0,331,0,341,341,100,5,2,0,999,999,40,0,25,0,0,0,0,0,0,0,0,0,0,100,2688,2816,100,0,0,0,0,0,0,0,0,0,0,0,0,0,0,0,0,0,0,0,0,160
565196,3264,531,89,46,9999,0,0,830,0,0,0,4186,3474,0,0,62,0,8,7,1920,599,2000,1,0,4,52,72,50194,13550,300,594,106,63,371,0,13,25,73,4,4,0,10,0,0,0,0,0,2688,2816,2688,2816,4128,2208,7667,1400,0,0,0,0,100,89,43,36,35,89,89,89,0,0,53,0,0,0,0,0,0,13726,1067,331,0,331,0,341,341,100,4,2,0,999,999,40,0,25,0,0,0,0,0,0,0,0,0,0,100,2688,2816,100,0,0,0,0,0,0,0,0,0,0,0,0,0,0,0,0,0,0,0,0,160
566195,3264,531,89,46,9999,0,0,1003,0,0,0,4186,4198,0,0,62,0,8,7,1920,599,2000,1,0,4,55,72,52155,13524,263,638,125,63,360,0,13,29,73,4,4,0,10,0,0,0,0,0,2688,2816,2688,2816,4128,2208,7517,1371,0,0,0,0,100,87,40,34,36,86,87,87,0,0,55,0,0,0,0,0,0,13726,1067,331,0,331,0,341,341,100,4,2,0,999,999,40,0,25,0,0,0,0,0,0,0,0,0,0,100,2688,2816,100,0,0,0,0,0,0,0,0,0,0,0,0,0,0,0,0,0,0,0,0,160
567199,3264,531,89,46,9999,0,0,989,0,0,0,4186,4139,0,0,62,0,8,7,1920,599,2000,1,0,4,56,72,51305,13488,298,611,104,63,324,0,33,19,73,4,4,0,10,0,0,0,0,0,2688,2816,2688,2816,4128,2208,8176,1465,0,0,0,0,100,90,41,39,35,87,90,88,0,0,56,0,0,0,0,0,0,13726,1067,331,0,331,0,341,341,100,3,2,0,999,999,40,0,25,0,0,0,0,0,0,0,0,0,0,100,2688,2816,100,0,0,0,0,0,0,0,0,0,0,0,0,0,0,0,0,0,0,0,0,160
568200,3264,531,89,46,9999,0,0,850,0,0,0,4186,3558,0,0,62,0,8,7,1920,599,2000,1,0,4,56,72,51305,13666,315,697,134,63,509,0,19,26,73,4,4,0,10,0,0,0,0,0,2688,2816,2688,2816,4128,2208,8551,1475,0,0,0,0,100,89,40,40,35,87,87,89,0,0,53,0,0,0,0,0,0,13726,1067,331,0,331,0,341,341,100,5,1,0,999,999,40,0,25,0,0,0,0,0,0,0,0,0,0,100,2688,2816,100,0,0,0,0,0,0,0,0,0,0,0,0,0,0,0,0,0,0,0,0,160
569198,3264,531,89,46,9999,0,0,958,0,0,0,4186,4010,0,0,62,0,8,7,1920,599,2000,1,0,4,51,72,50307,13620,285,673,114,63,377,0,18,29,72,4,4,0,10,0,0,0,0,0,2688,2816,2688,2816,4128,2208,9010,1579,0,0,0,0,100,88,41,35,36,85,88,85,0,0,51,0,0,0,0,0,0,13726,1067,331,0,331,0,341,341,100,5,2,0,999,999,40,0,25,0,0,0,0,0,0,0,0,0,0,100,2688,2816,100,0,0,0,0,0,0,0,0,0,0,0,0,0,0,0,0,0,0,0,0,160
570199,3264,531,89,46,9999,0,0,1189,0,0,0,4170,4958,0,0,62,0,8,7,1920,599,2000,1,0,4,45,72,54053,13591,276,629,123,63,340,0,19,32,72,4,4,0,10,0,0,0,0,0,2688,2816,2688,2816,4128,2208,8082,1565,0,0,0,0,100,89,46,43,41,89,87,86,0,0,54,0,0,0,0,0,0,13726,1067,331,0,331,0,341,341,100,6,2,0,999,999,40,0,25,0,0,0,0,0,0,0,0,0,0,100,2688,2816,100,0,0,0,0,0,0,0,0,0,0,0,0,0,0,0,0,0,0,0,0,160
571198,3264,531,89,46,9999,0,0,865,0,0,0,4170,3607,0,0,62,0,8,7,1920,599,2000,1,0,4,48,72,56423,13500,267,608,137,63,384,0,19,37,73,4,4,0,10,0,0,0,0,0,2688,2816,2688,2816,4128,2208,8737,1467,0,0,0,0,100,88,52,47,46,88,86,88,0,0,54,0,0,0,0,0,0,13726,1067,331,0,331,0,341,341,100,7,2,0,999,999,40,0,25,0,0,0,0,0,0,0,0,0,0,100,2688,2816,100,0,0,0,0,0,0,0,0,0,0,0,0,0,0,0,0,0,0,0,0,160
572201,3264,531,89,46,9999,0,0,880,0,0,0,4170,3669,0,0,62,0,8,7,1920,599,2000,1,0,4,49,72,51472,13648,315,621,111,64,372,0,16,28,73,4,4,0,10,0,0,0,0,0,2688,2816,2688,2816,4128,2208,8516,1555,0,0,0,0,100,90,44,36,38,89,90,89,0,0,57,0,0,0,0,0,0,13726,1067,331,0,331,0,341,341,100,5,2,0,999,999,40,0,25,0,0,0,0,0,0,0,0,0,0,100,2688,2816,100,0,0,0,0,0,0,0,0,0,0,0,0,0,0,0,0,0,0,0,0,160
573199,3264,531,89,46,9999,0,0,911,0,0,0,4170,3798,0,0,62,0,8,7,1920,599,2000,1,0,4,53,72,52979,13672,294,649,102,64,399,0,19,27,72,4,4,0,10,0,0,0,0,0,2688,2816,2688,2816,4128,2208,8942,1524,0,0,0,0,100,90,44,36,38,89,90,89,0,0,59,0,0,0,0,0,0,13726,1067,331,0,331,0,341,341,100,5,2,0,999,999,40,0,25,0,0,0,0,0,0,0,0,0,0,100,2688,2816,100,0,0,0,0,0,0,0,0,0,0,0,0,0,0,0,0,0,0,0,0,160
574204,3264,531,89,46,9999,0,0,911,0,0,0,4170,3798,0,0,62,0,8,7,1920,599,2000,1,0,4,54,72,51661,13598,273,706,179,63,412,0,18,24,73,4,4,0,10,0,0,0,0,0,2688,2816,2688,2816,4128,2208,8339,1494,0,0,0,0,100,90,46,35,35,88,90,89,0,0,54,0,0,0,0,0,0,13726,1067,331,0,331,0,341,341,100,4,2,0,999,999,40,0,25,0,0,0,0,0,0,0,0,0,0,100,2688,2816,100,0,0,0,0,0,0,0,0,0,0,0,0,0,0,0,0,0,0,0,0,160
575200,3264,531,89,46,9999,0,0,942,0,0,0,4170,3928,0,0,62,0,8,7,1920,599,2000,1,0,4,50,72,49199,13582,291,717,118,64,349,0,7,31,72,4,4,0,10,0,0,0,0,0,2688,2816,2688,2816,4128,2208,7937,1416,0,0,0,0,100,91,56,55,50,88,90,91,0,0,52,0,0,0,0,0,0,13726,1067,331,0,331,0,341,341,100,3,2,0,999,999,40,0,25,0,0,0,0,0,0,0,0,0,0,100,2688,2816,100,0,0,0,0,0,0,0,0,0,0,0,0,0,0,0,0,0,0,0,0,160
576201,3264,531,89,46,9999,0,0,1018,0,0,0,4170,4245,0,0,62,0,8,7,1920,599,2000,1,0,4,51,72,49365,13591,303,700,174,63,351,0,11,28,73,4,4,0,10,0,0,0,0,0,2688,2816,2688,2816,4128,2208,8628,1353,0,0,0,0,100,91,56,55,50,88,90,91,0,0,51,0,0,0,0,0,0,13726,1067,331,0,331,0,341,341,100,5,1,0,999,999,40,0,25,0,0,0,0,0,0,0,0,0,0,100,2688,2816,100,0,0,0,0,0,0,0,0,0,0,0,0,0,0,0,0,0,0,0,0,160
577203,3264,531,89,46,9999,0,0,1009,0,0,0,4170,4207,0,0,62,0,8,7,1920,599,2000,1,0,4,47,72,52759,13569,289,710,168,63,366,0,12,35,72,4,4,0,10,0,0,0,0,0,2688,2816,2688,2816,4128,2208,8470,1419,0,0,0,0,100,90,41,37,36,88,88,90,0,0,51,0,0,0,0,0,0,13726,1067,331,0,331,0,341,341,100,7,2,0,999,999,40,0,25,0,0,0,0,0,0,0,0,0,0,100,2688,2816,100,0,0,0,0,0,0,0,0,0,0,0,0,0,0,0,0,0,0,0,0,160
578201,3264,531,89,46,9999,0,0,771,0,0,0,4170,3215,0,0,62,0,8,7,1920,599,2000,1,0,4,48,72,51414,13536,270,656,117,64,378,0,16,30,72,4,4,0,10,0,0,0,0,0,2688,2816,2688,2816,4128,2208,8323,1442,0,0,0,0,100,89,47,37,42,89,89,87,0,0,53,0,0,0,0,0,0,13726,1067,331,0,331,0,341,341,100,5,2,0,999,999,40,0,25,0,0,0,0,0,0,0,0,0,0,100,2688,2816,100,0,0,0,0,0,0,0,0,0,0,0,0,0,0,0,0,0,0,0,0,160
579233,3259,531,89,46,9999,0,0,1015,0,0,0,4170,4232,0,0,62,0,8,7,1920,599,2000,1,0,4,52,72,52529,13538,304,626,110,63,383,0,15,26,73,4,4,0,10,0,0,0,0,0,2688,2816,2688,2816,4128,2208,7788,1477,0,0,0,0,100,89,47,37,42,89,89,87,0,0,55,0,0,0,0,0,0,13726,1071,331,0,331,0,341,341,100,5,1,0,999,999,40,0,25,0,0,0,0,0,0,0,0,0,0,100,2688,2816,100,0,0,0,0,0,0,0,0,0,0,0,0,0,0,0,0,0,0,0,0,160
580202,3259,531,89,46,9999,0,0,793,0,0,0,4184,3317,0,0,62,0,8,7,1920,599,2000,1,0,4,53,72,52175,13562,312,628,97,64,364,0,21,28,73,4,4,0,10,0,0,0,0,0,2688,2816,2688,2816,4128,2208,8034,1407,0,0,0,0,100,88,40,35,37,88,87,88,0,0,51,0,0,0,0,0,0,13726,1071,331,0,331,0,341,341,100,4,1,0,999,999,40,0,25,0,0,0,0,0,0,0,0,0,0,100,2688,2816,100,0,0,0,0,0,0,0,0,0,0,0,0,0,0,0,0,0,0,0,0,160
581204,3259,531,89,46,9999,0,0,815,0,0,0,4184,3409,0,0,62,0,8,7,1920,599,2000,1,0,4,49,72,52232,13544,321,609,92,64,362,0,18,30,72,4,4,0,10,0,0,0,0,0,2688,2816,2688,2816,4128,2208,8244,1596,0,0,0,0,100,87,40,36,34,87,86,87,0,0,57,0,0,0,0,0,0,13726,1071,331,0,331,0,341,341,100,8,2,0,999,999,40,0,25,0,0,0,0,0,0,0,0,0,0,100,2688,2816,100,0,0,0,0,0,0,0,0,0,0,0,0,0,0,0,0,0,0,0,0,160
582201,3259,531,89,46,9999,0,0,1010,0,0,0,4184,4225,0,0,62,0,8,7,1920,599,2000,1,0,4,59,72,51537,13524,276,553,109,64,380,0,22,20,73,4,4,0,10,0,0,0,0,0,2688,2816,2688,2816,4128,2208,6674,1659,0,0,0,0,100,89,44,38,38,89,89,87,0,0,56,0,0,0,0,0,0,13726,1071,331,0,331,0,341,341,100,4,1,0,999,999,40,0,25,0,0,0,0,0,0,0,0,0,0,100,2688,2816,100,0,0,0,0,0,0,0,0,0,0,0,0,0,0,0,0,0,0,0,0,160
583204,3259,531,89,46,9999,0,0,919,0,0,0,4184,3845,0,0,62,0,8,7,1920,599,2000,1,0,4,59,72,47793,13533,265,603,152,63,427,0,25,14,72,4,4,0,10,0,0,0,0,0,2688,2816,2688,2816,4128,2208,6887,1648,0,0,0,0,100,88,43,37,38,88,87,87,0,0,53,0,0,0,0,0,0,13726,1071,331,0,331,0,341,341,100,3,1,0,999,999,40,0,25,0,0,0,0,0,0,0,0,0,0,100,2688,2816,100,0,0,0,0,0,0,0,0,0,0,0,0,0,0,0,0,0,0,0,0,160
584204,3259,531,89,46,9999,0,0,880,0,0,0,4184,3681,0,0,62,0,8,7,1920,599,2000,1,0,4,58,72,46369,13749,347,699,114,63,381,0,14,20,73,4,4,0,10,0,0,0,0,0,2688,2816,2688,2816,4128,2208,6590,1728,0,0,0,0,100,88,43,38,37,86,87,88,0,0,56,0,0,0,0,0,0,13726,1071,331,0,331,0,341,341,100,3,1,0,999,999,40,0,25,0,0,0,0,0,0,0,0,0,0,100,2688,2816,100,0,0,0,0,0,0,0,0,0,0,0,0,0,0,0,0,0,0,0,0,160
585204,3259,531,89,46,9999,0,0,954,0,0,0,4184,3991,0,0,62,0,8,7,1920,599,2000,1,0,4,60,72,50419,13738,309,689,126,62,389,0,27,15,73,4,4,0,10,0,0,0,0,0,2688,2816,2688,2816,4128,2208,6791,1671,0,0,0,0,100,88,44,36,35,87,87,88,0,0,55,0,0,0,0,0,0,13726,1071,331,0,331,0,341,341,100,3,1,0,999,999,40,0,25,0,0,0,0,0,0,0,0,0,0,100,2688,2816,100,0,0,0,0,0,0,0,0,0,0,0,0,0,0,0,0,0,0,0,0,160
586204,3259,531,89,46,9999,0,0,967,0,0,0,4184,4045,0,0,62,0,8,7,1920,599,2000,1,0,4,60,72,50503,13716,274,713,116,64,408,0,29,17,73,4,4,0,10,0,0,0,0,0,2688,2816,2688,2816,4128,2208,6880,1616,0,0,0,0,100,87,45,39,38,85,87,87,0,0,52,0,0,0,0,0,0,13726,1071,331,0,331,0,341,341,100,3,1,0,999,999,40,0,25,0,0,0,0,0,0,0,0,0,0,100,2688,2816,100,0,0,0,0,0,0,0,0,0,0,0,0,0,0,0,0,0,0,0,0,160
587206,3259,531,89,46,9999,0,0,867,0,0,0,4184,3627,0,0,62,0,8,7,1920,599,2000,1,0,4,58,72,50760,13653,326,674,108,63,420,0,29,20,73,4,4,0,10,0,0,0,0,0,2688,2816,2688,2816,4128,2208,7460,1689,0,0,0,0,100,89,43,42,37,87,89,88,0,0,54,0,0,0,0,0,0,13726,1071,331,0,331,0,341,341,100,5,1,0,999,999,40,0,25,0,0,0,0,0,0,0,0,0,0,100,2688,2816,100,0,0,0,0,0,0,0,0,0,0,0,0,0,0,0,0,0,0,0,0,160
588204,3259,531,89,46,9999,0,0,853,0,0,0,4184,3568,0,0,62,0,8,7,1920,599,2000,1,0,4,62,72,48169,13684,354,630,103,63,332,0,16,14,72,4,4,0,10,0,0,0,0,0,2688,2816,2688,2816,4128,2208,7570,1699,0,0,0,0,100,88,42,36,35,86,88,87,0,0,52,0,0,0,0,0,0,13726,1071,331,0,331,0,341,341,100,2,2,0,999,999,40,0,25,0,0,0,0,0,0,0,0,0,0,100,2688,2816,100,0,0,0,0,0,0,0,0,0,0,0,0,0,0,0,0,0,0,0,0,160
589205,3259,531,89,46,9999,0,0,1021,0,0,0,4184,4271,0,0,62,0,8,7,1920,599,2000,1,0,4,53,72,48536,13683,342,590,101,63,350,0,16,31,73,4,4,0,10,0,0,0,0,0,2688,2816,2688,2816,4128,2208,6631,1707,0,0,0,0,100,90,46,44,40,90,89,88,0,0,53,0,0,0,0,0,0,13726,1071,331,0,331,0,341,341,100,5,1,0,999,999,40,0,25,0,0,0,0,0,0,0,0,0,0,100,2688,2816,100,0,0,0,0,0,0,0,0,0,0,0,0,0,0,0,0,0,0,0,0,160
590205,3259,531,89,46,9999,0,0,1110,0,0,0,4180,4639,0,0,62,0,8,7,1920,599,2000,1,0,4,58,72,53144,13679,291,646,149,63,345,0,31,19,73,4,4,0,10,0,0,0,0,0,2688,2816,2688,2816,4128,2208,6849,1652,0,0,0,0,100,82,41,34,35,76,82,77,0,0,59,0,0,0,0,0,0,13726,1071,331,0,331,0,341,341,100,9,2,0,999,999,40,0,25,0,0,0,0,0,0,0,0,0,0,100,2688,2816,100,0,0,0,0,0,0,0,0,0,0,0,0,0,0,0,0,0,0,0,0,160
591205,3259,531,89,46,9999,0,0,1088,0,0,0,4180,4547,0,0,62,0,8,7,1920,599,2000,1,0,4,72,72,50168,13544,257,609,135,63,354,0,34,3,72,4,4,0,10,0,0,0,0,0,2688,2816,2688,2816,4128,2208,7861,1550,0,0,0,0,100,76,37,34,35,73,76,73,0,0,67,0,0,0,0,0,0,13726,1071,331,0,331,0,341,341,100,2,1,0,999,999,40,0,25,0,0,0,0,0,0,0,0,0,0,100,2688,2816,100,0,0,0,0,0,0,0,0,0,0,0,0,0,0,0,0,0,0,0,0,160
592205,3259,531,89,46,9999,0,0,890,0,0,0,4180,3720,0,0,62,0,8,7,1920,599,2000,1,0,4,72,72,53690,13664,360,567,111,64,331,0,49,1,72,4,4,0,10,0,0,0,0,0,2688,2816,2688,2816,4128,2208,6924,1686,0,0,0,0,100,80,48,44,42,77,80,79,0,0,64,0,0,0,0,0,0,13726,1071,331,0,331,0,341,341,100,1,1,0,999,999,40,0,25,0,0,0,0,0,0,0,0,0,0,100,2688,2816,100,0,0,0,0,0,0,0,0,0,0,0,0,0,0,0,0,0,0,0,0,160
593205,3259,531,89,46,9999,0,0,938,0,0,0,4180,3920,0,0,62,0,8,7,1920,599,2000,1,0,4,66,72,55662,13689,340,603,110,64,361,0,48,7,73,4,4,0,10,0,0,0,0,0,2688,2816,2688,2816,4128,2208,6381,1701,0,0,0,0,100,79,53,48,49,79,77,78,0,0,62,0,0,0,0,0,0,13726,1071,331,0,331,0,341,341,100,2,1,0,999,999,40,0,25,0,0,0,0,0,0,0,0,0,0,100,2688,2816,100,0,0,0,0,0,0,0,0,0,0,0,0,0,0,0,0,0,0,0,0,160
594208,3259,531,89,46,9999,0,0,773,0,0,0,4180,3231,0,0,62,0,8,7,1920,599,2000,1,0,4,72,72,57575,13697,303,655,101,64,350,0,69,0,72,4,4,0,10,0,0,0,0,0,2688,2816,2688,2816,4128,2208,7221,1733,0,0,0,0,100,77,42,36,39,77,75,76,0,0,60,0,0,0,0,0,0,13726,1071,331,0,331,0,341,341,100,0,0,0,999,999,40,0,25,0,0,0,0,0,0,0,0,0,0,100,2688,2816,100,0,0,0,0,0,0,0,0,0,0,0,0,0,0,0,0,0,0,0,0,160
595208,3259,531,89,46,9999,0,0,915,0,0,0,4180,3824,0,0,62,0,8,7,1920,599,2000,1,0,4,68,72,58147,13626,343,643,116,64,418,0,63,9,73,4,4,0,10,0,0,0,0,0,2688,2816,2688,2816,4128,2208,7497,1683,0,0,0,0,100,76,42,37,33,76,74,72,0,0,64,0,0,0,0,0,0,13726,1071,331,0,331,0,341,341,100,3,1,0,999,999,40,0,25,0,0,0,0,0,0,0,0,0,0,100,2688,2816,100,0,0,0,0,0,0,0,0,0,0,0,0,0,0,0,0,0,0,0,0,160
596206,3259,531,89,46,9999,0,0,1056,0,0,0,4181,4415,0,0,62,0,8,7,1920,599,2000,1,0,4,71,72,57322,13722,378,685,141,64,393,0,59,1,72,4,4,0,10,0,0,0,0,0,2688,2816,2688,2816,4128,2208,6562,1480,0,0,0,0,100,80,42,31,34,71,71,80,0,0,61,0,0,0,0,0,0,13726,1071,331,0,331,0,341,341,100,1,1,0,999,999,40,0,25,0,0,0,0,0,0,0,0,0,0,100,2688,2816,100,0,0,0,0,0,0,0,0,0,0,0,0,0,0,0,0,0,0,0,0,160
597206,3259,531,89,46,9999,0,0,835,0,0,0,4181,3491,0,0,62,0,8,7,1920,599,2000,1,0,4,70,72,54144,13668,335,678,112,63,323,0,47,3,73,4,4,0,10,0,0,0,0,0,2688,2816,2688,2816,4128,2208,6039,1478,0,0,0,0,100,73,41,43,36,72,73,72,0,0,57,0,0,0,0,0,0,13726,1071,331,0,331,0,341,341,100,3,1,0,999,999,40,0,25,0,0,0,0,0,0,0,0,0,0,100,2688,2816,100,0,0,0,0,0,0,0,0,0,0,0,0,0,0,0,0,0,0,0,0,160
598211,3259,531,89,46,9999,0,0,853,0,0,0,4181,3566,0,0,62,0,8,7,1920,599,2000,1,0,4,70,72,54932,13660,326,645,121,64,335,0,52,5,73,4,4,0,10,0,0,0,0,0,2688,2816,2688,2816,4128,2208,6337,1547,0,0,0,0,100,82,43,38,41,75,76,82,0,0,57,0,0,0,0,0,0,13726,1071,331,0,331,0,341,341,100,2,1,0,999,999,40,0,25,0,0,0,0,0,0,0,0,0,0,100,2688,2816,100,0,0,0,0,0,0,0,0,0,0,0,0,0,0,0,0,0,0,0,0,160
599233,3265,531,89,46,9999,0,0,893,0,0,0,4181,3733,0,0,62,0,8,7,1920,599,2000,1,0,4,72,72,52055,13561,321,581,125,64,330,0,43,7,72,4,4,0,10,0,0,0,0,0,2688,2816,2688,2816,4128,2208,6886,1654,0,0,0,0,100,76,44,40,42,73,75,76,0,0,60,0,0,0,0,0,0,13726,1068,331,0,331,0,341,341,100,3,1,0,999,999,40,0,25,0,0,0,0,0,0,0,0,0,0,100,2688,2816,100,0,0,0,0,0,0,0,0,0,0,0,0,0,0,0,0,0,0,0,0,160
600206,3265,531,89,46,9999,0,0,803,0,0,0,4191,3365,0,0,62,0,8,7,1920,599,2000,1,0,4,70,72,54194,13606,313,645,115,64,388,0,53,4,73,4,4,0,10,0,0,0,0,0,2688,2816,2688,2816,4128,2208,6831,1599,0,0,0,0,100,77,43,38,40,71,70,77,0,0,61,0,0,0,0,0,0,13726,1068,331,0,331,0,341,341,100,3,1,0,999,999,40,0,25,0,0,0,0,0,0,0,0,0,0,100,2688,2816,100,0,0,0,0,0,0,0,0,0,0,0,0,0,0,0,0,0,0,0,0,160
601206,3265,531,89,46,9999,0,0,850,0,0,0,4191,3562,0,0,62,0,8,7,1920,599,2000,1,0,4,71,72,56467,13613,325,639,150,63,335,0,60,3,72,4,4,0,10,0,0,0,0,0,2688,2816,2688,2816,4128,2208,7469,1642,0,0,0,0,100,73,43,36,38,73,73,72,0,0,59,0,0,0,0,0,0,13726,1068,331,0,331,0,341,341,100,2,1,0,999,999,40,0,25,0,0,0,0,0,0,0,0,0,0,100,2688,2816,100,0,0,0,0,0,0,0,0,0,0,0,0,0,0,0,0,0,0,0,0,160
602207,3265,531,89,46,9999,0,0,917,0,0,0,4191,3843,0,0,62,0,8,7,1920,599,2000,1,0,4,67,72,51372,13677,302,647,137,64,328,0,40,11,72,4,4,0,10,0,0,0,0,0,2688,2816,2688,2816,4128,2208,7348,1615,0,0,0,0,100,74,38,37,37,74,71,71,0,0,63,0,0,0,0,0,0,13726,1068,331,0,331,0,341,341,100,4,1,0,999,999,40,0,25,0,0,0,0,0,0,0,0,0,0,100,2688,2816,100,0,0,0,0,0,0,0,0,0,0,0,0,0,0,0,0,0,0,0,0,160
603206,3265,531,89,46,9999,0,0,838,0,0,0,4191,3512,0,0,62,0,8,7,1920,599,2000,1,0,4,71,72,51337,13653,329,678,100,64,421,0,39,3,73,4,4,0,10,0,0,0,0,0,2688,2816,2688,2816,4128,2208,7123,1610,0,0,0,0,100,75,41,35,34,74,74,75,0,0,65,0,0,0,0,0,0,13726,1068,331,0,331,0,341,341,100,3,1,0,999,999,40,0,25,0,0,0,0,0,0,0,0,0,0,100,2688,2816,100,0,0,0,0,0,0,0,0,0,0,0,0,0,0,0,0,0,0,0,0,160
604210,3265,531,89,46,9999,0,0,875,0,0,0,4191,3667,0,0,62,0,8,7,1920,599,2000,1,0,4,70,72,57296,13640,388,636,103,64,328,0,58,5,72,4,4,0,10,0,0,0,0,0,2688,2816,2688,2816,4128,2208,6953,1673,0,0,0,0,100,74,40,33,37,68,74,71,0,0,64,0,0,0,0,0,0,13726,1068,331,0,331,0,341,341,100,2,2,0,999,999,40,0,25,0,0,0,0,0,0,0,0,0,0,100,2688,2816,100,0,0,0,0,0,0,0,0,0,0,0,0,0,0,0,0,0,0,0,0,160
605210,3265,531,89,46,9999,0,0,857,0,0,0,4191,3591,0,0,62,0,8,7,1920,599,2000,1,0,4,71,72,55102,13693,352,619,100,63,307,0,63,2,73,4,4,0,10,0,0,0,0,0,2688,2816,2688,2816,4128,2208,7230,1682,0,0,0,0,100,75,36,32,36,75,72,71,0,0,63,0,0,0,0,0,0,13726,1068,331,0,331,0,341,341,100,2,1,0,999,999,40,0,25,0,0,0,0,0,0,0,0,0,0,100,2688,2816,100,0,0,0,0,0,0,0,0,0,0,0,0,0,0,0,0,0,0,0,0,160
606207,3265,531,89,46,9999,0,0,769,0,0,0,4191,3222,0,0,62,0,8,7,1920,599,2000,1,0,4,74,72,56038,13685,280,688,186,63,533,0,63,0,73,4,4,0,10,0,0,0,0,0,2688,2816,2688,2816,4128,2208,6997,1596,0,0,0,0,100,76,41,41,40,71,72,76,0,0,63,0,0,0,0,0,0,13726,1068,331,0,331,0,341,341,100,0,0,0,999,999,40,0,25,0,0,0,0,0,0,0,0,0,0,100,2688,2816,100,0,0,0,0,0,0,0,0,0,0,0,0,0,0,0,0,0,0,0,0,160
607208,3265,531,89,46,9999,0,0,928,0,0,0,4191,3889,0,0,62,0,8,7,1920,599,2000,1,0,4,71,72,56582,13658,289,696,142,63,347,0,66,1,72,4,4,0,10,0,0,0,0,0,2688,2816,2688,2816,4128,2208,6440,1603,0,0,0,0,100,72,39,34,36,72,72,72,0,0,61,0,0,0,0,0,0,13726,1068,331,0,331,0,341,341,100,1,1,0,999,999,40,0,25,0,0,0,0,0,0,0,0,0,0,100,2688,2816,100,0,0,0,0,0,0,0,0,0,0,0,0,0,0,0,0,0,0,0,0,160
608209,3265,531,89,46,9999,0,0,821,0,0,0,4191,3440,0,0,62,0,8,7,1920,599,2000,1,0,4,72,72,54079,13675,353,683,117,63,418,0,51,7,73,4,4,0,10,0,0,0,0,0,2688,2816,2688,2816,4128,2208,8751,1624,0,0,0,0,100,77,37,30,34,68,66,77,0,0,61,0,0,0,0,0,0,13726,1068,331,0,331,0,341,341,100,2,1,0,999,999,40,0,25,0,0,0,0,0,0,0,0,0,0,100,2688,2816,100,0,0,0,0,0,0,0,0,0,0,0,0,0,0,0,0,0,0,0,0,160
609208,3265,531,89,46,9999,0,0,890,0,0,0,4191,3729,0,0,62,0,8,7,1920,599,2000,1,0,4,66,72,50642,13671,361,634,98,63,322,0,39,9,73,4,4,0,10,0,0,0,0,0,2688,2816,2688,2816,4128,2208,6002,1641,0,0,0,0,100,72,42,37,37,67,72,69,0,0,60,0,0,0,0,0,0,13726,1068,331,0,331,0,341,341,100,4,1,0,999,999,40,0,25,0,0,0,0,0,0,0,0,0,0,100,2688,2816,100,0,0,0,0,0,0,0,0,0,0,0,0,0,0,0,0,0,0,0,0,160
610209,3265,531,89,46,9999,0,0,752,0,0,0,4188,3149,0,0,62,0,8,7,1920,599,2000,1,0,4,71,72,57893,13637,321,578,90,64,338,0,66,3,72,4,4,0,10,0,0,0,0,0,2688,2816,2688,2816,4128,2208,6600,1613,0,0,0,0,100,73,37,30,35,73,70,71,0,0,59,0,0,0,0,0,0,13726,1068,331,0,331,0,341,341,100,2,1,0,999,999,40,0,25,0,0,0,0,0,0,0,0,0,0,100,2688,2816,100,0,0,0,0,0,0,0,0,0,0,0,0,0,0,0,0,0,0,0,0,160
611210,3265,531,89,46,9999,0,0,885,0,0,0,4188,3706,0,0,62,0,8,7,1920,599,2000,1,0,4,70,72,56412,13580,320,607,113,63,414,0,71,4,73,4,4,0,10,0,0,0,0,0,2688,2816,2688,2816,4128,2208,6463,1630,0,0,0,0,100,72,38,33,35,72,70,72,0,0,59,0,0,0,0,0,0,13726,1068,331,0,331,0,341,341,100,2,1,0,999,999,40,0,25,0,0,0,0,0,0,0,0,0,0,100,2688,2816,100,0,0,0,0,0,0,0,0,0,0,0,0,0,0,0,0,0,0,0,0,160
612210,3265,531,89,46,9999,0,0,1069,0,0,0,4188,4476,0,0,62,0,8,7,1920,599,2000,1,0,4,70,72,56220,13662,364,660,112,64,356,0,67,0,72,4,4,0,10,0,0,0,0,0,2688,2816,2688,2816,4128,2208,7294,1650,0,0,0,0,100,75,36,31,32,68,71,75,0,0,61,0,0,0,0,0,0,13726,1068,331,0,331,0,341,341,100,0,0,0,999,999,40,0,25,0,0,0,0,0,0,0,0,0,0,100,2688,2816,100,0,0,0,0,0,0,0,0,0,0,0,0,0,0,0,0,0,0,0,0,160
613209,3265,531,89,46,9999,0,0,960,0,0,0,4188,4020,0,0,62,0,8,7,1920,599,2000,1,0,4,68,72,53727,13737,368,635,157,64,379,0,41,12,71,4,4,0,10,0,0,0,0,0,2688,2816,2688,2816,4128,2208,7282,1680,0,0,0,0,100,75,41,36,38,75,70,72,0,0,63,0,0,0,0,0,0,13726,1068,331,0,331,0,341,341,100,5,1,0,999,999,40,0,25,0,0,0,0,0,0,0,0,0,0,100,2688,2816,100,0,0,0,0,0,0,0,0,0,0,0,0,0,0,0,0,0,0,0,0,160
614210,3265,531,89,46,9999,0,0,824,0,0,0,4188,3450,0,0,62,0,8,7,1920,599,2000,1,0,4,71,72,55333,13731,314,628,146,64,372,0,63,1,73,4,4,0,10,0,0,0,0,0,2688,2816,2688,2816,4128,2208,7202,1693,0,0,0,0,100,77,52,46,46,72,77,73,0,0,65,0,0,0,0,0,0,13726,1068,331,0,331,0,341,341,100,1,1,0,999,999,40,0,25,0,0,0,0,0,0,0,0,0,0,100,2688,2816,100,0,0,0,0,0,0,0,0,0,0,0,0,0,0,0,0,0,0,0,0,160
615210,3265,531,89,46,9999,0,0,849,0,0,0,4188,3555,0,0,62,0,8,7,1920,599,2000,1,0,4,70,72,53800,13648,298,655,96,64,333,0,45,6,73,4,4,0,10,0,0,0,0,0,2688,2816,2688,2816,4128,2208,7924,1636,0,0,0,0,100,76,43,35,36,76,76,73,0,0,65,0,0,0,0,0,0,13726,1068,331,0,331,0,341,341,100,2,1,0,999,999,40,0,25,0,0,0,0,0,0,0,0,0,0,100,2688,2816,100,0,0,0,0,0,0,0,0,0,0,0,0,0,0,0,0,0,0,0,0,160
616210,3265,531,89,46,9999,0,0,817,0,0,0,4188,3421,0,0,62,0,8,7,1920,599,2000,1,0,4,69,72,55327,13575,324,618,109,63,339,0,49,5,73,4,4,0,10,0,0,0,0,0,2688,2816,2688,2816,4128,2208,7878,1600,0,0,0,0,100,74,38,32,33,70,71,74,0,0,68,0,0,0,0,0,0,13726,1068,331,0,331,0,341,341,100,2,1,0,999,999,40,0,25,0,0,0,0,0,0,0,0,0,0,100,2688,2816,100,0,0,0,0,0,0,0,0,0,0,0,0,0,0,0,0,0,0,0,0,160
617209,3265,531,89,46,9999,0,0,750,0,0,0,4188,3141,0,0,62,0,8,7,1920,599,2000,1,0,4,73,72,54000,13579,318,592,131,64,387,0,51,0,72,4,4,0,10,0,0,0,0,0,2688,2816,2688,2816,4128,2208,7892,1622,0,0,0,0,100,74,36,29,31,74,72,72,0,0,68,0,0,0,0,0,0,13726,1068,331,0,331,0,341,341,100,0,0,0,999,999,40,0,25,0,0,0,0,0,0,0,0,0,0,100,2688,2816,100,0,0,0,0,0,0,0,0,0,0,0,0,0,0,0,0,0,0,0,0,160
618211,3265,531,89,46,9999,0,0,1082,0,0,0,4188,4531,0,0,62,0,8,7,1920,599,2000,1,0,4,71,72,55282,13623,326,581,106,64,353,0,60,1,72,4,4,0,10,0,0,0,0,0,2688,2816,2688,2816,4128,2208,7527,1638,0,0,0,0,100,75,35,31,30,74,74,75,0,0,67,0,0,0,0,0,0,13726,1068,331,0,331,0,341,341,100,1,1,0,999,999,40,0,25,0,0,0,0,0,0,0,0,0,0,100,2688,2816,100,0,0,0,0,0,0,0,0,0,0,0,0,0,0,0,0,0,0,0,0,160
619240,3260,529,89,46,9999,0,0,918,0,0,0,4188,3844,0,0,62,0,8,7,1920,599,2000,1,0,4,70,72,56395,13537,309,580,143,64,341,0,59,2,73,4,4,0,10,0,0,0,0,0,2688,2816,2688,2816,4128,2208,7993,1703,0,0,0,0,100,76,35,33,35,72,75,76,0,0,66,0,0,0,0,0,0,13726,1063,329,0,329,0,339,339,100,1,1,0,999,999,40,0,25,0,0,0,0,0,0,0,0,0,0,100,2688,2816,100,0,0,0,0,0,0,0,0,0,0,0,0,0,0,0,0,0,0,0,0,160
620212,3260,529,89,46,9999,0,0,773,0,0,0,4184,3234,0,0,62,0,8,7,1920,599,2000,1,0,4,72,72,52801,13550,274,689,165,63,341,0,41,3,72,4,4,0,10,0,0,0,0,0,2688,2816,2688,2816,4128,2208,6853,1471,0,0,0,0,100,76,36,31,29,74,68,76,0,0,63,0,0,0,0,0,0,13726,1063,329,0,329,0,339,339,100,2,1,0,999,999,40,0,25,0,0,0,0,0,0,0,0,0,0,100,2688,2816,100,0,0,0,0,0,0,0,0,0,0,0,0,0,0,0,0,0,0,0,0,160
621212,3260,529,89,46,9999,0,0,858,0,0,0,4184,3589,0,0,62,0,8,7,1920,599,2000,1,0,4,72,72,55293,13580,323,655,123,64,321,0,61,0,72,4,4,0,10,0,0,0,0,0,2688,2816,2688,2816,4128,2208,6292,1496,0,0,0,0,100,77,39,32,33,74,77,75,0,0,58,0,0,0,0,0,0,13726,1063,329,0,329,0,339,339,100,0,0,0,999,999,40,0,25,0,0,0,0,0,0,0,0,0,0,100,2688,2816,100,0,0,0,0,0,0,0,0,0,0,0,0,0,0,0,0,0,0,0,0,160
622213,3260,529,89,46,9999,0,0,899,0,0,0,4184,3761,0,0,62,0,8,7,1920,599,2000,1,0,4,70,72,52302,13598,328,595,113,63,337,0,49,4,73,4,4,0,10,0,0,0,0,0,2688,2816,2688,2816,4128,2208,8732,1651,0,0,0,0,100,77,38,32,32,71,73,77,0,0,65,0,0,0,0,0,0,13726,1063,329,0,329,0,339,339,100,3,1,0,999,999,40,0,25,0,0,0,0,0,0,0,0,0,0,100,2688,2816,100,0,0,0,0,0,0,0,0,0,0,0,0,0,0,0,0,0,0,0,0,160
623212,3260,529,89,46,9999,0,0,817,0,0,0,4184,3418,0,0,62,0,8,7,1920,599,2000,1,0,4,67,72,51973,13609,292,577,101,64,338,0,29,8,73,4,4,0,10,0,0,0,0,0,2688,2816,2688,2816,4128,2208,7686,1569,0,0,0,0,100,80,38,34,35,74,80,74,0,0,68,0,0,0,0,0,0,13726,1063,329,0,329,0,339,339,100,2,1,0,999,999,40,0,25,0,0,0,0,0,0,0,0,0,0,100,2688,2816,100,0,0,0,0,0,0,0,0,0,0,0,0,0,0,0,0,0,0,0,0,160
624211,3260,529,89,46,9999,0,0,1000,0,0,0,4184,4184,0,0,62,0,8,7,1920,599,2000,1,0,4,69,72,50143,13552,306,624,100,64,329,0,41,4,73,4,4,0,10,0,0,0,0,0,2688,2816,2688,2816,4128,2208,7205,1626,0,0,0,0,100,76,35,31,34,73,75,76,0,0,69,0,0,0,0,0,0,13726,1063,329,0,329,0,339,339,100,2,1,0,999,999,40,0,25,0,0,0,0,0,0,0,0,0,0,100,2688,2816,100,0,0,0,0,0,0,0,0,0,0,0,0,0,0,0,0,0,0,0,0,160
625212,3260,529,89,46,9999,0,0,808,0,0,0,4184,3380,0,0,62,0,8,7,1920,599,2000,1,0,4,74,72,54701,13509,300,608,107,63,337,0,54,0,73,4,4,0,10,0,0,0,0,0,2688,2816,2688,2816,4128,2208,7702,1541,0,0,0,0,100,77,36,32,31,71,71,77,0,0,67,0,0,0,0,0,0,13726,1063,329,0,329,0,339,339,100,0,0,0,999,999,40,0,25,0,0,0,0,0,0,0,0,0,0,100,2688,2816,100,0,0,0,0,0,0,0,0,0,0,0,0,0,0,0,0,0,0,0,0,160
626212,3260,529,89,46,9999,0,0,880,0,0,0,4184,3681,0,0,62,0,8,7,1920,599,2000,1,0,4,71,72,56159,13556,296,622,107,63,356,0,57,1,73,4,4,0,10,0,0,0,0,0,2688,2816,2688,2816,4128,2208,7147,1466,0,0,0,0,100,75,37,28,30,72,75,69,0,0,64,0,0,0,0,0,0,13726,1063,329,0,329,0,339,339,100,1,1,0,999,999,40,0,25,0,0,0,0,0,0,0,0,0,0,100,2688,2816,100,0,0,0,0,0,0,0,0,0,0,0,0,0,0,0,0,0,0,0,0,160
627213,3260,529,89,46,9999,0,0,879,0,0,0,4184,3677,0,0,62,0,8,7,1920,599,2000,1,0,4,71,72,52747,13603,289,615,113,63,327,0,53,2,73,4,4,0,10,0,0,0,0,0,2688,2816,2688,2816,4128,2208,7377,1527,0,0,0,0,100,76,38,36,34,76,73,68,0,0,63,0,0,0,0,0,0,13726,1063,329,0,329,0,339,339,100,2,1,0,999,999,40,0,25,0,0,0,0,0,0,0,0,0,0,100,2688,2816,100,0,0,0,0,0,0,0,0,0,0,0,0,0,0,0,0,0,0,0,0,160
628212,3260,529,89,46,9999,0,0,823,0,0,0,4184,3443,0,0,62,0,8,7,1920,599,2000,1,0,4,70,72,55613,13482,225,620,121,63,355,0,56,5,73,4,4,0,10,0,0,0,0,0,2688,2816,2688,2816,4128,2208,7679,1526,0,0,0,0,100,75,35,31,35,69,75,71,0,0,66,0,0,0,0,0,0,13726,1063,329,0,329,0,339,339,100,2,1,0,999,999,40,0,25,0,0,0,0,0,0,0,0,0,0,100,2688,2816,100,0,0,0,0,0,0,0,0,0,0,0,0,0,0,0,0,0,0,0,0,160
629215,3260,529,89,46,9999,0,0,835,0,0,0,4184,3493,0,0,62,0,8,7,1920,599,2000,1,0,4,68,72,52333,13421,286,576,109,64,324,0,50,6,73,4,4,0,10,0,0,0,0,0,2688,2816,2688,2816,4128,2208,7603,1551,0,0,0,0,100,73,43,36,37,69,73,67,0,0,66,0,0,0,0,0,0,13726,1063,329,0,329,0,339,339,100,3,1,0,999,999,40,0,25,0,0,0,0,0,0,0,0,0,0,100,2688,2816,100,0,0,0,0,0,0,0,0,0,0,0,0,0,0,0,0,0,0,0,0,160
630215,3260,529,89,46,9999,0,0,803,0,0,0,4183,3358,0,0,62,0,8,7,1920,599,2000,1,0,4,69,72,47931,13434,287,579,114,64,327,0,30,6,72,4,4,0,10,0,0,0,0,0,2688,2816,2688,2816,4128,2208,8444,1461,0,0,0,0,100,75,39,35,37,70,70,75,0,0,69,0,0,0,0,0,0,13726,1063,329,0,329,0,339,339,100,2,1,0,999,999,40,0,25,0,0,0,0,0,0,0,0,0,0,100,2688,2816,100,0,0,0,0,0,0,0,0,0,0,0,0,0,0,0,0,0,0,0,0,160
631215,3260,529,89,46,9999,0,0,896,0,0,0,4188,3752,0,0,62,0,8,7,1920,599,2000,1,0,4,69,72,52771,13457,283,615,151,64,348,0,42,5,73,4,4,0,10,0,0,0,0,0,2688,2816,2688,2816,4128,2208,8678,1429,0,0,0,0,100,76,43,36,39,74,67,76,0,0,68,0,0,0,0,0,0,13726,1063,329,0,329,0,339,339,100,2,1,0,999,999,40,0,25,0,0,0,0,0,0,0,0,0,0,100,2688,2816,100,0,0,0,0,0,0,0,0,0,0,0,0,0,0,0,0,0,0,0,0,160
632212,3260,529,89,46,9999,0,0,1062,0,0,0,4188,4447,0,0,62,0,8,7,1920,599,2000,1,0,4,68,72,55877,13475,255,605,161,63,393,0,50,8,73,4,4,0,10,0,0,0,0,0,2688,2816,2688,2816,4128,2208,8426,1502,0,0,0,0,100,76,42,37,36,66,72,76,0,0,68,0,0,0,0,0,0,13726,1063,329,0,329,0,339,339,100,2,1,0,999,999,40,0,25,0,0,0,0,0,0,0,0,0,0,100,2688,2816,100,0,0,0,0,0,0,0,0,0,0,0,0,0,0,0,0,0,0,0,0,160
633212,3260,529,89,46,9999,0,0,987,0,0,0,4188,4133,0,0,62,0,8,7,1920,599,2000,1,0,4,69,72,51105,13477,252,665,160,63,371,0,47,7,72,4,4,0,10,0,0,0,0,0,2688,2816,2688,2816,4128,2208,8357,1476,0,0,0,0,100,75,43,38,36,69,75,74,0,0,68,0,0,0,0,0,0,13726,1063,329,0,329,0,339,339,100,4,1,0,999,999,40,0,25,0,0,0,0,0,0,0,0,0,0,100,2688,2816,100,0,0,0,0,0,0,0,0,0,0,0,0,0,0,0,0,0,0,0,0,160
634212,3260,529,89,46,9999,0,0,1114,0,0,0,4188,4665,0,0,62,0,8,7,1920,599,2000,1,0,4,70,72,54796,13517,286,609,107,64,432,0,51,4,72,4,4,0,10,0,0,0,0,0,2688,2816,2688,2816,4128,2208,8669,1600,0,0,0,0,100,77,44,37,38,69,77,69,0,0,69,0,0,0,0,0,0,13726,1063,329,0,329,0,339,339,100,3,1,0,999,999,40,0,25,0,0,0,0,0,0,0,0,0,0,100,2688,2816,100,0,0,0,0,0,0,0,0,0,0,0,0,0,0,0,0,0,0,0,0,160
635216,3260,529,89,46,9999,0,0,746,0,0,0,4188,3124,0,0,62,0,8,7,1920,599,2000,1,0,4,69,72,48580,13571,299,591,118,64,360,0,25,5,73,4,4,0,10,0,0,0,0,0,2688,2816,2688,2816,4128,2208,7825,1466,0,0,0,0,100,80,56,53,52,76,74,80,0,0,68,0,0,0,0,0,0,13726,1063,329,0,329,0,339,339,100,2,1,0,999,999,40,0,25,0,0,0,0,0,0,0,0,0,0,100,2688,2816,100,0,0,0,0,0,0,0,0,0,0,0,0,0,0,0,0,0,0,0,0,160
636214,3260,529,88,46,9999,0,0,796,0,0,0,4191,3336,0,0,62,0,8,7,1920,599,2000,1,0,4,71,72,54554,13604,293,718,113,64,418,0,50,5,73,4,4,0,10,0,0,0,0,0,2688,2816,2688,2816,4128,2208,8044,1310,0,0,0,0,100,80,54,48,49,80,76,78,0,0,67,0,0,0,0,0,0,13726,1063,329,0,329,0,339,339,100,2,1,0,999,999,40,0,25,0,0,0,0,0,0,0,0,0,0,100,2688,2816,100,0,0,0,0,0,0,0,0,0,0,0,0,0,0,0,0,0,0,0,0,160
637214,3260,529,88,46,9999,0,0,812,0,0,0,4191,3403,0,0,62,0,8,7,1920,599,2000,1,0,4,67,72,50450,13505,320,670,117,64,383,0,30,6,72,4,4,0,10,0,0,0,0,0,2688,2816,2688,2816,4128,2208,7910,1326,0,0,0,0,100,77,43,37,36,74,73,77,0,0,65,0,0,0,0,0,0,13726,1063,329,0,329,0,339,339,100,2,1,0,999,999,40,0,25,0,0,0,0,0,0,0,0,0,0,100,2688,2816,100,0,0,0,0,0,0,0,0,0,0,0,0,0,0,0,0,0,0,0,0,160
638213,3260,529,88,46,9999,0,0,878,0,0,0,4191,3679,0,0,62,0,8,7,1920,599,2000,1,0,4,70,72,53164,13519,342,645,98,64,333,0,44,8,72,4,4,0,10,0,0,0,0,0,2688,2816,2688,2816,4128,2208,7804,1393,0,0,0,0,100,76,37,35,36,69,72,76,0,0,65,0,0,0,0,0,0,13726,1063,329,0,329,0,339,339,100,2,1,0,999,999,40,0,25,0,0,0,0,0,0,0,0,0,0,100,2688,2816,100,0,0,0,0,0,0,0,0,0,0,0,0,0,0,0,0,0,0,0,0,160
639245,3257,531,88,46,9999,0,0,789,0,0,0,4191,3306,0,0,62,0,8,7,1920,599,2000,1,0,4,70,72,47742,13521,275,699,160,63,453,0,26,11,73,4,4,0,10,0,0,0,0,0,2688,2816,2688,2816,4128,2208,7957,1380,0,0,0,0,100,76,44,40,41,75,73,76,0,0,63,0,0,0,0,0,0,13726,1070,331,0,331,0,341,341,100,3,1,0,999,999,40,0,25,0,0,0,0,0,0,0,0,0,0,100,2688,2816,100,0,0,0,0,0,0,0,0,0,0,0,0,0,0,0,0,0,0,0,0,160
640215,3257,531,88,46,9999,0,0,881,0,0,0,4183,3685,0,0,62,0,8,7,1920,599,2000,1,0,4,65,72,50942,13540,283,683,122,64,342,0,36,7,73,4,4,0,10,0,0,0,0,0,2688,2816,2688,2816,4128,2208,8121,1317,0,0,0,0,100,77,38,31,35,75,76,77,0,0,62,0,0,0,0,0,0,13726,1070,331,0,331,0,341,341,100,2,1,0,999,999,40,0,25,0,0,0,0,0,0,0,0,0,0,100,2688,2816,100,0,0,0,0,0,0,0,0,0,0,0,0,0,0,0,0,0,0,0,0,160
641218,3257,531,88,46,9999,0,0,919,0,0,0,4183,3844,0,0,62,0,8,7,1920,599,2000,1,0,4,66,72,53444,13432,298,628,96,64,341,0,42,14,73,4,4,0,10,0,0,0,0,0,2688,2816,2688,2816,4128,2208,7792,1274,0,0,0,0,100,74,37,35,36,69,74,72,0,0,62,0,0,0,0,0,0,13726,1070,331,0,331,0,341,341,100,8,1,0,999,999,40,0,25,0,0,0,0,0,0,0,0,0,0,100,2688,2816,100,0,0,0,0,0,0,0,0,0,0,0,0,0,0,0,0,0,0,0,0,160
642217,3257,531,88,46,9999,0,0,805,0,0,0,4183,3367,0,0,62,0,8,7,1920,599,2000,1,0,4,69,72,52787,13448,312,625,119,63,332,0,44,7,73,4,4,0,10,0,0,0,0,0,2688,2816,2688,2816,4128,2208,8170,1365,0,0,0,0,100,71,41,34,36,70,71,70,0,0,63,0,0,0,0,0,0,13726,1070,331,0,331,0,341,341,100,2,1,0,999,999,40,0,25,0,0,0,0,0,0,0,0,0,0,100,2688,2816,100,0,0,0,0,0,0,0,0,0,0,0,0,0,0,0,0,0,0,0,0,160
643217,3257,531,88,46,9999,0,0,826,0,0,0,4183,3455,0,0,62,0,8,7,1920,599,2000,1,0,4,71,72,55304,13527,324,556,121,65,356,0,63,2,73,4,4,0,10,0,0,0,0,0,2688,2816,2688,2816,4128,2208,6671,1667,0,0,0,0,100,75,40,38,33,73,75,68,0,0,62,0,0,0,0,0,0,13726,1070,331,0,331,0,341,341,100,1,1,0,999,999,40,0,25,0,0,0,0,0,0,0,0,0,0,100,2688,2816,100,0,0,0,0,0,0,0,0,0,0,0,0,0,0,0,0,0,0,0,0,160
644217,3257,531,88,46,9999,0,0,777,0,0,0,4183,3250,0,0,62,0,8,7,1920,599,2000,1,0,4,71,72,57289,13581,286,625,116,64,328,0,65,2,72,4,4,0,10,0,0,0,0,0,2688,2816,2688,2816,4128,2208,7087,1573,0,0,0,0,100,72,44,36,33,71,71,72,0,0,64,0,0,0,0,0,0,13726,1070,331,0,331,0,341,341,100,2,1,0,999,999,40,0,25,0,0,0,0,0,0,0,0,0,0,100,2688,2816,100,0,0,0,0,0,0,0,0,0,0,0,0,0,0,0,0,0,0,0,0,160
645218,3257,531,88,46,9999,0,0,915,0,0,0,4183,3827,0,0,62,0,8,7,1920,599,2000,1,0,4,67,72,53134,13494,294,642,99,63,325,0,39,10,72,4,4,0,10,0,0,0,0,0,2688,2816,2688,2816,4128,2208,7451,1402,0,0,0,0,100,75,46,44,41,73,74,75,0,0,62,0,0,0,0,0,0,13726,1070,331,0,331,0,341,341,100,6,1,0,999,999,40,0,25,0,0,0,0,0,0,0,0,0,0,100,2688,2816,100,0,0,0,0,0,0,0,0,0,0,0,0,0,0,0,0,0,0,0,0,160
646217,3257,531,88,46,9999,0,0,805,0,0,0,4183,3367,0,0,62,0,8,7,1920,599,2000,1,0,4,70,72,54516,13482,320,574,101,63,338,0,59,1,72,4,4,0,10,0,0,0,0,0,2688,2816,2688,2816,4128,2208,6185,1589,0,0,0,0,100,75,43,38,38,72,75,75,0,0,61,0,0,0,0,0,0,13726,1070,331,0,331,0,341,341,100,1,1,0,999,999,40,0,25,0,0,0,0,0,0,0,0,0,0,100,2688,2816,100,0,0,0,0,0,0,0,0,0,0,0,0,0,0,0,0,0,0,0,0,160
647218,3257,531,88,46,9999,0,0,857,0,0,0,4183,3584,0,0,62,0,8,7,1920,599,2000,1,0,4,72,72,49984,13654,335,618,156,63,343,0,49,6,73,4,4,0,10,0,0,0,0,0,2688,2816,2688,2816,4128,2208,5951,1608,0,0,0,0,100,75,41,38,33,69,75,75,0,0,57,0,0,0,0,0,0,13726,1070,331,0,331,0,341,341,100,2,1,0,999,999,40,0,25,0,0,0,0,0,0,0,0,0,0,100,2688,2816,100,0,0,0,0,0,0,0,0,0,0,0,0,0,0,0,0,0,0,0,0,160
648218,3257,531,88,46,9999,0,0,760,0,0,0,4183,3179,0,0,62,0,8,7,1920,599,2000,1,0,4,69,72,54146,13624,330,681,94,63,344,0,64,4,73,4,4,0,10,0,0,0,0,0,2688,2816,2688,2816,4128,2208,5939,1643,0,0,0,0,100,74,39,42,34,70,74,72,0,0,56,0,0,0,0,0,0,13726,1070,331,0,331,0,341,341,100,2,1,0,999,999,40,0,25,0,0,0,0,0,0,0,0,0,0,100,2688,2816,100,0,0,0,0,0,0,0,0,0,0,0,0,0,0,0,0,0,0,0,0,160
649219,3257,531,88,46,9999,0,0,838,0,0,0,4183,3505,0,0,62,0,8,7,1920,599,2000,1,0,4,72,72,54391,13663,366,645,91,63,315,0,59,2,73,4,4,0,10,0,0,0,0,0,2688,2816,2688,2816,4128,2208,6348,1681,0,0,0,0,100,74,43,39,35,70,74,70,0,0,56,0,0,0,0,0,0,13726,1070,331,0,331,0,341,341,100,2,1,0,999,999,40,0,25,0,0,0,0,0,0,0,0,0,0,100,2688,2816,100,0,0,0,0,0,0,0,0,0,0,0,0,0,0,0,0,0,0,0,0,160
650220,3257,531,88,46,9999,0,0,779,0,0,0,4183,3258,0,0,62,0,8,7,1920,599,2000,1,0,4,67,72,53470,13577,380,590,97,63,324,0,62,9,73,4,4,0,10,0,0,0,0,0,2688,2816,2688,2816,4128,2208,6853,1698,0,0,0,0,100,72,42,32,32,60,72,68,0,0,56,0,0,0,0,0,0,13726,1070,331,0,331,0,341,341,100,2,1,0,999,999,40,0,25,0,0,0,0,0,0,0,0,0,0,100,2688,2816,100,0,0,0,0,0,0,0,0,0,0,0,0,0,0,0,0,0,0,0,0,160
651221,3257,531,88,46,9999,0,0,800,0,0,0,4183,3346,0,0,62,0,8,7,1920,599,2000,1,0,4,70,72,54476,13680,342,669,164,63,408,0,47,5,73,4,4,0,10,0,0,0,0,0,2688,2816,2688,2816,4128,2208,7045,1347,0,0,0,0,100,74,43,38,37,73,74,72,0,0,62,0,0,0,0,0,0,13726,1070,331,0,331,0,341,341,100,4,1,0,999,999,40,0,25,0,0,0,0,0,0,0,0,0,0,100,2688,2816,100,0,0,0,0,0,0,0,0,0,0,0,0,0,0,0,0,0,0,0,0,160
652220,3257,531,88,46,9999,0,0,811,0,0,0,4183,3392,0,0,62,0,8,7,1920,599,2000,1,0,4,69,72,50870,13669,338,745,121,64,395,0,39,5,73,4,4,0,10,0,0,0,0,0,2688,2816,2688,2816,4128,2208,7950,1364,0,0,0,0,100,76,42,36,34,74,76,72,0,0,62,0,0,0,0,0,0,13726,1070,331,0,331,0,341,341,100,2,1,0,999,999,40,0,25,0,0,0,0,0,0,0,0,0,0,100,2688,2816,100,0,0,0,0,0,0,0,0,0,0,0,0,0,0,0,0,0,0,0,0,160
653220,3257,531,88,46,9999,0,0,852,0,0,0,4183,3563,0,0,62,0,8,7,1920,599,2000,1,0,4,69,72,54976,13488,280,643,113,63,383,0,52,4,73,4,4,0,10,0,0,0,0,0,2688,2816,2688,2816,4128,2208,6125,1611,0,0,0,0,100,75,40,37,34,73,75,75,0,0,64,0,0,0,0,0,0,13726,1070,331,0,331,0,341,341,100,1,1,0,999,999,40,0,25,0,0,0,0,0,0,0,0,0,0,100,2688,2816,100,0,0,0,0,0,0,0,0,0,0,0,0,0,0,0,0,0,0,0,0,160
654220,3257,531,88,46,9999,0,0,813,0,0,0,4183,3400,0,0,62,0,8,7,1920,599,2000,1,0,4,73,72,54801,13607,489,648,168,63,348,0,71,0,72,4,4,0,10,0,0,0,0,0,2688,2816,2688,2816,4128,2208,5852,1656,0,0,0,0,100,75,44,41,35,66,74,75,0,0,58,0,0,0,0,0,0,13726,1070,331,0,331,0,341,341,100,0,0,0,999,999,40,0,25,0,0,0,0,0,0,0,0,0,0,100,2688,2816,100,0,0,0,0,0,0,0,0,0,0,0,0,0,0,0,0,0,0,0,0,160
655220,3257,531,88,46,9999,0,0,1006,0,0,0,4183,4208,0,0,62,0,8,7,1920,599,2000,1,0,4,71,72,55463,13584,338,636,138,63,444,0,71,4,72,4,4,0,10,0,0,0,0,0,2688,2816,2688,2816,4128,2208,6075,1682,0,0,0,0,100,75,42,35,34,70,71,75,0,0,57,0,0,0,0,0,0,13726,1070,331,0,331,0,341,341,100,2,1,0,999,999,40,0,25,0,0,0,0,0,0,0,0,0,0,100,2688,2816,100,0,0,0,0,0,0,0,0,0,0,0,0,0,0,0,0,0,0,0,0,160
656225,3257,531,88,46,9999,0,0,965,0,0,0,4183,4036,0,0,62,0,8,7,1920,599,2000,1,0,4,72,72,53471,13669,332,603,115,65,346,0,55,0,73,4,4,0,10,0,0,0,0,0,2688,2816,2688,2816,4128,2208,6437,1683,0,0,0,0,100,73,53,52,47,72,73,73,0,0,58,0,0,0,0,0,0,13726,1070,331,0,331,0,341,341,100,0,0,0,999,999,40,0,25,0,0,0,0,0,0,0,0,0,0,100,2688,2816,100,0,0,0,0,0,0,0,0,0,0,0,0,0,0,0,0,0,0,0,0,160
657225,3257,531,88,46,9999,0,0,741,0,0,0,4183,3099,0,0,62,0,8,7,1920,599,2000,1,0,4,69,72,52107,13692,423,665,126,63,352,0,46,5,73,4,4,0,10,0,0,0,0,0,2688,2816,2688,2816,4128,2208,8759,1636,0,0,0,0,100,77,47,47,41,71,75,77,0,0,64,0,0,0,0,0,0,13726,1070,331,0,331,0,341,341,100,2,1,0,999,999,40,0,25,0,0,0,0,0,0,0,0,0,0,100,2688,2816,100,0,0,0,0,0,0,0,0,0,0,0,0,0,0,0,0,0,0,0,0,160
658225,3257,531,88,46,9999,0,0,767,0,0,0,4183,3208,0,0,62,0,8,7,1920,599,2000,1,0,4,68,72,51312,13650,316,655,110,64,357,0,32,9,72,4,4,0,10,0,0,0,0,0,2688,2816,2688,2816,4128,2208,7898,1654,0,0,0,0,100,74,40,39,37,72,74,73,0,0,66,0,0,0,0,0,0,13726,1070,331,0,331,0,341,341,100,2,1,0,999,999,40,0,25,0,0,0,0,0,0,0,0,0,0,100,2688,2816,100,0,0,0,0,0,0,0,0,0,0,0,0,0,0,0,0,0,0,0,0,160
659264,3269,531,88,46,9999,0,0,921,0,0,0,4183,3852,0,0,62,0,8,7,1920,599,2000,1,0,4,68,72,51301,13686,303,653,105,64,353,0,35,5,73,4,4,0,10,0,0,0,0,0,2688,2816,2688,2816,4128,2208,8230,1685,0,0,0,0,100,74,41,38,34,73,73,74,0,0,68,0,0,0,0,0,0,13726,1070,331,0,331,0,341,341,100,2,1,0,999,999,40,0,25,0,0,0,0,0,0,0,0,0,0,100,2688,2816,100,0,0,0,0,0,0,0,0,0,0,0,0,0,0,0,0,0,0,0,0,160
660223,3269,531,88,46,9999,0,0,953,0,0,0,4188,3991,0,0,62,0,8,7,1920,599,2000,1,0,4,68,72,52920,13644,300,618,104,64,374,0,39,7,72,4,4,0,10,0,0,0,0,0,2688,2816,2688,2816,4128,2208,7739,1678,0,0,0,0,100,77,38,33,35,74,75,77,0,0,68,0,0,0,0,0,0,13726,1070,331,0,331,0,341,341,100,1,1,0,999,999,40,0,25,0,0,0,0,0,0,0,0,0,0,100,2688,2816,100,0,0,0,0,0,0,0,0,0,0,0,0,0,0,0,0,0,0,0,0,160
661223,3269,531,88,46,9999,0,0,795,0,0,0,4188,3329,0,0,62,0,8,7,1920,599,2000,1,0,4,70,72,52326,13617,334,623,97,64,364,0,44,3,73,4,4,0,10,0,0,0,0,0,2688,2816,2688,2816,4128,2208,7232,1635,0,0,0,0,100,76,39,36,33,74,72,76,0,0,66,0,0,0,0,0,0,13726,1070,331,0,331,0,341,341,100,2,1,0,999,999,40,0,25,0,0,0,0,0,0,0,0,0,0,100,2688,2816,100,0,0,0,0,0,0,0,0,0,0,0,0,0,0,0,0,0,0,0,0,160
662223,3269,531,88,46,9999,0,0,860,0,0,0,4188,3601,0,0,62,0,8,7,1920,599,2000,1,0,4,68,72,54373,13600,349,611,107,63,372,0,53,6,72,4,4,0,10,0,0,0,0,0,2688,2816,2688,2816,4128,2208,7072,1684,0,0,0,0,100,73,37,34,35,68,72,73,0,0,63,0,0,0,0,0,0,13726,1070,331,0,331,0,341,341,100,2,1,0,999,999,40,0,25,0,0,0,0,0,0,0,0,0,0,100,2688,2816,100,0,0,0,0,0,0,0,0,0,0,0,0,0,0,0,0,0,0,0,0,160
663223,3269,531,88,46,9999,0,0,753,0,0,0,4188,3153,0,0,62,0,8,7,1920,599,2000,1,0,4,70,72,52003,13634,299,644,118,63,374,0,44,7,73,4,4,0,10,0,0,0,0,0,2688,2816,2688,2816,4128,2208,6797,1673,0,0,0,0,100,77,41,37,37,69,76,77,0,0,62,0,0,0,0,0,0,13726,1070,331,0,331,0,341,341,100,2,1,0,999,999,40,0,25,0,0,0,0,0,0,0,0,0,0,100,2688,2816,100,0,0,0,0,0,0,0,0,0,0,0,0,0,0,0,0,0,0,0,0,160
664224,3269,531,88,46,9999,0,0,836,0,0,0,4188,3501,0,0,62,0,8,7,1920,599,2000,1,0,4,70,72,54888,13644,286,636,110,64,416,0,55,3,73,4,4,0,10,0,0,0,0,0,2688,2816,2688,2816,4128,2208,6696,1716,0,0,0,0,100,75,39,37,35,71,75,73,0,0,61,0,0,0,0,0,0,13726,1070,331,0,331,0,341,341,100,2,1,0,999,999,40,0,25,0,0,0,0,0,0,0,0,0,0,100,2688,2816,100,0,0,0,0,0,0,0,0,0,0,0,0,0,0,0,0,0,0,0,0,160
665224,3269,531,88,46,9999,0,0,855,0,0,0,4188,3580,0,0,62,0,8,7,1920,599,2000,1,0,4,72,72,55783,13539,299,611,109,64,357,0,60,1,72,4,4,0,10,0,0,0,0,0,2688,2816,2688,2816,4128,2208,6647,1703,0,0,0,0,100,74,37,34,37,70,74,71,0,0,62,0,0,0,0,0,0,13726,1070,331,0,331,0,341,341,100,1,1,0,999,999,40,0,25,0,0,0,0,0,0,0,0,0,0,100,2688,2816,100,0,0,0,0,0,0,0,0,0,0,0,0,0,0,0,0,0,0,0,0,160
666224,3269,531,88,46,9999,0,0,897,0,0,0,4188,3756,0,0,62,0,8,7,1920,599,2000,1,0,4,70,72,56646,13614,344,610,95,64,329,0,62,5,72,4,4,0,10,0,0,0,0,0,2688,2816,2688,2816,4128,2208,7517,1652,0,0,0,0,100,74,42,38,42,72,71,74,0,0,62,0,0,0,0,0,0,13726,1070,331,0,331,0,341,341,100,5,1,0,999,999,40,0,25,0,0,0,0,0,0,0,0,0,0,100,2688,2816,100,0,0,0,0,0,0,0,0,0,0,0,0,0,0,0,0,0,0,0,0,160
667227,3269,531,88,46,9999,0,0,914,0,0,0,4188,3827,0,0,62,0,8,7,1920,599,2000,1,0,4,69,72,52751,13585,315,584,87,64,365,0,42,7,73,4,4,0,10,0,0,0,0,0,2688,2816,2688,2816,4128,2208,7495,1663,0,0,0,0,100,76,41,34,36,72,74,76,0,0,66,0,0,0,0,0,0,13726,1070,331,0,331,0,341,341,100,3,1,0,999,999,40,0,25,0,0,0,0,0,0,0,0,0,0,100,2688,2816,100,0,0,0,0,0,0,0,0,0,0,0,0,0,0,0,0,0,0,0,0,160
668225,3269,531,88,46,9999,0,0,864,0,0,0,4188,3618,0,0,62,0,8,7,1920,599,2000,1,0,4,70,72,54496,13570,303,549,104,64,328,0,56,0,72,4,4,0,10,0,0,0,0,0,2688,2816,2688,2816,4128,2208,7656,1699,0,0,0,0,100,73,40,35,36,71,73,73,0,0,66,0,0,0,0,0,0,13726,1070,331,0,331,0,341,341,100,0,0,0,999,999,40,0,25,0,0,0,0,0,0,0,0,0,0,100,2688,2816,100,0,0,0,0,0,0,0,0,0,0,0,0,0,0,0,0,0,0,0,0,160
669225,3269,531,88,46,9999,0,0,765,0,0,0,4188,3203,0,0,62,0,8,7,1920,599,2000,1,0,4,73,72,55823,13543,325,569,95,64,345,0,55,2,72,4,4,0,10,0,0,0,0,0,2688,2816,2688,2816,4128,2208,6711,1730,0,0,0,0,100,75,41,39,39,73,72,75,0,0,64,0,0,0,0,0,0,13726,1070,331,0,331,0,341,341,100,1,1,0,999,999,40,0,25,0,0,0,0,0,0,0,0,0,0,100,2688,2816,100,0,0,0,0,0,0,0,0,0,0,0,0,0,0,0,0,0,0,0,0,160
670225,3269,531,88,46,9999,0,0,886,0,0,0,4184,3707,0,0,62,0,8,7,1920,599,2000,1,0,4,72,72,53922,13732,370,717,209,64,390,0,54,2,73,4,4,0,10,0,0,0,0,0,2688,2816,2688,2816,4128,2208,7429,1480,0,0,0,0,100,71,40,34,36,68,70,71,0,0,66,0,0,0,0,0,0,13726,1070,331,0,331,0,341,341,100,2,1,0,999,999,40,0,25,0,0,0,0,0,0,0,0,0,0,100,2688,2816,100,0,0,0,0,0,0,0,0,0,0,0,0,0,0,0,0,0,0,0,0,160
671226,3269,531,88,46,9999,0,0,706,0,0,0,4184,2953,0,0,62,0,8,7,1920,599,2000,1,0,4,71,72,52335,13721,346,730,145,64,400,0,48,2,72,4,4,0,10,0,0,0,0,0,2688,2816,2688,2816,4128,2208,8081,1524,0,0,0,0,100,75,39,36,34,73,75,71,0,0,67,0,0,0,0,0,0,13726,1070,331,0,331,0,341,341,100,2,1,0,999,999,40,0,25,0,0,0,0,0,0,0,0,0,0,100,2688,2816,100,0,0,0,0,0,0,0,0,0,0,0,0,0,0,0,0,0,0,0,0,160
672225,3269,531,88,46,9999,0,0,747,0,0,0,4184,3125,0,0,62,0,8,7,1920,599,2000,1,0,4,69,72,51240,13633,277,697,126,63,312,0,39,4,73,4,4,0,10,0,0,0,0,0,2688,2816,2688,2816,4128,2208,7441,1493,0,0,0,0,100,78,40,35,33,72,70,78,0,0,67,0,0,0,0,0,0,13726,1070,331,0,331,0,341,341,100,2,1,0,999,999,40,0,25,0,0,0,0,0,0,0,0,0,0,100,2688,2816,100,0,0,0,0,0,0,0,0,0,0,0,0,0,0,0,0,0,0,0,0,160
673226,3269,531,88,46,9999,0,0,885,0,0,0,4184,3702,0,0,62,0,8,7,1920,599,2000,1,0,4,71,72,56214,13551,286,655,119,64,408,0,59,1,72,4,4,0,10,0,0,0,0,0,2688,2816,2688,2816,4128,2208,7953,1535,0,0,0,0,100,74,37,32,32,66,74,72,0,0,67,0,0,0,0,0,0,13726,1070,331,0,331,0,341,341,100,1,1,0,999,999,40,0,25,0,0,0,0,0,0,0,0,0,0,100,2688,2816,100,0,0,0,0,0,0,0,0,0,0,0,0,0,0,0,0,0,0,0,0,160
674226,3269,531,88,46,9999,0,0,715,0,0,0,4184,2991,0,0,62,0,8,7,1920,599,2000,1,0,4,70,72,52146,13519,310,624,130,64,369,0,46,4,73,4,4,0,10,0,0,0,0,0,2688,2816,2688,2816,4128,2208,6754,1700,0,0,0,0,100,72,39,32,37,69,72,70,0,0,62,0,0,0,0,0,0,13726,1070,331,0,331,0,341,341,100,2,1,0,999,999,40,0,25,0,0,0,0,0,0,0,0,0,0,100,2688,2816,100,0,0,0,0,0,0,0,0,0,0,0,0,0,0,0,0,0,0,0,0,160
675226,3269,531,88,46,9999,0,0,754,0,0,0,4184,3154,0,0,62,0,8,7,1920,599,2000,1,0,4,73,72,55255,13623,355,615,94,64,336,0,63,0,72,4,4,0,10,0,0,0,0,0,2688,2816,2688,2816,4128,2208,6409,1671,0,0,0,0,100,73,40,36,35,73,71,72,0,0,62,0,0,0,0,0,0,13726,1070,331,0,331,0,341,341,100,0,0,0,999,999,40,0,25,0,0,0,0,0,0,0,0,0,0,100,2688,2816,100,0,0,0,0,0,0,0,0,0,0,0,0,0,0,0,0,0,0,0,0,160
676226,3269,531,88,46,9999,0,0,1138,0,0,0,4184,4761,0,0,62,0,8,7,1920,599,2000,1,0,4,73,72,55255,13718,321,649,122,63,407,0,65,1,72,4,4,0,10,0,0,0,0,0,2688,2816,2688,2816,4128,2208,7879,1634,0,0,0,0,100,73,43,37,40,71,69,73,0,0,64,0,0,0,0,0,0,13726,1070,331,0,331,0,341,341,100,1,1,0,999,999,40,0,25,0,0,0,0,0,0,0,0,0,0,100,2688,2816,100,0,0,0,0,0,0,0,0,0,0,0,0,0,0,0,0,0,0,0,0,160
677226,3269,531,88,46,9999,0,0,791,0,0,0,4184,3309,0,0,62,0,8,7,1920,599,2000,1,0,4,72,72,57965,13782,406,791,152,64,533,0,53,5,73,4,4,0,10,0,0,0,0,0,2688,2816,2688,2816,4128,2208,7421,1705,0,0,0,0,100,76,53,48,46,71,70,76,0,0,64,0,0,0,0,0,0,13726,1070,331,0,331,0,341,341,100,2,1,0,999,999,40,0,25,0,0,0,0,0,0,0,0,0,0,100,2688,2816,100,0,0,0,0,0,0,0,0,0,0,0,0,0,0,0,0,0,0,0,0,160
678226,3269,531,88,46,9999,0,0,790,0,0,0,4184,3305,0,0,62,0,8,7,1920,599,2000,1,0,4,70,72,53871,13751,317,772,132,64,343,0,46,7,72,4,4,0,10,0,0,0,0,0,2688,2816,2688,2816,4128,2208,6816,1653,0,0,0,0,100,73,46,40,39,71,70,73,0,0,65,0,0,0,0,0,0,13726,1070,331,0,331,0,341,341,100,7,1,0,999,999,40,0,25,0,0,0,0,0,0,0,0,0,0,100,2688,2816,100,0,0,0,0,0,0,0,0,0,0,0,0,0,0,0,0,0,0,0,0,160
679256,3273,529,88,46,9999,0,0,722,0,0,0,4184,3020,0,0,62,0,8,7,1920,599,2000,1,0,4,69,72,52975,13619,309,702,109,64,402,0,55,3,72,4,4,0,10,0,0,0,0,0,2688,2816,2688,2816,4128,2208,7768,1682,0,0,0,0,100,75,36,32,34,68,74,75,0,0,65,0,0,0,0,0,0,13725,1070,330,0,330,0,340,340,100,1,1,0,999,999,40,0,25,0,0,0,0,0,0,0,0,0,0,100,2688,2816,100,0,0,0,0,0,0,0,0,0,0,0,0,0,0,0,0,0,0,0,0,160
680227,3273,529,88,46,9999,0,0,928,0,0,0,4180,3879,0,0,62,0,8,7,1920,599,2000,1,0,4,71,72,56461,13646,292,672,127,64,326,0,58,1,72,4,4,0,10,0,0,0,0,0,2688,2816,2688,2816,4128,2208,7270,1620,0,0,0,0,100,77,39,35,38,71,77,72,0,0,65,0,0,0,0,0,0,13725,1070,330,0,330,0,340,340,100,1,1,0,999,999,40,0,25,0,0,0,0,0,0,0,0,0,0,100,2688,2816,100,0,0,0,0,0,0,0,0,0,0,0,0,0,0,0,0,0,0,0,0,160
681226,3273,529,88,46,9999,0,0,833,0,0,0,4180,3481,0,0,62,0,8,7,1920,599,2000,1,0,4,71,72,55738,13574,339,648,116,63,346,0,52,0,73,4,4,0,10,0,0,0,0,0,2688,2816,2688,2816,4128,2208,7394,1603,0,0,0,0,100,74,40,38,38,71,73,74,0,0,66,0,0,0,0,0,0,13725,1070,330,0,330,0,340,340,100,0,0,0,999,999,40,0,25,0,0,0,0,0,0,0,0,0,0,100,2688,2816,100,0,0,0,0,0,0,0,0,0,0,0,0,0,0,0,0,0,0,0,0,160
682226,3273,529,88,46,9999,0,0,886,0,0,0,4180,3703,0,0,62,0,8,7,1920,599,2000,1,0,4,73,72,51896,13669,332,655,148,63,394,0,48,5,73,4,4,0,10,0,0,0,0,0,2688,2816,2688,2816,4128,2208,7563,1630,0,0,0,0,100,69,38,30,34,69,69,69,0,0,64,0,0,0,0,0,0,13725,1070,330,0,330,0,340,340,100,2,1,0,999,999,40,0,25,0,0,0,0,0,0,0,0,0,0,100,2688,2816,100,0,0,0,0,0,0,0,0,0,0,0,0,0,0,0,0,0,0,0,0,160
683226,3273,529,88,46,9999,0,0,774,0,0,0,4180,3235,0,0,62,0,8,7,1920,599,2000,1,0,4,67,72,54930,13597,290,721,153,63,509,0,56,1,72,4,4,0,10,0,0,0,0,0,2688,2816,2688,2816,4128,2208,8035,1616,0,0,0,0,100,75,38,34,34,73,75,70,0,0,68,0,0,0,0,0,0,13725,1070,330,0,330,0,340,340,100,1,1,0,999,999,40,0,25,0,0,0,0,0,0,0,0,0,0,100,2688,2816,100,0,0,0,0,0,0,0,0,0,0,0,0,0,0,0,0,0,0,0,0,160
684226,3273,529,88,46,9999,0,0,782,0,0,0,4180,3268,0,0,62,0,8,7,1920,599,2000,1,0,4,73,72,55047,13646,266,747,121,63,352,0,52,3,73,4,4,0,10,0,0,0,0,0,2688,2816,2688,2816,4128,2208,7139,1609,0,0,0,0,100,72,40,35,35,70,65,72,0,0,66,0,0,0,0,0,0,13725,1070,330,0,330,0,340,340,100,2,1,0,999,999,40,0,25,0,0,0,0,0,0,0,0,0,0,100,2688,2816,100,0,0,0,0,0,0,0,0,0,0,0,0,0,0,0,0,0,0,0,0,160
685226,3273,529,88,46,9999,0,0,852,0,0,0,4180,3561,0,0,62,0,8,7,1920,599,2000,1,0,4,70,72,50895,13500,235,665,93,65,323,0,40,2,72,4,4,0,10,0,0,0,0,0,2688,2816,2688,2816,4128,2208,6020,1525,0,0,0,0,100,72,41,36,37,67,70,72,0,0,62,0,0,0,0,0,0,13725,1070,330,0,330,0,340,340,100,1,1,0,999,999,40,0,25,0,0,0,0,0,0,0,0,0,0,100,2688,2816,100,0,0,0,0,0,0,0,0,0,0,0,0,0,0,0,0,0,0,0,0,160
686230,3273,529,88,46,9999,0,0,778,0,0,0,4180,3252,0,0,62,0,8,7,1920,599,2000,1,0,4,74,72,48665,13504,334,628,99,64,339,0,48,0,72,4,4,0,10,0,0,0,0,0,2688,2816,2688,2816,4128,2208,6411,1469,0,0,0,0,100,78,43,41,39,66,78,73,0,0,61,0,0,0,0,0,0,13725,1070,330,0,330,0,340,340,100,0,0,0,999,999,40,0,25,0,0,0,0,0,0,0,0,0,0,100,2688,2816,100,0,0,0,0,0,0,0,0,0,0,0,0,0,0,0,0,0,0,0,0,160
687226,3273,529,88,46,9999,0,0,867,0,0,0,4180,3624,0,0,62,0,8,7,1920,599,2000,1,0,4,73,72,51271,13538,302,669,99,64,405,0,57,5,73,4,4,0,10,0,0,0,0,0,2688,2816,2688,2816,4128,2208,6729,1493,0,0,0,0,100,73,40,35,39,71,71,73,0,0,59,0,0,0,0,0,0,13725,1070,330,0,330,0,340,340,100,2,1,0,999,999,40,0,25,0,0,0,0,0,0,0,0,0,0,100,2688,2816,100,0,0,0,0,0,0,0,0,0,0,0,0,0,0,0,0,0,0,0,0,160
688226,3273,529,88,46,9999,0,0,811,0,0,0,4180,3389,0,0,62,0,8,7,1920,599,2000,1,0,4,69,72,53714,13592,295,644,126,64,435,0,45,1,72,4,4,0,10,0,0,0,0,0,2688,2816,2688,2816,4128,2208,8555,1615,0,0,0,0,100,75,42,39,38,68,70,75,0,0,67,0,0,0,0,0,0,13725,1070,330,0,330,0,340,340,100,1,1,0,999,999,40,0,25,0,0,0,0,0,0,0,0,0,0,100,2688,2816,100,0,0,0,0,0,0,0,0,0,0,0,0,0,0,0,0,0,0,0,0,160
689227,3273,529,88,46,9999,0,0,862,0,0,0,4180,3603,0,0,62,0,8,7,1920,599,2000,1,0,4,71,72,51622,13584,290,687,107,64,404,0,33,8,72,4,4,0,10,0,0,0,0,0,2688,2816,2688,2816,4128,2208,7334,1591,0,0,0,0,100,72,38,34,38,71,72,72,0,0,65,0,0,0,0,0,0,13725,1070,330,0,330,0,340,340,100,2,1,0,999,999,40,0,25,0,0,0,0,0,0,0,0,0,0,100,2688,2816,100,0,0,0,0,0,0,0,0,0,0,0,0,0,0,0,0,0,0,0,0,160
690226,3273,529,88,46,9999,0,0,768,0,0,0,4187,3215,0,0,62,0,8,7,1920,599,2000,1,0,4,70,72,52201,13584,290,687,107,64,404,0,33,8,72,4,4,0,10,0,0,0,0,0,2688,2816,2688,2816,4128,2208,7727,1704,0,0,0,0,100,78,42,40,35,72,78,76,0,0,66,0,0,0,0,0,0,13725,1070,330,0,330,0,340,340,100,2,1,0,999,999,40,0,25,0,0,0,0,0,0,0,0,0,0,100,2688,2816,100,0,0,0,0,0,0,0,0,0,0,0,0,0,0,0,0,0,0,0,0,160
691227,3273,529,88,46,9999,0,0,794,0,0,0,4187,3324,0,0,62,0,8,7,1920,599,2000,1,0,4,68,72,50168,13655,314,697,153,64,314,0,47,2,72,4,4,0,10,0,0,0,0,0,2688,2816,2688,2816,4128,2208,5895,1623,0,0,0,0,100,75,42,36,39,71,73,75,0,0,60,0,0,0,0,0,0,13725,1070,330,0,330,0,340,340,100,2,1,0,999,999,40,0,25,0,0,0,0,0,0,0,0,0,0,100,2688,2816,100,0,0,0,0,0,0,0,0,0,0,0,0,0,0,0,0,0,0,0,0,160
692227,3273,529,88,46,9999,0,0,980,0,0,0,4187,4103,0,0,62,0,8,7,1920,599,2000,1,0,4,73,72,52101,13655,314,697,153,64,314,0,47,2,72,4,4,0,10,0,0,0,0,0,2688,2816,2688,2816,4128,2208,6200,1629,0,0,0,0,100,73,41,39,36,68,73,73,0,0,57,0,0,0,0,0,0,13725,1070,330,0,330,0,340,340,100,2,1,0,999,999,40,0,25,0,0,0,0,0,0,0,0,0,0,100,2688,2816,100,0,0,0,0,0,0,0,0,0,0,0,0,0,0,0,0,0,0,0,0,160
693227,3273,529,88,46,9999,0,0,751,0,0,0,4187,3144,0,0,62,0,8,7,1920,599,2000,1,0,4,70,72,53265,13645,333,673,107,63,416,0,70,3,73,4,4,0,10,0,0,0,0,0,2688,2816,2688,2816,4128,2208,6185,1619,0,0,0,0,100,72,41,34,34,67,72,71,0,0,58,0,0,0,0,0,0,13725,1070,330,0,330,0,340,340,100,2,1,0,999,999,40,0,25,0,0,0,0,0,0,0,0,0,0,100,2688,2816,100,0,0,0,0,0,0,0,0,0,0,0,0,0,0,0,0,0,0,0,0,160
694227,3273,529,88,46,9999,0,0,800,0,0,0,4187,3349,0,0,62,0,8,7,1920,599,2000,1,0,4,72,72,54652,13646,478,665,97,63,313,0,52,2,72,4,4,0,10,0,0,0,0,0,2688,2816,2688,2816,4128,2208,6410,1703,0,0,0,0,100,67,37,33,32,67,65,67,0,0,59,0,0,0,0,0,0,13725,1070,330,0,330,0,340,340,100,2,1,0,999,999,40,0,25,0,0,0,0,0,0,0,0,0,0,100,2688,2816,100,0,0,0,0,0,0,0,0,0,0,0,0,0,0,0,0,0,0,0,0,160
695227,3273,529,88,46,9999,0,0,870,0,0,0,4187,3642,0,0,62,0,8,7,1920,599,2000,1,0,4,73,72,55274,13608,402,617,93,63,380,0,63,0,72,4,4,0,10,0,0,0,0,0,2688,2816,2688,2816,4128,2208,6632,1674,0,0,0,0,100,73,45,42,47,71,66,73,0,0,63,0,0,0,0,0,0,13725,1070,330,0,330,0,340,340,100,0,0,0,999,999,40,0,25,0,0,0,0,0,0,0,0,0,0,100,2688,2816,100,0,0,0,0,0,0,0,0,0,0,0,0,0,0,0,0,0,0,0,0,160
696227,3273,529,88,46,9999,0,0,848,0,0,0,4187,3550,0,0,62,0,8,7,1920,599,2000,1,0,4,72,72,58614,13676,313,612,111,64,361,0,70,0,73,4,4,0,10,0,0,0,0,0,2688,2816,2688,2816,4128,2208,7372,1688,0,0,0,0,100,66,35,27,36,64,60,66,0,0,64,0,0,0,0,0,0,13725,1070,330,0,330,0,340,340,100,0,0,0,999,999,40,0,25,0,0,0,0,0,0,0,0,0,0,100,2688,2816,100,0,0,0,0,0,0,0,0,0,0,0,0,0,0,0,0,0,0,0,0,160
697227,3273,529,88,46,9999,0,0,860,0,0,0,4187,3600,0,0,62,0,8,7,1920,599,2000,1,0,4,73,72,58070,13612,299,638,134,63,327,0,71,0,72,4,4,0,10,0,0,0,0,0,2688,2816,2688,2816,4128,2208,7588,1674,0,0,0,0,100,70,35,32,34,64,60,70,0,0,66,0,0,0,0,0,0,13725,1070,330,0,330,0,340,340,100,0,0,0,999,999,40,0,25,0,0,0,0,0,0,0,0,0,0,100,2688,2816,100,0,0,0,0,0,0,0,0,0,0,0,0,0,0,0,0,0,0,0,0,160
698230,3273,529,88,46,9999,0,0,1137,0,0,0,4187,4760,0,0,62,0,8,7,1920,599,2000,1,0,4,70,72,56524,13697,651,669,132,64,343,0,65,0,73,4,4,0,10,0,0,0,0,0,2688,2816,2688,2816,4128,2208,9015,1682,0,0,0,0,100,76,59,59,56,75,72,76,0,0,68,0,0,0,0,0,0,13725,1070,330,0,330,0,340,340,100,0,0,0,999,999,40,0,25,0,0,0,0,0,0,0,0,0,0,100,2688,2816,100,0,0,0,0,0,0,0,0,0,0,0,0,0,0,0,0,0,0,0,0,160
699264,3253,528,88,46,9999,0,0,919,0,0,0,4187,3847,0,0,62,0,8,7,1920,599,2000,1,0,4,70,72,51561,13774,354,714,152,65,355,0,45,8,73,4,4,0,10,0,0,0,0,0,2688,2816,2688,2816,4128,2208,7636,1549,0,0,0,0,100,75,65,64,81,73,73,75,0,0,68,0,0,0,0,0,0,13723,1071,328,0,328,0,338,338,100,3,1,0,999,999,40,0,25,0,0,0,0,0,0,0,0,0,0,100,2688,2816,100,0,0,0,0,0,0,0,0,0,0,0,0,0,0,0,0,0,0,0,0,160
700230,3253,528,88,46,9999,0,0,749,0,0,0,4189,3137,0,0,62,0,8,7,1920,599,2000,1,0,4,69,72,51982,13781,284,773,170,64,533,0,47,5,73,4,4,0,10,0,0,0,0,0,2688,2816,2688,2816,4128,2208,7059,1558,0,0,0,0,100,70,50,48,55,65,65,70,0,0,64,0,0,0,0,0,0,13723,1071,328,0,328,0,338,338,100,2,1,0,999,999,40,0,25,0,0,0,0,0,0,0,0,0,0,100,2688,2816,100,0,0,0,0,0,0,0,0,0,0,0,0,0,0,0,0,0,0,0,0,160
701228,3253,528,88,46,9999,0,0,849,0,0,0,4189,3556,0,0,62,0,8,7,1920,599,2000,1,0,4,74,72,53616,13636,287,770,165,64,341,0,62,0,72,4,4,0,10,0,0,0,0,0,2688,2816,2688,2816,4128,2208,6583,1410,0,0,0,0,100,67,45,34,45,64,67,65,0,0,64,0,0,0,0,0,0,13723,1071,328,0,328,0,338,338,100,0,0,0,999,999,40,0,25,0,0,0,0,0,0,0,0,0,0,100,2688,2816,100,0,0,0,0,0,0,0,0,0,0,0,0,0,0,0,0,0,0,0,0,160
702228,3253,528,88,46,9999,0,0,769,0,0,0,4189,3221,0,0,62,0,8,7,1920,599,2000,1,0,4,73,72,55244,13574,251,698,114,64,380,0,61,0,73,4,4,0,10,0,0,0,0,0,2688,2816,2688,2816,4128,2208,7534,1398,0,0,0,0,100,74,37,31,33,66,74,65,0,0,63,0,0,0,0,0,0,13723,1071,328,0,328,0,338,338,100,0,0,0,999,999,40,0,25,0,0,0,0,0,0,0,0,0,0,100,2688,2816,100,0,0,0,0,0,0,0,0,0,0,0,0,0,0,0,0,0,0,0,0,160
703228,3253,528,88,46,9999,0,0,1003,0,0,0,4189,4201,0,0,62,0,8,7,1920,599,2000,1,0,4,70,72,53523,13497,283,677,108,63,311,0,64,3,73,4,4,0,10,0,0,0,0,0,2688,2816,2688,2816,4128,2208,6938,1454,0,0,0,0,100,77,35,33,36,68,77,66,0,0,64,0,0,0,0,0,0,13723,1071,328,0,328,0,338,338,100,2,1,0,999,999,40,0,25,0,0,0,0,0,0,0,0,0,0,100,2688,2816,100,0,0,0,0,0,0,0,0,0,0,0,0,0,0,0,0,0,0,0,0,160
704228,3253,528,88,46,9999,0,0,861,0,0,0,4189,3606,0,0,62,0,8,7,1920,599,2000,1,0,4,72,72,52067,13418,317,579,97,63,358,0,40,2,73,4,4,0,10,0,0,0,0,0,2688,2816,2688,2816,4128,2208,6224,1684,0,0,0,0,100,71,35,31,30,65,71,71,0,0,60,0,0,0,0,0,0,13723,1071,328,0,328,0,338,338,100,1,1,0,999,999,40,0,25,0,0,0,0,0,0,0,0,0,0,100,2688,2816,100,0,0,0,0,0,0,0,0,0,0,0,0,0,0,0,0,0,0,0,0,160
705228,3253,528,88,46,9999,0,0,839,0,0,0,4189,3514,0,0,62,0,8,7,1920,599,2000,1,0,4,72,72,54613,13686,306,633,109,63,367,0,67,2,73,4,4,0,10,0,0,0,0,0,2688,2816,2688,2816,4128,2208,6235,1619,0,0,0,0,100,76,34,31,35,70,72,76,0,0,58,0,0,0,0,0,0,13723,1071,328,0,328,0,338,338,100,2,1,0,999,999,40,0,25,0,0,0,0,0,0,0,0,0,0,100,2688,2816,100,0,0,0,0,0,0,0,0,0,0,0,0,0,0,0,0,0,0,0,0,160
706230,3253,528,88,46,9999,0,0,721,0,0,0,4189,3020,0,0,62,0,8,7,1920,599,2000,1,0,4,72,72,55461,13552,268,635,125,63,330,0,68,0,72,4,4,0,10,0,0,0,0,0,2688,2816,2688,2816,4128,2208,6470,1662,0,0,0,0,100,76,34,31,35,70,72,76,0,0,59,0,0,0,0,0,0,13723,1071,328,0,328,0,338,338,100,0,0,0,999,999,40,0,25,0,0,0,0,0,0,0,0,0,0,100,2688,2816,100,0,0,0,0,0,0,0,0,0,0,0,0,0,0,0,0,0,0,0,0,160
707229,3253,528,88,46,9999,0,0,874,0,0,0,4189,3661,0,0,62,0,8,7,1920,599,2000,1,0,4,72,72,56278,13514,319,629,138,64,423,0,69,0,73,4,4,0,10,0,0,0,0,0,2688,2816,2688,2816,4128,2208,6478,1666,0,0,0,0,100,74,38,30,33,67,74,69,0,0,60,0,0,0,0,0,0,13723,1071,328,0,328,0,338,338,100,0,0,0,999,999,40,0,25,0,0,0,0,0,0,0,0,0,0,100,2688,2816,100,0,0,0,0,0,0,0,0,0,0,0,0,0,0,0,0,0,0,0,0,160
708229,3253,528,88,46,9999,0,0,780,0,0,0,4189,3267,0,0,62,0,8,7,1920,599,2000,1,0,4,74,72,56265,13622,329,661,110,64,362,0,60,0,72,4,4,0,10,0,0,0,0,0,2688,2816,2688,2816,4128,2208,8357,1549,0,0,0,0,100,74,38,32,31,70,73,74,0,0,65,0,0,0,0,0,0,13723,1071,328,0,328,0,338,338,100,0,0,0,999,999,40,0,25,0,0,0,0,0,0,0,0,0,0,100,2688,2816,100,0,0,0,0,0,0,0,0,0,0,0,0,0,0,0,0,0,0,0,0,160
709229,3253,528,88,46,9999,0,0,840,0,0,0,4189,3518,0,0,62,0,8,7,1920,599,2000,1,0,4,71,72,53096,13712,307,680,132,64,424,0,57,0,72,4,4,0,10,0,0,0,0,0,2688,2816,2688,2816,4128,2208,7737,1649,0,0,0,0,100,74,40,34,35,69,73,74,0,0,67,0,0,0,0,0,0,13723,1071,328,0,328,0,338,338,100,0,0,0,999,999,40,0,25,0,0,0,0,0,0,0,0,0,0,100,2688,2816,100,0,0,0,0,0,0,0,0,0,0,0,0,0,0,0,0,0,0,0,0,160
710229,3253,528,88,46,9999,0,0,811,0,0,0,4188,3396,0,0,62,0,8,7,1920,599,2000,1,0,4,71,72,51176,13619,286,681,139,64,433,0,37,2,73,4,4,0,10,0,0,0,0,0,2688,2816,2688,2816,4128,2208,7024,1717,0,0,0,0,100,75,40,35,35,70,75,74,0,0,63,0,0,0,0,0,0,13723,1071,328,0,328,0,338,338,100,1,1,0,999,999,40,0,25,0,0,0,0,0,0,0,0,0,0,100,2688,2816,100,0,0,0,0,0,0,0,0,0,0,0,0,0,0,0,0,0,0,0,0,160
711229,3253,528,88,46,9999,0,0,859,0,0,0,4188,3597,0,0,62,0,8,7,1920,599,2000,1,0,4,69,72,56845,13691,492,742,156,63,427,0,63,6,72,4,4,0,10,0,0,0,0,0,2688,2816,2688,2816,4128,2208,6495,1640,0,0,0,0,100,72,45,38,37,72,72,69,0,0,61,0,0,0,0,0,0,13723,1071,328,0,328,0,338,338,100,3,2,0,999,999,40,0,25,0,0,0,0,0,0,0,0,0,0,100,2688,2816,100,0,0,0,0,0,0,0,0,0,0,0,0,0,0,0,0,0,0,0,0,160
712229,3253,528,88,46,9999,0,0,870,0,0,0,4188,3643,0,0,62,0,8,7,1920,599,2000,1,0,4,72,72,57612,13658,321,687,114,63,338,0,73,0,73,4,4,0,10,0,0,0,0,0,2688,2816,2688,2816,4128,2208,6499,1665,0,0,0,0,100,73,39,38,39,72,72,73,0,0,60,0,0,0,0,0,0,13723,1071,328,0,328,0,338,338,100,0,0,0,999,999,40,0,25,0,0,0,0,0,0,0,0,0,0,100,2688,2816,100,0,0,0,0,0,0,0,0,0,0,0,0,0,0,0,0,0,0,0,0,160
713229,3253,528,88,46,9999,0,0,812,0,0,0,4188,3400,0,0,62,0,8,7,1920,599,2000,1,0,4,68,72,55631,13697,322,669,90,64,328,0,63,2,72,4,4,0,10,0,0,0,0,0,2688,2816,2688,2816,4128,2208,5956,1642,0,0,0,0,100,72,36,33,34,70,72,71,0,0,60,0,0,0,0,0,0,13723,1071,328,0,328,0,338,338,100,1,1,0,999,999,40,0,25,0,0,0,0,0,0,0,0,0,0,100,2688,2816,100,0,0,0,0,0,0,0,0,0,0,0,0,0,0,0,0,0,0,0,0,160
714229,3253,528,88,46,9999,0,0,846,0,0,0,4188,3543,0,0,62,0,8,7,1920,599,2000,1,0,4,72,72,56486,13565,328,583,97,63,342,0,57,5,72,4,4,0,10,0,0,0,0,0,2688,2816,2688,2816,4128,2208,6501,1721,0,0,0,0,100,76,41,38,37,67,76,69,0,0,60,0,0,0,0,0,0,13723,1071,328,0,328,0,338,338,100,2,2,0,999,999,40,0,25,0,0,0,0,0,0,0,0,0,0,100,2688,2816,100,0,0,0,0,0,0,0,0,0,0,0,0,0,0,0,0,0,0,0,0,160
715229,3253,528,88,46,9999,0,0,734,0,0,0,4188,3073,0,0,62,0,8,7,1920,599,2000,1,0,4,72,72,57987,13551,337,601,94,64,324,0,75,0,72,4,4,0,10,0,0,0,0,0,2688,2816,2688,2816,4128,2208,6130,1658,0,0,0,0,100,74,42,37,38,70,74,73,0,0,60,0,0,0,0,0,0,13723,1071,328,0,328,0,338,338,100,0,0,0,999,999,40,0,25,0,0,0,0,0,0,0,0,0,0,100,2688,2816,100,0,0,0,0,0,0,0,0,0,0,0,0,0,0,0,0,0,0,0,0,160
716229,3253,528,88,46,9999,0,0,777,0,0,0,4189,3254,0,0,62,0,8,7,1920,599,2000,1,0,4,73,72,56475,13597,346,599,108,63,350,0,67,0,73,4,4,0,10,0,0,0,0,0,2688,2816,2688,2816,4128,2208,5980,1622,0,0,0,0,100,76,40,35,40,74,69,76,0,0,57,0,0,0,0,0,0,13723,1071,328,0,328,0,338,338,100,0,0,0,999,999,40,0,25,0,0,0,0,0,0,0,0,0,0,100,2688,2816,100,0,0,0,0,0,0,0,0,0,0,0,0,0,0,0,0,0,0,0,0,160
717229,3253,528,88,46,9999,0,0,788,0,0,0,4189,3300,0,0,62,0,8,7,1920,599,2000,1,0,4,71,72,53936,13662,352,604,97,63,335,0,70,3,72,4,4,0,10,0,0,0,0,0,2688,2816,2688,2816,4128,2208,5876,1670,0,0,0,0,100,71,41,34,32,66,71,68,0,0,58,0,0,0,0,0,0,13723,1071,328,0,328,0,338,338,100,2,1,0,999,999,40,0,25,0,0,0,0,0,0,0,0,0,0,100,2688,2816,100,0,0,0,0,0,0,0,0,0,0,0,0,0,0,0,0,0,0,0,0,160
718229,3253,528,88,46,9999,0,0,896,0,0,0,4189,3753,0,0,62,0,8,7,1920,599,2000,1,0,4,72,72,57717,13622,584,615,139,63,347,0,66,1,72,4,4,0,10,0,0,0,0,0,2688,2816,2688,2816,4128,2208,6204,1685,0,0,0,0,100,73,43,37,36,71,73,71,0,0,59,0,0,0,0,0,0,13723,1071,328,0,328,0,338,338,100,1,1,0,999,999,40,0,25,0,0,0,0,0,0,0,0,0,0,100,2688,2816,100,0,0,0,0,0,0,0,0,0,0,0,0,0,0,0,0,0,0,0,0,160
719286,3093,531,88,46,9999,0,0,875,0,0,0,4189,3665,0,0,62,0,8,7,1920,599,2000,1,0,4,71,72,55257,13695,345,673,150,64,310,0,70,0,73,4,4,0,10,0,0,0,0,0,2688,2816,2688,2816,4128,2208,7273,1694,0,0,0,0,100,74,45,36,39,74,71,70,0,0,64,0,0,0,0,0,0,13727,1077,331,0,331,0,342,342,100,0,0,0,999,999,40,0,25,0,0,0,0,0,0,0,0,0,0,100,2688,2816,100,0,0,0,0,0,0,0,0,0,0,0,0,0,0,0,0,0,0,0,0,160
720230,3093,531,88,46,9999,0,0,819,0,0,0,4185,3427,0,0,62,0,8,7,1920,599,2000,1,0,4,71,72,54859,13700,343,674,122,64,452,0,52,2,72,4,4,0,10,0,0,0,0,0,2688,2816,2688,2816,4128,2208,7526,1588,0,0,0,0,100,71,46,44,43,69,70,71,0,0,62,0,0,0,0,0,0,13727,1077,331,0,331,0,342,342,100,1,1,0,999,999,40,0,25,0,0,0,0,0,0,0,0,0,0,100,2688,2816,100,0,0,0,0,0,0,0,0,0,0,0,0,0,0,0,0,0,0,0,0,160
721229,3093,531,88,46,9999,0,0,795,0,0,0,4185,3327,0,0,62,0,8,7,1920,599,2000,1,0,4,67,72,48583,13581,281,760,186,63,340,0,35,10,73,4,4,0,10,0,0,0,0,0,2688,2816,2688,2816,4128,2208,7466,1513,0,0,0,0,100,75,50,45,44,74,75,75,0,0,65,0,0,0,0,0,0,13727,1077,331,0,331,0,342,342,100,2,1,0,999,999,40,0,25,0,0,0,0,0,0,0,0,0,0,100,2688,2816,100,0,0,0,0,0,0,0,0,0,0,0,0,0,0,0,0,0,0,0,0,160
722230,3093,531,88,46,9999,0,0,819,0,0,0,4185,3427,0,0,62,0,8,7,1920,599,2000,1,0,4,71,72,54255,13607,226,761,189,64,355,0,50,0,72,4,4,0,10,0,0,0,0,0,2688,2816,2688,2816,4128,2208,8642,1587,0,0,0,0,100,74,39,35,36,70,74,73,0,0,68,0,0,0,0,0,0,13727,1077,331,0,331,0,342,342,100,3,1,0,999,999,40,0,25,0,0,0,0,0,0,0,0,0,0,100,2688,2816,100,0,0,0,0,0,0,0,0,0,0,0,0,0,0,0,0,0,0,0,0,160
723230,3093,531,88,46,9999,0,0,910,0,0,0,4185,3808,0,0,62,0,8,7,1920,599,2000,1,0,4,71,72,51650,13534,263,710,120,63,390,0,40,3,72,4,4,0,10,0,0,0,0,0,2688,2816,2688,2816,4128,2208,8193,1652,0,0,0,0,100,74,37,34,31,70,73,74,0,0,69,0,0,0,0,0,0,13727,1077,331,0,331,0,342,342,100,2,1,0,999,999,40,0,25,0,0,0,0,0,0,0,0,0,0,100,2688,2816,100,0,0,0,0,0,0,0,0,0,0,0,0,0,0,0,0,0,0,0,0,160
724230,3093,531,88,46,9999,0,0,896,0,0,0,4185,3749,0,0,62,0,8,7,1920,599,2000,1,0,4,70,72,52376,13564,302,636,99,63,375,0,38,3,72,4,4,0,10,0,0,0,0,0,2688,2816,2688,2816,4128,2208,8902,1732,0,0,0,0,100,80,42,34,36,73,75,80,0,0,70,0,0,0,0,0,0,13727,1077,331,0,331,0,342,342,100,1,1,0,999,999,40,0,25,0,0,0,0,0,0,0,0,0,0,100,2688,2816,100,0,0,0,0,0,0,0,0,0,0,0,0,0,0,0,0,0,0,0,0,160
725234,3093,531,88,46,9999,0,0,869,0,0,0,4185,3636,0,0,62,0,8,7,1920,599,2000,1,0,4,70,72,53353,13611,270,672,140,63,367,0,52,2,73,4,4,0,10,0,0,0,0,0,2688,2816,2688,2816,4128,2208,6062,1677,0,0,0,0,100,76,45,35,38,65,76,71,0,0,63,0,0,0,0,0,0,13727,1077,331,0,331,0,342,342,100,1,1,0,999,999,40,0,25,0,0,0,0,0,0,0,0,0,0,100,2688,2816,100,0,0,0,0,0,0,0,0,0,0,0,0,0,0,0,0,0,0,0,0,160
726231,3093,531,88,46,9999,0,0,772,0,0,0,4185,3230,0,0,62,0,8,7,1920,599,2000,1,0,4,71,72,50536,13646,322,685,147,64,356,0,41,6,72,4,4,0,10,0,0,0,0,0,2688,2816,2688,2816,4128,2208,6835,1623,0,0,0,0,100,77,44,38,41,70,75,77,0,0,61,0,0,0,0,0,0,13727,1077,331,0,331,0,342,342,100,2,1,0,999,999,40,0,25,0,0,0,0,0,0,0,0,0,0,100,2688,2816,100,0,0,0,0,0,0,0,0,0,0,0,0,0,0,0,0,0,0,0,0,160
727231,3093,531,88,46,9999,0,0,837,0,0,0,4185,3502,0,0,62,0,8,7,1920,599,2000,1,0,4,68,72,52907,13650,367,672,103,64,402,0,53,5,72,4,4,0,10,0,0,0,0,0,2688,2816,2688,2816,4128,2208,6893,1662,0,0,0,0,100,73,41,34,33,70,73,72,0,0,62,0,0,0,0,0,0,13727,1077,331,0,331,0,342,342,100,2,1,0,999,999,40,0,25,0,0,0,0,0,0,0,0,0,0,100,2688,2816,100,0,0,0,0,0,0,0,0,0,0,0,0,0,0,0,0,0,0,0,0,160
728230,3093,531,88,46,9999,0,0,781,0,0,0,4185,3268,0,0,62,0,8,7,1920,599,2000,1,0,4,74,72,56804,13671,346,658,119,65,375,0,61,0,72,4,4,0,10,0,0,0,0,0,2688,2816,2688,2816,4128,2208,7048,1626,0,0,0,0,100,68,38,35,37,68,67,68,0,0,64,0,0,0,0,0,0,13727,1077,331,0,331,0,342,342,100,0,0,0,999,999,40,0,25,0,0,0,0,0,0,0,0,0,0,100,2688,2816,100,0,0,0,0,0,0,0,0,0,0,0,0,0,0,0,0,0,0,0,0,160
729231,3093,531,88,46,9999,0,0,837,0,0,0,4185,3502,0,0,62,0,8,7,1920,599,2000,1,0,4,72,72,57696,13697,327,655,92,65,366,0,67,0,73,4,4,0,10,0,0,0,0,0,2688,2816,2688,2816,4128,2208,8549,1738,0,0,0,0,100,68,39,35,36,62,59,68,0,0,65,0,0,0,0,0,0,13727,1077,331,0,331,0,342,342,100,0,0,0,999,999,40,0,25,0,0,0,0,0,0,0,0,0,0,100,2688,2816,100,0,0,0,0,0,0,0,0,0,0,0,0,0,0,0,0,0,0,0,0,160
730232,3093,531,88,46,9999,0,0,681,0,0,0,4193,2855,0,0,62,0,8,7,1920,599,2000,1,0,4,70,72,50608,13546,340,597,101,64,373,0,42,2,73,4,4,0,10,0,0,0,0,0,2688,2816,2688,2816,4128,2208,8442,1708,0,0,0,0,100,73,39,37,35,67,70,73,0,0,63,0,0,0,0,0,0,13727,1077,331,0,331,0,342,342,100,1,1,0,999,999,40,0,25,0,0,0,0,0,0,0,0,0,0,100,2688,2816,100,0,0,0,0,0,0,0,0,0,0,0,0,0,0,0,0,0,0,0,0,160
731233,3093,531,88,47,9999,0,0,955,0,0,0,4193,4004,0,0,62,0,8,7,1920,599,2000,1,0,4,62,72,48772,13544,338,613,114,63,317,0,33,15,72,4,4,0,10,0,0,0,0,0,2688,2816,2688,2816,4128,2208,6876,1624,0,0,0,0,100,80,38,37,37,76,76,80,0,0,59,0,0,0,0,0,0,13727,1077,331,0,331,0,342,342,100,9,1,0,999,999,40,0,25,0,0,0,0,0,0,0,0,0,0,100,2688,2816,100,0,0,0,0,0,0,0,0,0,0,0,0,0,0,0,0,0,0,0,0,160
732231,3093,531,88,47,9999,0,0,729,0,0,0,4193,3056,0,0,62,0,8,7,1920,599,2000,1,0,4,65,72,47800,13602,349,606,100,65,336,0,17,9,73,4,4,0,10,0,0,0,0,0,2688,2816,2688,2816,4128,2208,6558,1589,0,0,0,0,100,85,43,40,38,83,82,85,0,0,58,0,0,0,0,0,0,13727,1077,331,0,331,0,342,342,100,2,1,0,999,999,40,0,25,0,0,0,0,0,0,0,0,0,0,100,2688,2816,100,0,0,0,0,0,0,0,0,0,0,0,0,0,0,0,0,0,0,0,0,160
733231,3093,531,88,47,9999,0,0,833,0,0,0,4193,3492,0,0,62,0,8,7,1920,599,2000,1,0,4,66,72,51665,13687,332,640,105,64,342,0,36,12,72,4,4,0,10,0,0,0,0,0,2688,2816,2688,2816,4128,2208,5005,1619,0,0,0,0,100,82,40,35,31,81,82,80,0,0,53,0,0,0,0,0,0,13727,1077,331,0,331,0,342,342,100,3,1,0,999,999,40,0,25,0,0,0,0,0,0,0,0,0,0,100,2688,2816,100,0,0,0,0,0,0,0,0,0,0,0,0,0,0,0,0,0,0,0,0,160
734231,3093,531,88,47,9999,0,0,841,0,0,0,4193,3526,0,0,62,0,8,7,1920,599,2000,1,0,4,63,72,52390,13621,538,634,108,63,431,0,31,15,73,4,4,0,10,0,0,0,0,0,2688,2816,2688,2816,4128,2208,6678,1675,0,0,0,0,100,85,39,30,38,81,83,85,0,0,56,0,0,0,0,0,0,13727,1077,331,0,331,0,342,342,100,3,2,0,999,999,40,0,25,0,0,0,0,0,0,0,0,0,0,100,2688,2816,100,0,0,0,0,0,0,0,0,0,0,0,0,0,0,0,0,0,0,0,0,160
735231,3093,531,88,47,9999,0,0,761,0,0,0,4193,3190,0,0,62,0,8,7,1920,599,2000,1,0,4,64,72,51518,13596,338,657,103,64,399,0,43,9,73,4,4,0,10,0,0,0,0,0,2688,2816,2688,2816,4128,2208,6355,1600,0,0,0,0,100,85,41,38,35,82,82,85,0,0,54,0,0,0,0,0,0,13727,1077,331,0,331,0,342,342,100,3,1,0,999,999,40,0,25,0,0,0,0,0,0,0,0,0,0,100,2688,2816,100,0,0,0,0,0,0,0,0,0,0,0,0,0,0,0,0,0,0,0,0,160
736232,3093,531,88,47,9999,0,0,772,0,0,0,4193,3236,0,0,62,0,8,7,1920,599,2000,1,0,4,64,72,51444,13575,362,655,110,63,319,0,29,13,72,4,4,0,10,0,0,0,0,0,2688,2816,2688,2816,4128,2208,6555,1634,0,0,0,0,100,85,41,34,35,80,85,81,0,0,53,0,0,0,0,0,0,13727,1077,331,0,331,0,342,342,100,2,1,0,999,999,40,0,25,0,0,0,0,0,0,0,0,0,0,100,2688,2816,100,0,0,0,0,0,0,0,0,0,0,0,0,0,0,0,0,0,0,0,0,160
737233,3093,531,88,47,9999,0,0,791,0,0,0,4193,3316,0,0,62,0,8,7,1920,599,2000,1,0,4,65,72,53023,13687,298,701,146,63,476,0,38,14,73,4,4,0,10,0,0,0,0,0,2688,2816,2688,2816,4128,2208,7253,1675,0,0,0,0,100,86,40,35,35,82,86,83,0,0,58,0,0,0,0,0,0,13727,1077,331,0,331,0,342,342,100,2,1,0,999,999,40,0,25,0,0,0,0,0,0,0,0,0,0,100,2688,2816,100,0,0,0,0,0,0,0,0,0,0,0,0,0,0,0,0,0,0,0,0,160
738233,3093,531,88,47,9999,0,0,782,0,0,0,4193,3278,0,0,62,0,8,7,1920,599,2000,1,0,4,70,72,53548,13582,319,606,141,64,354,0,39,6,72,4,4,0,10,0,0,0,0,0,2688,2816,2688,2816,4128,2208,7481,1673,0,0,0,0,100,80,43,34,36,76,78,80,0,0,60,0,0,0,0,0,0,13727,1077,331,0,331,0,342,342,100,2,1,0,999,999,40,0,25,0,0,0,0,0,0,0,0,0,0,100,2688,2816,100,0,0,0,0,0,0,0,0,0,0,0,0,0,0,0,0,0,0,0,0,160
739277,3243,531,88,47,9999,0,0,735,0,0,0,4193,3081,0,0,62,0,8,7,1920,599,2000,1,0,4,59,72,50690,13580,343,655,125,65,436,0,28,16,73,4,4,0,10,0,0,0,0,0,2688,2816,2688,2816,4128,2208,6725,1714,0,0,0,0,100,86,39,37,37,81,86,81,0,0,58,0,0,0,0,0,0,13727,1081,331,0,331,0,342,342,100,3,2,0,999,999,40,0,25,0,0,0,0,0,0,0,0,0,0,100,2688,2816,100,0,0,0,0,0,0,0,0,0,0,0,0,0,0,0,0,0,0,0,0,160
740233,3243,531,88,47,9999,0,0,1110,0,0,0,4173,4632,0,0,62,0,8,7,1920,599,2000,1,0,4,65,72,53914,13693,353,658,97,64,319,0,32,16,73,4,4,0,10,0,0,0,0,0,2688,2816,2688,2816,4128,2208,6592,1692,0,0,0,0,100,82,39,31,36,82,82,80,0,0,60,0,0,0,0,0,0,13727,1081,331,0,331,0,342,342,100,3,1,0,999,999,40,0,25,0,0,0,0,0,0,0,0,0,0,100,2688,2816,100,0,0,0,0,0,0,0,0,0,0,0,0,0,0,0,0,0,0,0,0,160
741234,3243,531,88,47,9999,0,0,793,0,0,0,4173,3309,0,0,62,0,8,7,1920,599,2000,1,0,4,70,72,50029,13674,355,605,100,65,344,0,38,8,73,4,4,0,10,0,0,0,0,0,2688,2816,2688,2816,4128,2208,8803,1692,0,0,0,0,100,79,46,43,47,73,76,79,0,0,65,0,0,0,0,0,0,13727,1081,331,0,331,0,342,342,100,3,1,0,999,999,40,0,25,0,0,0,0,0,0,0,0,0,0,100,2688,2816,100,0,0,0,0,0,0,0,0,0,0,0,0,0,0,0,0,0,0,0,0,160
742234,3243,531,88,47,9999,0,0,740,0,0,0,4173,3088,0,0,62,0,8,7,1920,599,2000,1,0,4,68,72,47041,13649,306,668,155,64,321,0,17,7,73,4,4,0,10,0,0,0,0,0,2688,2816,2688,2816,4128,2208,7389,1707,0,0,0,0,100,71,49,42,42,69,71,64,0,0,68,0,0,0,0,0,0,13727,1081,331,0,331,0,342,342,100,4,1,0,999,999,40,0,25,0,0,0,0,0,0,0,0,0,0,100,2688,2816,100,0,0,0,0,0,0,0,0,0,0,0,0,0,0,0,0,0,0,0,0,160
743233,3243,531,88,47,9999,0,0,814,0,0,0,4173,3396,0,0,62,0,8,7,1920,599,2000,1,0,4,71,72,50325,13657,338,728,120,64,300,0,24,8,72,4,4,0,10,0,0,0,0,0,2688,2816,2688,2816,4128,2208,8641,1636,0,0,0,0,100,72,40,37,36,64,72,61,0,0,68,0,0,0,0,0,0,13727,1081,331,0,331,0,342,342,100,2,1,0,999,999,40,0,25,0,0,0,0,0,0,0,0,0,0,100,2688,2816,100,0,0,0,0,0,0,0,0,0,0,0,0,0,0,0,0,0,0,0,0,160
744233,3243,531,88,47,9999,0,0,722,0,0,0,4173,3012,0,0,62,0,8,7,1920,599,2000,1,0,4,71,72,51848,13658,349,659,141,64,399,0,50,2,73,4,4,0,10,0,0,0,0,0,2688,2816,2688,2816,4128,2208,7811,1708,0,0,0,0,100,68,38,38,36,63,64,68,0,0,68,0,0,0,0,0,0,13727,1081,331,0,331,0,342,342,100,1,1,0,999,999,40,0,25,0,0,0,0,0,0,0,0,0,0,100,2688,2816,100,0,0,0,0,0,0,0,0,0,0,0,0,0,0,0,0,0,0,0,0,160
745233,3243,531,88,47,9999,0,0,797,0,0,0,4173,3325,0,0,62,0,8,7,1920,599,2000,1,0,4,69,72,53362,13597,289,649,102,64,382,0,61,1,73,4,4,0,10,0,0,0,0,0,2688,2816,2688,2816,4128,2208,7900,1671,0,0,0,0,100,67,35,35,34,67,66,60,0,0,70,0,0,0,0,0,0,13727,1081,331,0,331,0,342,342,100,1,1,0,999,999,40,0,25,0,0,0,0,0,0,0,0,0,0,100,2688,2816,100,0,0,0,0,0,0,0,0,0,0,0,0,0,0,0,0,0,0,0,0,160
746233,3243,531,88,47,9999,0,0,793,0,0,0,4173,3309,0,0,62,0,8,7,1920,599,2000,1,0,4,70,72,50235,13563,262,657,116,64,348,0,41,5,72,4,4,0,10,0,0,0,0,0,2688,2816,2688,2816,4128,2208,8069,1657,0,0,0,0,100,68,39,36,30,64,63,68,0,0,69,0,0,0,0,0,0,13727,1081,331,0,331,0,342,342,100,2,1,0,999,999,40,0,25,0,0,0,0,0,0,0,0,0,0,100,2688,2816,100,0,0,0,0,0,0,0,0,0,0,0,0,0,0,0,0,0,0,0,0,160
747234,3243,531,88,47,9999,0,0,881,0,0,0,4173,3676,0,0,62,0,8,7,1920,599,2000,1,0,4,70,72,54145,13555,291,613,154,64,318,0,42,5,72,4,4,0,10,0,0,0,0,0,2688,2816,2688,2816,4128,2208,7853,1683,0,0,0,0,100,70,41,37,40,61,63,70,0,0,68,0,0,0,0,0,0,13727,1081,331,0,331,0,342,342,100,2,1,0,999,999,40,0,25,0,0,0,0,0,0,0,0,0,0,100,2688,2816,100,0,0,0,0,0,0,0,0,0,0,0,0,0,0,0,0,0,0,0,0,160
748234,3243,531,88,47,9999,0,0,714,0,0,0,4173,2979,0,0,62,0,8,7,1920,599,2000,1,0,4,73,72,57497,13661,361,681,98,64,462,0,65,1,73,4,4,0,10,0,0,0,0,0,2688,2816,2688,2816,4128,2208,7891,1678,0,0,0,0,100,70,41,37,36,63,66,70,0,0,69,0,0,0,0,0,0,13727,1081,331,0,331,0,342,342,100,1,1,0,999,999,40,0,25,0,0,0,0,0,0,0,0,0,0,100,2688,2816,100,0,0,0,0,0,0,0,0,0,0,0,0,0,0,0,0,0,0,0,0,160
749234,3243,531,88,47,9999,0,0,800,0,0,0,4173,3338,0,0,62,0,8,7,1920,599,2000,1,0,4,72,72,53944,13735,326,675,111,66,423,0,60,0,72,4,4,0,10,0,0,0,0,0,2688,2816,2688,2816,4128,2208,6976,1734,0,0,0,0,100,69,38,38,40,62,69,65,0,0,66,0,0,0,0,0,0,13727,1081,331,0,331,0,342,342,100,0,0,0,999,999,40,0,25,0,0,0,0,0,0,0,0,0,0,100,2688,2816,100,0,0,0,0,0,0,0,0,0,0,0,0,0,0,0,0,0,0,0,0,160
750235,3243,531,88,47,9999,0,0,903,0,0,0,4185,3779,0,0,62,0,8,7,1920,599,2000,1,0,4,70,72,53776,13656,316,685,107,64,413,0,57,5,73,4,4,0,10,0,0,0,0,0,2688,2816,2688,2816,4128,2208,8411,1680,0,0,0,0,100,68,38,35,37,60,65,68,0,0,69,0,0,0,0,0,0,13727,1081,331,0,331,0,342,342,100,2,1,0,999,999,40,0,25,0,0,0,0,0,0,0,0,0,0,100,2688,2816,100,0,0,0,0,0,0,0,0,0,0,0,0,0,0,0,0,0,0,0,0,160
751234,3243,531,88,47,9999,0,0,824,0,0,0,4183,3446,0,0,62,0,8,7,1920,599,2000,1,0,4,71,72,53129,13497,308,589,91,64,315,0,47,1,73,4,4,0,10,0,0,0,0,0,2688,2816,2688,2816,4128,2208,8741,1673,0,0,0,0,100,73,37,37,38,58,64,73,0,0,74,0,0,0,0,0,0,13727,1081,331,0,331,0,342,342,100,1,1,0,999,999,40,0,25,0,0,0,0,0,0,0,0,0,0,100,2688,2816,100,0,0,0,0,0,0,0,0,0,0,0,0,0,0,0,0,0,0,0,0,160
752234,3243,531,88,47,9999,0,0,701,0,0,0,4183,2932,0,0,62,0,8,7,1920,599,2000,1,0,4,71,72,53043,13549,341,577,102,63,323,0,52,1,72,4,4,0,10,0,0,0,0,0,2688,2816,2688,2816,4128,2208,8334,1731,0,0,0,0,100,69,39,34,31,62,65,69,0,0,71,0,0,0,0,0,0,13727,1081,331,0,331,0,342,342,100,1,1,0,999,999,40,0,25,0,0,0,0,0,0,0,0,0,0,100,2688,2816,100,0,0,0,0,0,0,0,0,0,0,0,0,0,0,0,0,0,0,0,0,160
753235,3243,531,88,47,9999,0,0,828,0,0,0,4183,3463,0,0,62,0,8,7,1920,599,2000,1,0,4,70,72,49759,13709,344,612,116,64,342,0,30,5,72,4,4,0,10,0,0,0,0,0,2688,2816,2688,2816,4128,2208,6741,1653,0,0,0,0,100,71,39,39,37,60,71,67,0,0,67,0,0,0,0,0,0,13727,1081,331,0,331,0,342,342,100,2,1,0,999,999,40,0,25,0,0,0,0,0,0,0,0,0,0,100,2688,2816,100,0,0,0,0,0,0,0,0,0,0,0,0,0,0,0,0,0,0,0,0,160
754235,3243,531,88,47,9999,0,0,860,0,0,0,4183,3597,0,0,62,0,8,7,1920,599,2000,1,0,4,70,72,53003,13601,309,645,107,65,371,0,60,1,73,4,4,0,10,0,0,0,0,0,2688,2816,2688,2816,4128,2208,8433,1742,0,0,0,0,100,69,41,36,34,60,69,65,0,0,67,0,0,0,0,0,0,13727,1081,331,0,331,0,342,342,100,1,1,0,999,999,40,0,25,0,0,0,0,0,0,0,0,0,0,100,2688,2816,100,0,0,0,0,0,0,0,0,0,0,0,0,0,0,0,0,0,0,0,0,160
755234,3243,531,88,47,9999,0,0,813,0,0,0,4183,3400,0,0,62,0,8,7,1920,599,2000,1,0,4,70,72,51175,13527,289,608,112,64,332,0,30,3,72,4,4,0,10,0,0,0,0,0,2688,2816,2688,2816,4128,2208,7605,1601,0,0,0,0,100,70,45,39,40,70,69,68,0,0,69,0,0,0,0,0,0,13727,1081,331,0,331,0,342,342,100,2,1,0,999,999,40,0,25,0,0,0,0,0,0,0,0,0,0,100,2688,2816,100,0,0,0,0,0,0,0,0,0,0,0,0,0,0,0,0,0,0,0,0,160
756234,3243,531,88,47,9999,0,0,855,0,0,0,4183,3576,0,0,62,0,8,7,1920,599,2000,1,0,4,72,72,56405,13554,324,644,139,63,385,0,61,3,72,4,4,0,10,0,0,0,0,0,2688,2816,2688,2816,4128,2208,6545,1611,0,0,0,0,100,72,46,41,41,72,69,65,0,0,66,0,0,0,0,0,0,13727,1081,331,0,331,0,342,342,100,2,1,0,999,999,40,0,25,0,0,0,0,0,0,0,0,0,0,100,2688,2816,100,0,0,0,0,0,0,0,0,0,0,0,0,0,0,0,0,0,0,0,0,160
757234,3243,531,88,47,9999,0,0,704,0,0,0,4183,2944,0,0,62,0,8,7,1920,599,2000,1,0,4,73,72,56014,13638,342,643,130,63,333,0,61,2,72,4,4,0,10,0,0,0,0,0,2688,2816,2688,2816,4128,2208,6822,1673,0,0,0,0,100,66,37,35,35,65,66,63,0,0,62,0,0,0,0,0,0,13727,1081,331,0,331,0,342,342,100,2,1,0,999,999,40,0,25,0,0,0,0,0,0,0,0,0,0,100,2688,2816,100,0,0,0,0,0,0,0,0,0,0,0,0,0,0,0,0,0,0,0,0,160
758234,3243,531,88,47,9999,0,0,729,0,0,0,4183,3049,0,0,62,0,8,7,1920,599,2000,1,0,4,73,72,54946,13656,339,602,118,64,313,0,68,0,73,4,4,0,10,0,0,0,0,0,2688,2816,2688,2816,4128,2208,6325,1635,0,0,0,0,100,70,44,40,36,63,70,70,0,0,61,0,0,0,0,0,0,13727,1081,331,0,331,0,342,342,100,0,0,0,999,999,40,0,25,0,0,0,0,0,0,0,0,0,0,100,2688,2816,100,0,0,0,0,0,0,0,0,0,0,0,0,0,0,0,0,0,0,0,0,160
759267,3259,531,88,47,9999,0,0,785,0,0,0,4183,3283,0,0,62,0,8,7,1920,599,2000,1,0,4,67,72,54054,13590,336,642,111,64,337,0,59,5,73,4,4,0,10,0,0,0,0,0,2688,2816,2688,2816,4128,2208,8441,1664,0,0,0,0,100,69,48,42,42,62,69,64,0,0,65,0,0,0,0,0,0,13743,1079,331,0,331,0,342,342,100,3,1,0,999,999,40,0,25,0,0,0,0,0,0,0,0,0,0,100,2688,2816,100,0,0,0,0,0,0,0,0,0,0,0,0,0,0,0,0,0,0,0,0,160
760235,3259,531,88,47,9999,0,0,843,0,0,0,4181,3524,0,0,62,0,8,7,1920,599,2000,1,0,4,70,72,54514,13613,344,625,92,64,354,0,48,5,72,4,4,0,10,0,0,0,0,0,2688,2816,2688,2816,4128,2208,8509,1621,0,0,0,0,100,68,36,31,36,65,68,66,0,0,69,0,0,0,0,0,0,13743,1079,331,0,331,0,342,342,100,3,1,0,999,999,40,0,25,0,0,0,0,0,0,0,0,0,0,100,2688,2816,100,0,0,0,0,0,0,0,0,0,0,0,0,0,0,0,0,0,0,0,0,160
761235,3259,531,88,47,9999,0,0,829,0,0,0,4181,3466,0,0,62,0,8,7,1920,599,2000,1,0,4,71,72,48584,13677,335,622,109,64,336,0,25,5,72,4,4,0,10,0,0,0,0,0,2688,2816,2688,2816,4128,2208,7683,1629,0,0,0,0,100,67,39,38,35,64,67,65,0,0,70,0,0,0,0,0,0,13743,1079,331,0,331,0,342,342,100,2,1,0,999,999,40,0,25,0,0,0,0,0,0,0,0,0,0,100,2688,2816,100,0,0,0,0,0,0,0,0,0,0,0,0,0,0,0,0,0,0,0,0,160
762235,3259,531,88,47,9999,0,0,898,0,0,0,4181,3754,0,0,62,0,8,7,1920,599,2000,1,0,4,67,72,51001,13647,320,645,114,65,464,0,48,7,73,4,4,0,10,0,0,0,0,0,2688,2816,2688,2816,4128,2208,8189,1706,0,0,0,0,100,64,46,44,42,62,64,60,0,0,68,0,0,0,0,0,0,13743,1079,331,0,331,0,342,342,100,3,1,0,999,999,40,0,25,0,0,0,0,0,0,0,0,0,0,100,2688,2816,100,0,0,0,0,0,0,0,0,0,0,0,0,0,0,0,0,0,0,0,0,160
763236,3259,531,88,47,9999,0,0,742,0,0,0,4181,3102,0,0,62,0,8,7,1920,599,2000,1,0,4,66,72,47736,13684,337,734,146,64,489,0,35,7,71,4,4,0,10,0,0,0,0,0,2688,2816,2688,2816,4128,2208,8463,1664,0,0,0,0,100,64,53,48,47,56,64,63,0,0,67,0,0,0,0,0,0,13743,1079,331,0,331,0,342,342,100,2,1,0,999,999,40,0,25,0,0,0,0,0,0,0,0,0,0,100,2688,2816,100,0,0,0,0,0,0,0,0,0,0,0,0,0,0,0,0,0,0,0,0,160
764235,3259,531,88,47,9999,0,0,911,0,0,0,4181,3808,0,0,62,0,8,7,1920,599,2000,1,0,4,71,72,57178,13677,356,679,126,64,322,0,49,6,73,4,4,0,10,0,0,0,0,0,2688,2816,2688,2816,4128,2208,8009,1686,0,0,0,0,100,67,42,39,35,58,62,67,0,0,69,0,0,0,0,0,0,13743,1079,331,0,331,0,342,342,100,2,1,0,999,999,40,0,25,0,0,0,0,0,0,0,0,0,0,100,2688,2816,100,0,0,0,0,0,0,0,0,0,0,0,0,0,0,0,0,0,0,0,0,160
765235,3259,531,88,47,9999,0,0,878,0,0,0,4181,3670,0,0,62,0,8,7,1920,599,2000,1,0,4,72,72,48191,13649,343,644,92,65,349,0,43,0,72,4,4,0,10,0,0,0,0,0,2688,2816,2688,2816,4128,2208,8110,1673,0,0,0,0,100,68,43,40,36,66,61,68,0,0,70,0,0,0,0,0,0,13743,1079,331,0,331,0,342,342,100,0,0,0,999,999,40,0,25,0,0,0,0,0,0,0,0,0,0,100,2688,2816,100,0,0,0,0,0,0,0,0,0,0,0,0,0,0,0,0,0,0,0,0,160
766237,3259,531,88,47,9999,0,0,777,0,0,0,4181,3248,0,0,62,0,8,7,1920,599,2000,1,0,4,71,72,50670,13640,322,614,103,63,339,0,36,1,73,4,4,0,10,0,0,0,0,0,2688,2816,2688,2816,4128,2208,8000,1627,0,0,0,0,100,66,41,36,36,62,66,66,0,0,73,0,0,0,0,0,0,13743,1079,331,0,331,0,342,342,100,1,1,0,999,999,40,0,25,0,0,0,0,0,0,0,0,0,0,100,2688,2816,100,0,0,0,0,0,0,0,0,0,0,0,0,0,0,0,0,0,0,0,0,160
767236,3259,531,88,47,9999,0,0,853,0,0,0,4181,3566,0,0,62,0,8,7,1920,599,2000,1,0,4,72,72,48243,13550,320,621,100,64,330,0,22,6,73,4,4,0,10,0,0,0,0,0,2688,2816,2688,2816,4128,2208,8736,1643,0,0,0,0,100,68,44,40,39,62,68,64,0,0,75,0,0,0,0,0,0,13743,1079,331,0,331,0,342,342,100,2,1,0,999,999,40,0,25,0,0,0,0,0,0,0,0,0,0,100,2688,2816,100,0,0,0,0,0,0,0,0,0,0,0,0,0,0,0,0,0,0,0,0,160
768236,3259,531,88,47,9999,0,0,747,0,0,0,4181,3123,0,0,62,0,8,7,1920,599,2000,1,0,4,67,72,51590,13531,326,603,129,64,421,0,42,8,73,4,4,0,10,0,0,0,0,0,2688,2816,2688,2816,4128,2208,8555,1661,0,0,0,0,100,68,43,38,38,63,68,68,0,0,74,0,0,0,0,0,0,13743,1079,331,0,331,0,342,342,100,2,1,0,999,999,40,0,25,0,0,0,0,0,0,0,0,0,0,100,2688,2816,100,0,0,0,0,0,0,0,0,0,0,0,0,0,0,0,0,0,0,0,0,160
769236,3259,531,88,47,9999,0,0,837,0,0,0,4181,3499,0,0,62,0,8,7,1920,599,2000,1,0,4,68,72,51860,13596,340,629,131,64,373,0,33,9,72,4,4,0,10,0,0,0,0,0,2688,2816,2688,2816,4128,2208,7622,1685,0,0,0,0,100,68,44,38,36,61,65,68,0,0,71,0,0,0,0,0,0,13743,1079,331,0,331,0,342,342,100,2,1,0,999,999,40,0,25,0,0,0,0,0,0,0,0,0,0,100,2688,2816,100,0,0,0,0,0,0,0,0,0,0,0,0,0,0,0,0,0,0,0,0,160
770237,3259,531,88,47,9999,0,0,726,0,0,0,4188,3040,0,0,62,0,8,7,1920,599,2000,1,0,4,71,72,54502,13621,305,618,107,65,339,0,61,2,72,4,4,0,10,0,0,0,0,0,2688,2816,2688,2816,4128,2208,7798,1647,0,0,0,0,100,68,40,34,35,62,62,68,0,0,70,0,0,0,0,0,0,13743,1079,331,0,331,0,342,342,100,2,1,0,999,999,40,0,25,0,0,0,0,0,0,0,0,0,0,100,2688,2816,100,0,0,0,0,0,0,0,0,0,0,0,0,0,0,0,0,0,0,0,0,160
771237,3259,531,88,47,9999,0,0,659,0,0,0,4188,2759,0,0,62,0,8,7,1920,599,2000,1,0,4,69,72,51574,13451,282,591,102,64,318,0,50,5,72,4,4,0,10,0,0,0,0,0,2688,2816,2688,2816,4128,2208,7614,1591,0,0,0,0,100,66,38,38,34,66,66,66,0,0,70,0,0,0,0,0,0,13743,1079,331,0,331,0,342,342,100,3,1,0,999,999,40,0,25,0,0,0,0,0,0,0,0,0,0,100,2688,2816,100,0,0,0,0,0,0,0,0,0,0,0,0,0,0,0,0,0,0,0,0,160
772237,3259,531,88,47,9999,0,0,804,0,0,0,4188,3367,0,0,62,0,8,7,1920,599,2000,1,0,4,72,72,56518,13479,329,595,98,63,336,0,55,1,73,4,4,0,10,0,0,0,0,0,2688,2816,2688,2816,4128,2208,8109,1606,0,0,0,0,100,72,38,31,33,68,72,67,0,0,68,0,0,0,0,0,0,13743,1079,331,0,331,0,342,342,100,1,1,0,999,999,40,0,25,0,0,0,0,0,0,0,0,0,0,100,2688,2816,100,0,0,0,0,0,0,0,0,0,0,0,0,0,0,0,0,0,0,0,0,160
773237,3259,531,88,47,9999,0,0,781,0,0,0,4188,3270,0,0,62,0,8,7,1920,599,2000,1,0,4,69,72,55147,13567,365,600,102,64,341,0,65,1,73,4,4,0,10,0,0,0,0,0,2688,2816,2688,2816,4128,2208,6940,1591,0,0,0,0,100,68,37,30,32,68,66,66,0,0,66,0,0,0,0,0,0,13743,1079,331,0,331,0,342,342,100,1,1,0,999,999,40,0,25,0,0,0,0,0,0,0,0,0,0,100,2688,2816,100,0,0,0,0,0,0,0,0,0,0,0,0,0,0,0,0,0,0,0,0,160
774238,3259,531,88,47,9999,0,0,806,0,0,0,4188,3375,0,0,62,0,8,7,1920,599,2000,1,0,4,71,72,48789,13568,303,607,100,64,331,0,43,4,73,4,4,0,10,0,0,0,0,0,2688,2816,2688,2816,4128,2208,7969,1667,0,0,0,0,100,67,32,30,32,61,67,63,0,0,66,0,0,0,0,0,0,13743,1079,331,0,331,0,342,342,100,3,1,0,999,999,40,0,25,0,0,0,0,0,0,0,0,0,0,100,2688,2816,100,0,0,0,0,0,0,0,0,0,0,0,0,0,0,0,0,0,0,0,0,160
775238,3259,531,88,47,9999,0,0,841,0,0,0,4188,3522,0,0,62,0,8,7,1920,599,2000,1,0,4,73,72,52347,13501,301,585,109,64,321,0,43,4,73,4,4,0,10,0,0,0,0,0,2688,2816,2688,2816,4128,2208,7497,1655,0,0,0,0,100,74,34,31,34,64,66,74,0,0,69,0,0,0,0,0,0,13743,1079,331,0,331,0,342,342,100,2,1,0,999,999,40,0,25,0,0,0,0,0,0,0,0,0,0,100,2688,2816,100,0,0,0,0,0,0,0,0,0,0,0,0,0,0,0,0,0,0,0,0,160
776238,3259,531,88,47,9999,0,0,773,0,0,0,4188,3237,0,0,62,0,8,7,1920,599,2000,1,0,4,70,72,50604,13593,354,617,107,65,417,0,34,3,72,4,4,0,10,0,0,0,0,0,2688,2816,2688,2816,4128,2208,8088,1618,0,0,0,0,100,70,35,34,30,64,68,70,0,0,70,0,0,0,0,0,0,13743,1079,331,0,331,0,342,342,100,2,1,0,999,999,40,0,25,0,0,0,0,0,0,0,0,0,0,100,2688,2816,100,0,0,0,0,0,0,0,0,0,0,0,0,0,0,0,0,0,0,0,0,160
777238,3259,531,88,47,9999,0,0,835,0,0,0,4188,3496,0,0,62,0,8,7,1920,599,2000,1,0,4,72,72,50439,13654,339,676,169,64,387,0,44,3,73,4,4,0,10,0,0,0,0,0,2688,2816,2688,2816,4128,2208,7438,1633,0,0,0,0,100,68,36,32,36,64,67,68,0,0,68,0,0,0,0,0,0,13743,1079,331,0,331,0,342,342,100,2,1,0,999,999,40,0,25,0,0,0,0,0,0,0,0,0,0,100,2688,2816,100,0,0,0,0,0,0,0,0,0,0,0,0,0,0,0,0,0,0,0,0,160
778238,3259,531,88,47,9999,0,0,807,0,0,0,4188,3379,0,0,62,0,8,7,1920,599,2000,1,0,4,69,72,52040,13681,318,650,105,64,400,0,45,4,72,4,4,0,10,0,0,0,0,0,2688,2816,2688,2816,4128,2208,6967,1631,0,0,0,0,100,69,36,35,33,69,63,68,0,0,66,0,0,0,0,0,0,13743,1079,331,0,331,0,342,342,100,4,1,0,999,999,40,0,25,0,0,0,0,0,0,0,0,0,0,100,2688,2816,100,0,0,0,0,0,0,0,0,0,0,0,0,0,0,0,0,0,0,0,0,160
779277,3261,528,88,47,9999,0,0,717,0,0,0,4188,3002,0,0,62,0,8,7,1920,599,2000,1,0,4,72,72,56324,13555,304,646,97,63,354,0,69,2,72,4,4,0,10,0,0,0,0,0,2688,2816,2688,2816,4128,2208,6504,1686,0,0,0,0,100,68,34,31,32,62,68,64,0,0,61,0,0,0,0,0,0,13740,1077,328,0,328,0,339,339,100,1,1,0,999,999,40,0,25,0,0,0,0,0,0,0,0,0,0,100,2688,2816,100,0,0,0,0,0,0,0,0,0,0,0,0,0,0,0,0,0,0,0,0,160
780238,3261,528,88,47,9999,0,0,696,0,0,0,4177,2907,0,0,62,0,8,7,1920,599,2000,1,0,4,73,72,57940,13585,372,598,118,63,343,0,70,0,73,4,4,0,10,0,0,0,0,0,2688,2816,2688,2816,4128,2208,7619,1643,0,0,0,0,100,69,37,28,33,64,69,68,0,0,64,0,0,0,0,0,0,13740,1077,328,0,328,0,339,339,100,0,0,0,999,999,40,0,25,0,0,0,0,0,0,0,0,0,0,100,2688,2816,100,0,0,0,0,0,0,0,0,0,0,0,0,0,0,0,0,0,0,0,0,160
781238,3261,528,88,47,9999,0,0,823,0,0,0,4177,3437,0,0,62,0,8,7,1920,599,2000,1,0,4,73,72,53526,13666,318,623,137,64,385,0,61,0,72,4,4,0,10,0,0,0,0,0,2688,2816,2688,2816,4128,2208,7684,1585,0,0,0,0,100,73,35,31,31,66,64,73,0,0,66,0,0,0,0,0,0,13740,1077,328,0,328,0,339,339,100,0,0,0,999,999,40,0,25,0,0,0,0,0,0,0,0,0,0,100,2688,2816,100,0,0,0,0,0,0,0,0,0,0,0,0,0,0,0,0,0,0,0,0,160
782238,3261,528,88,47,9999,0,0,948,0,0,0,4177,3959,0,0,62,0,8,7,1920,599,2000,1,0,4,69,72,52150,13652,319,632,132,63,355,0,50,3,72,4,4,0,10,0,0,0,0,0,2688,2816,2688,2816,4128,2208,7866,1595,0,0,0,0,100,69,37,31,34,60,69,66,0,0,65,0,0,0,0,0,0,13740,1077,328,0,328,0,339,339,100,2,1,0,999,999,40,0,25,0,0,0,0,0,0,0,0,0,0,100,2688,2816,100,0,0,0,0,0,0,0,0,0,0,0,0,0,0,0,0,0,0,0,0,160
783239,3261,528,88,47,9999,0,0,900,0,0,0,4177,3759,0,0,62,0,8,7,1920,599,2000,1,0,4,72,72,49875,13576,318,641,112,63,354,0,42,3,73,4,4,0,10,0,0,0,0,0,2688,2816,2688,2816,4128,2208,6980,1688,0,0,0,0,100,71,41,35,39,68,71,66,0,0,67,0,0,0,0,0,0,13740,1077,328,0,328,0,339,339,100,1,1,0,999,999,40,0,25,0,0,0,0,0,0,0,0,0,0,100,2688,2816,100,0,0,0,0,0,0,0,0,0,0,0,0,0,0,0,0,0,0,0,0,160
784241,3261,528,88,47,9999,0,0,859,0,0,0,4177,3588,0,0,62,0,8,7,1920,599,2000,1,0,4,72,72,51279,13683,338,687,146,64,362,0,39,2,73,4,4,0,10,0,0,0,0,0,2688,2816,2688,2816,4128,2208,7080,1693,0,0,0,0,100,75,49,46,43,67,75,61,0,0,68,0,0,0,0,0,0,13740,1077,328,0,328,0,339,339,100,1,1,0,999,999,40,0,25,0,0,0,0,0,0,0,0,0,0,100,2688,2816,100,0,0,0,0,0,0,0,0,0,0,0,0,0,0,0,0,0,0,0,0,160
785241,3261,528,88,47,9999,0,0,768,0,0,0,4177,3207,0,0,62,0,8,7,1920,599,2000,1,0,4,69,72,52216,13658,314,721,110,64,386,0,43,2,73,4,4,0,10,0,0,0,0,0,2688,2816,2688,2816,4128,2208,8911,1748,0,0,0,0,100,68,38,35,35,66,66,68,0,0,68,0,0,0,0,0,0,13740,1077,328,0,328,0,339,339,100,1,1,0,999,999,40,0,25,0,0,0,0,0,0,0,0,0,0,100,2688,2816,100,0,0,0,0,0,0,0,0,0,0,0,0,0,0,0,0,0,0,0,0,160
786242,3261,528,88,47,9999,0,0,708,0,0,0,4177,2957,0,0,62,0,8,7,1920,599,2000,1,0,4,73,72,50949,13653,311,672,139,64,316,0,30,2,72,4,4,0,10,0,0,0,0,0,2688,2816,2688,2816,4128,2208,8526,1620,0,0,0,0,100,69,41,34,37,69,67,62,0,0,73,0,0,0,0,0,0,13740,1077,328,0,328,0,339,339,100,1,1,0,999,999,40,0,25,0,0,0,0,0,0,0,0,0,0,100,2688,2816,100,0,0,0,0,0,0,0,0,0,0,0,0,0,0,0,0,0,0,0,0,160
787241,3261,528,88,47,9999,0,0,652,0,0,0,4177,2723,0,0,62,0,8,7,1920,599,2000,1,0,4,73,72,50949,13570,317,670,116,64,350,0,44,5,72,4,4,0,10,0,0,0,0,0,2688,2816,2688,2816,4128,2208,8055,1617,0,0,0,0,100,68,37,34,31,62,66,68,0,0,71,0,0,0,0,0,0,13740,1077,328,0,328,0,339,339,100,2,1,0,999,999,40,0,25,0,0,0,0,0,0,0,0,0,0,100,2688,2816,100,0,0,0,0,0,0,0,0,0,0,0,0,0,0,0,0,0,0,0,0,160
788241,3261,528,88,47,9999,0,0,826,0,0,0,4177,3450,0,0,62,0,8,7,1920,599,2000,1,0,4,70,72,53987,13619,351,665,100,63,323,0,75,0,73,4,4,0,10,0,0,0,0,0,2688,2816,2688,2816,4128,2208,7945,1612,0,0,0,0,100,69,40,34,36,69,67,65,0,0,65,0,0,0,0,0,0,13740,1077,328,0,328,0,339,339,100,0,0,0,999,999,40,0,25,0,0,0,0,0,0,0,0,0,0,100,2688,2816,100,0,0,0,0,0,0,0,0,0,0,0,0,0,0,0,0,0,0,0,0,160
789241,3261,528,88,47,9999,0,0,939,0,0,0,4177,3922,0,0,62,0,8,7,1920,599,2000,1,0,4,71,72,56613,13561,314,592,113,65,394,0,42,5,73,4,4,0,10,0,0,0,0,0,2688,2816,2688,2816,4128,2208,8121,1727,0,0,0,0,100,68,36,33,36,63,64,68,0,0,69,0,0,0,0,0,0,13740,1077,328,0,328,0,339,339,100,2,1,0,999,999,40,0,25,0,0,0,0,0,0,0,0,0,0,100,2688,2816,100,0,0,0,0,0,0,0,0,0,0,0,0,0,0,0,0,0,0,0,0,160
790241,3261,528,88,47,9999,0,0,838,0,0,0,4177,3500,0,0,62,0,8,7,1920,599,2000,1,0,4,71,72,50307,13592,310,605,132,64,326,0,38,3,72,4,4,0,10,0,0,0,0,0,2688,2816,2688,2816,4128,2208,7789,1700,0,0,0,0,100,68,38,29,29,65,66,68,0,0,70,0,0,0,0,0,0,13740,1077,328,0,328,0,339,339,100,2,1,0,999,999,40,0,25,0,0,0,0,0,0,0,0,0,0,100,2688,2816,100,0,0,0,0,0,0,0,0,0,0,0,0,0,0,0,0,0,0,0,0,160
791241,3261,528,88,47,9999,0,0,785,0,0,0,4177,3278,0,0,62,0,8,7,1920,599,2000,1,0,4,72,72,54567,13575,316,660,97,65,332,0,69,0,72,4,4,0,10,0,0,0,0,0,2688,2816,2688,2816,4128,2208,8117,1611,0,0,0,0,100,69,37,34,31,63,69,67,0,0,71,0,0,0,0,0,0,13740,1077,328,0,328,0,339,339,100,0,0,0,999,999,40,0,25,0,0,0,0,0,0,0,0,0,0,100,2688,2816,100,0,0,0,0,0,0,0,0,0,0,0,0,0,0,0,0,0,0,0,0,160
792241,3261,528,88,47,9999,0,0,788,0,0,0,4177,3291,0,0,62,0,8,7,1920,599,2000,1,0,4,73,72,58039,13612,414,647,99,63,446,0,64,2,72,4,4,0,10,0,0,0,0,0,2688,2816,2688,2816,4128,2208,7594,1589,0,0,0,0,100,70,37,25,32,63,59,70,0,0,69,0,0,0,0,0,0,13740,1077,328,0,328,0,339,339,100,2,1,0,999,999,40,0,25,0,0,0,0,0,0,0,0,0,0,100,2688,2816,100,0,0,0,0,0,0,0,0,0,0,0,0,0,0,0,0,0,0,0,0,160
793241,3261,528,88,47,9999,0,0,700,0,0,0,4177,2923,0,0,62,0,8,7,1920,599,2000,1,0,4,71,72,55463,13592,288,677,155,63,346,0,61,2,73,4,4,0,10,0,0,0,0,0,2688,2816,2688,2816,4128,2208,7310,1622,0,0,0,0,100,68,35,28,35,61,64,68,0,0,68,0,0,0,0,0,0,13740,1077,328,0,328,0,339,339,100,2,1,0,999,999,40,0,25,0,0,0,0,0,0,0,0,0,0,100,2688,2816,100,0,0,0,0,0,0,0,0,0,0,0,0,0,0,0,0,0,0,0,0,160
794242,3261,528,88,47,9999,0,0,725,0,0,0,4177,3028,0,0,62,0,8,7,1920,599,2000,1,0,4,73,72,58608,13651,325,636,120,63,321,0,66,3,73,4,4,0,10,0,0,0,0,0,2688,2816,2688,2816,4128,2208,7283,1760,0,0,0,0,100,66,35,33,35,63,66,64,0,0,66,0,0,0,0,0,0,13740,1077,328,0,328,0,339,339,100,2,1,0,999,999,40,0,25,0,0,0,0,0,0,0,0,0,0,100,2688,2816,100,0,0,0,0,0,0,0,0,0,0,0,0,0,0,0,0,0,0,0,0,160
795242,3261,528,88,47,9999,0,0,799,0,0,0,4177,3337,0,0,62,0,8,7,1920,599,2000,1,0,4,71,72,54626,13523,305,604,107,64,358,0,54,1,73,4,4,0,10,0,0,0,0,0,2688,2816,2688,2816,4128,2208,8483,1619,0,0,0,0,100,70,36,33,36,69,70,67,0,0,66,0,0,0,0,0,0,13740,1077,328,0,328,0,339,339,100,1,1,0,999,999,40,0,25,0,0,0,0,0,0,0,0,0,0,100,2688,2816,100,0,0,0,0,0,0,0,0,0,0,0,0,0,0,0,0,0,0,0,0,160
796241,3261,528,88,47,9999,0,0,877,0,0,0,4177,3663,0,0,62,0,8,7,1920,599,2000,1,0,4,69,72,51170,13607,367,691,115,64,343,0,48,5,72,4,4,0,10,0,0,0,0,0,2688,2816,2688,2816,4128,2208,7444,1492,0,0,0,0,100,66,38,34,36,66,63,65,0,0,66,0,0,0,0,0,0,13740,1077,328,0,328,0,339,339,100,2,1,0,999,999,40,0,25,0,0,0,0,0,0,0,0,0,0,100,2688,2816,100,0,0,0,0,0,0,0,0,0,0,0,0,0,0,0,0,0,0,0,0,160
797241,3261,528,88,47,9999,0,0,804,0,0,0,4177,3358,0,0,62,0,8,7,1920,599,2000,1,0,4,70,72,52943,13641,350,682,111,63,365,0,57,3,72,4,4,0,10,0,0,0,0,0,2688,2816,2688,2816,4128,2208,6667,1580,0,0,0,0,100,69,37,34,33,60,66,69,0,0,62,0,0,0,0,0,0,13740,1077,328,0,328,0,339,339,100,2,1,0,999,999,40,0,25,0,0,0,0,0,0,0,0,0,0,100,2688,2816,100,0,0,0,0,0,0,0,0,0,0,0,0,0,0,0,0,0,0,0,0,160
798242,3261,528,88,47,9999,0,0,865,0,0,0,4177,3613,0,0,62,0,8,7,1920,599,2000,1,0,4,70,72,54919,13627,337,638,122,64,352,0,57,2,73,4,4,0,10,0,0,0,0,0,2688,2816,2688,2816,4128,2208,8191,1689,0,0,0,0,100,67,38,35,38,67,65,64,0,0,62,0,0,0,0,0,0,13740,1077,328,0,328,0,339,339,100,1,1,0,999,999,40,0,25,0,0,0,0,0,0,0,0,0,0,100,2688,2816,100,0,0,0,0,0,0,0,0,0,0,0,0,0,0,0,0,0,0,0,0,160
799281,3246,530,88,47,9999,0,0,702,0,0,0,4177,2932,0,0,62,0,8,7,1920,599,2000,1,0,4,70,72,56640,13583,297,712,146,63,323,0,68,5,72,4,4,0,10,0,0,0,0,0,2688,2816,2688,2816,4128,2208,6694,1643,0,0,0,0,100,71,41,34,34,59,65,71,0,0,60,0,0,0,0,0,0,13761,1084,330,0,330,0,340,340,100,5,1,0,999,999,40,0,25,0,0,0,0,0,0,0,0,0,0,100,2688,2816,100,0,0,0,0,0,0,0,0,0,0,0,0,0,0,0,0,0,0,0,0,160
800242,3246,530,88,47,9999,0,0,692,0,0,0,4190,2899,0,0,62,0,8,7,1920,599,2000,1,0,4,73,72,56756,13564,343,654,123,63,355,0,67,2,72,4,4,0,10,0,0,0,0,0,2688,2816,2688,2816,4128,2208,6342,1545,0,0,0,0,100,73,36,32,33,67,73,65,0,0,59,0,0,0,0,0,0,13761,1084,330,0,330,0,340,340,100,2,1,0,999,999,40,0,25,0,0,0,0,0,0,0,0,0,0,100,2688,2816,100,0,0,0,0,0,0,0,0,0,0,0,0,0,0,0,0,0,0,0,0,160
801242,3246,530,88,47,9999,0,0,776,0,0,0,4190,3251,0,0,62,0,8,7,1920,599,2000,1,0,4,71,72,56427,13665,337,665,96,64,330,0,63,0,73,4,4,0,10,0,0,0,0,0,2688,2816,2688,2816,4128,2208,7225,1562,0,0,0,0,100,71,39,34,35,66,71,66,0,0,54,0,0,0,0,0,0,13761,1084,330,0,330,0,340,340,100,0,0,0,999,999,40,0,25,0,0,0,0,0,0,0,0,0,0,100,2688,2816,100,0,0,0,0,0,0,0,0,0,0,0,0,0,0,0,0,0,0,0,0,160
802242,3246,530,88,47,9999,0,0,809,0,0,0,4190,3389,0,0,62,0,8,7,1920,599,2000,1,0,4,72,72,53139,13722,333,657,142,64,349,0,43,2,73,4,4,0,10,0,0,0,0,0,2688,2816,2688,2816,4128,2208,7343,1565,0,0,0,0,100,70,40,40,37,64,70,69,0,0,65,0,0,0,0,0,0,13761,1084,330,0,330,0,340,340,100,2,1,0,999,999,40,0,25,0,0,0,0,0,0,0,0,0,0,100,2688,2816,100,0,0,0,0,0,0,0,0,0,0,0,0,0,0,0,0,0,0,0,0,160
803245,3246,530,88,47,9999,0,0,799,0,0,0,4190,3347,0,0,62,0,8,7,1920,599,2000,1,0,4,72,72,51616,13590,307,687,141,63,356,0,49,1,72,4,4,0,10,0,0,0,0,0,2688,2816,2688,2816,4128,2208,7493,1570,0,0,0,0,100,68,35,33,34,68,64,67,0,0,63,0,0,0,0,0,0,13761,1084,330,0,330,0,340,340,100,1,1,0,999,999,40,0,25,0,0,0,0,0,0,0,0,0,0,100,2688,2816,100,0,0,0,0,0,0,0,0,0,0,0,0,0,0,0,0,0,0,0,0,160
804243,3246,530,88,47,9999,0,0,834,0,0,0,4190,3494,0,0,62,0,8,7,1920,599,2000,1,0,4,72,72,52515,13526,361,646,108,64,373,0,55,2,71,4,4,0,10,0,0,0,0,0,2688,2816,2688,2816,4128,2208,5722,1645,0,0,0,0,100,69,40,35,36,64,69,68,0,0,59,0,0,0,0,0,0,13761,1084,330,0,330,0,340,340,100,2,1,0,999,999,40,0,25,0,0,0,0,0,0,0,0,0,0,100,2688,2816,100,0,0,0,0,0,0,0,0,0,0,0,0,0,0,0,0,0,0,0,0,160
805242,3246,530,88,47,9999,0,0,704,0,0,0,4190,2949,0,0,62,0,8,7,1920,599,2000,1,0,4,70,72,53203,13662,364,600,110,64,339,0,52,3,73,4,4,0,10,0,0,0,0,0,2688,2816,2688,2816,4128,2208,7332,1652,0,0,0,0,100,73,50,46,45,64,68,73,0,0,62,0,0,0,0,0,0,13761,1084,330,0,330,0,340,340,100,2,1,0,999,999,40,0,25,0,0,0,0,0,0,0,0,0,0,100,2688,2816,100,0,0,0,0,0,0,0,0,0,0,0,0,0,0,0,0,0,0,0,0,160
806243,3246,530,88,47,9999,0,0,780,0,0,0,4190,3268,0,0,62,0,8,7,1920,599,2000,1,0,4,72,72,53929,13670,348,635,126,63,483,0,45,1,73,4,4,0,10,0,0,0,0,0,2688,2816,2688,2816,4128,2208,7193,1560,0,0,0,0,100,72,44,42,38,61,72,70,0,0,64,0,0,0,0,0,0,13761,1084,330,0,330,0,340,340,100,1,1,0,999,999,40,0,25,0,0,0,0,0,0,0,0,0,0,100,2688,2816,100,0,0,0,0,0,0,0,0,0,0,0,0,0,0,0,0,0,0,0,0,160
807243,3246,530,88,47,9999,0,0,713,0,0,0,4190,2987,0,0,62,0,8,7,1920,599,2000,1,0,4,72,72,53466,13604,277,773,159,63,428,0,69,0,72,4,4,0,10,0,0,0,0,0,2688,2816,2688,2816,4128,2208,6292,1592,0,0,0,0,100,68,40,41,38,64,68,65,0,0,64,0,0,0,0,0,0,13761,1084,330,0,330,0,340,340,100,0,0,0,999,999,40,0,25,0,0,0,0,0,0,0,0,0,0,100,2688,2816,100,0,0,0,0,0,0,0,0,0,0,0,0,0,0,0,0,0,0,0,0,160
808242,3246,530,88,47,9999,0,0,759,0,0,0,4190,3180,0,0,62,0,8,7,1920,599,2000,1,0,4,72,72,56862,13618,338,750,149,63,317,0,66,4,72,4,4,0,10,0,0,0,0,0,2688,2816,2688,2816,4128,2208,6468,1525,0,0,0,0,100,66,39,42,37,62,63,66,0,0,58,0,0,0,0,0,0,13761,1084,330,0,330,0,340,340,100,2,1,0,999,999,40,0,25,0,0,0,0,0,0,0,0,0,0,100,2688,2816,100,0,0,0,0,0,0,0,0,0,0,0,0,0,0,0,0,0,0,0,0,160
809243,3246,530,88,47,9999,0,0,717,0,0,0,4190,3004,0,0,62,0,8,7,1920,599,2000,1,0,4,71,72,54835,13581,364,673,99,63,359,0,86,0,72,4,4,0,10,0,0,0,0,0,2688,2816,2688,2816,4128,2208,5170,1589,0,0,0,0,100,68,42,38,32,61,62,68,0,0,53,0,0,0,0,0,0,13761,1084,330,0,330,0,340,340,100,1,1,0,999,999,40,0,25,0,0,0,0,0,0,0,0,0,0,100,2688,2816,100,0,0,0,0,0,0,0,0,0,0,0,0,0,0,0,0,0,0,0,0,160
810243,3246,530,88,47,9999,0,0,773,0,0,0,4185,3235,0,0,62,0,8,7,1920,599,2000,1,0,4,72,72,56887,13631,309,611,119,63,336,0,60,3,73,4,4,0,10,0,0,0,0,0,2688,2816,2688,2816,4128,2208,9410,1712,0,0,0,0,100,70,40,40,37,65,61,70,0,0,61,0,0,0,0,0,0,13761,1084,330,0,330,0,340,340,100,2,1,0,999,999,40,0,25,0,0,0,0,0,0,0,0,0,0,100,2688,2816,100,0,0,0,0,0,0,0,0,0,0,0,0,0,0,0,0,0,0,0,0,160
811243,3246,530,88,47,9999,0,0,888,0,0,0,4185,3716,0,0,62,0,8,7,1920,599,2000,1,0,4,68,72,51255,13578,304,671,118,64,327,0,33,8,73,4,4,0,10,0,0,0,0,0,2688,2816,2688,2816,4128,2208,8791,1575,0,0,0,0,100,73,40,42,35,60,64,73,0,0,69,0,0,0,0,0,0,13761,1084,330,0,330,0,340,340,100,3,1,0,999,999,40,0,25,0,0,0,0,0,0,0,0,0,0,100,2688,2816,100,0,0,0,0,0,0,0,0,0,0,0,0,0,0,0,0,0,0,0,0,160
812243,3246,530,88,47,9999,0,0,792,0,0,0,4185,3314,0,0,62,0,8,7,1920,599,2000,1,0,4,72,72,51362,13520,298,641,113,64,335,0,43,6,73,4,4,0,10,0,0,0,0,0,2688,2816,2688,2816,4128,2208,6852,1593,0,0,0,0,100,68,37,39,35,64,68,67,0,0,67,0,0,0,0,0,0,13761,1084,330,0,330,0,340,340,100,2,1,0,999,999,40,0,25,0,0,0,0,0,0,0,0,0,0,100,2688,2816,100,0,0,0,0,0,0,0,0,0,0,0,0,0,0,0,0,0,0,0,0,160
813243,3246,530,88,47,9999,0,0,689,0,0,0,4185,2883,0,0,62,0,8,7,1920,599,2000,1,0,4,72,72,53020,13570,319,639,108,63,349,0,67,1,72,4,4,0,10,0,0,0,0,0,2688,2816,2688,2816,4128,2208,7253,1616,0,0,0,0,100,69,39,36,34,68,62,69,0,0,66,0,0,0,0,0,0,13761,1084,330,0,330,0,340,340,100,1,1,0,999,999,40,0,25,0,0,0,0,0,0,0,0,0,0,100,2688,2816,100,0,0,0,0,0,0,0,0,0,0,0,0,0,0,0,0,0,0,0,0,160
814243,3246,530,88,47,9999,0,0,864,0,0,0,4185,3615,0,0,62,0,8,7,1920,599,2000,1,0,4,71,72,58649,13622,325,617,116,64,395,0,61,1,72,4,4,0,10,0,0,0,0,0,2688,2816,2688,2816,4128,2208,6897,1681,0,0,0,0,100,71,37,38,38,64,63,71,0,0,64,0,0,0,0,0,0,13761,1084,330,0,330,0,340,340,100,1,1,0,999,999,40,0,25,0,0,0,0,0,0,0,0,0,0,100,2688,2816,100,0,0,0,0,0,0,0,0,0,0,0,0,0,0,0,0,0,0,0,0,160
815243,3246,530,88,47,9999,0,0,767,0,0,0,4185,3209,0,0,62,0,8,7,1920,599,2000,1,0,4,72,72,54592,13577,339,621,130,63,334,0,46,0,73,4,4,0,10,0,0,0,0,0,2688,2816,2688,2816,4128,2208,7426,1617,0,0,0,0,100,75,50,49,48,75,69,68,0,0,64,0,0,0,0,0,0,13761,1084,330,0,330,0,340,340,100,0,0,0,999,999,40,0,25,0,0,0,0,0,0,0,0,0,0,100,2688,2816,100,0,0,0,0,0,0,0,0,0,0,0,0,0,0,0,0,0,0,0,0,160
816243,3246,530,88,47,9999,0,0,672,0,0,0,4185,2812,0,0,62,0,8,7,1920,599,2000,1,0,4,73,72,49673,13584,339,675,131,64,400,0,36,1,72,4,4,0,10,0,0,0,0,0,2688,2816,2688,2816,4128,2208,6754,1596,0,0,0,0,100,68,42,41,36,68,68,68,0,0,64,0,0,0,0,0,0,13761,1084,330,0,330,0,340,340,100,1,1,0,999,999,40,0,25,0,0,0,0,0,0,0,0,0,0,100,2688,2816,100,0,0,0,0,0,0,0,0,0,0,0,0,0,0,0,0,0,0,0,0,160
817243,3246,530,88,47,9999,0,0,765,0,0,0,4185,3201,0,0,62,0,8,7,1920,599,2000,1,0,4,71,72,52889,13573,354,612,120,63,324,0,63,2,72,4,4,0,10,0,0,0,0,0,2688,2816,2688,2816,4128,2208,6627,1643,0,0,0,0,100,69,43,38,41,66,69,65,0,0,63,0,0,0,0,0,0,13761,1084,330,0,330,0,340,340,100,2,1,0,999,999,40,0,25,0,0,0,0,0,0,0,0,0,0,100,2688,2816,100,0,0,0,0,0,0,0,0,0,0,0,0,0,0,0,0,0,0,0,0,160
818243,3246,530,88,47,9999,0,0,784,0,0,0,4185,3281,0,0,62,0,8,7,1920,599,2000,1,0,4,72,72,54599,13595,343,584,96,64,321,0,50,3,73,4,4,0,10,0,0,0,0,0,2688,2816,2688,2816,4128,2208,6506,1614,0,0,0,0,100,70,51,48,46,68,70,70,0,0,61,0,0,0,0,0,0,13761,1084,330,0,330,0,340,340,100,2,1,0,999,999,40,0,25,0,0,0,0,0,0,0,0,0,0,100,2688,2816,100,0,0,0,0,0,0,0,0,0,0,0,0,0,0,0,0,0,0,0,0,160
819275,3237,532,88,47,9999,0,0,759,0,0,0,4185,3176,0,0,62,0,8,7,1920,599,2000,1,0,4,72,72,55364,13570,330,571,106,65,345,0,66,0,72,4,4,0,10,0,0,0,0,0,2688,2816,2688,2816,4128,2208,8315,1696,0,0,0,0,100,70,43,37,41,67,70,68,0,0,64,0,0,0,0,0,0,13763,1093,331,0,331,0,342,342,100,0,0,0,999,999,40,0,25,0,0,0,0,0,0,0,0,0,0,100,2688,2816,100,0,0,0,0,0,0,0,0,0,0,0,0,0,0,0,0,0,0,0,0,160
820246,3237,532,88,47,9999,0,0,817,0,0,0,4181,3415,0,0,62,0,8,7,1920,599,2000,1,0,4,73,72,56132,13586,351,618,133,64,327,0,58,0,73,4,4,0,10,0,0,0,0,0,2688,2816,2688,2816,4128,2208,6775,1658,0,0,0,0,100,72,41,41,37,66,72,69,0,0,63,0,0,0,0,0,0,13763,1093,331,0,331,0,342,342,100,0,0,0,999,999,40,0,25,0,0,0,0,0,0,0,0,0,0,100,2688,2816,100,0,0,0,0,0,0,0,0,0,0,0,0,0,0,0,0,0,0,0,0,160
821246,3237,532,88,47,9999,0,0,654,0,0,0,4181,2734,0,0,62,0,8,7,1920,599,2000,1,0,4,71,72,51948,13566,346,598,104,63,346,0,49,7,72,4,4,0,10,0,0,0,0,0,2688,2816,2688,2816,4128,2208,6755,1568,0,0,0,0,100,72,42,37,42,65,72,67,0,0,62,0,0,0,0,0,0,13763,1093,331,0,331,0,342,342,100,3,1,0,999,999,40,0,25,0,0,0,0,0,0,0,0,0,0,100,2688,2816,100,0,0,0,0,0,0,0,0,0,0,0,0,0,0,0,0,0,0,0,0,160
822246,3237,532,88,47,9999,0,0,698,0,0,0,4181,2918,0,0,62,0,8,7,1920,599,2000,1,0,4,71,72,55322,13567,349,593,106,64,390,0,63,4,73,4,4,0,10,0,0,0,0,0,2688,2816,2688,2816,4128,2208,6350,1629,0,0,0,0,100,71,40,34,36,68,71,68,0,0,61,0,0,0,0,0,0,13763,1093,331,0,331,0,342,342,100,2,1,0,999,999,40,0,25,0,0,0,0,0,0,0,0,0,0,100,2688,2816,100,0,0,0,0,0,0,0,0,0,0,0,0,0,0,0,0,0,0,0,0,160
823246,3237,532,88,47,9999,0,0,731,0,0,0,4181,3056,0,0,62,0,8,7,1920,599,2000,1,0,4,72,72,58525,13657,334,699,134,64,362,0,48,1,72,4,4,0,10,0,0,0,0,0,2688,2816,2688,2816,4128,2208,6766,1630,0,0,0,0,100,71,40,38,37,67,71,68,0,0,62,0,0,0,0,0,0,13763,1093,331,0,331,0,342,342,100,1,1,0,999,999,40,0,25,0,0,0,0,0,0,0,0,0,0,100,2688,2816,100,0,0,0,0,0,0,0,0,0,0,0,0,0,0,0,0,0,0,0,0,160
824246,3237,532,88,47,9999,0,0,819,0,0,0,4181,3424,0,0,62,0,8,7,1920,599,2000,1,0,4,69,72,50493,13670,363,700,116,64,419,0,40,6,73,4,4,0,10,0,0,0,0,0,2688,2816,2688,2816,4128,2208,6625,1660,0,0,0,0,100,71,42,36,37,71,71,68,0,0,62,0,0,0,0,0,0,13763,1093,331,0,331,0,342,342,100,2,1,0,999,999,40,0,25,0,0,0,0,0,0,0,0,0,0,100,2688,2816,100,0,0,0,0,0,0,0,0,0,0,0,0,0,0,0,0,0,0,0,0,160
825246,3237,532,88,47,9999,0,0,915,0,0,0,4181,3825,0,0,62,0,8,7,1920,599,2000,1,0,4,72,72,53144,13627,366,680,110,64,339,0,60,0,72,4,4,0,10,0,0,0,0,0,2688,2816,2688,2816,4128,2208,6577,1594,0,0,0,0,100,68,37,38,37,65,68,67,0,0,62,0,0,0,0,0,0,13763,1093,331,0,331,0,342,342,100,0,0,0,999,999,40,0,25,0,0,0,0,0,0,0,0,0,0,100,2688,2816,100,0,0,0,0,0,0,0,0,0,0,0,0,0,0,0,0,0,0,0,0,160
826246,3237,532,88,47,9999,0,0,866,0,0,0,4181,3620,0,0,62,0,8,7,1920,599,2000,1,0,4,71,72,54984,13684,324,621,98,64,334,0,34,8,72,4,4,0,10,0,0,0,0,0,2688,2816,2688,2816,4128,2208,7132,1609,0,0,0,0,100,73,52,50,50,71,73,69,0,0,60,0,0,0,0,0,0,13763,1093,331,0,331,0,342,342,100,2,1,0,999,999,40,0,25,0,0,0,0,0,0,0,0,0,0,100,2688,2816,100,0,0,0,0,0,0,0,0,0,0,0,0,0,0,0,0,0,0,0,0,160
827246,3237,532,88,47,9999,0,0,775,0,0,0,4181,3240,0,0,62,0,8,7,1920,599,2000,1,0,4,70,72,51515,13674,350,695,147,65,429,0,55,2,73,4,4,0,10,0,0,0,0,0,2688,2816,2688,2816,4128,2208,6940,1641,0,0,0,0,100,71,44,41,38,67,67,71,0,0,63,0,0,0,0,0,0,13763,1093,331,0,331,0,342,342,100,1,1,0,999,999,40,0,25,0,0,0,0,0,0,0,0,0,0,100,2688,2816,100,0,0,0,0,0,0,0,0,0,0,0,0,0,0,0,0,0,0,0,0,160
828248,3237,532,88,47,9999,0,0,688,0,0,0,4181,2876,0,0,62,0,8,7,1920,599,2000,1,0,4,68,72,53725,13670,343,720,114,65,408,0,28,8,73,4,4,0,10,0,0,0,0,0,2688,2816,2688,2816,4128,2208,6700,1630,0,0,0,0,100,77,44,41,40,69,77,67,0,0,61,0,0,0,0,0,0,13763,1093,331,0,331,0,342,342,100,2,1,0,999,999,40,0,25,0,0,0,0,0,0,0,0,0,0,100,2688,2816,100,0,0,0,0,0,0,0,0,0,0,0,0,0,0,0,0,0,0,0,0,160
829248,3237,532,88,47,9999,0,0,622,0,0,0,4181,2600,0,0,62,0,8,7,1920,599,2000,1,0,4,70,72,52700,13628,346,731,103,63,433,0,38,10,73,4,4,0,10,0,0,0,0,0,2688,2816,2688,2816,4128,2208,7351,1681,0,0,0,0,100,74,42,36,34,63,74,65,0,0,58,0,0,0,0,0,0,13763,1093,331,0,331,0,342,342,100,2,1,0,999,999,40,0,25,0,0,0,0,0,0,0,0,0,0,100,2688,2816,100,0,0,0,0,0,0,0,0,0,0,0,0,0,0,0,0,0,0,0,0,160
830250,3237,532,88,47,9999,0,0,634,0,0,0,4181,2650,0,0,62,0,8,7,1920,599,2000,1,0,4,66,72,50018,13571,289,660,125,64,349,0,45,2,73,4,4,0,10,0,0,0,0,0,2688,2816,2688,2816,4128,2208,6674,1647,0,0,0,0,100,71,38,37,37,65,65,71,0,0,61,0,0,0,0,0,0,13763,1093,331,0,331,0,342,342,100,1,1,0,999,999,40,0,25,0,0,0,0,0,0,0,0,0,0,100,2688,2816,100,0,0,0,0,0,0,0,0,0,0,0,0,0,0,0,0,0,0,0,0,160
831249,3237,532,88,47,9999,0,0,834,0,0,0,4181,3486,0,0,62,0,8,7,1920,599,2000,1,0,4,70,72,51845,13567,307,642,115,64,318,0,31,8,72,4,4,0,10,0,0,0,0,0,2688,2816,2688,2816,4128,2208,7271,1579,0,0,0,0,100,72,45,40,39,71,72,70,0,0,61,0,0,0,0,0,0,13763,1093,331,0,331,0,342,342,100,2,1,0,999,999,40,0,25,0,0,0,0,0,0,0,0,0,0,100,2688,2816,100,0,0,0,0,0,0,0,0,0,0,0,0,0,0,0,0,0,0,0,0,160
832251,3237,532,88,47,9999,0,0,703,0,0,0,4181,2939,0,0,62,0,8,7,1920,599,2000,1,0,4,71,72,52804,13587,396,660,127,63,362,0,65,0,73,4,4,0,10,0,0,0,0,0,2688,2816,2688,2816,4128,2208,6908,1580,0,0,0,0,100,70,39,35,38,64,70,69,0,0,62,0,0,0,0,0,0,13763,1093,331,0,331,0,342,342,100,0,0,0,999,999,40,0,25,0,0,0,0,0,0,0,0,0,0,100,2688,2816,100,0,0,0,0,0,0,0,0,0,0,0,0,0,0,0,0,0,0,0,0,160
833250,3237,532,88,47,9999,0,0,781,0,0,0,4181,3265,0,0,62,0,8,7,1920,599,2000,1,0,4,72,72,58518,13587,396,660,127,63,362,0,65,0,73,4,4,0,10,0,0,0,0,0,2688,2816,2688,2816,4128,2208,6986,1634,0,0,0,0,100,66,38,37,30,66,66,65,0,0,63,0,0,0,0,0,0,13763,1093,331,0,331,0,342,342,100,0,0,0,999,999,40,0,25,0,0,0,0,0,0,0,0,0,0,100,2688,2816,100,0,0,0,0,0,0,0,0,0,0,0,0,0,0,0,0,0,0,0,0,160
834250,3237,532,88,47,9999,0,0,782,0,0,0,4181,3269,0,0,62,0,8,7,1920,599,2000,1,0,4,71,72,54727,13735,342,740,137,63,382,0,65,2,73,4,4,0,10,0,0,0,0,0,2688,2816,2688,2816,4128,2208,6919,1664,0,0,0,0,100,72,38,34,35,65,67,72,0,0,63,0,0,0,0,0,0,13763,1093,331,0,331,0,342,342,100,1,1,0,999,999,40,0,25,0,0,0,0,0,0,0,0,0,0,100,2688,2816,100,0,0,0,0,0,0,0,0,0,0,0,0,0,0,0,0,0,0,0,0,160
835251,3237,532,88,47,9999,0,0,687,0,0,0,4181,2872,0,0,62,0,8,7,1920,599,2000,1,0,4,72,72,57133,13651,327,654,97,65,332,0,55,0,72,4,4,0,10,0,0,0,0,0,2688,2816,2688,2816,4128,2208,6920,1623,0,0,0,0,100,71,36,36,30,64,69,71,0,0,63,0,0,0,0,0,0,13763,1093,331,0,331,0,342,342,100,0,0,0,999,999,40,0,25,0,0,0,0,0,0,0,0,0,0,100,2688,2816,100,0,0,0,0,0,0,0,0,0,0,0,0,0,0,0,0,0,0,0,0,160
836252,3237,532,88,47,9999,0,0,802,0,0,0,4181,3353,0,0,62,0,8,7,1920,599,2000,1,0,4,73,72,54386,13572,306,622,101,62,357,0,67,0,73,4,4,0,10,0,0,0,0,0,2688,2816,2688,2816,4128,2208,7122,1612,0,0,0,0,100,76,39,36,36,75,75,76,0,0,63,0,0,0,0,0,0,13763,1093,331,0,331,0,342,342,100,0,0,0,999,999,40,0,25,0,0,0,0,0,0,0,0,0,0,100,2688,2816,100,0,0,0,0,0,0,0,0,0,0,0,0,0,0,0,0,0,0,0,0,160
837252,3237,532,88,47,9999,0,0,765,0,0,0,4190,3205,0,0,62,0,8,7,1920,599,2000,1,0,4,68,72,54761,13593,338,662,138,64,372,0,51,0,72,4,4,0,10,0,0,0,0,0,2688,2816,2688,2816,4128,2208,7561,1622,0,0,0,0,100,85,44,39,38,85,84,85,0,0,59,0,0,0,0,0,0,13763,1093,331,0,331,0,342,342,100,0,0,0,999,999,40,0,25,0,0,0,0,0,0,0,0,0,0,100,2688,2816,100,0,0,0,0,0,0,0,0,0,0,0,0,0,0,0,0,0,0,0,0,160
838253,3237,532,88,47,9999,0,0,665,0,0,0,4190,2786,0,0,62,0,8,7,1920,599,2000,1,0,4,55,72,50934,13600,379,622,109,63,358,0,22,20,73,4,4,0,10,0,0,0,0,0,2688,2816,2688,2816,4128,2208,6666,1643,0,0,0,0,100,85,43,37,37,83,85,84,0,0,58,0,0,0,0,0,0,13763,1093,331,0,331,0,342,342,100,5,1,0,999,999,40,0,25,0,0,0,0,0,0,0,0,0,0,100,2688,2816,100,0,0,0,0,0,0,0,0,0,0,0,0,0,0,0,0,0,0,0,0,160
839300,3255,529,88,47,9999,0,0,829,0,0,0,4190,3473,0,0,62,0,8,7,1920,599,2000,1,0,4,65,72,52942,13624,372,610,98,63,355,0,21,19,72,4,4,0,10,0,0,0,0,0,2688,2816,2688,2816,4128,2208,6553,1687,0,0,0,0,100,79,39,34,36,75,79,78,0,0,59,0,0,0,0,0,0,13760,1078,328,0,328,0,339,339,100,4,1,0,999,999,40,0,25,0,0,0,0,0,0,0,0,0,0,100,2688,2816,100,0,0,0,0,0,0,0,0,0,0,0,0,0,0,0,0,0,0,0,0,160
840251,3255,529,88,47,9999,0,0,797,0,0,0,4182,3333,0,0,62,0,8,7,1920,599,2000,1,0,4,67,72,51375,13545,290,627,114,64,323,0,32,8,73,4,4,0,10,0,0,0,0,0,2688,2816,2688,2816,4128,2208,7050,1637,0,0,0,0,100,73,43,37,36,65,73,72,0,0,62,0,0,0,0,0,0,13760,1078,328,0,328,0,339,339,100,2,1,0,999,999,40,0,25,0,0,0,0,0,0,0,0,0,0,100,2688,2816,100,0,0,0,0,0,0,0,0,0,0,0,0,0,0,0,0,0,0,0,0,160
841252,3255,529,88,47,9999,0,0,690,0,0,0,4182,2885,0,0,62,0,8,7,1920,599,2000,1,0,4,71,72,52439,13587,351,657,145,63,370,0,46,5,73,4,4,0,10,0,0,0,0,0,2688,2816,2688,2816,4128,2208,7304,1640,0,0,0,0,100,70,42,34,36,67,70,69,0,0,64,0,0,0,0,0,0,13760,1078,328,0,328,0,339,339,100,2,1,0,999,999,40,0,25,0,0,0,0,0,0,0,0,0,0,100,2688,2816,100,0,0,0,0,0,0,0,0,0,0,0,0,0,0,0,0,0,0,0,0,160
842252,3255,529,88,47,9999,0,0,871,0,0,0,4182,3642,0,0,62,0,8,7,1920,599,2000,1,0,4,70,72,55005,13657,371,665,124,64,387,0,44,2,73,4,4,0,10,0,0,0,0,0,2688,2816,2688,2816,4128,2208,7189,1643,0,0,0,0,100,73,43,36,37,71,73,72,0,0,61,0,0,0,0,0,0,13760,1078,328,0,328,0,339,339,100,1,1,0,999,999,40,0,25,0,0,0,0,0,0,0,0,0,0,100,2688,2816,100,0,0,0,0,0,0,0,0,0,0,0,0,0,0,0,0,0,0,0,0,160
843252,3255,529,88,47,9999,0,0,789,0,0,0,4182,3299,0,0,62,0,8,7,1920,599,2000,1,0,4,67,72,50841,13729,331,704,135,64,486,0,33,7,73,4,4,0,10,0,0,0,0,0,2688,2816,2688,2816,4128,2208,6983,1616,0,0,0,0,100,78,45,42,39,72,74,78,0,0,62,0,0,0,0,0,0,13760,1078,328,0,328,0,339,339,100,2,1,0,999,999,40,0,25,0,0,0,0,0,0,0,0,0,0,100,2688,2816,100,0,0,0,0,0,0,0,0,0,0,0,0,0,0,0,0,0,0,0,0,160
844254,3255,529,88,47,9999,0,0,751,0,0,0,4182,3140,0,0,62,0,8,7,1920,599,2000,1,0,4,68,72,53139,13701,309,706,114,64,428,0,38,6,73,4,4,0,10,0,0,0,0,0,2688,2816,2688,2816,4128,2208,6973,1681,0,0,0,0,100,77,41,38,36,72,77,75,0,0,62,0,0,0,0,0,0,13760,1078,328,0,328,0,339,339,100,2,1,0,999,999,40,0,25,0,0,0,0,0,0,0,0,0,0,100,2688,2816,100,0,0,0,0,0,0,0,0,0,0,0,0,0,0,0,0,0,0,0,0,160
845253,3255,529,88,47,9999,0,0,598,0,0,0,4182,2500,0,0,62,0,8,7,1920,599,2000,1,0,4,69,72,49913,13585,357,680,102,63,412,0,42,4,72,4,4,0,10,0,0,0,0,0,2688,2816,2688,2816,4128,2208,6381,1647,0,0,0,0,100,77,41,38,36,72,77,75,0,0,61,0,0,0,0,0,0,13760,1078,328,0,328,0,339,339,100,2,1,0,999,999,40,0,25,0,0,0,0,0,0,0,0,0,0,100,2688,2816,100,0,0,0,0,0,0,0,0,0,0,0,0,0,0,0,0,0,0,0,0,160
846253,3255,529,88,47,9999,0,0,745,0,0,0,4182,3115,0,0,62,0,8,7,1920,599,2000,1,0,4,71,72,56354,13590,383,627,117,63,380,0,37,6,72,4,4,0,10,0,0,0,0,0,2688,2816,2688,2816,4128,2208,6716,1558,0,0,0,0,100,76,41,36,38,76,75,73,0,0,62,0,0,0,0,0,0,13760,1078,328,0,328,0,339,339,100,2,1,0,999,999,40,0,25,0,0,0,0,0,0,0,0,0,0,100,2688,2816,100,0,0,0,0,0,0,0,0,0,0,0,0,0,0,0,0,0,0,0,0,160
847253,3255,529,88,47,9999,0,0,929,0,0,0,4182,3885,0,0,62,0,8,7,1920,599,2000,1,0,4,70,72,55462,13628,348,652,118,63,386,0,60,0,73,4,4,0,10,0,0,0,0,0,2688,2816,2688,2816,4128,2208,6688,1618,0,0,0,0,100,77,41,36,37,68,75,77,0,0,60,0,0,0,0,0,0,13760,1078,328,0,328,0,339,339,100,0,0,0,999,999,40,0,25,0,0,0,0,0,0,0,0,0,0,100,2688,2816,100,0,0,0,0,0,0,0,0,0,0,0,0,0,0,0,0,0,0,0,0,160
848253,3255,529,88,47,9999,0,0,730,0,0,0,4182,3052,0,0,62,0,8,7,1920,599,2000,1,0,4,64,72,51165,13650,310,639,138,64,396,0,56,5,72,4,4,0,10,0,0,0,0,0,2688,2816,2688,2816,4128,2208,6893,1602,0,0,0,0,100,79,49,45,49,70,73,79,0,0,58,0,0,0,0,0,0,13760,1078,328,0,328,0,339,339,100,3,2,0,999,999,40,0,25,0,0,0,0,0,0,0,0,0,0,100,2688,2816,100,0,0,0,0,0,0,0,0,0,0,0,0,0,0,0,0,0,0,0,0,160
849253,3255,529,88,47,9999,0,0,759,0,0,0,4182,3174,0,0,62,0,8,7,1920,599,2000,1,0,4,63,72,50370,13651,333,724,115,64,348,0,14,15,73,4,4,0,10,0,0,0,0,0,2688,2816,2688,2816,4128,2208,6875,1670,0,0,0,0,100,80,53,48,46,77,80,77,0,0,57,0,0,0,0,0,0,13760,1078,328,0,328,0,339,339,100,2,1,0,999,999,40,0,25,0,0,0,0,0,0,0,0,0,0,100,2688,2816,100,0,0,0,0,0,0,0,0,0,0,0,0,0,0,0,0,0,0,0,0,160
850253,3255,529,88,47,9999,0,0,844,0,0,0,4174,3522,0,0,62,0,8,7,1920,599,2000,1,0,4,69,72,55721,13682,365,745,129,63,313,0,32,16,72,4,4,0,10,0,0,0,0,0,2688,2816,2688,2816,4128,2208,6440,1615,0,0,0,0,100,78,40,32,34,72,74,78,0,0,59,0,0,0,0,0,0,13760,1078,328,0,328,0,339,339,100,5,2,0,999,999,40,0,25,0,0,0,0,0,0,0,0,0,0,100,2688,2816,100,0,0,0,0,0,0,0,0,0,0,0,0,0,0,0,0,0,0,0,0,160
851254,3255,529,88,47,9999,0,0,665,0,0,0,4174,2775,0,0,62,0,8,7,1920,599,2000,1,0,4,67,72,50224,13682,343,658,102,63,326,0,54,2,72,4,4,0,10,0,0,0,0,0,2688,2816,2688,2816,4128,2208,6767,1573,0,0,0,0,100,73,37,37,32,73,72,72,0,0,58,0,0,0,0,0,0,13760,1078,328,0,328,0,339,339,100,1,1,0,999,999,40,0,25,0,0,0,0,0,0,0,0,0,0,100,2688,2816,100,0,0,0,0,0,0,0,0,0,0,0,0,0,0,0,0,0,0,0,0,160
852255,3255,529,88,47,9999,0,0,724,0,0,0,4174,3021,0,0,62,0,8,7,1920,599,2000,1,0,4,71,72,55867,13612,310,649,114,64,324,0,34,7,73,4,4,0,10,0,0,0,0,0,2688,2816,2688,2816,4128,2208,6803,1587,0,0,0,0,100,80,42,34,37,71,80,76,0,0,59,0,0,0,0,0,0,13760,1078,328,0,328,0,339,339,100,2,1,0,999,999,40,0,25,0,0,0,0,0,0,0,0,0,0,100,2688,2816,100,0,0,0,0,0,0,0,0,0,0,0,0,0,0,0,0,0,0,0,0,160
853255,3255,529,88,47,9999,0,0,939,0,0,0,4174,3919,0,0,62,0,8,7,1920,599,2000,1,0,4,66,72,51076,13499,309,626,108,64,342,0,49,4,72,4,4,0,10,0,0,0,0,0,2688,2816,2688,2816,4128,2208,7029,1619,0,0,0,0,100,75,36,34,33,74,75,75,0,0,58,0,0,0,0,0,0,13760,1078,328,0,328,0,339,339,100,2,1,0,999,999,40,0,25,0,0,0,0,0,0,0,0,0,0,100,2688,2816,100,0,0,0,0,0,0,0,0,0,0,0,0,0,0,0,0,0,0,0,0,160
854255,3255,529,88,47,9999,0,0,673,0,0,0,4174,2809,0,0,62,0,8,7,1920,599,2000,1,0,4,63,72,50720,13572,380,636,119,63,380,0,32,11,73,4,4,0,10,0,0,0,0,0,2688,2816,2688,2816,4128,2208,6697,1697,0,0,0,0,100,77,35,32,37,75,77,72,0,0,59,0,0,0,0,0,0,13760,1078,328,0,328,0,339,339,100,2,1,0,999,999,40,0,25,0,0,0,0,0,0,0,0,0,0,100,2688,2816,100,0,0,0,0,0,0,0,0,0,0,0,0,0,0,0,0,0,0,0,0,160
855255,3255,529,88,47,9999,0,0,703,0,0,0,4174,2934,0,0,62,0,8,7,1920,599,2000,1,0,4,70,72,52727,13660,348,665,108,63,430,0,38,9,73,4,4,0,10,0,0,0,0,0,2688,2816,2688,2816,4128,2208,7136,1619,0,0,0,0,100,79,40,29,37,75,77,79,0,0,61,0,0,0,0,0,0,13760,1078,328,0,328,0,339,339,100,2,1,0,999,999,40,0,25,0,0,0,0,0,0,0,0,0,0,100,2688,2816,100,0,0,0,0,0,0,0,0,0,0,0,0,0,0,0,0,0,0,0,0,160
856255,3255,529,88,47,9999,0,0,979,0,0,0,4174,4086,0,0,62,0,8,7,1920,599,2000,1,0,4,69,72,53923,13615,327,633,102,64,359,0,52,1,72,4,4,0,10,0,0,0,0,0,2688,2816,2688,2816,4128,2208,7042,1605,0,0,0,0,100,76,39,37,35,76,76,76,0,0,62,0,0,0,0,0,0,13760,1078,328,0,328,0,339,339,100,1,1,0,999,999,40,0,25,0,0,0,0,0,0,0,0,0,0,100,2688,2816,100,0,0,0,0,0,0,0,0,0,0,0,0,0,0,0,0,0,0,0,0,160
857256,3255,529,88,47,9999,0,0,718,0,0,0,4174,2996,0,0,62,0,8,7,1920,599,2000,1,0,4,71,72,54595,13499,302,635,108,63,464,0,35,6,73,4,4,0,10,0,0,0,0,0,2688,2816,2688,2816,4128,2208,7177,1625,0,0,0,0,100,73,36,30,32,72,73,72,0,0,63,0,0,0,0,0,0,13760,1078,328,0,328,0,339,339,100,2,1,0,999,999,40,0,25,0,0,0,0,0,0,0,0,0,0,100,2688,2816,100,0,0,0,0,0,0,0,0,0,0,0,0,0,0,0,0,0,0,0,0,160
858255,3255,529,88,47,9999,0,0,657,0,0,0,4174,2742,0,0,62,0,8,7,1920,599,2000,1,0,4,70,72,56177,13594,373,672,100,64,426,0,64,0,73,4,4,0,10,0,0,0,0,0,2688,2816,2688,2816,4128,2208,6931,1645,0,0,0,0,100,77,33,33,30,69,76,77,0,0,62,0,0,0,0,0,0,13760,1078,328,0,328,0,339,339,100,0,0,0,999,999,40,0,25,0,0,0,0,0,0,0,0,0,0,100,2688,2816,100,0,0,0,0,0,0,0,0,0,0,0,0,0,0,0,0,0,0,0,0,160
859305,3249,530,88,47,9999,0,0,836,0,0,0,4174,3489,0,0,62,0,8,7,1920,599,2000,1,0,4,71,72,55622,13726,471,671,107,63,361,0,52,6,72,4,4,0,10,0,0,0,0,0,2688,2816,2688,2816,4128,2208,6947,1677,0,0,0,0,100,73,34,31,35,68,71,73,0,0,63,0,0,0,0,0,0,13760,1083,330,0,330,0,341,341,100,2,1,0,999,999,40,0,25,0,0,0,0,0,0,0,0,0,0,100,2688,2816,100,0,0,0,0,0,0,0,0,0,0,0,0,0,0,0,0,0,0,0,0,160
860256,3249,530,88,47,9999,0,0,779,0,0,0,4183,3258,0,0,62,0,8,7,1920,599,2000,1,0,4,69,72,56311,13679,303,717,140,63,364,0,64,1,73,4,4,0,10,0,0,0,0,0,2688,2816,2688,2816,4128,2208,6895,1571,0,0,0,0,100,74,33,33,31,72,73,74,0,0,62,0,0,0,0,0,0,13760,1083,330,0,330,0,341,341,100,1,1,0,999,999,40,0,25,0,0,0,0,0,0,0,0,0,0,100,2688,2816,100,0,0,0,0,0,0,0,0,0,0,0,0,0,0,0,0,0,0,0,0,160
861257,3249,530,88,47,9999,0,0,778,0,0,0,4183,3254,0,0,62,0,8,7,1920,599,2000,1,0,4,70,72,56773,13540,307,691,146,63,337,0,51,7,73,4,4,0,10,0,0,0,0,0,2688,2816,2688,2816,4128,2208,6435,1584,0,0,0,0,100,77,37,34,32,72,74,77,0,0,60,0,0,0,0,0,0,13760,1083,330,0,330,0,341,341,100,4,1,0,999,999,40,0,25,0,0,0,0,0,0,0,0,0,0,100,2688,2816,100,0,0,0,0,0,0,0,0,0,0,0,0,0,0,0,0,0,0,0,0,160
862257,3249,530,88,47,9999,0,0,748,0,0,0,4181,3127,0,0,62,0,8,7,1920,599,2000,1,0,4,66,72,50226,13517,355,667,125,63,330,0,49,7,72,4,4,0,10,0,0,0,0,0,2688,2816,2688,2816,4128,2208,6791,1589,0,0,0,0,100,80,38,32,37,76,80,75,0,0,59,0,0,0,0,0,0,13760,1083,330,0,330,0,341,341,100,2,1,0,999,999,40,0,25,0,0,0,0,0,0,0,0,0,0,100,2688,2816,100,0,0,0,0,0,0,0,0,0,0,0,0,0,0,0,0,0,0,0,0,160
863257,3249,530,87,47,9999,0,0,743,0,0,0,4181,3106,0,0,62,0,8,7,1920,599,2000,1,0,4,70,72,57435,13685,340,665,129,63,339,0,44,7,72,4,4,0,10,0,0,0,0,0,2688,2816,2688,2816,4128,2208,6868,1588,0,0,0,0,100,75,38,30,33,71,75,73,0,0,61,0,0,0,0,0,0,13760,1083,330,0,330,0,341,341,100,3,1,0,999,999,40,0,25,0,0,0,0,0,0,0,0,0,0,100,2688,2816,100,0,0,0,0,0,0,0,0,0,0,0,0,0,0,0,0,0,0,0,0,160
864256,3249,530,87,47,9999,0,0,704,0,0,0,4181,2943,0,0,62,0,8,7,1920,599,2000,1,0,4,72,72,54951,13704,290,635,122,63,341,0,62,2,73,4,4,0,10,0,0,0,0,0,2688,2816,2688,2816,4128,2208,6977,1682,0,0,0,0,100,76,41,35,35,74,76,75,0,0,62,0,0,0,0,0,0,13760,1083,330,0,330,0,341,341,100,2,1,0,999,999,40,0,25,0,0,0,0,0,0,0,0,0,0,100,2688,2816,100,0,0,0,0,0,0,0,0,0,0,0,0,0,0,0,0,0,0,0,0,160
865256,3249,530,87,47,9999,0,0,651,0,0,0,4181,2721,0,0,62,0,8,7,1920,599,2000,1,0,4,72,72,51413,13505,318,588,98,64,380,0,53,0,73,4,4,0,10,0,0,0,0,0,2688,2816,2688,2816,4128,2208,7097,1645,0,0,0,0,100,80,36,30,36,68,80,71,0,0,63,0,0,0,0,0,0,13760,1083,330,0,330,0,341,341,100,0,0,0,999,999,40,0,25,0,0,0,0,0,0,0,0,0,0,100,2688,2816,100,0,0,0,0,0,0,0,0,0,0,0,0,0,0,0,0,0,0,0,0,160
866256,3249,530,87,47,9999,0,0,795,0,0,0,4181,3323,0,0,62,0,8,7,1920,599,2000,1,0,4,73,72,52610,13529,315,649,152,64,398,0,46,2,73,4,4,0,10,0,0,0,0,0,2688,2816,2688,2816,4128,2208,6769,1569,0,0,0,0,100,73,33,30,33,71,69,73,0,0,62,0,0,0,0,0,0,13760,1083,330,0,330,0,341,341,100,2,1,0,999,999,40,0,25,0,0,0,0,0,0,0,0,0,0,100,2688,2816,100,0,0,0,0,0,0,0,0,0,0,0,0,0,0,0,0,0,0,0,0,160
867256,3249,530,87,47,9999,0,0,752,0,0,0,4181,3144,0,0,62,0,8,7,1920,599,2000,1,0,4,68,72,51537,13648,392,699,114,64,376,0,49,1,73,4,4,0,10,0,0,0,0,0,2688,2816,2688,2816,4128,2208,7808,1591,0,0,0,0,100,79,41,32,36,74,79,72,0,0,59,0,0,0,0,0,0,13760,1083,330,0,330,0,341,341,100,1,1,0,999,999,40,0,25,0,0,0,0,0,0,0,0,0,0,100,2688,2816,100,0,0,0,0,0,0,0,0,0,0,0,0,0,0,0,0,0,0,0,0,160
868256,3249,530,87,47,9999,0,0,892,0,0,0,4181,3729,0,0,62,0,8,7,1920,599,2000,1,0,4,67,72,51719,13652,300,639,96,64,336,0,22,9,72,4,4,0,10,0,0,0,0,0,2688,2816,2688,2816,4128,2208,7101,1664,0,0,0,0,100,80,41,32,35,75,80,76,0,0,60,0,0,0,0,0,0,13760,1083,330,0,330,0,341,341,100,2,1,0,999,999,40,0,25,0,0,0,0,0,0,0,0,0,0,100,2688,2816,100,0,0,0,0,0,0,0,0,0,0,0,0,0,0,0,0,0,0,0,0,160
869257,3249,530,87,47,9999,0,0,837,0,0,0,4181,3499,0,0,62,0,8,7,1920,599,2000,1,0,4,71,72,56930,13557,312,576,122,63,373,0,52,3,73,4,4,0,10,0,0,0,0,0,2688,2816,2688,2816,4128,2208,6569,1687,0,0,0,0,100,78,51,47,50,68,78,76,0,0,62,0,0,0,0,0,0,13760,1083,330,0,330,0,341,341,100,2,1,0,999,999,40,0,25,0,0,0,0,0,0,0,0,0,0,100,2688,2816,100,0,0,0,0,0,0,0,0,0,0,0,0,0,0,0,0,0,0,0,0,160
870265,3249,530,87,47,9999,0,0,664,0,0,0,4189,2781,0,0,62,0,8,7,1920,599,2000,1,0,4,71,72,51339,13668,340,717,152,64,345,0,51,5,73,4,4,0,10,0,0,0,0,0,2688,2816,2688,2816,4128,2208,7021,1669,0,0,0,0,100,77,48,45,42,73,75,77,0,0,63,0,0,0,0,0,0,13760,1083,330,0,330,0,341,341,100,2,1,0,999,999,40,0,25,0,0,0,0,0,0,0,0,0,0,100,2688,2816,100,0,0,0,0,0,0,0,0,0,0,0,0,0,0,0,0,0,0,0,0,160
871259,3249,530,87,47,9999,0,0,717,0,0,0,4185,3000,0,0,62,0,8,7,1920,599,2000,1,0,4,72,72,53603,13642,370,675,108,64,355,0,37,1,72,4,4,0,10,0,0,0,0,0,2688,2816,2688,2816,4128,2208,7329,1653,0,0,0,0,100,72,40,32,35,71,72,72,0,0,64,0,0,0,0,0,0,13760,1083,330,0,330,0,341,341,100,1,1,0,999,999,40,0,25,0,0,0,0,0,0,0,0,0,0,100,2688,2816,100,0,0,0,0,0,0,0,0,0,0,0,0,0,0,0,0,0,0,0,0,160
872259,3249,530,87,47,9999,0,0,830,0,0,0,4185,3473,0,0,62,0,8,7,1920,599,2000,1,0,4,70,72,53907,13727,517,654,115,64,407,0,42,5,73,4,4,0,10,0,0,0,0,0,2688,2816,2688,2816,4128,2208,7098,1644,0,0,0,0,100,79,43,38,41,74,79,75,0,0,63,0,0,0,0,0,0,13760,1083,330,0,330,0,341,341,100,2,1,0,999,999,40,0,25,0,0,0,0,0,0,0,0,0,0,100,2688,2816,100,0,0,0,0,0,0,0,0,0,0,0,0,0,0,0,0,0,0,0,0,160
873259,3249,530,87,47,9999,0,0,704,0,0,0,4185,2946,0,0,62,0,8,7,1920,599,2000,1,0,4,72,72,57117,13547,307,641,103,64,356,0,57,0,72,4,4,0,10,0,0,0,0,0,2688,2816,2688,2816,4128,2208,7725,1607,0,0,0,0,100,79,38,32,35,68,79,74,0,0,66,0,0,0,0,0,0,13760,1083,330,0,330,0,341,341,100,0,0,0,999,999,40,0,25,0,0,0,0,0,0,0,0,0,0,100,2688,2816,100,0,0,0,0,0,0,0,0,0,0,0,0,0,0,0,0,0,0,0,0,160
874258,3249,530,87,47,9999,0,0,784,0,0,0,4185,3281,0,0,62,0,8,7,1920,599,2000,1,0,4,72,72,52284,13565,330,623,111,65,384,0,62,1,73,4,4,0,10,0,0,0,0,0,2688,2816,2688,2816,4128,2208,7542,1651,0,0,0,0,100,77,36,37,38,71,71,77,0,0,67,0,0,0,0,0,0,13760,1083,330,0,330,0,341,341,100,0,0,0,999,999,40,0,25,0,0,0,0,0,0,0,0,0,0,100,2688,2816,100,0,0,0,0,0,0,0,0,0,0,0,0,0,0,0,0,0,0,0,0,160
875258,3249,530,87,47,9999,0,0,795,0,0,0,4185,3327,0,0,62,0,8,7,1920,599,2000,1,0,4,71,72,53393,13480,315,626,96,64,351,0,52,2,72,4,4,0,10,0,0,0,0,0,2688,2816,2688,2816,4128,2208,6754,1614,0,0,0,0,100,74,35,34,31,74,72,74,0,0,67,0,0,0,0,0,0,13760,1083,330,0,330,0,341,341,100,2,1,0,999,999,40,0,25,0,0,0,0,0,0,0,0,0,0,100,2688,2816,100,0,0,0,0,0,0,0,0,0,0,0,0,0,0,0,0,0,0,0,0,160
876259,3249,530,87,47,9999,0,0,837,0,0,0,4185,3502,0,0,62,0,8,7,1920,599,2000,1,0,4,70,72,56254,13578,330,607,108,63,406,0,47,2,73,4,4,0,10,0,0,0,0,0,2688,2816,2688,2816,4128,2208,8205,1585,0,0,0,0,100,82,51,49,49,75,80,82,0,0,65,0,0,0,0,0,0,13760,1083,330,0,330,0,341,341,100,1,1,0,999,999,40,0,25,0,0,0,0,0,0,0,0,0,0,100,2688,2816,100,0,0,0,0,0,0,0,0,0,0,0,0,0,0,0,0,0,0,0,0,160
877259,3249,530,87,47,9999,0,0,732,0,0,0,4185,3063,0,0,62,0,8,7,1920,599,2000,1,0,4,72,72,54065,13536,311,604,103,63,326,0,48,6,73,4,4,0,10,0,0,0,0,0,2688,2816,2688,2816,4128,2208,7037,1595,0,0,0,0,100,75,43,34,35,72,69,75,0,0,64,0,0,0,0,0,0,13760,1083,330,0,330,0,341,341,100,4,1,0,999,999,40,0,25,0,0,0,0,0,0,0,0,0,0,100,2688,2816,100,0,0,0,0,0,0,0,0,0,0,0,0,0,0,0,0,0,0,0,0,160
878259,3249,530,87,47,9999,0,0,829,0,0,0,4185,3469,0,0,62,0,8,7,1920,599,2000,1,0,4,72,72,58001,13575,297,700,163,63,390,0,62,1,72,4,4,0,10,0,0,0,0,0,2688,2816,2688,2816,4128,2208,6014,1473,0,0,0,0,100,75,41,37,37,75,74,74,0,0,59,0,0,0,0,0,0,13760,1083,330,0,330,0,341,341,100,1,1,0,999,999,40,0,25,0,0,0,0,0,0,0,0,0,0,100,2688,2816,100,0,0,0,0,0,0,0,0,0,0,0,0,0,0,0,0,0,0,0,0,160
879303,3249,532,87,47,9999,0,0,727,0,0,0,4185,3042,0,0,62,0,8,7,1920,599,2000,1,0,4,71,72,55590,13637,470,756,153,63,334,0,70,0,72,4,4,0,10,0,0,0,0,0,2688,2816,2688,2816,4128,2208,6731,1545,0,0,0,0,100,77,49,44,47,72,76,77,0,0,57,0,0,0,0,0,0,13763,1087,332,0,332,0,342,342,100,0,0,0,999,999,40,0,25,0,0,0,0,0,0,0,0,0,0,100,2688,2816,100,0,0,0,0,0,0,0,0,0,0,0,0,0,0,0,0,0,0,0,0,160
880260,3249,532,87,47,9999,0,0,730,0,0,0,4185,3055,0,0,62,0,8,7,1920,599,2000,1,0,4,69,72,54742,13628,331,668,127,63,363,0,48,10,72,4,4,0,10,0,0,0,0,0,2688,2816,2688,2816,4128,2208,7656,1600,0,0,0,0,100,73,43,40,37,72,73,72,0,0,63,0,0,0,0,0,0,13763,1087,332,0,332,0,342,342,100,4,1,0,999,999,40,0,25,0,0,0,0,0,0,0,0,0,0,100,2688,2816,100,0,0,0,0,0,0,0,0,0,0,0,0,0,0,0,0,0,0,0,0,160
881261,3249,532,87,47,9999,0,0,707,0,0,0,4183,2957,0,0,62,0,8,7,1920,599,2000,1,0,4,69,72,57024,13560,307,651,107,64,431,0,49,8,73,4,4,0,10,0,0,0,0,0,2688,2816,2688,2816,4128,2208,7422,1557,0,0,0,0,100,76,43,40,40,75,75,76,0,0,65,0,0,0,0,0,0,13763,1087,332,0,332,0,342,342,100,2,1,0,999,999,40,0,25,0,0,0,0,0,0,0,0,0,0,100,2688,2816,100,0,0,0,0,0,0,0,0,0,0,0,0,0,0,0,0,0,0,0,0,160
882261,3249,532,87,47,9999,0,0,649,0,0,0,4183,2714,0,0,62,0,8,7,1920,599,2000,1,0,4,71,72,52902,13490,303,636,135,65,414,0,62,1,72,4,4,0,10,0,0,0,0,0,2688,2816,2688,2816,4128,2208,7693,1559,0,0,0,0,100,75,47,39,38,71,71,75,0,0,65,0,0,0,0,0,0,13763,1087,332,0,332,0,342,342,100,1,1,0,999,999,40,0,25,0,0,0,0,0,0,0,0,0,0,100,2688,2816,100,0,0,0,0,0,0,0,0,0,0,0,0,0,0,0,0,0,0,0,0,160
883261,3249,532,87,47,9999,0,0,639,0,0,0,4183,2672,0,0,62,0,8,7,1920,599,2000,1,0,4,68,72,55478,13614,352,705,98,64,430,0,45,8,73,4,4,0,10,0,0,0,0,0,2688,2816,2688,2816,4128,2208,7510,1623,0,0,0,0,100,74,43,38,39,69,74,73,0,0,65,0,0,0,0,0,0,13763,1087,332,0,332,0,342,342,100,5,2,0,999,999,40,0,25,0,0,0,0,0,0,0,0,0,0,100,2688,2816,100,0,0,0,0,0,0,0,0,0,0,0,0,0,0,0,0,0,0,0,0,160
884262,3249,532,87,47,9999,0,0,758,0,0,0,4183,3170,0,0,62,0,8,7,1920,599,2000,1,0,4,70,72,54259,13681,326,674,140,64,364,0,51,3,72,4,4,0,10,0,0,0,0,0,2688,2816,2688,2816,4128,2208,7581,1675,0,0,0,0,100,75,40,34,37,70,75,75,0,0,67,0,0,0,0,0,0,13763,1087,332,0,332,0,342,342,100,2,1,0,999,999,40,0,25,0,0,0,0,0,0,0,0,0,0,100,2688,2816,100,0,0,0,0,0,0,0,0,0,0,0,0,0,0,0,0,0,0,0,0,160
885262,3249,532,87,47,9999,0,0,662,0,0,0,4183,2769,0,0,62,0,8,7,1920,599,2000,1,0,4,70,72,54204,13569,315,662,121,64,419,0,39,2,72,4,4,0,10,0,0,0,0,0,2688,2816,2688,2816,4128,2208,7560,1585,0,0,0,0,100,76,43,40,39,76,76,73,0,0,67,0,0,0,0,0,0,13763,1087,332,0,332,0,342,342,100,1,1,0,999,999,40,0,25,0,0,0,0,0,0,0,0,0,0,100,2688,2816,100,0,0,0,0,0,0,0,0,0,0,0,0,0,0,0,0,0,0,0,0,160
886266,3249,532,87,47,9999,0,0,691,0,0,0,4183,2890,0,0,62,0,8,7,1920,599,2000,1,0,4,68,72,55133,13518,307,638,113,63,377,0,49,6,73,4,4,0,10,0,0,0,0,0,2688,2816,2688,2816,4128,2208,7170,1592,0,0,0,0,100,72,41,39,36,71,71,72,0,0,65,0,0,0,0,0,0,13763,1087,332,0,332,0,342,342,100,5,1,0,999,999,40,0,25,0,0,0,0,0,0,0,0,0,0,100,2688,2816,100,0,0,0,0,0,0,0,0,0,0,0,0,0,0,0,0,0,0,0,0,160
887264,3249,532,87,47,9999,0,0,599,0,0,0,4183,2505,0,0,62,0,8,7,1920,599,2000,1,0,4,71,72,56033,13538,335,645,115,64,328,0,57,3,72,4,4,0,10,0,0,0,0,0,2688,2816,2688,2816,4128,2208,7814,1600,0,0,0,0,100,76,42,36,39,68,73,76,0,0,67,0,0,0,0,0,0,13763,1087,332,0,332,0,342,342,100,2,1,0,999,999,40,0,25,0,0,0,0,0,0,0,0,0,0,100,2688,2816,100,0,0,0,0,0,0,0,0,0,0,0,0,0,0,0,0,0,0,0,0,160
888264,3249,532,87,47,9999,0,0,743,0,0,0,4183,3107,0,0,62,0,8,7,1920,599,2000,1,0,4,70,72,54756,13623,334,658,114,64,397,0,53,3,73,4,4,0,10,0,0,0,0,0,2688,2816,2688,2816,4128,2208,8193,1626,0,0,0,0,100,73,40,37,37,73,71,71,0,0,67,0,0,0,0,0,0,13763,1087,332,0,332,0,342,342,100,1,1,0,999,999,40,0,25,0,0,0,0,0,0,0,0,0,0,100,2688,2816,100,0,0,0,0,0,0,0,0,0,0,0,0,0,0,0,0,0,0,0,0,160
889264,3249,532,87,47,9999,0,0,990,0,0,0,4183,4141,0,0,62,0,8,7,1920,599,2000,1,0,4,69,72,54934,13649,313,724,129,63,481,0,45,4,73,4,4,0,10,0,0,0,0,0,2688,2816,2688,2816,4128,2208,7542,1647,0,0,0,0,100,74,40,39,39,70,74,74,0,0,66,0,0,0,0,0,0,13763,1087,332,0,332,0,342,342,100,2,1,0,999,999,40,0,25,0,0,0,0,0,0,0,0,0,0,100,2688,2816,100,0,0,0,0,0,0,0,0,0,0,0,0,0,0,0,0,0,0,0,0,160
890264,3249,532,87,47,9999,0,0,854,0,0,0,4183,3572,0,0,62,0,8,7,1920,599,2000,1,0,4,67,72,49078,13652,339,697,123,64,341,0,45,8,73,4,4,0,10,0,0,0,0,0,2688,2816,2688,2816,4128,2208,7606,1704,0,0,0,0,100,75,48,46,47,74,71,75,0,0,65,0,0,0,0,0,0,13763,1087,332,0,332,0,342,342,100,2,1,0,999,999,40,0,25,0,0,0,0,0,0,0,0,0,0,100,2688,2816,100,0,0,0,0,0,0,0,0,0,0,0,0,0,0,0,0,0,0,0,0,160
891264,3249,532,87,47,9999,0,0,825,0,0,0,4175,3444,0,0,62,0,8,7,1920,599,2000,1,0,4,67,72,49078,13650,333,707,133,65,380,0,32,8,73,4,4,0,10,0,0,0,0,0,2688,2816,2688,2816,4128,2208,6938,1642,0,0,0,0,100,81,55,51,49,75,76,81,0,0,65,0,0,0,0,0,0,13763,1087,332,0,332,0,342,342,100,3,1,0,999,999,40,0,25,0,0,0,0,0,0,0,0,0,0,100,2688,2816,100,0,0,0,0,0,0,0,0,0,0,0,0,0,0,0,0,0,0,0,0,160
892266,3249,532,87,47,9999,0,0,737,0,0,0,4175,3076,0,0,62,0,8,7,1920,599,2000,1,0,4,68,72,53225,13643,315,677,106,65,367,0,50,4,72,4,4,0,10,0,0,0,0,0,2688,2816,2688,2816,4128,2208,7755,1682,0,0,0,0,100,74,40,39,39,69,74,71,0,0,65,0,0,0,0,0,0,13763,1087,332,0,332,0,342,342,100,1,1,0,999,999,40,0,25,0,0,0,0,0,0,0,0,0,0,100,2688,2816,100,0,0,0,0,0,0,0,0,0,0,0,0,0,0,0,0,0,0,0,0,160
893265,3249,532,87,47,9999,0,0,790,0,0,0,4175,3298,0,0,62,0,8,7,1920,599,2000,1,0,4,66,72,52345,13561,303,652,113,64,354,0,44,9,72,4,4,0,10,0,0,0,0,0,2688,2816,2688,2816,4128,2208,8164,1659,0,0,0,0,100,74,40,38,37,70,69,74,0,0,64,0,0,0,0,0,0,13763,1087,332,0,332,0,342,342,100,2,1,0,999,999,40,0,25,0,0,0,0,0,0,0,0,0,0,100,2688,2816,100,0,0,0,0,0,0,0,0,0,0,0,0,0,0,0,0,0,0,0,0,160
894266,3249,532,87,47,9999,0,0,762,0,0,0,4175,3181,0,0,62,0,8,7,1920,599,2000,1,0,4,66,72,53977,13613,360,680,136,63,350,0,46,5,73,4,4,0,10,0,0,0,0,0,2688,2816,2688,2816,4128,2208,7737,1707,0,0,0,0,100,70,42,38,34,68,70,70,0,0,63,0,0,0,0,0,0,13763,1087,332,0,332,0,342,342,100,2,1,0,999,999,40,0,25,0,0,0,0,0,0,0,0,0,0,100,2688,2816,100,0,0,0,0,0,0,0,0,0,0,0,0,0,0,0,0,0,0,0,0,160
895266,3249,532,87,47,9999,0,0,838,0,0,0,4175,3498,0,0,62,0,8,7,1920,599,2000,1,0,4,65,72,54899,13608,324,690,111,62,322,0,39,7,72,4,4,0,10,0,0,0,0,0,2688,2816,2688,2816,4128,2208,7451,1596,0,0,0,0,100,75,37,35,34,67,75,71,0,0,65,0,0,0,0,0,0,13763,1087,332,0,332,0,342,342,100,2,1,0,999,999,40,0,25,0,0,0,0,0,0,0,0,0,0,100,2688,2816,100,0,0,0,0,0,0,0,0,0,0,0,0,0,0,0,0,0,0,0,0,160
896266,3249,532,87,47,9999,0,0,677,0,0,0,4175,2826,0,0,62,0,8,7,1920,599,2000,1,0,4,70,72,50786,13555,323,631,103,63,351,0,47,3,72,4,4,0,10,0,0,0,0,0,2688,2816,2688,2816,4128,2208,7617,1570,0,0,0,0,100,66,38,35,35,64,66,65,0,0,66,0,0,0,0,0,0,13763,1087,332,0,332,0,342,342,100,1,1,0,999,999,40,0,25,0,0,0,0,0,0,0,0,0,0,100,2688,2816,100,0,0,0,0,0,0,0,0,0,0,0,0,0,0,0,0,0,0,0,0,160
897265,3249,532,87,47,9999,0,0,766,0,0,0,4175,3198,0,0,62,0,8,7,1920,599,2000,1,0,4,71,72,51381,13553,316,603,97,65,409,0,49,2,73,4,4,0,10,0,0,0,0,0,2688,2816,2688,2816,4128,2208,7738,1620,0,0,0,0,100,70,43,39,37,62,68,70,0,0,66,0,0,0,0,0,0,13763,1087,332,0,332,0,342,342,100,2,1,0,999,999,40,0,25,0,0,0,0,0,0,0,0,0,0,100,2688,2816,100,0,0,0,0,0,0,0,0,0,0,0,0,0,0,0,0,0,0,0,0,160
898265,3249,532,87,47,9999,0,0,904,0,0,0,4175,3774,0,0,62,0,8,7,1920,599,2000,1,0,4,71,72,56210,13525,328,629,102,65,412,0,47,7,73,4,4,0,10,0,0,0,0,0,2688,2816,2688,2816,4128,2208,7869,1680,0,0,0,0,100,70,42,35,39,68,70,68,0,0,67,0,0,0,0,0,0,13763,1087,332,0,332,0,342,342,100,2,1,0,999,999,40,0,25,0,0,0,0,0,0,0,0,0,0,100,2688,2816,100,0,0,0,0,0,0,0,0,0,0,0,0,0,0,0,0,0,0,0,0,160
899296,3264,531,87,47,9999,0,0,767,0,0,0,4175,3202,0,0,62,0,8,7,1920,599,2000,1,0,4,68,72,51954,13669,669,679,130,63,463,0,48,4,73,4,4,0,10,0,0,0,0,0,2688,2816,2688,2816,4128,2208,7670,1678,0,0,0,0,100,72,42,39,40,72,71,72,0,0,67,0,0,0,0,0,0,13762,1084,330,0,330,0,341,341,100,2,1,0,999,999,40,0,25,0,0,0,0,0,0,0,0,0,0,100,2688,2816,100,0,0,0,0,0,0,0,0,0,0,0,0,0,0,0,0,0,0,0,0,160
900266,3264,531,87,47,9999,0,0,788,0,0,0,4175,3289,0,0,62,0,8,7,1920,599,2000,1,0,4,69,72,54746,13610,297,663,113,64,432,0,50,3,72,4,4,0,10,0,0,0,0,0,2688,2816,2688,2816,4128,2208,7737,1651,0,0,0,0,100,76,42,37,34,75,76,73,0,0,67,0,0,0,0,0,0,13762,1084,330,0,330,0,341,341,100,1,1,0,999,999,40,0,25,0,0,0,0,0,0,0,0,0,0,100,2688,2816,100,0,0,0,0,0,0,0,0,0,0,0,0,0,0,0,0,0,0,0,0,160
901266,3264,531,87,47,9999,0,0,602,0,0,0,4177,2514,0,0,62,0,8,7,1920,599,2000,1,0,4,70,72,53308,13584,317,673,114,63,436,0,42,4,72,4,4,0,10,0,0,0,0,0,2688,2816,2688,2816,4128,2208,7753,1582,0,0,0,0,100,80,40,37,39,72,68,80,0,0,67,0,0,0,0,0,0,13762,1084,330,0,330,0,341,341,100,1,1,0,999,999,40,0,25,0,0,0,0,0,0,0,0,0,0,100,2688,2816,100,0,0,0,0,0,0,0,0,0,0,0,0,0,0,0,0,0,0,0,0,160
902268,3264,531,87,47,9999,0,0,718,0,0,0,4177,2999,0,0,62,0,8,7,1920,599,2000,1,0,4,70,72,52576,13576,346,668,112,63,437,0,35,3,73,4,4,0,10,0,0,0,0,0,2688,2816,2688,2816,4128,2208,8597,1623,0,0,0,0,100,75,41,41,37,71,75,73,0,0,66,0,0,0,0,0,0,13762,1084,330,0,330,0,341,341,100,1,1,0,999,999,40,0,25,0,0,0,0,0,0,0,0,0,0,100,2688,2816,100,0,0,0,0,0,0,0,0,0,0,0,0,0,0,0,0,0,0,0,0,160
903266,3264,531,87,47,9999,0,0,666,0,0,0,4177,2781,0,0,62,0,8,7,1920,599,2000,1,0,4,67,72,48488,13521,330,636,92,65,364,0,34,6,73,4,4,0,10,0,0,0,0,0,2688,2816,2688,2816,4128,2208,8108,1601,0,0,0,0,100,69,38,38,36,69,65,68,0,0,66,0,0,0,0,0,0,13762,1084,330,0,330,0,341,341,100,2,1,0,999,999,40,0,25,0,0,0,0,0,0,0,0,0,0,100,2688,2816,100,0,0,0,0,0,0,0,0,0,0,0,0,0,0,0,0,0,0,0,0,160
904267,3264,531,87,47,9999,0,0,764,0,0,0,4177,3191,0,0,62,0,8,7,1920,599,2000,1,0,4,70,72,50099,13497,312,609,100,64,360,0,37,5,72,4,4,0,10,0,0,0,0,0,2688,2816,2688,2816,4128,2208,7345,1646,0,0,0,0,100,66,37,33,34,64,66,65,0,0,66,0,0,0,0,0,0,13762,1084,330,0,330,0,341,341,100,3,1,0,999,999,40,0,25,0,0,0,0,0,0,0,0,0,0,100,2688,2816,100,0,0,0,0,0,0,0,0,0,0,0,0,0,0,0,0,0,0,0,0,160
905270,3264,531,87,47,9999,0,0,782,0,0,0,4177,3266,0,0,62,0,8,7,1920,599,2000,1,0,4,73,72,52713,13470,309,560,99,64,352,0,65,0,72,4,4,0,10,0,0,0,0,0,2688,2816,2688,2816,4128,2208,7602,1621,0,0,0,0,100,71,37,35,35,69,71,69,0,0,66,0,0,0,0,0,0,13762,1084,330,0,330,0,341,341,100,0,0,0,999,999,40,0,25,0,0,0,0,0,0,0,0,0,0,100,2688,2816,100,0,0,0,0,0,0,0,0,0,0,0,0,0,0,0,0,0,0,0,0,160
906266,3264,531,87,47,9999,0,0,839,0,0,0,4177,3504,0,0,62,0,8,7,1920,599,2000,1,0,4,71,72,57558,13396,285,544,91,63,347,0,44,6,72,4,4,0,10,0,0,0,0,0,2688,2816,2688,2816,4128,2208,7514,1582,0,0,0,0,100,74,39,38,40,74,71,71,0,0,65,0,0,0,0,0,0,13762,1084,330,0,330,0,341,341,100,3,1,0,999,999,40,0,25,0,0,0,0,0,0,0,0,0,0,100,2688,2816,100,0,0,0,0,0,0,0,0,0,0,0,0,0,0,0,0,0,0,0,0,160
907266,3264,531,87,47,9999,0,0,828,0,0,0,4177,3458,0,0,62,0,8,7,1920,599,2000,1,0,4,69,72,52315,13474,356,584,105,63,397,0,48,4,73,4,4,0,10,0,0,0,0,0,2688,2816,2688,2816,4128,2208,7478,1625,0,0,0,0,100,78,38,35,33,69,73,78,0,0,67,0,0,0,0,0,0,13762,1084,330,0,330,0,341,341,100,3,1,0,999,999,40,0,25,0,0,0,0,0,0,0,0,0,0,100,2688,2816,100,0,0,0,0,0,0,0,0,0,0,0,0,0,0,0,0,0,0,0,0,160
908268,3264,531,87,47,9999,0,0,659,0,0,0,4177,2752,0,0,62,0,8,7,1920,599,2000,1,0,4,71,72,51503,13591,288,657,120,64,429,0,46,5,72,4,4,0,10,0,0,0,0,0,2688,2816,2688,2816,4128,2208,7493,1638,0,0,0,0,100,80,38,35,36,71,74,80,0,0,65,0,0,0,0,0,0,13762,1084,330,0,330,0,341,341,100,2,1,0,999,999,40,0,25,0,0,0,0,0,0,0,0,0,0,100,2688,2816,100,0,0,0,0,0,0,0,0,0,0,0,0,0,0,0,0,0,0,0,0,160
909266,3264,531,87,47,9999,0,0,691,0,0,0,4177,2886,0,0,62,0,8,7,1920,599,2000,1,0,4,67,72,55265,13578,309,650,112,63,371,0,38,16,72,4,4,0,10,0,0,0,0,0,2688,2816,2688,2816,4128,2208,7621,1675,0,0,0,0,100,73,39,36,37,71,72,73,0,0,63,0,0,0,0,0,0,13762,1084,330,0,330,0,341,341,100,5,2,0,999,999,40,0,25,0,0,0,0,0,0,0,0,0,0,100,2688,2816,100,0,0,0,0,0,0,0,0,0,0,0,0,0,0,0,0,0,0,0,0,160
910270,3264,531,87,47,9999,0,0,801,0,0,0,4177,3345,0,0,62,0,8,7,1920,599,2000,1,0,4,64,72,53247,13564,367,685,105,63,428,0,33,8,72,4,4,0,10,0,0,0,0,0,2688,2816,2688,2816,4128,2208,7939,1627,0,0,0,0,100,76,36,31,32,74,73,76,0,0,63,0,0,0,0,0,0,13762,1084,330,0,330,0,341,341,100,2,1,0,999,999,40,0,25,0,0,0,0,0,0,0,0,0,0,100,2688,2816,100,0,0,0,0,0,0,0,0,0,0,0,0,0,0,0,0,0,0,0,0,160
911277,3264,531,87,47,9999,0,0,1012,0,0,0,4177,4227,0,0,62,0,8,7,1920,599,2000,1,0,4,67,72,49570,13646,642,588,116,65,384,0,43,7,72,4,4,0,10,0,0,0,0,0,2688,2816,2688,2816,4128,2208,7993,1629,0,0,0,0,100,76,44,37,41,75,76,74,0,0,65,0,0,0,0,0,0,13762,1084,330,0,330,0,341,341,100,2,1,0,999,999,40,0,25,0,0,0,0,0,0,0,0,0,0,100,2688,2816,100,0,0,0,0,0,0,0,0,0,0,0,0,0,0,0,0,0,0,0,0,160
912278,3264,531,87,47,9999,0,0,704,0,0,0,4177,2940,0,0,62,0,8,7,1920,599,2000,1,0,4,67,72,52399,13647,322,668,128,64,407,0,34,6,73,4,4,0,10,0,0,0,0,0,2688,2816,2688,2816,4128,2208,7694,1637,0,0,0,0,100,75,47,48,44,74,75,75,0,0,65,0,0,0,0,0,0,13762,1084,330,0,330,0,341,341,100,2,1,0,999,999,40,0,25,0,0,0,0,0,0,0,0,0,0,100,2688,2816,100,0,0,0,0,0,0,0,0,0,0,0,0,0,0,0,0,0,0,0,0,160
913277,3264,531,87,47,9999,0,0,743,0,0,0,4177,3103,0,0,62,0,8,7,1920,599,2000,1,0,4,68,72,51864,13596,294,727,141,63,449,0,44,3,73,4,4,0,10,0,0,0,0,0,2688,2816,2688,2816,4128,2208,8042,1614,0,0,0,0,100,76,40,33,34,73,76,72,0,0,65,0,0,0,0,0,0,13762,1084,330,0,330,0,341,341,100,1,1,0,999,999,40,0,25,0,0,0,0,0,0,0,0,0,0,100,2688,2816,100,0,0,0,0,0,0,0,0,0,0,0,0,0,0,0,0,0,0,0,0,160
914278,3264,531,87,47,9999,0,0,866,0,0,0,4177,3617,0,0,62,0,8,7,1920,599,2000,1,0,4,69,72,55590,13557,274,706,156,64,396,0,49,6,72,4,4,0,10,0,0,0,0,0,2688,2816,2688,2816,4128,2208,7238,1698,0,0,0,0,100,75,42,33,32,71,71,75,0,0,65,0,0,0,0,0,0,13762,1084,330,0,330,0,341,341,100,2,2,0,999,999,40,0,25,0,0,0,0,0,0,0,0,0,0,100,2688,2816,100,0,0,0,0,0,0,0,0,0,0,0,0,0,0,0,0,0,0,0,0,160
915277,3264,531,87,47,9999,0,0,645,0,0,0,4177,2694,0,0,62,0,8,7,1920,599,2000,1,0,4,70,72,55764,13638,375,701,114,63,382,0,39,2,73,4,4,0,10,0,0,0,0,0,2688,2816,2688,2816,4128,2208,7293,1644,0,0,0,0,100,78,41,36,37,78,74,72,0,0,65,0,0,0,0,0,0,13762,1084,330,0,330,0,341,341,100,1,1,0,999,999,40,0,25,0,0,0,0,0,0,0,0,0,0,100,2688,2816,100,0,0,0,0,0,0,0,0,0,0,0,0,0,0,0,0,0,0,0,0,160
916278,3264,531,87,47,9999,0,0,676,0,0,0,4177,2823,0,0,62,0,8,7,1920,599,2000,1,0,4,71,72,48061,13690,336,672,124,64,496,0,22,3,73,4,4,0,10,0,0,0,0,0,2688,2816,2688,2816,4128,2208,8063,1576,0,0,0,0,100,75,39,33,34,74,73,75,0,0,66,0,0,0,0,0,0,13762,1084,330,0,330,0,341,341,100,2,1,0,999,999,40,0,25,0,0,0,0,0,0,0,0,0,0,100,2688,2816,100,0,0,0,0,0,0,0,0,0,0,0,0,0,0,0,0,0,0,0,0,160
917277,3264,531,87,47,9999,0,0,838,0,0,0,4177,3500,0,0,62,0,8,7,1920,599,2000,1,0,4,72,72,52782,13642,298,717,122,64,407,0,41,0,72,4,4,0,10,0,0,0,0,0,2688,2816,2688,2816,4128,2208,7832,1602,0,0,0,0,100,77,39,33,35,70,77,76,0,0,67,0,0,0,0,0,0,13762,1084,330,0,330,0,341,341,100,0,0,0,999,999,40,0,25,0,0,0,0,0,0,0,0,0,0,100,2688,2816,100,0,0,0,0,0,0,0,0,0,0,0,0,0,0,0,0,0,0,0,0,160
918277,3264,531,87,47,9999,0,0,750,0,0,0,4177,3132,0,0,62,0,8,7,1920,599,2000,1,0,4,69,72,47518,13509,304,681,109,63,353,0,35,9,72,4,4,0,10,0,0,0,0,0,2688,2816,2688,2816,4128,2208,7392,1618,0,0,0,0,100,76,41,31,36,70,76,74,0,0,66,0,0,0,0,0,0,13762,1084,330,0,330,0,341,341,100,2,1,0,999,999,40,0,25,0,0,0,0,0,0,0,0,0,0,100,2688,2816,100,0,0,0,0,0,0,0,0,0,0,0,0,0,0,0,0,0,0,0,0,160
919315,3232,532,87,47,9999,0,0,740,0,0,0,4177,3090,0,0,62,0,8,7,1920,599,2000,1,0,4,72,72,53014,13625,349,685,125,64,416,0,43,5,73,4,4,0,10,0,0,0,0,0,2688,2816,2688,2816,4128,2208,7238,1662,0,0,0,0,100,76,37,34,37,75,76,75,0,0,64,0,0,0,0,0,0,13764,1087,332,0,332,0,342,342,100,2,1,0,999,999,40,0,25,0,0,0,0,0,0,0,0,0,0,100,2688,2816,100,0,0,0,0,0,0,0,0,0,0,0,0,0,0,0,0,0,0,0,0,160
920280,3232,532,87,47,9999,0,0,801,0,0,0,4177,3345,0,0,62,0,8,7,1920,599,2000,1,0,4,66,72,51652,13664,337,673,134,63,469,0,43,6,72,4,4,0,10,0,0,0,0,0,2688,2816,2688,2816,4128,2208,7276,1659,0,0,0,0,100,73,41,35,32,66,73,72,0,0,62,0,0,0,0,0,0,13764,1087,332,0,332,0,342,342,100,2,1,0,999,999,40,0,25,0,0,0,0,0,0,0,0,0,0,100,2688,2816,100,0,0,0,0,0,0,0,0,0,0,0,0,0,0,0,0,0,0,0,0,160
921278,3232,532,87,47,9999,0,0,821,0,0,0,4170,3423,0,0,62,0,8,7,1920,599,2000,1,0,4,70,72,53332,13596,320,642,106,64,339,0,38,5,73,4,4,0,10,0,0,0,0,0,2688,2816,2688,2816,4128,2208,6701,1585,0,0,0,0,100,78,42,38,37,76,76,78,0,0,65,0,0,0,0,0,0,13764,1087,332,0,332,0,342,342,100,2,1,0,999,999,40,0,25,0,0,0,0,0,0,0,0,0,0,100,2688,2816,100,0,0,0,0,0,0,0,0,0,0,0,0,0,0,0,0,0,0,0,0,160
922279,3232,532,87,47,9999,0,0,664,0,0,0,4170,2768,0,0,62,0,8,7,1920,599,2000,1,0,4,68,72,55361,13503,324,618,108,64,479,0,55,5,73,4,4,0,10,0,0,0,0,0,2688,2816,2688,2816,4128,2208,7235,1612,0,0,0,0,100,75,41,37,38,75,73,75,0,0,65,0,0,0,0,0,0,13764,1087,332,0,332,0,342,342,100,5,1,0,999,999,40,0,25,0,0,0,0,0,0,0,0,0,0,100,2688,2816,100,0,0,0,0,0,0,0,0,0,0,0,0,0,0,0,0,0,0,0,0,160
923278,3232,532,87,47,9999,0,0,877,0,0,0,4170,3657,0,0,62,0,8,7,1920,599,2000,1,0,4,67,72,52470,13505,355,637,104,63,400,0,35,7,72,4,4,0,10,0,0,0,0,0,2688,2816,2688,2816,4128,2208,7200,1673,0,0,0,0,100,76,41,36,34,74,69,76,0,0,64,0,0,0,0,0,0,13764,1087,332,0,332,0,342,342,100,3,3,0,999,999,40,0,25,0,0,0,0,0,0,0,0,0,0,100,2688,2816,100,0,0,0,0,0,0,0,0,0,0,0,0,0,0,0,0,0,0,0,0,160
924279,3232,532,87,47,9999,0,0,765,0,0,0,4170,3190,0,0,62,0,8,7,1920,599,2000,1,0,4,64,72,54126,13661,351,672,140,63,438,0,39,11,73,4,4,0,10,0,0,0,0,0,2688,2816,2688,2816,4128,2208,7385,1730,0,0,0,0,100,74,42,37,34,73,74,72,0,0,64,0,0,0,0,0,0,13764,1087,332,0,332,0,342,342,100,6,2,0,999,999,40,0,25,0,0,0,0,0,0,0,0,0,0,100,2688,2816,100,0,0,0,0,0,0,0,0,0,0,0,0,0,0,0,0,0,0,0,0,160
925280,3232,532,87,47,9999,0,0,751,0,0,0,4170,3131,0,0,62,0,8,7,1920,599,2000,1,0,4,68,72,50995,13669,311,690,109,63,341,0,34,4,72,4,4,0,10,0,0,0,0,0,2688,2816,2688,2816,4128,2208,7408,1699,0,0,0,0,100,77,36,35,35,72,75,77,0,0,64,0,0,0,0,0,0,13764,1087,332,0,332,0,342,342,100,2,1,0,999,999,40,0,25,0,0,0,0,0,0,0,0,0,0,100,2688,2816,100,0,0,0,0,0,0,0,0,0,0,0,0,0,0,0,0,0,0,0,0,160
926279,3232,532,87,47,9999,0,0,811,0,0,0,4170,3381,0,0,62,0,8,7,1920,599,2000,1,0,4,70,72,48987,13559,325,686,117,64,451,0,27,6,73,4,4,0,10,0,0,0,0,0,2688,2816,2688,2816,4128,2208,7372,1620,0,0,0,0,100,73,40,35,35,71,73,72,0,0,64,0,0,0,0,0,0,13764,1087,332,0,332,0,342,342,100,2,1,0,999,999,40,0,25,0,0,0,0,0,0,0,0,0,0,100,2688,2816,100,0,0,0,0,0,0,0,0,0,0,0,0,0,0,0,0,0,0,0,0,160
927279,3232,532,87,47,9999,0,0,858,0,0,0,4170,3577,0,0,62,0,8,7,1920,599,2000,1,0,4,68,72,50923,13674,388,685,129,65,444,0,31,3,73,4,4,0,10,0,0,0,0,0,2688,2816,2688,2816,4128,2208,7006,1670,0,0,0,0,100,77,42,35,37,76,77,75,0,0,65,0,0,0,0,0,0,13764,1087,332,0,332,0,342,342,100,1,1,0,999,999,40,0,25,0,0,0,0,0,0,0,0,0,0,100,2688,2816,100,0,0,0,0,0,0,0,0,0,0,0,0,0,0,0,0,0,0,0,0,160
928278,3232,532,87,47,9999,0,0,863,0,0,0,4170,3598,0,0,62,0,8,7,1920,599,2000,1,0,4,69,72,49998,13619,349,699,110,63,384,0,28,9,72,4,4,0,10,0,0,0,0,0,2688,2816,2688,2816,4128,2208,7199,1578,0,0,0,0,100,75,41,37,34,72,75,74,0,0,63,0,0,0,0,0,0,13764,1087,332,0,332,0,342,342,100,2,1,0,999,999,40,0,25,0,0,0,0,0,0,0,0,0,0,100,2688,2816,100,0,0,0,0,0,0,0,0,0,0,0,0,0,0,0,0,0,0,0,0,160
929279,3232,532,87,47,9999,0,0,781,0,0,0,4170,3256,0,0,62,0,8,7,1920,599,2000,1,0,4,68,72,54551,13597,308,661,110,64,377,0,53,6,72,4,4,0,10,0,0,0,0,0,2688,2816,2688,2816,4128,2208,8255,1665,0,0,0,0,100,74,37,31,38,72,74,71,0,0,63,0,0,0,0,0,0,13764,1087,332,0,332,0,342,342,100,2,1,0,999,999,40,0,25,0,0,0,0,0,0,0,0,0,0,100,2688,2816,100,0,0,0,0,0,0,0,0,0,0,0,0,0,0,0,0,0,0,0,0,160
930280,3232,532,87,47,9999,0,0,684,0,0,0,4170,2852,0,0,62,0,8,7,1920,599,2000,1,0,4,64,72,54115,13474,276,643,114,63,362,0,45,10,73,4,4,0,10,0,0,0,0,0,2688,2816,2688,2816,4128,2208,7064,1631,0,0,0,0,100,76,37,30,32,74,69,76,0,0,65,0,0,0,0,0,0,13764,1087,332,0,332,0,342,342,100,4,1,0,999,999,40,0,25,0,0,0,0,0,0,0,0,0,0,100,2688,2816,100,0,0,0,0,0,0,0,0,0,0,0,0,0,0,0,0,0,0,0,0,160
931280,3232,532,87,47,9999,0,0,761,0,0,0,4187,3186,0,0,62,0,8,7,1920,599,2000,1,0,4,67,72,55724,13490,332,672,142,64,322,0,52,5,72,4,4,0,10,0,0,0,0,0,2688,2816,2688,2816,4128,2208,7496,1572,0,0,0,0,100,75,38,30,33,70,74,75,0,0,65,0,0,0,0,0,0,13764,1087,332,0,332,0,342,342,100,1,1,0,999,999,40,0,25,0,0,0,0,0,0,0,0,0,0,100,2688,2816,100,0,0,0,0,0,0,0,0,0,0,0,0,0,0,0,0,0,0,0,0,160
932283,3232,532,87,47,9999,0,0,962,0,0,0,4187,4027,0,0,62,0,8,7,1920,599,2000,1,0,4,69,72,50906,13653,343,670,124,63,316,0,36,9,72,4,4,0,10,0,0,0,0,0,2688,2816,2688,2816,4128,2208,7716,1675,0,0,0,0,100,77,43,40,41,69,77,74,0,0,65,0,0,0,0,0,0,13764,1087,332,0,332,0,342,342,100,2,1,0,999,999,40,0,25,0,0,0,0,0,0,0,0,0,0,100,2688,2816,100,0,0,0,0,0,0,0,0,0,0,0,0,0,0,0,0,0,0,0,0,160
933281,3232,532,87,47,9999,0,0,939,0,0,0,4187,3931,0,0,62,0,8,7,1920,599,2000,1,0,4,68,72,51715,13608,320,587,123,66,321,0,32,10,73,4,4,0,10,0,0,0,0,0,2688,2816,2688,2816,4128,2208,8037,1574,0,0,0,0,100,75,50,49,47,71,75,75,0,0,64,0,0,0,0,0,0,13764,1087,332,0,332,0,342,342,100,4,1,0,999,999,40,0,25,0,0,0,0,0,0,0,0,0,0,100,2688,2816,100,0,0,0,0,0,0,0,0,0,0,0,0,0,0,0,0,0,0,0,0,160
934281,3232,532,87,47,9999,0,0,675,0,0,0,4187,2826,0,0,62,0,8,7,1920,599,2000,1,0,4,66,72,52153,13536,321,650,99,63,401,0,43,8,72,4,4,0,10,0,0,0,0,0,2688,2816,2688,2816,4128,2208,7844,1662,0,0,0,0,100,80,39,37,34,73,80,79,0,0,65,0,0,0,0,0,0,13764,1087,332,0,332,0,342,342,100,3,2,0,999,999,40,0,25,0,0,0,0,0,0,0,0,0,0,100,2688,2816,100,0,0,0,0,0,0,0,0,0,0,0,0,0,0,0,0,0,0,0,0,160
935281,3232,532,87,47,9999,0,0,627,0,0,0,4187,2625,0,0,62,0,8,7,1920,599,2000,1,0,4,67,72,52241,13506,318,612,113,64,352,0,37,7,73,4,4,0,10,0,0,0,0,0,2688,2816,2688,2816,4128,2208,7712,1628,0,0,0,0,100,76,44,41,45,76,73,72,0,0,65,0,0,0,0,0,0,13764,1087,332,0,332,0,342,342,100,2,1,0,999,999,40,0,25,0,0,0,0,0,0,0,0,0,0,100,2688,2816,100,0,0,0,0,0,0,0,0,0,0,0,0,0,0,0,0,0,0,0,0,160
936284,3232,532,87,47,9999,0,0,846,0,0,0,4187,3542,0,0,62,0,8,7,1920,599,2000,1,0,4,69,72,51327,13490,317,594,102,63,366,0,36,8,73,4,4,0,10,0,0,0,0,0,2688,2816,2688,2816,4128,2208,7782,1611,0,0,0,0,100,71,39,29,34,68,71,71,0,0,66,0,0,0,0,0,0,13764,1087,332,0,332,0,342,342,100,2,1,0,999,999,40,0,25,0,0,0,0,0,0,0,0,0,0,100,2688,2816,100,0,0,0,0,0,0,0,0,0,0,0,0,0,0,0,0,0,0,0,0,160
937281,3232,532,87,47,9999,0,0,604,0,0,0,4187,2528,0,0,62,0,8,7,1920,599,2000,1,0,4,70,72,52484,13489,290,617,120,65,425,0,40,1,73,4,4,0,10,0,0,0,0,0,2688,2816,2688,2816,4128,2208,7219,1568,0,0,0,0,100,70,34,34,36,67,64,70,0,0,67,0,0,0,0,0,0,13764,1087,332,0,332,0,342,342,100,1,1,0,999,999,40,0,25,0,0,0,0,0,0,0,0,0,0,100,2688,2816,100,0,0,0,0,0,0,0,0,0,0,0,0,0,0,0,0,0,0,0,0,160
938281,3232,532,87,47,9999,0,0,643,0,0,0,4187,2692,0,0,62,0,8,7,1920,599,2000,1,0,4,71,72,52409,13552,291,651,120,64,388,0,58,3,73,4,4,0,10,0,0,0,0,0,2688,2816,2688,2816,4128,2208,7854,1641,0,0,0,0,100,68,41,39,38,61,65,68,0,0,66,0,0,0,0,0,0,13764,1087,332,0,332,0,342,342,100,2,1,0,999,999,40,0,25,0,0,0,0,0,0,0,0,0,0,100,2688,2816,100,0,0,0,0,0,0,0,0,0,0,0,0,0,0,0,0,0,0,0,0,160
939322,3243,534,87,47,9999,0,0,680,0,0,0,4187,2847,0,0,62,0,8,7,1920,599,2000,1,0,4,69,72,54773,13582,635,689,157,64,359,0,56,3,73,4,4,0,10,0,0,0,0,0,2688,2816,2688,2816,4128,2208,7537,1655,0,0,0,0,100,69,38,36,36,62,69,67,0,0,63,0,0,0,0,0,0,13765,1080,333,0,333,0,344,344,100,1,1,0,999,999,40,0,25,0,0,0,0,0,0,0,0,0,0,100,2688,2816,100,0,0,0,0,0,0,0,0,0,0,0,0,0,0,0,0,0,0,0,0,160
940281,3243,534,87,47,9999,0,0,880,0,0,0,4187,3684,0,0,62,0,8,7,1920,599,2000,1,0,4,70,72,55364,13635,364,661,116,63,370,0,54,5,73,4,4,0,10,0,0,0,0,0,2688,2816,2688,2816,4128,2208,7526,1610,0,0,0,0,100,78,37,31,36,68,69,78,0,0,65,0,0,0,0,0,0,13765,1080,333,0,333,0,344,344,100,3,2,0,999,999,40,0,25,0,0,0,0,0,0,0,0,0,0,100,2688,2816,100,0,0,0,0,0,0,0,0,0,0,0,0,0,0,0,0,0,0,0,0,160
941281,3243,534,87,47,9999,0,0,710,0,0,0,4171,2961,0,0,62,0,8,7,1920,599,2000,1,0,4,67,72,55640,13610,330,636,105,64,364,0,54,3,72,4,4,0,10,0,0,0,0,0,2688,2816,2688,2816,4128,2208,7220,1613,0,0,0,0,100,73,35,32,37,72,73,72,0,0,66,0,0,0,0,0,0,13765,1080,333,0,333,0,344,344,100,1,1,0,999,999,40,0,25,0,0,0,0,0,0,0,0,0,0,100,2688,2816,100,0,0,0,0,0,0,0,0,0,0,0,0,0,0,0,0,0,0,0,0,160
942283,3243,534,87,47,9999,0,0,778,0,0,0,4171,3245,0,0,62,0,8,7,1920,599,2000,1,0,4,71,72,53282,13551,325,661,110,64,340,0,51,4,73,4,4,0,10,0,0,0,0,0,2688,2816,2688,2816,4128,2208,6685,1592,0,0,0,0,100,75,37,35,31,70,71,75,0,0,65,0,0,0,0,0,0,13765,1080,333,0,333,0,344,344,100,1,1,0,999,999,40,0,25,0,0,0,0,0,0,0,0,0,0,100,2688,2816,100,0,0,0,0,0,0,0,0,0,0,0,0,0,0,0,0,0,0,0,0,160
943282,3243,534,87,47,9999,0,0,647,0,0,0,4171,2698,0,0,62,0,8,7,1920,599,2000,1,0,4,71,72,56562,13573,376,674,119,64,413,0,64,0,72,4,4,0,10,0,0,0,0,0,2688,2816,2688,2816,4128,2208,7194,1583,0,0,0,0,100,77,35,35,34,77,69,75,0,0,64,0,0,0,0,0,0,13765,1080,333,0,333,0,344,344,100,0,0,0,999,999,40,0,25,0,0,0,0,0,0,0,0,0,0,100,2688,2816,100,0,0,0,0,0,0,0,0,0,0,0,0,0,0,0,0,0,0,0,0,160
944281,3243,534,87,47,9999,0,0,703,0,0,0,4171,2932,0,0,62,0,8,7,1920,599,2000,1,0,4,71,72,54875,13613,354,634,98,64,366,0,34,4,72,4,4,0,10,0,0,0,0,0,2688,2816,2688,2816,4128,2208,7701,1666,0,0,0,0,100,74,40,36,32,74,73,71,0,0,65,0,0,0,0,0,0,13765,1080,333,0,333,0,344,344,100,1,1,0,999,999,40,0,25,0,0,0,0,0,0,0,0,0,0,100,2688,2816,100,0,0,0,0,0,0,0,0,0,0,0,0,0,0,0,0,0,0,0,0,160
945282,3243,534,87,47,9999,0,0,707,0,0,0,4171,2948,0,0,62,0,8,7,1920,599,2000,1,0,4,72,72,52210,13700,292,694,123,64,458,0,43,5,73,4,4,0,10,0,0,0,0,0,2688,2816,2688,2816,4128,2208,7117,1634,0,0,0,0,100,70,39,34,35,64,66,70,0,0,64,0,0,0,0,0,0,13765,1080,333,0,333,0,344,344,100,2,1,0,999,999,40,0,25,0,0,0,0,0,0,0,0,0,0,100,2688,2816,100,0,0,0,0,0,0,0,0,0,0,0,0,0,0,0,0,0,0,0,0,160
946282,3243,534,87,47,9999,0,0,798,0,0,0,4171,3328,0,0,62,0,8,7,1920,599,2000,1,0,4,71,72,53938,13624,328,661,107,65,372,0,67,0,73,4,4,0,10,0,0,0,0,0,2688,2816,2688,2816,4128,2208,7235,1603,0,0,0,0,100,69,41,36,34,62,69,66,0,0,66,0,0,0,0,0,0,13765,1080,333,0,333,0,344,344,100,0,0,0,999,999,40,0,25,0,0,0,0,0,0,0,0,0,0,100,2688,2816,100,0,0,0,0,0,0,0,0,0,0,0,0,0,0,0,0,0,0,0,0,160
947282,3243,534,87,47,9999,0,0,746,0,0,0,4171,3111,0,0,62,0,8,7,1920,599,2000,1,0,4,73,72,56240,13602,354,664,104,65,377,0,66,0,73,4,4,0,10,0,0,0,0,0,2688,2816,2688,2816,4128,2208,7264,1600,0,0,0,0,100,71,36,33,32,61,61,71,0,0,65,0,0,0,0,0,0,13765,1080,333,0,333,0,344,344,100,0,0,0,999,999,40,0,25,0,0,0,0,0,0,0,0,0,0,100,2688,2816,100,0,0,0,0,0,0,0,0,0,0,0,0,0,0,0,0,0,0,0,0,160
948282,3243,534,87,47,9999,0,0,703,0,0,0,4171,2932,0,0,62,0,8,7,1920,599,2000,1,0,4,71,72,53694,13593,384,659,102,64,362,0,44,3,72,4,4,0,10,0,0,0,0,0,2688,2816,2688,2816,4128,2208,6969,1567,0,0,0,0,100,74,38,34,37,68,74,70,0,0,63,0,0,0,0,0,0,13765,1080,333,0,333,0,344,344,100,2,1,0,999,999,40,0,25,0,0,0,0,0,0,0,0,0,0,100,2688,2816,100,0,0,0,0,0,0,0,0,0,0,0,0,0,0,0,0,0,0,0,0,160
949284,3243,534,87,47,9999,0,0,792,0,0,0,4171,3303,0,0,62,0,8,7,1920,599,2000,1,0,4,72,72,52314,13641,296,644,108,64,324,0,42,2,72,4,4,0,10,0,0,0,0,0,2688,2816,2688,2816,4128,2208,6947,1660,0,0,0,0,100,76,42,39,34,73,75,76,0,0,60,0,0,0,0,0,0,13765,1080,333,0,333,0,344,344,100,2,1,0,999,999,40,0,25,0,0,0,0,0,0,0,0,0,0,100,2688,2816,100,0,0,0,0,0,0,0,0,0,0,0,0,0,0,0,0,0,0,0,0,160
950284,3243,534,87,47,9999,0,0,774,0,0,0,4171,3228,0,0,62,0,8,7,1920,599,2000,1,0,4,69,72,53642,13585,631,596,97,63,309,0,49,1,72,4,4,0,10,0,0,0,0,0,2688,2816,2688,2816,4128,2208,6294,1604,0,0,0,0,100,76,33,32,36,72,76,72,0,0,61,0,0,0,0,0,0,13765,1080,333,0,333,0,344,344,100,1,1,0,999,999,40,0,25,0,0,0,0,0,0,0,0,0,0,100,2688,2816,100,0,0,0,0,0,0,0,0,0,0,0,0,0,0,0,0,0,0,0,0,160
951285,3243,534,87,47,9999,0,0,587,0,0,0,4174,2450,0,0,62,0,8,7,1920,599,2000,1,0,4,70,72,53387,13518,329,600,97,64,360,0,56,4,73,4,4,0,10,0,0,0,0,0,2688,2816,2688,2816,4128,2208,6322,1585,0,0,0,0,100,75,36,33,34,75,73,74,0,0,58,0,0,0,0,0,0,13765,1080,333,0,333,0,344,344,100,3,1,0,999,999,40,0,25,0,0,0,0,0,0,0,0,0,0,100,2688,2816,100,0,0,0,0,0,0,0,0,0,0,0,0,0,0,0,0,0,0,0,0,160
952284,3243,534,87,47,9999,0,0,661,0,0,0,4174,2759,0,0,62,0,8,7,1920,599,2000,1,0,4,71,72,57767,13475,347,599,90,63,294,0,55,4,73,4,4,0,10,0,0,0,0,0,2688,2816,2688,2816,4128,2208,6867,1657,0,0,0,0,100,73,36,36,34,72,73,72,0,0,58,0,0,0,0,0,0,13765,1080,333,0,333,0,344,344,100,4,1,0,999,999,40,0,25,0,0,0,0,0,0,0,0,0,0,100,2688,2816,100,0,0,0,0,0,0,0,0,0,0,0,0,0,0,0,0,0,0,0,0,160
953284,3243,534,87,47,9999,0,0,911,0,0,0,4174,3802,0,0,62,0,8,7,1920,599,2000,1,0,4,69,72,50836,13573,340,610,120,64,372,0,39,6,73,4,4,0,10,0,0,0,0,0,2688,2816,2688,2816,4128,2208,6116,1629,0,0,0,0,100,74,39,37,39,74,71,73,0,0,58,0,0,0,0,0,0,13765,1080,333,0,333,0,344,344,100,4,1,0,999,999,40,0,25,0,0,0,0,0,0,0,0,0,0,100,2688,2816,100,0,0,0,0,0,0,0,0,0,0,0,0,0,0,0,0,0,0,0,0,160
954285,3243,534,87,47,9999,0,0,661,0,0,0,4174,2759,0,0,62,0,8,7,1920,599,2000,1,0,4,73,72,55064,13613,333,663,122,64,394,0,60,6,73,4,4,0,10,0,0,0,0,0,2688,2816,2688,2816,4128,2208,6088,1736,0,0,0,0,100,73,50,46,44,71,70,73,0,0,56,0,0,0,0,0,0,13765,1080,333,0,333,0,344,344,100,2,1,0,999,999,40,0,25,0,0,0,0,0,0,0,0,0,0,100,2688,2816,100,0,0,0,0,0,0,0,0,0,0,0,0,0,0,0,0,0,0,0,0,160
955286,3243,534,87,47,9999,0,0,756,0,0,0,4174,3155,0,0,62,0,8,7,1920,599,2000,1,0,4,68,72,54122,13557,340,680,90,64,338,0,67,3,71,4,4,0,10,0,0,0,0,0,2688,2816,2688,2816,4128,2208,5759,1596,0,0,0,0,100,75,37,35,37,73,75,73,0,0,56,0,0,0,0,0,0,13765,1080,333,0,333,0,344,344,100,2,1,0,999,999,40,0,25,0,0,0,0,0,0,0,0,0,0,100,2688,2816,100,0,0,0,0,0,0,0,0,0,0,0,0,0,0,0,0,0,0,0,0,160
956286,3243,534,87,47,9999,0,0,748,0,0,0,4174,3122,0,0,62,0,8,7,1920,599,2000,1,0,4,73,72,56337,13567,368,612,111,63,424,0,64,0,73,4,4,0,10,0,0,0,0,0,2688,2816,2688,2816,4128,2208,6062,1607,0,0,0,0,100,74,39,30,35,69,74,72,0,0,57,0,0,0,0,0,0,13765,1080,333,0,333,0,344,344,100,0,0,0,999,999,40,0,25,0,0,0,0,0,0,0,0,0,0,100,2688,2816,100,0,0,0,0,0,0,0,0,0,0,0,0,0,0,0,0,0,0,0,0,160
957286,3243,534,87,47,9999,0,0,648,0,0,0,4174,2704,0,0,62,0,8,7,1920,599,2000,1,0,4,72,72,55724,13586,300,653,146,63,393,0,72,4,73,4,4,0,10,0,0,0,0,0,2688,2816,2688,2816,4128,2208,5834,1640,0,0,0,0,100,77,41,38,37,72,69,77,0,0,54,0,0,0,0,0,0,13765,1080,333,0,333,0,344,344,100,2,1,0,999,999,40,0,25,0,0,0,0,0,0,0,0,0,0,100,2688,2816,100,0,0,0,0,0,0,0,0,0,0,0,0,0,0,0,0,0,0,0,0,160
958286,3243,534,87,47,9999,0,0,721,0,0,0,4181,3014,0,0,62,0,8,7,1920,599,2000,1,0,4,72,72,55960,13542,285,668,141,64,388,0,72,0,73,4,4,0,10,0,0,0,0,0,2688,2816,2688,2816,4128,2208,5943,1667,0,0,0,0,100,76,42,37,37,71,76,71,0,0,55,0,0,0,0,0,0,13765,1080,333,0,333,0,344,344,100,0,0,0,999,999,40,0,25,0,0,0,0,0,0,0,0,0,0,100,2688,2816,100,0,0,0,0,0,0,0,0,0,0,0,0,0,0,0,0,0,0,0,0,160
959333,3238,532,87,47,9999,0,0,743,0,0,0,4181,3106,0,0,62,0,8,7,1920,599,2000,1,0,4,70,72,56399,13552,360,666,101,64,345,0,64,6,72,4,4,0,10,0,0,0,0,0,2688,2816,2688,2816,4128,2208,5950,1681,0,0,0,0,100,72,43,38,37,71,72,69,0,0,54,0,0,0,0,0,0,13762,1085,332,0,332,0,343,343,100,4,1,0,999,999,40,0,25,0,0,0,0,0,0,0,0,0,0,100,2688,2816,100,0,0,0,0,0,0,0,0,0,0,0,0,0,0,0,0,0,0,0,0,160
960287,3238,532,87,47,9999,0,0,698,0,0,0,4181,2918,0,0,62,0,8,7,1920,599,2000,1,0,4,71,72,55707,13538,380,603,108,63,346,0,65,1,73,4,4,0,10,0,0,0,0,0,2688,2816,2688,2816,4128,2208,5858,1653,0,0,0,0,100,75,41,34,38,75,71,70,0,0,55,0,0,0,0,0,0,13762,1085,332,0,332,0,343,343,100,1,1,0,999,999,40,0,25,0,0,0,0,0,0,0,0,0,0,100,2688,2816,100,0,0,0,0,0,0,0,0,0,0,0,0,0,0,0,0,0,0,0,0,160
961289,3238,532,87,47,9999,0,0,719,0,0,0,4186,3009,0,0,62,0,8,7,1920,599,2000,1,0,4,69,72,55585,13575,297,703,199,63,358,0,74,4,73,4,4,0,10,0,0,0,0,0,2688,2816,2688,2816,4128,2208,5806,1619,0,0,0,0,100,76,37,38,37,69,69,76,0,0,55,0,0,0,0,0,0,13762,1085,332,0,332,0,343,343,100,2,1,0,999,999,40,0,25,0,0,0,0,0,0,0,0,0,0,100,2688,2816,100,0,0,0,0,0,0,0,0,0,0,0,0,0,0,0,0,0,0,0,0,160
962287,3238,532,87,47,9999,0,0,726,0,0,0,4186,3039,0,0,62,0,8,7,1920,599,2000,1,0,4,71,72,55205,13575,297,703,199,63,358,0,74,4,73,4,4,0,10,0,0,0,0,0,2688,2816,2688,2816,4128,2208,5847,1620,0,0,0,0,100,74,39,39,36,69,71,74,0,0,56,0,0,0,0,0,0,13762,1085,332,0,332,0,343,343,100,2,1,0,999,999,40,0,25,0,0,0,0,0,0,0,0,0,0,100,2688,2816,100,0,0,0,0,0,0,0,0,0,0,0,0,0,0,0,0,0,0,0,0,160
963290,3238,532,87,47,9999,0,0,610,0,0,0,4186,2553,0,0,62,0,8,7,1920,599,2000,1,0,4,73,72,56243,13571,284,675,187,64,381,0,68,2,73,4,4,0,10,0,0,0,0,0,2688,2816,2688,2816,4128,2208,5917,1628,0,0,0,0,100,73,39,41,39,71,71,73,0,0,55,0,0,0,0,0,0,13762,1085,332,0,332,0,343,343,100,2,1,0,999,999,40,0,25,0,0,0,0,0,0,0,0,0,0,100,2688,2816,100,0,0,0,0,0,0,0,0,0,0,0,0,0,0,0,0,0,0,0,0,160
964287,3238,532,87,47,9999,0,0,688,0,0,0,4186,2879,0,0,62,0,8,7,1920,599,2000,1,0,4,71,72,57342,13449,275,661,155,63,426,0,66,5,72,4,4,0,10,0,0,0,0,0,2688,2816,2688,2816,4128,2208,5984,1718,0,0,0,0,100,77,38,35,37,70,74,77,0,0,56,0,0,0,0,0,0,13762,1085,332,0,332,0,343,343,100,2,1,0,999,999,40,0,25,0,0,0,0,0,0,0,0,0,0,100,2688,2816,100,0,0,0,0,0,0,0,0,0,0,0,0,0,0,0,0,0,0,0,0,160
965287,3238,532,87,47,9999,0,0,800,0,0,0,4186,3348,0,0,62,0,8,7,1920,599,2000,1,0,4,73,72,56782,13618,375,682,95,64,313,0,75,0,72,4,4,0,10,0,0,0,0,0,2688,2816,2688,2816,4128,2208,5943,1629,0,0,0,0,100,71,39,36,37,67,71,70,0,0,56,0,0,0,0,0,0,13762,1085,332,0,332,0,343,343,100,0,0,0,999,999,40,0,25,0,0,0,0,0,0,0,0,0,0,100,2688,2816,100,0,0,0,0,0,0,0,0,0,0,0,0,0,0,0,0,0,0,0,0,160
966288,3238,532,87,47,9999,0,0,626,0,0,0,4186,2620,0,0,62,0,8,7,1920,599,2000,1,0,4,72,72,52853,13554,342,626,98,63,330,0,54,3,72,4,4,0,10,0,0,0,0,0,2688,2816,2688,2816,4128,2208,6211,1618,0,0,0,0,100,73,45,40,42,70,68,73,0,0,56,0,0,0,0,0,0,13762,1085,332,0,332,0,343,343,100,2,1,0,999,999,40,0,25,0,0,0,0,0,0,0,0,0,0,100,2688,2816,100,0,0,0,0,0,0,0,0,0,0,0,0,0,0,0,0,0,0,0,0,160
967287,3238,532,87,47,9999,0,0,626,0,0,0,4186,2620,0,0,62,0,8,7,1920,599,2000,1,0,4,70,72,54175,13637,329,710,162,63,417,0,68,2,72,4,4,0,10,0,0,0,0,0,2688,2816,2688,2816,4128,2208,6170,1606,0,0,0,0,100,77,44,40,37,72,68,77,0,0,57,0,0,0,0,0,0,13762,1085,332,0,332,0,343,343,100,2,1,0,999,999,40,0,25,0,0,0,0,0,0,0,0,0,0,100,2688,2816,100,0,0,0,0,0,0,0,0,0,0,0,0,0,0,0,0,0,0,0,0,160
968290,3238,532,87,47,9999,0,0,659,0,0,0,4186,2758,0,0,62,0,8,7,1920,599,2000,1,0,4,73,72,58160,13617,358,719,107,63,299,0,67,2,73,4,4,0,10,0,0,0,0,0,2688,2816,2688,2816,4128,2208,6235,1589,0,0,0,0,100,73,41,38,39,67,72,73,0,0,56,0,0,0,0,0,0,13762,1085,332,0,332,0,343,343,100,2,1,0,999,999,40,0,25,0,0,0,0,0,0,0,0,0,0,100,2688,2816,100,0,0,0,0,0,0,0,0,0,0,0,0,0,0,0,0,0,0,0,0,160
969290,3238,532,87,47,9999,0,0,866,0,0,0,4186,3625,0,0,62,0,8,7,1920,599,2000,1,0,4,71,72,55554,13512,354,641,95,63,402,0,65,4,72,4,4,0,10,0,0,0,0,0,2688,2816,2688,2816,4128,2208,6343,1669,0,0,0,0,100,73,41,38,40,70,73,73,0,0,56,0,0,0,0,0,0,13762,1085,332,0,332,0,343,343,100,2,1,0,999,999,40,0,25,0,0,0,0,0,0,0,0,0,0,100,2688,2816,100,0,0,0,0,0,0,0,0,0,0,0,0,0,0,0,0,0,0,0,0,160
970288,3238,532,87,47,9999,0,0,554,0,0,0,4186,2319,0,0,62,0,8,7,1920,599,2000,1,0,4,68,72,53966,13596,333,678,136,63,367,0,63,2,73,4,4,0,10,0,0,0,0,0,2688,2816,2688,2816,4128,2208,6091,1663,0,0,0,0,100,73,42,38,38,69,73,72,0,0,56,0,0,0,0,0,0,13762,1085,332,0,332,0,343,343,100,2,1,0,999,999,40,0,25,0,0,0,0,0,0,0,0,0,0,100,2688,2816,100,0,0,0,0,0,0,0,0,0,0,0,0,0,0,0,0,0,0,0,0,160
971288,3238,532,87,47,9999,0,0,643,0,0,0,4183,2689,0,0,62,0,8,7,1920,599,2000,1,0,4,70,72,51283,13556,300,696,155,63,363,0,48,6,72,4,4,0,10,0,0,0,0,0,2688,2816,2688,2816,4128,2208,5865,1615,0,0,0,0,100,73,42,38,36,69,68,73,0,0,58,0,0,0,0,0,0,13762,1085,332,0,332,0,343,343,100,3,1,0,999,999,40,0,25,0,0,0,0,0,0,0,0,0,0,100,2688,2816,100,0,0,0,0,0,0,0,0,0,0,0,0,0,0,0,0,0,0,0,0,160
972287,3238,532,87,47,9999,0,0,694,0,0,0,4183,2903,0,0,62,0,8,7,1920,599,2000,1,0,4,72,72,56758,13523,315,688,150,63,384,0,56,5,72,4,4,0,10,0,0,0,0,0,2688,2816,2688,2816,4128,2208,6503,1631,0,0,0,0,100,71,42,36,39,62,71,67,0,0,59,0,0,0,0,0,0,13762,1085,332,0,332,0,343,343,100,3,1,0,999,999,40,0,25,0,0,0,0,0,0,0,0,0,0,100,2688,2816,100,0,0,0,0,0,0,0,0,0,0,0,0,0,0,0,0,0,0,0,0,160
973288,3238,532,87,47,9999,0,0,634,0,0,0,4183,2652,0,0,62,0,8,7,1920,599,2000,1,0,4,73,72,58745,13599,355,663,101,64,355,0,69,0,73,4,4,0,10,0,0,0,0,0,2688,2816,2688,2816,4128,2208,6029,1557,0,0,0,0,100,71,42,39,37,65,71,62,0,0,58,0,0,0,0,0,0,13762,1085,332,0,332,0,343,343,100,0,0,0,999,999,40,0,25,0,0,0,0,0,0,0,0,0,0,100,2688,2816,100,0,0,0,0,0,0,0,0,0,0,0,0,0,0,0,0,0,0,0,0,160
974288,3238,532,87,47,9999,0,0,955,0,0,0,4183,3994,0,0,62,0,8,7,1920,599,2000,1,0,4,73,72,57178,13548,310,691,126,63,393,0,72,0,72,4,4,0,10,0,0,0,0,0,2688,2816,2688,2816,4128,2208,6641,1717,0,0,0,0,100,68,43,39,39,66,68,66,0,0,58,0,0,0,0,0,0,13762,1085,332,0,332,0,343,343,100,0,0,0,999,999,40,0,25,0,0,0,0,0,0,0,0,0,0,100,2688,2816,100,0,0,0,0,0,0,0,0,0,0,0,0,0,0,0,0,0,0,0,0,160
975288,3238,532,87,47,9999,0,0,836,0,0,0,4183,3496,0,0,62,0,8,7,1920,599,2000,1,0,4,68,72,54433,13523,298,598,149,63,384,0,71,1,73,4,4,0,10,0,0,0,0,0,2688,2816,2688,2816,4128,2208,6308,1678,0,0,0,0,100,78,54,53,50,74,73,78,0,0,58,0,0,0,0,0,0,13762,1085,332,0,332,0,343,343,100,1,1,0,999,999,40,0,25,0,0,0,0,0,0,0,0,0,0,100,2688,2816,100,0,0,0,0,0,0,0,0,0,0,0,0,0,0,0,0,0,0,0,0,160
976289,3238,532,87,47,9999,0,0,775,0,0,0,4183,3241,0,0,62,0,8,7,1920,599,2000,1,0,4,70,72,49650,13536,299,670,150,64,364,0,38,6,73,4,4,0,10,0,0,0,0,0,2688,2816,2688,2816,4128,2208,6200,1628,0,0,0,0,100,75,46,44,41,70,75,73,0,0,59,0,0,0,0,0,0,13762,1085,332,0,332,0,343,343,100,3,1,0,999,999,40,0,25,0,0,0,0,0,0,0,0,0,0,100,2688,2816,100,0,0,0,0,0,0,0,0,0,0,0,0,0,0,0,0,0,0,0,0,160
977291,3238,532,87,47,9999,0,0,633,0,0,0,4183,2647,0,0,62,0,8,7,1920,599,2000,1,0,4,72,72,54338,13704,367,747,113,63,310,0,44,4,72,4,4,0,10,0,0,0,0,0,2688,2816,2688,2816,4128,2208,6354,1650,0,0,0,0,100,77,42,38,39,74,75,77,0,0,59,0,0,0,0,0,0,13762,1085,332,0,332,0,343,343,100,2,1,0,999,999,40,0,25,0,0,0,0,0,0,0,0,0,0,100,2688,2816,100,0,0,0,0,0,0,0,0,0,0,0,0,0,0,0,0,0,0,0,0,160
978289,3238,532,87,47,9999,0,0,696,0,0,0,4183,2911,0,0,62,0,8,7,1920,599,2000,1,0,4,71,72,54913,13578,342,640,97,64,338,0,50,2,73,4,4,0,10,0,0,0,0,0,2688,2816,2688,2816,4128,2208,6408,1656,0,0,0,0,100,76,40,37,38,71,76,74,0,0,59,0,0,0,0,0,0,13762,1085,332,0,332,0,343,343,100,2,1,0,999,999,40,0,25,0,0,0,0,0,0,0,0,0,0,100,2688,2816,100,0,0,0,0,0,0,0,0,0,0,0,0,0,0,0,0,0,0,0,0,160
979330,3256,532,87,47,9999,0,0,626,0,0,0,4184,2619,0,0,62,0,8,7,1920,599,2000,1,0,4,69,72,55725,13553,317,626,95,64,465,0,68,0,73,4,4,0,10,0,0,0,0,0,2688,2816,2688,2816,4128,2208,5745,1650,0,0,0,0,100,73,40,38,37,73,71,73,0,0,58,0,0,0,0,0,0,13764,1078,332,0,332,0,343,343,100,0,0,0,999,999,40,0,25,0,0,0,0,0,0,0,0,0,0,100,2688,2816,100,0,0,0,0,0,0,0,0,0,0,0,0,0,0,0,0,0,0,0,0,160
980290,3256,532,87,47,9999,0,0,684,0,0,0,4184,2861,0,0,62,0,8,7,1920,599,2000,1,0,4,70,72,55255,13553,289,751,181,63,373,0,62,6,73,4,4,0,10,0,0,0,0,0,2688,2816,2688,2816,4128,2208,6738,1686,0,0,0,0,100,76,39,35,36,76,71,73,0,0,59,0,0,0,0,0,0,13764,1078,332,0,332,0,343,343,100,4,1,0,999,999,40,0,25,0,0,0,0,0,0,0,0,0,0,100,2688,2816,100,0,0,0,0,0,0,0,0,0,0,0,0,0,0,0,0,0,0,0,0,160
981290,3256,532,87,47,9999,0,0,702,0,0,0,4183,2936,0,0,62,0,8,7,1920,599,2000,1,0,4,68,72,55565,13533,324,655,117,63,347,0,56,5,73,4,4,0,10,0,0,0,0,0,2688,2816,2688,2816,4128,2208,6578,1581,0,0,0,0,100,72,39,40,37,69,72,69,0,0,58,0,0,0,0,0,0,13764,1078,332,0,332,0,343,343,100,2,1,0,999,999,40,0,25,0,0,0,0,0,0,0,0,0,0,100,2688,2816,100,0,0,0,0,0,0,0,0,0,0,0,0,0,0,0,0,0,0,0,0,160
982289,3256,532,87,47,9999,0,0,792,0,0,0,4183,3312,0,0,62,0,8,7,1920,599,2000,1,0,4,73,72,56122,13523,334,607,99,63,350,0,56,4,72,4,4,0,10,0,0,0,0,0,2688,2816,2688,2816,4128,2208,6653,1639,0,0,0,0,100,75,40,35,34,60,75,67,0,0,60,0,0,0,0,0,0,13764,1078,332,0,332,0,343,343,100,1,1,0,999,999,40,0,25,0,0,0,0,0,0,0,0,0,0,100,2688,2816,100,0,0,0,0,0,0,0,0,0,0,0,0,0,0,0,0,0,0,0,0,160
983289,3256,532,87,47,9999,0,0,824,0,0,0,4183,3446,0,0,62,0,8,7,1920,599,2000,1,0,4,71,72,56628,13541,312,586,104,63,404,0,72,0,73,4,4,0,10,0,0,0,0,0,2688,2816,2688,2816,4128,2208,6085,1626,0,0,0,0,100,70,40,34,32,68,70,64,0,0,60,0,0,0,0,0,0,13764,1078,332,0,332,0,343,343,100,0,0,0,999,999,40,0,25,0,0,0,0,0,0,0,0,0,0,100,2688,2816,100,0,0,0,0,0,0,0,0,0,0,0,0,0,0,0,0,0,0,0,0,160
984290,3256,532,87,47,9999,0,0,702,0,0,0,4183,2936,0,0,62,0,8,7,1920,599,2000,1,0,4,73,72,57815,13491,327,622,87,63,342,0,64,1,73,4,4,0,10,0,0,0,0,0,2688,2816,2688,2816,4128,2208,6050,1637,0,0,0,0,100,66,37,31,31,66,64,61,0,0,60,0,0,0,0,0,0,13764,1078,332,0,332,0,343,343,100,1,1,0,999,999,40,0,25,0,0,0,0,0,0,0,0,0,0,100,2688,2816,100,0,0,0,0,0,0,0,0,0,0,0,0,0,0,0,0,0,0,0,0,160
985290,3256,532,87,47,9999,0,0,666,0,0,0,4183,2785,0,0,62,0,8,7,1920,599,2000,1,0,4,70,72,55733,13468,342,613,104,63,336,0,73,2,73,4,4,0,10,0,0,0,0,0,2688,2816,2688,2816,4128,2208,6393,1619,0,0,0,0,100,66,37,31,31,66,64,61,0,0,59,0,0,0,0,0,0,13764,1078,332,0,332,0,343,343,100,2,1,0,999,999,40,0,25,0,0,0,0,0,0,0,0,0,0,100,2688,2816,100,0,0,0,0,0,0,0,0,0,0,0,0,0,0,0,0,0,0,0,0,160
986290,3256,532,87,47,9999,0,0,711,0,0,0,4183,2974,0,0,62,0,8,7,1920,599,2000,1,0,4,68,72,55255,13568,357,620,112,63,354,0,54,6,73,4,4,0,10,0,0,0,0,0,2688,2816,2688,2816,4128,2208,7005,1647,0,0,0,0,100,74,39,35,38,74,74,72,0,0,58,0,0,0,0,0,0,13764,1078,332,0,332,0,343,343,100,3,1,0,999,999,40,0,25,0,0,0,0,0,0,0,0,0,0,100,2688,2816,100,0,0,0,0,0,0,0,0,0,0,0,0,0,0,0,0,0,0,0,0,160
987291,3256,532,87,47,9999,0,0,563,0,0,0,4183,2355,0,0,62,0,8,7,1920,599,2000,1,0,4,73,72,55544,13623,318,630,123,63,352,0,61,4,72,4,4,0,10,0,0,0,0,0,2688,2816,2688,2816,4128,2208,6646,1648,0,0,0,0,100,71,39,36,38,68,71,69,0,0,59,0,0,0,0,0,0,13764,1078,332,0,332,0,343,343,100,2,1,0,999,999,40,0,25,0,0,0,0,0,0,0,0,0,0,100,2688,2816,100,0,0,0,0,0,0,0,0,0,0,0,0,0,0,0,0,0,0,0,0,160
988290,3256,532,87,47,9999,0,0,656,0,0,0,4183,2744,0,0,62,0,8,7,1920,599,2000,1,0,4,71,72,56710,13589,345,659,108,63,349,0,61,2,73,4,4,0,10,0,0,0,0,0,2688,2816,2688,2816,4128,2208,6607,1660,0,0,0,0,100,71,37,39,35,69,71,65,0,0,58,0,0,0,0,0,0,13764,1078,332,0,332,0,343,343,100,2,1,0,999,999,40,0,25,0,0,0,0,0,0,0,0,0,0,100,2688,2816,100,0,0,0,0,0,0,0,0,0,0,0,0,0,0,0,0,0,0,0,0,160
989292,3256,532,87,47,9999,0,0,709,0,0,0,4183,2965,0,0,62,0,8,7,1920,599,2000,1,0,4,71,72,55589,13591,346,671,110,64,422,0,61,2,73,4,4,0,10,0,0,0,0,0,2688,2816,2688,2816,4128,2208,6304,1697,0,0,0,0,100,68,42,41,37,63,68,68,0,0,60,0,0,0,0,0,0,13764,1078,332,0,332,0,343,343,100,1,1,0,999,999,40,0,25,0,0,0,0,0,0,0,0,0,0,100,2688,2816,100,0,0,0,0,0,0,0,0,0,0,0,0,0,0,0,0,0,0,0,0,160
990292,3256,532,87,47,9999,0,0,730,0,0,0,4183,3053,0,0,62,0,8,7,1920,599,2000,1,0,4,73,72,59514,13667,606,664,108,64,421,0,74,0,72,4,4,0,10,0,0,0,0,0,2688,2816,2688,2816,4128,2208,6967,1644,0,0,0,0,100,68,41,35,35,66,68,68,0,0,60,0,0,0,0,0,0,13764,1078,332,0,332,0,343,343,100,0,0,0,999,999,40,0,25,0,0,0,0,0,0,0,0,0,0,100,2688,2816,100,0,0,0,0,0,0,0,0,0,0,0,0,0,0,0,0,0,0,0,0,160
991292,3256,532,87,47,9999,0,0,758,0,0,0,4183,3170,0,0,62,0,8,7,1920,599,2000,1,0,4,68,72,57337,13613,327,646,108,63,340,0,61,3,72,4,4,0,10,0,0,0,0,0,2688,2816,2688,2816,4128,2208,6695,1600,0,0,0,0,100,73,37,33,30,72,73,67,0,0,59,0,0,0,0,0,0,13764,1078,332,0,332,0,343,343,100,2,1,0,999,999,40,0,25,0,0,0,0,0,0,0,0,0,0,100,2688,2816,100,0,0,0,0,0,0,0,0,0,0,0,0,0,0,0,0,0,0,0,0,160
992292,3256,532,87,47,9999,0,0,629,0,0,0,4183,2631,0,0,62,0,8,7,1920,599,2000,1,0,4,71,72,55066,13497,309,630,122,64,345,0,57,6,73,4,4,0,10,0,0,0,0,0,2688,2816,2688,2816,4128,2208,6258,1653,0,0,0,0,100,74,41,35,36,74,74,68,0,0,58,0,0,0,0,0,0,13764,1078,332,0,332,0,343,343,100,2,1,0,999,999,40,0,25,0,0,0,0,0,0,0,0,0,0,100,2688,2816,100,0,0,0,0,0,0,0,0,0,0,0,0,0,0,0,0,0,0,0,0,160
993293,3256,532,87,47,9999,0,0,666,0,0,0,4183,2785,0,0,62,0,8,7,1920,599,2000,1,0,4,71,72,57082,13529,314,692,172,63,386,0,73,0,72,4,4,0,10,0,0,0,0,0,2688,2816,2688,2816,4128,2208,6028,1584,0,0,0,0,100,73,37,34,30,70,71,73,0,0,57,0,0,0,0,0,0,13764,1078,332,0,332,0,343,343,100,0,0,0,999,999,40,0,25,0,0,0,0,0,0,0,0,0,0,100,2688,2816,100,0,0,0,0,0,0,0,0,0,0,0,0,0,0,0,0,0,0,0,0,160
994293,3256,532,87,47,9999,0,0,623,0,0,0,4183,2606,0,0,62,0,8,7,1920,599,2000,1,0,4,72,72,54647,13555,348,668,124,63,328,0,59,3,73,4,4,0,10,0,0,0,0,0,2688,2816,2688,2816,4128,2208,6020,1617,0,0,0,0,100,73,41,35,34,66,70,73,0,0,57,0,0,0,0,0,0,13764,1078,332,0,332,0,343,343,100,2,1,0,999,999,40,0,25,0,0,0,0,0,0,0,0,0,0,100,2688,2816,100,0,0,0,0,0,0,0,0,0,0,0,0,0,0,0,0,0,0,0,0,160
995293,3256,532,87,47,9999,0,0,742,0,0,0,4183,3103,0,0,62,0,8,7,1920,599,2000,1,0,4,72,72,55927,13550,332,654,117,64,298,0,69,0,72,4,4,0,10,0,0,0,0,0,2688,2816,2688,2816,4128,2208,6378,1610,0,0,0,0,100,74,41,35,37,72,71,74,0,0,59,0,0,0,0,0,0,13764,1078,332,0,332,0,343,343,100,0,0,0,999,999,40,0,25,0,0,0,0,0,0,0,0,0,0,100,2688,2816,100,0,0,0,0,0,0,0,0,0,0,0,0,0,0,0,0,0,0,0,0,160
996296,3256,532,87,47,9999,0,0,834,0,0,0,4183,3488,0,0,62,0,8,7,1920,599,2000,1,0,4,72,72,55466,13533,358,575,115,63,375,0,50,2,73,4,4,0,10,0,0,0,0,0,2688,2816,2688,2816,4128,2208,6295,1628,0,0,0,0,100,79,53,51,50,77,79,75,0,0,58,0,0,0,0,0,0,13764,1078,332,0,332,0,343,343,100,2,1,0,999,999,40,0,25,0,0,0,0,0,0,0,0,0,0,100,2688,2816,100,0,0,0,0,0,0,0,0,0,0,0,0,0,0,0,0,0,0,0,0,160
997303,3256,532,87,47,9999,0,0,762,0,0,0,4183,3187,0,0,62,0,8,7,1920,599,2000,1,0,4,70,72,52264,13502,325,635,128,64,365,0,53,0,73,4,4,0,10,0,0,0,0,0,2688,2816,2688,2816,4128,2208,6692,1637,0,0,0,0,100,76,49,51,46,74,75,76,0,0,60,0,0,0,0,0,0,13764,1078,332,0,332,0,343,343,100,0,0,0,999,999,40,0,25,0,0,0,0,0,0,0,0,0,0,100,2688,2816,100,0,0,0,0,0,0,0,0,0,0,0,0,0,0,0,0,0,0,0,0,160
998293,3256,532,87,47,9999,0,0,650,0,0,0,4183,2718,0,0,62,0,8,7,1920,599,2000,1,0,4,67,72,57711,13636,337,686,114,63,336,0,44,8,72,4,4,0,10,0,0,0,0,0,2688,2816,2688,2816,4128,2208,6773,1672,0,0,0,0,100,72,46,45,42,69,71,72,0,0,58,0,0,0,0,0,0,13764,1078,332,0,332,0,343,343,100,2,1,0,999,999,40,0,25,0,0,0,0,0,0,0,0,0,0,100,2688,2816,100,0,0,0,0,0,0,0,0,0,0,0,0,0,0,0,0,0,0,0,0,160
999331,3251,531,87,47,9999,0,0,576,0,0,0,4183,2409,0,0,62,0,8,7,1920,599,2000,1,0,4,72,72,57033,13593,320,653,98,63,342,0,59,4,72,4,4,0,10,0,0,0,0,0,2688,2816,2688,2816,4128,2208,6605,1611,0,0,0,0,100,72,47,43,47,70,72,72,0,0,58,0,0,0,0,0,0,13762,1076,330,0,330,0,341,341,100,2,1,0,999,999,40,0,25,0,0,0,0,0,0,0,0,0,0,100,2688,2816,100,0,0,0,0,0,0,0,0,0,0,0,0,0,0,0,0,0,0,0,0,160
1000294,3251,531,87,47,9999,0,0,653,0,0,0,4183,2731,0,0,62,0,8,7,1920,599,2000,1,0,4,73,72,55211,13512,330,639,109,63,375,0,69,0,73,4,4,0,10,0,0,0,0,0,2688,2816,2688,2816,4128,2208,6426,1628,0,0,0,0,100,68,41,37,39,66,68,68,0,0,59,0,0,0,0,0,0,13762,1076,330,0,330,0,341,341,100,0,0,0,999,999,40,0,25,0,0,0,0,0,0,0,0,0,0,100,2688,2816,100,0,0,0,0,0,0,0,0,0,0,0,0,0,0,0,0,0,0,0,0,160
1001293,3251,531,87,47,9999,0,0,666,0,0,0,4176,2781,0,0,62,0,8,7,1920,599,2000,1,0,4,72,72,55919,13440,350,601,99,63,326,0,61,0,72,4,4,0,10,0,0,0,0,0,2688,2816,2688,2816,4128,2208,6640,1600,0,0,0,0,100,69,39,35,34,64,69,66,0,0,60,0,0,0,0,0,0,13762,1076,330,0,330,0,341,341,100,0,0,0,999,999,40,0,25,0,0,0,0,0,0,0,0,0,0,100,2688,2816,100,0,0,0,0,0,0,0,0,0,0,0,0,0,0,0,0,0,0,0,0,160
1002293,3251,531,87,47,9999,0,0,734,0,0,0,4176,3065,0,0,62,0,8,7,1920,599,2000,1,0,4,72,72,52542,13570,322,646,110,63,363,0,65,0,73,4,4,0,10,0,0,0,0,0,2688,2816,2688,2816,4128,2208,6518,1638,0,0,0,0,100,71,38,35,36,68,65,71,0,0,59,0,0,0,0,0,0,13762,1076,330,0,330,0,341,341,100,0,0,0,999,999,40,0,25,0,0,0,0,0,0,0,0,0,0,100,2688,2816,100,0,0,0,0,0,0,0,0,0,0,0,0,0,0,0,0,0,0,0,0,160
1003295,3251,531,87,47,9999,0,0,624,0,0,0,4176,2605,0,0,62,0,8,7,1920,599,2000,1,0,4,66,72,52159,13573,317,645,103,63,350,0,41,10,72,4,4,0,10,0,0,0,0,0,2688,2816,2688,2816,4128,2208,6118,1632,0,0,0,0,100,73,39,35,36,62,73,62,0,0,57,0,0,0,0,0,0,13762,1076,330,0,330,0,341,341,100,3,1,0,999,999,40,0,25,0,0,0,0,0,0,0,0,0,0,100,2688,2816,100,0,0,0,0,0,0,0,0,0,0,0,0,0,0,0,0,0,0,0,0,160
1004295,3251,531,87,47,9999,0,0,913,0,0,0,4176,3812,0,0,62,0,8,7,1920,599,2000,1,0,4,67,72,52766,13512,321,639,129,63,300,0,42,9,73,4,4,0,10,0,0,0,0,0,2688,2816,2688,2816,4128,2208,6462,1736,0,0,0,0,100,74,36,36,34,71,72,74,0,0,57,0,0,0,0,0,0,13762,1076,330,0,330,0,341,341,100,4,1,0,999,999,40,0,25,0,0,0,0,0,0,0,0,0,0,100,2688,2816,100,0,0,0,0,0,0,0,0,0,0,0,0,0,0,0,0,0,0,0,0,160
1005293,3251,531,87,47,9999,0,0,666,0,0,0,4176,2781,0,0,62,0,8,7,1920,599,2000,1,0,4,72,72,53862,13560,362,649,113,63,365,0,46,4,73,4,4,0,10,0,0,0,0,0,2688,2816,2688,2816,4128,2208,6381,1638,0,0,0,0,100,75,36,34,39,72,72,75,0,0,59,0,0,0,0,0,0,13762,1076,330,0,330,0,341,341,100,2,1,0,999,999,40,0,25,0,0,0,0,0,0,0,0,0,0,100,2688,2816,100,0,0,0,0,0,0,0,0,0,0,0,0,0,0,0,0,0,0,0,0,160
1006293,3251,531,87,47,9999,0,0,830,0,0,0,4176,3466,0,0,62,0,8,7,1920,599,2000,1,0,4,72,72,54801,13550,342,636,81,64,312,0,57,1,72,4,4,0,10,0,0,0,0,0,2688,2816,2688,2816,4128,2208,6473,1573,0,0,0,0,100,74,42,35,38,74,73,68,0,0,60,0,0,0,0,0,0,13762,1076,330,0,330,0,341,341,100,1,1,0,999,999,40,0,25,0,0,0,0,0,0,0,0,0,0,100,2688,2816,100,0,0,0,0,0,0,0,0,0,0,0,0,0,0,0,0,0,0,0,0,160
1007293,3251,531,87,47,9999,0,0,660,0,0,0,4176,2756,0,0,62,0,8,7,1920,599,2000,1,0,4,72,72,56120,13585,312,626,116,63,393,0,65,0,72,4,4,0,10,0,0,0,0,0,2688,2816,2688,2816,4128,2208,6350,1613,0,0,0,0,100,69,39,36,32,69,66,67,0,0,59,0,0,0,0,0,0,13762,1076,330,0,330,0,341,341,100,0,0,0,999,999,40,0,25,0,0,0,0,0,0,0,0,0,0,100,2688,2816,100,0,0,0,0,0,0,0,0,0,0,0,0,0,0,0,0,0,0,0,0,160
1008293,3251,531,87,47,9999,0,0,737,0,0,0,4176,3077,0,0,62,0,8,7,1920,599,2000,1,0,4,73,72,54838,13598,344,712,102,63,421,0,61,1,73,4,4,0,10,0,0,0,0,0,2688,2816,2688,2816,4128,2208,6469,1628,0,0,0,0,100,68,40,41,34,64,68,66,0,0,60,0,0,0,0,0,0,13762,1076,330,0,330,0,341,341,100,1,1,0,999,999,40,0,25,0,0,0,0,0,0,0,0,0,0,100,2688,2816,100,0,0,0,0,0,0,0,0,0,0,0,0,0,0,0,0,0,0,0,0,160
1009293,3251,531,87,47,9999,0,0,607,0,0,0,4176,2534,0,0,62,0,8,7,1920,599,2000,1,0,4,71,72,55087,13530,363,624,104,62,347,0,68,1,73,4,4,0,10,0,0,0,0,0,2688,2816,2688,2816,4128,2208,6295,1728,0,0,0,0,100,68,42,39,36,65,64,68,0,0,59,0,0,0,0,0,0,13762,1076,330,0,330,0,341,341,100,1,1,0,999,999,40,0,25,0,0,0,0,0,0,0,0,0,0,100,2688,2816,100,0,0,0,0,0,0,0,0,0,0,0,0,0,0,0,0,0,0,0,0,160
1010294,3251,531,87,47,9999,0,0,721,0,0,0,4176,3010,0,0,62,0,8,7,1920,599,2000,1,0,4,71,72,55428,13514,400,602,105,64,326,0,57,0,73,4,4,0,10,0,0,0,0,0,2688,2816,2688,2816,4128,2208,6561,1623,0,0,0,0,100,76,42,37,34,67,76,73,0,0,59,0,0,0,0,0,0,13762,1076,330,0,330,0,341,341,100,0,0,0,999,999,40,0,25,0,0,0,0,0,0,0,0,0,0,100,2688,2816,100,0,0,0,0,0,0,0,0,0,0,0,0,0,0,0,0,0,0,0,0,160
1011294,3251,531,87,47,9999,0,0,851,0,0,0,4185,3561,0,0,62,0,8,7,1920,599,2000,1,0,4,71,72,56189,13545,303,620,108,64,304,0,48,4,72,4,4,0,10,0,0,0,0,0,2688,2816,2688,2816,4128,2208,6515,1613,0,0,0,0,100,75,40,35,39,73,73,75,0,0,58,0,0,0,0,0,0,13762,1076,330,0,330,0,341,341,100,2,1,0,999,999,40,0,25,0,0,0,0,0,0,0,0,0,0,100,2688,2816,100,0,0,0,0,0,0,0,0,0,0,0,0,0,0,0,0,0,0,0,0,160
1012294,3251,531,87,47,9999,0,0,574,0,0,0,4185,2402,0,0,62,0,8,7,1920,599,2000,1,0,4,72,72,58111,13591,325,690,133,63,383,0,75,0,73,4,4,0,10,0,0,0,0,0,2688,2816,2688,2816,4128,2208,6330,1622,0,0,0,0,100,75,42,35,35,68,75,75,0,0,60,0,0,0,0,0,0,13762,1076,330,0,330,0,341,341,100,1,1,0,999,999,40,0,25,0,0,0,0,0,0,0,0,0,0,100,2688,2816,100,0,0,0,0,0,0,0,0,0,0,0,0,0,0,0,0,0,0,0,0,160
1013295,3251,531,87,47,9999,0,0,729,0,0,0,4185,3050,0,0,62,0,8,7,1920,599,2000,1,0,4,72,72,56872,13596,372,653,113,63,316,0,62,1,72,4,4,0,10,0,0,0,0,0,2688,2816,2688,2816,4128,2208,6369,1628,0,0,0,0,100,73,42,37,35,68,68,73,0,0,59,0,0,0,0,0,0,13762,1076,330,0,330,0,341,341,100,1,1,0,999,999,40,0,25,0,0,0,0,0,0,0,0,0,0,100,2688,2816,100,0,0,0,0,0,0,0,0,0,0,0,0,0,0,0,0,0,0,0,0,160
1014295,3251,531,87,47,9999,0,0,702,0,0,0,4185,2937,0,0,62,0,8,7,1920,599,2000,1,0,4,70,72,56925,13555,358,634,101,64,382,0,64,3,72,4,4,0,10,0,0,0,0,0,2688,2816,2688,2816,4128,2208,6465,1676,0,0,0,0,100,69,40,39,37,67,68,69,0,0,58,0,0,0,0,0,0,13762,1076,330,0,330,0,341,341,100,1,1,0,999,999,40,0,25,0,0,0,0,0,0,0,0,0,0,100,2688,2816,100,0,0,0,0,0,0,0,0,0,0,0,0,0,0,0,0,0,0,0,0,160
1015296,3251,531,87,47,9999,0,0,602,0,0,0,4185,2519,0,0,62,0,8,7,1920,599,2000,1,0,4,73,72,57390,13525,309,606,124,63,396,0,72,1,73,4,4,0,10,0,0,0,0,0,2688,2816,2688,2816,4128,2208,6390,1616,0,0,0,0,100,69,41,34,35,65,68,69,0,0,59,0,0,0,0,0,0,13762,1076,330,0,330,0,341,341,100,2,1,0,999,999,40,0,25,0,0,0,0,0,0,0,0,0,0,100,2688,2816,100,0,0,0,0,0,0,0,0,0,0,0,0,0,0,0,0,0,0,0,0,160
1016297,3251,531,87,47,9999,0,0,761,0,0,0,4185,3184,0,0,62,0,8,7,1920,599,2000,1,0,4,71,72,55679,13466,242,707,128,64,344,0,71,0,72,4,4,0,10,0,0,0,0,0,2688,2816,2688,2816,4128,2208,6324,1586,0,0,0,0,100,69,37,32,31,68,69,66,0,0,59,0,0,0,0,0,0,13762,1076,330,0,330,0,341,341,100,0,0,0,999,999,40,0,25,0,0,0,0,0,0,0,0,0,0,100,2688,2816,100,0,0,0,0,0,0,0,0,0,0,0,0,0,0,0,0,0,0,0,0,160
1017296,3251,531,87,47,9999,0,0,796,0,0,0,4185,3331,0,0,62,0,8,7,1920,599,2000,1,0,4,71,72,55679,13517,346,640,106,64,399,0,47,4,72,4,4,0,10,0,0,0,0,0,2688,2816,2688,2816,4128,2208,6501,1705,0,0,0,0,100,73,41,32,34,69,73,71,0,0,59,0,0,0,0,0,0,13762,1076,330,0,330,0,341,341,100,4,1,0,999,999,40,0,25,0,0,0,0,0,0,0,0,0,0,100,2688,2816,100,0,0,0,0,0,0,0,0,0,0,0,0,0,0,0,0,0,0,0,0,160
1018296,3251,531,87,47,9999,0,0,765,0,0,0,4185,3201,0,0,62,0,8,7,1920,599,2000,1,0,4,71,72,49726,13629,340,616,117,64,357,0,29,6,73,4,4,0,10,0,0,0,0,0,2688,2816,2688,2816,4128,2208,6381,1701,0,0,0,0,100,77,51,50,48,73,76,77,0,0,56,0,0,0,0,0,0,13762,1076,330,0,330,0,341,341,100,2,1,0,999,999,40,0,25,0,0,0,0,0,0,0,0,0,0,100,2688,2816,100,0,0,0,0,0,0,0,0,0,0,0,0,0,0,0,0,0,0,0,0,160
1019339,3233,531,87,47,9999,0,0,625,0,0,0,4185,2615,0,0,62,0,8,7,1920,599,2000,1,0,4,66,72,54025,13604,300,652,104,63,391,0,44,4,73,4,4,0,10,0,0,0,0,0,2688,2816,2688,2816,4128,2208,6155,1709,0,0,0,0,100,76,48,43,48,76,74,76,0,0,57,0,0,0,0,0,0,13762,1078,330,0,330,0,341,341,100,1,1,0,999,999,40,0,25,0,0,0,0,0,0,0,0,0,0,100,2688,2816,100,0,0,0,0,0,0,0,0,0,0,0,0,0,0,0,0,0,0,0,0,160
1020298,3233,531,87,47,9999,0,0,739,0,0,0,4185,3092,0,0,62,0,8,7,1920,599,2000,1,0,4,72,72,54494,13474,283,650,106,64,369,0,65,1,72,4,4,0,10,0,0,0,0,0,2688,2816,2688,2816,4128,2208,5749,1643,0,0,0,0,100,76,38,34,32,72,72,76,0,0,58,0,0,0,0,0,0,13762,1078,330,0,330,0,341,341,100,1,1,0,999,999,40,0,25,0,0,0,0,0,0,0,0,0,0,100,2688,2816,100,0,0,0,0,0,0,0,0,0,0,0,0,0,0,0,0,0,0,0,0,160
1021297,3233,531,87,47,9999,0,0,567,0,0,0,4180,2370,0,0,62,0,8,7,1920,599,2000,1,0,4,72,72,56124,13583,370,654,115,63,332,0,68,1,72,4,4,0,10,0,0,0,0,0,2688,2816,2688,2816,4128,2208,6333,1585,0,0,0,0,100,75,41,36,37,72,73,75,0,0,58,0,0,0,0,0,0,13762,1078,330,0,330,0,341,341,100,1,1,0,999,999,40,0,25,0,0,0,0,0,0,0,0,0,0,100,2688,2816,100,0,0,0,0,0,0,0,0,0,0,0,0,0,0,0,0,0,0,0,0,160
1022296,3233,531,87,47,9999,0,0,590,0,0,0,4180,2466,0,0,62,0,8,7,1920,599,2000,1,0,4,73,72,57028,13632,348,683,112,64,419,0,69,0,73,4,4,0,10,0,0,0,0,0,2688,2816,2688,2816,4128,2208,6258,1674,0,0,0,0,100,70,40,36,35,68,68,70,0,0,59,0,0,0,0,0,0,13762,1078,330,0,330,0,341,341,100,0,0,0,999,999,40,0,25,0,0,0,0,0,0,0,0,0,0,100,2688,2816,100,0,0,0,0,0,0,0,0,0,0,0,0,0,0,0,0,0,0,0,0,160
1023298,3233,531,87,47,9999,0,0,654,0,0,0,4180,2733,0,0,62,0,8,7,1920,599,2000,1,0,4,72,72,55797,13579,300,656,103,63,306,0,73,0,73,4,4,0,10,0,0,0,0,0,2688,2816,2688,2816,4128,2208,6130,1648,0,0,0,0,100,70,35,34,37,65,65,70,0,0,58,0,0,0,0,0,0,13762,1078,330,0,330,0,341,341,100,0,0,0,999,999,40,0,25,0,0,0,0,0,0,0,0,0,0,100,2688,2816,100,0,0,0,0,0,0,0,0,0,0,0,0,0,0,0,0,0,0,0,0,160
1024300,3233,531,87,47,9999,0,0,718,0,0,0,4180,3001,0,0,62,0,8,7,1920,599,2000,1,0,4,72,72,57418,13489,315,631,94,63,406,0,77,0,73,4,4,0,10,0,0,0,0,0,2688,2816,2688,2816,4128,2208,6299,1681,0,0,0,0,100,68,37,31,32,64,63,68,0,0,57,0,0,0,0,0,0,13762,1078,330,0,330,0,341,341,100,0,0,0,999,999,40,0,25,0,0,0,0,0,0,0,0,0,0,100,2688,2816,100,0,0,0,0,0,0,0,0,0,0,0,0,0,0,0,0,0,0,0,0,160
1025298,3233,531,87,47,9999,0,0,647,0,0,0,4180,2704,0,0,62,0,8,7,1920,599,2000,1,0,4,71,72,58041,13506,385,596,107,64,438,0,65,1,73,4,4,0,10,0,0,0,0,0,2688,2816,2688,2816,4128,2208,6331,1629,0,0,0,0,100,73,38,34,33,69,66,73,0,0,59,0,0,0,0,0,0,13762,1078,330,0,330,0,341,341,100,1,1,0,999,999,40,0,25,0,0,0,0,0,0,0,0,0,0,100,2688,2816,100,0,0,0,0,0,0,0,0,0,0,0,0,0,0,0,0,0,0,0,0,160
1026299,3233,531,87,47,9999,0,0,702,0,0,0,4180,2934,0,0,62,0,8,7,1920,599,2000,1,0,4,73,72,57019,13521,346,644,104,63,327,0,62,0,73,4,4,0,10,0,0,0,0,0,2688,2816,2688,2816,4128,2208,6105,1531,0,0,0,0,100,76,35,36,32,69,71,76,0,0,57,0,0,0,0,0,0,13762,1078,330,0,330,0,341,341,100,0,0,0,999,999,40,0,25,0,0,0,0,0,0,0,0,0,0,100,2688,2816,100,0,0,0,0,0,0,0,0,0,0,0,0,0,0,0,0,0,0,0,0,160
1027299,3233,531,87,47,9999,0,0,736,0,0,0,4180,3076,0,0,62,0,8,7,1920,599,2000,1,0,4,70,72,55797,13589,319,632,90,63,363,0,66,1,73,4,4,0,10,0,0,0,0,0,2688,2816,2688,2816,4128,2208,6077,1618,0,0,0,0,100,75,43,36,37,72,73,75,0,0,58,0,0,0,0,0,0,13762,1078,330,0,330,0,341,341,100,1,1,0,999,999,40,0,25,0,0,0,0,0,0,0,0,0,0,100,2688,2816,100,0,0,0,0,0,0,0,0,0,0,0,0,0,0,0,0,0,0,0,0,160
1028302,3233,531,87,47,9999,0,0,622,0,0,0,4180,2599,0,0,62,0,8,7,1920,599,2000,1,0,4,70,72,52854,13512,311,596,105,63,377,0,51,8,73,4,4,0,10,0,0,0,0,0,2688,2816,2688,2816,4128,2208,6395,1628,0,0,0,0,100,74,35,34,36,71,71,74,0,0,57,0,0,0,0,0,0,13762,1078,330,0,330,0,341,341,100,2,1,0,999,999,40,0,25,0,0,0,0,0,0,0,0,0,0,100,2688,2816,100,0,0,0,0,0,0,0,0,0,0,0,0,0,0,0,0,0,0,0,0,160
1029299,3233,531,87,47,9999,0,0,694,0,0,0,4180,2900,0,0,62,0,8,7,1920,599,2000,1,0,4,69,72,56134,13507,363,615,98,64,342,0,56,10,73,4,4,0,10,0,0,0,0,0,2688,2816,2688,2816,4128,2208,6425,1706,0,0,0,0,100,72,41,36,38,64,71,72,0,0,58,0,0,0,0,0,0,13762,1078,330,0,330,0,341,341,100,4,1,0,999,999,40,0,25,0,0,0,0,0,0,0,0,0,0,100,2688,2816,100,0,0,0,0,0,0,0,0,0,0,0,0,0,0,0,0,0,0,0,0,160
1030300,3233,531,87,47,9999,0,0,689,0,0,0,4180,2880,0,0,62,0,8,7,1920,599,2000,1,0,4,70,72,57418,13521,358,585,112,64,395,0,63,1,72,4,4,0,10,0,0,0,0,0,2688,2816,2688,2816,4128,2208,6563,1671,0,0,0,0,100,72,35,29,34,70,69,72,0,0,59,0,0,0,0,0,0,13762,1078,330,0,330,0,341,341,100,1,1,0,999,999,40,0,25,0,0,0,0,0,0,0,0,0,0,100,2688,2816,100,0,0,0,0,0,0,0,0,0,0,0,0,0,0,0,0,0,0,0,0,160
1031299,3233,531,87,47,9999,0,0,556,0,0,0,4182,2325,0,0,62,0,8,7,1920,599,2000,1,0,4,72,72,55034,13688,322,728,109,64,351,0,60,2,73,4,4,0,10,0,0,0,0,0,2688,2816,2688,2816,4128,2208,6612,1641,0,0,0,0,100,67,39,35,34,64,65,67,0,0,61,0,0,0,0,0,0,13762,1078,330,0,330,0,341,341,100,2,1,0,999,999,40,0,25,0,0,0,0,0,0,0,0,0,0,100,2688,2816,100,0,0,0,0,0,0,0,0,0,0,0,0,0,0,0,0,0,0,0,0,160
1032299,3233,531,87,47,9999,0,0,688,0,0,0,4182,2877,0,0,62,0,8,7,1920,599,2000,1,0,4,72,72,53537,13621,301,724,106,64,308,0,63,0,72,4,4,0,10,0,0,0,0,0,2688,2816,2688,2816,4128,2208,6705,1655,0,0,0,0,100,73,39,37,34,65,73,69,0,0,60,0,0,0,0,0,0,13762,1078,330,0,330,0,341,341,100,0,0,0,999,999,40,0,25,0,0,0,0,0,0,0,0,0,0,100,2688,2816,100,0,0,0,0,0,0,0,0,0,0,0,0,0,0,0,0,0,0,0,0,160
1033299,3233,531,87,47,9999,0,0,860,0,0,0,4182,3596,0,0,62,0,8,7,1920,599,2000,1,0,4,73,72,57244,13499,339,650,101,64,340,0,65,0,72,4,4,0,10,0,0,0,0,0,2688,2816,2688,2816,4128,2208,6491,1653,0,0,0,0,100,68,36,35,32,61,68,68,0,0,61,0,0,0,0,0,0,13762,1078,330,0,330,0,341,341,100,0,0,0,999,999,40,0,25,0,0,0,0,0,0,0,0,0,0,100,2688,2816,100,0,0,0,0,0,0,0,0,0,0,0,0,0,0,0,0,0,0,0,0,160
1034299,3233,531,87,47,9999,0,0,723,0,0,0,4182,3023,0,0,62,0,8,7,1920,599,2000,1,0,4,73,72,56337,13494,357,620,114,63,348,0,68,0,72,4,4,0,10,0,0,0,0,0,2688,2816,2688,2816,4128,2208,6530,1710,0,0,0,0,100,71,39,36,35,69,63,71,0,0,61,0,0,0,0,0,0,13762,1078,330,0,330,0,341,341,100,0,0,0,999,999,40,0,25,0,0,0,0,0,0,0,0,0,0,100,2688,2816,100,0,0,0,0,0,0,0,0,0,0,0,0,0,0,0,0,0,0,0,0,160
1035300,3233,531,87,47,9999,0,0,580,0,0,0,4182,2425,0,0,62,0,8,7,1920,599,2000,1,0,4,72,72,57545,13538,346,610,96,63,319,0,58,4,72,4,4,0,10,0,0,0,0,0,2688,2816,2688,2816,4128,2208,6418,1600,0,0,0,0,100,72,39,36,38,64,72,67,0,0,60,0,0,0,0,0,0,13762,1078,330,0,330,0,341,341,100,2,1,0,999,999,40,0,25,0,0,0,0,0,0,0,0,0,0,100,2688,2816,100,0,0,0,0,0,0,0,0,0,0,0,0,0,0,0,0,0,0,0,0,160
1036299,3233,531,87,47,9999,0,0,711,0,0,0,4182,2973,0,0,62,0,8,7,1920,599,2000,1,0,4,72,72,51022,13490,281,646,139,64,423,0,62,0,73,4,4,0,10,0,0,0,0,0,2688,2816,2688,2816,4128,2208,6322,1612,0,0,0,0,100,71,39,33,36,70,67,71,0,0,60,0,0,0,0,0,0,13762,1078,330,0,330,0,341,341,100,0,0,0,999,999,40,0,25,0,0,0,0,0,0,0,0,0,0,100,2688,2816,100,0,0,0,0,0,0,0,0,0,0,0,0,0,0,0,0,0,0,0,0,160
1037301,3233,531,87,47,9999,0,0,667,0,0,0,4182,2789,0,0,62,0,8,7,1920,599,2000,1,0,4,73,72,57204,13482,318,673,126,64,289,0,71,0,72,4,4,0,10,0,0,0,0,0,2688,2816,2688,2816,4128,2208,6288,1672,0,0,0,0,100,73,40,35,37,62,71,73,0,0,59,0,0,0,0,0,0,13762,1078,330,0,330,0,341,341,100,0,0,0,999,999,40,0,25,0,0,0,0,0,0,0,0,0,0,100,2688,2816,100,0,0,0,0,0,0,0,0,0,0,0,0,0,0,0,0,0,0,0,0,160
1038301,3233,531,87,47,9999,0,0,755,0,0,0,4182,3157,0,0,62,0,8,7,1920,599,2000,1,0,4,73,72,58802,13495,338,591,133,64,333,0,68,0,73,4,4,0,10,0,0,0,0,0,2688,2816,2688,2816,4128,2208,6261,1684,0,0,0,0,100,70,39,34,34,70,67,69,0,0,59,0,0,0,0,0,0,13762,1078,330,0,330,0,341,341,100,0,0,0,999,999,40,0,25,0,0,0,0,0,0,0,0,0,0,100,2688,2816,100,0,0,0,0,0,0,0,0,0,0,0,0,0,0,0,0,0,0,0,0,160
1039337,3242,532,87,47,9999,0,0,703,0,0,0,4182,2939,0,0,62,0,8,7,1920,599,2000,1,0,4,73,72,55327,13676,323,640,135,64,362,0,66,0,72,4,4,0,10,0,0,0,0,0,2688,2816,2688,2816,4128,2208,6133,1749,0,0,0,0,100,74,49,47,45,64,68,74,0,0,58,0,0,0,0,0,0,13764,1079,332,0,332,0,343,343,100,0,0,0,999,999,40,0,25,0,0,0,0,0,0,0,0,0,0,100,2688,2816,100,0,0,0,0,0,0,0,0,0,0,0,0,0,0,0,0,0,0,0,0,160
1040300,3242,532,87,47,9999,0,0,770,0,0,0,4182,3220,0,0,62,0,8,7,1920,599,2000,1,0,4,70,72,54982,13628,383,694,125,63,331,0,56,2,73,4,4,0,10,0,0,0,0,0,2688,2816,2688,2816,4128,2208,6185,1562,0,0,0,0,100,68,48,45,45,66,67,68,0,0,59,0,0,0,0,0,0,13764,1079,332,0,332,0,343,343,100,1,1,0,999,999,40,0,25,0,0,0,0,0,0,0,0,0,0,100,2688,2816,100,0,0,0,0,0,0,0,0,0,0,0,0,0,0,0,0,0,0,0,0,160
1041300,3242,532,87,47,9999,0,0,587,0,0,0,4193,2461,0,0,62,0,8,7,1920,599,2000,1,0,4,70,72,54151,13498,317,703,136,63,420,0,63,4,73,4,4,0,10,0,0,0,0,0,2688,2816,2688,2816,4128,2208,6556,1571,0,0,0,0,100,70,44,41,39,70,65,69,0,0,56,0,0,0,0,0,0,13764,1079,332,0,332,0,343,343,100,3,2,0,999,999,40,0,25,0,0,0,0,0,0,0,0,0,0,100,2688,2816,100,0,0,0,0,0,0,0,0,0,0,0,0,0,0,0,0,0,0,0,0,160
1042301,3242,532,87,47,9999,0,0,718,0,0,0,4193,3010,0,0,62,0,8,7,1920,599,2000,1,0,4,72,72,56747,13771,362,792,150,63,345,0,72,0,72,4,4,0,10,0,0,0,0,0,2688,2816,2688,2816,4128,2208,6641,1560,0,0,0,0,100,71,44,38,37,67,68,71,0,0,57,0,0,0,0,0,0,13764,1079,332,0,332,0,343,343,100,0,0,0,999,999,40,0,25,0,0,0,0,0,0,0,0,0,0,100,2688,2816,100,0,0,0,0,0,0,0,0,0,0,0,0,0,0,0,0,0,0,0,0,160
1043301,3242,532,87,47,9999,0,0,728,0,0,0,4193,3052,0,0,62,0,8,7,1920,599,2000,1,0,4,69,72,53974,13660,312,717,121,63,351,0,53,5,73,4,4,0,10,0,0,0,0,0,2688,2816,2688,2816,4128,2208,6365,1651,0,0,0,0,100,72,42,37,38,65,69,72,0,0,59,0,0,0,0,0,0,13764,1079,332,0,332,0,343,343,100,2,1,0,999,999,40,0,25,0,0,0,0,0,0,0,0,0,0,100,2688,2816,100,0,0,0,0,0,0,0,0,0,0,0,0,0,0,0,0,0,0,0,0,160
1044301,3242,532,87,47,9999,0,0,596,0,0,0,4193,2499,0,0,62,0,8,7,1920,599,2000,1,0,4,73,72,56372,13534,320,635,110,63,332,0,65,1,72,4,4,0,10,0,0,0,0,0,2688,2816,2688,2816,4128,2208,5860,1659,0,0,0,0,100,71,42,38,40,60,66,71,0,0,57,0,0,0,0,0,0,13764,1079,332,0,332,0,343,343,100,1,1,0,999,999,40,0,25,0,0,0,0,0,0,0,0,0,0,100,2688,2816,100,0,0,0,0,0,0,0,0,0,0,0,0,0,0,0,0,0,0,0,0,160
1045301,3242,532,87,47,9999,0,0,592,0,0,0,4193,2482,0,0,62,0,8,7,1920,599,2000,1,0,4,69,72,55275,13566,341,604,110,64,320,0,47,6,72,4,4,0,10,0,0,0,0,0,2688,2816,2688,2816,4128,2208,7376,1606,0,0,0,0,100,71,40,38,37,66,63,71,0,0,57,0,0,0,0,0,0,13764,1079,332,0,332,0,343,343,100,2,1,0,999,999,40,0,25,0,0,0,0,0,0,0,0,0,0,100,2688,2816,100,0,0,0,0,0,0,0,0,0,0,0,0,0,0,0,0,0,0,0,0,160
1046302,3242,532,87,47,9999,0,0,811,0,0,0,4193,3400,0,0,62,0,8,7,1920,599,2000,1,0,4,68,72,53395,13568,371,615,128,64,447,0,51,5,73,4,4,0,10,0,0,0,0,0,2688,2816,2688,2816,4128,2208,7100,1615,0,0,0,0,100,72,42,39,38,66,69,72,0,0,64,0,0,0,0,0,0,13764,1079,332,0,332,0,343,343,100,2,1,0,999,999,40,0,25,0,0,0,0,0,0,0,0,0,0,100,2688,2816,100,0,0,0,0,0,0,0,0,0,0,0,0,0,0,0,0,0,0,0,0,160
1047302,3242,532,87,47,9999,0,0,545,0,0,0,4193,2285,0,0,62,0,8,7,1920,599,2000,1,0,4,72,72,55088,13634,312,662,175,63,325,0,57,0,73,4,4,0,10,0,0,0,0,0,2688,2816,2688,2816,4128,2208,7117,1583,0,0,0,0,100,70,46,42,44,68,68,70,0,0,64,0,0,0,0,0,0,13764,1079,332,0,332,0,343,343,100,0,0,0,999,999,40,0,25,0,0,0,0,0,0,0,0,0,0,100,2688,2816,100,0,0,0,0,0,0,0,0,0,0,0,0,0,0,0,0,0,0,0,0,160
1048301,3242,532,87,47,9999,0,0,657,0,0,0,4193,2754,0,0,62,0,8,7,1920,599,2000,1,0,4,73,72,51314,13551,310,661,134,63,351,0,42,4,72,4,4,0,10,0,0,0,0,0,2688,2816,2688,2816,4128,2208,7465,1655,0,0,0,0,100,71,44,42,37,67,68,71,0,0,61,0,0,0,0,0,0,13764,1079,332,0,332,0,343,343,100,2,1,0,999,999,40,0,25,0,0,0,0,0,0,0,0,0,0,100,2688,2816,100,0,0,0,0,0,0,0,0,0,0,0,0,0,0,0,0,0,0,0,0,160
1049301,3242,532,87,47,9999,0,0,947,0,0,0,4193,3970,0,0,62,0,8,7,1920,599,2000,1,0,4,64,72,51034,13576,393,640,107,63,372,0,23,13,73,4,4,0,10,0,0,0,0,0,2688,2816,2688,2816,4128,2208,6909,1725,0,0,0,0,100,74,48,48,43,71,70,74,0,0,61,0,0,0,0,0,0,13764,1079,332,0,332,0,343,343,100,2,1,0,999,999,40,0,25,0,0,0,0,0,0,0,0,0,0,100,2688,2816,100,0,0,0,0,0,0,0,0,0,0,0,0,0,0,0,0,0,0,0,0,160
1050301,3242,532,87,47,9999,0,0,557,0,0,0,4193,2335,0,0,62,0,8,7,1920,599,2000,1,0,4,69,72,51772,13544,381,614,111,64,400,0,43,4,73,4,4,0,10,0,0,0,0,0,2688,2816,2688,2816,4128,2208,6971,1650,0,0,0,0,100,72,40,39,40,64,71,72,0,0,63,0,0,0,0,0,0,13764,1079,332,0,332,0,343,343,100,1,1,0,999,999,40,0,25,0,0,0,0,0,0,0,0,0,0,100,2688,2816,100,0,0,0,0,0,0,0,0,0,0,0,0,0,0,0,0,0,0,0,0,160
1051301,3242,532,87,47,9999,0,0,557,0,0,0,4186,2331,0,0,62,0,8,7,1920,599,2000,1,0,4,72,72,53086,13575,322,641,141,64,329,0,51,1,73,4,4,0,10,0,0,0,0,0,2688,2816,2688,2816,4128,2208,7432,1623,0,0,0,0,100,70,40,37,36,70,65,68,0,0,61,0,0,0,0,0,0,13764,1079,332,0,332,0,343,343,100,1,1,0,999,999,40,0,25,0,0,0,0,0,0,0,0,0,0,100,2688,2816,100,0,0,0,0,0,0,0,0,0,0,0,0,0,0,0,0,0,0,0,0,160
1052302,3242,532,87,47,9999,0,0,564,0,0,0,4186,2360,0,0,62,0,8,7,1920,599,2000,1,0,4,65,72,52457,13533,325,677,162,62,337,0,41,8,73,4,4,0,10,0,0,0,0,0,2688,2816,2688,2816,4128,2208,6928,1609,0,0,0,0,100,72,42,37,37,62,72,72,0,0,61,0,0,0,0,0,0,13764,1079,332,0,332,0,343,343,100,2,1,0,999,999,40,0,25,0,0,0,0,0,0,0,0,0,0,100,2688,2816,100,0,0,0,0,0,0,0,0,0,0,0,0,0,0,0,0,0,0,0,0,160
1053301,3242,532,87,47,9999,0,0,595,0,0,0,4186,2490,0,0,62,0,8,7,1920,599,2000,1,0,4,72,72,53202,13518,355,606,115,63,313,0,58,0,72,4,4,0,10,0,0,0,0,0,2688,2816,2688,2816,4128,2208,7743,1596,0,0,0,0,100,72,42,38,37,69,72,68,0,0,63,0,0,0,0,0,0,13764,1079,332,0,332,0,343,343,100,0,0,0,999,999,40,0,25,0,0,0,0,0,0,0,0,0,0,100,2688,2816,100,0,0,0,0,0,0,0,0,0,0,0,0,0,0,0,0,0,0,0,0,160
1054306,3242,532,87,47,9999,0,0,707,0,0,0,4186,2959,0,0,62,0,8,7,1920,599,2000,1,0,4,71,72,54986,13541,375,619,106,64,355,0,60,1,73,4,4,0,10,0,0,0,0,0,2688,2816,2688,2816,4128,2208,7290,1652,0,0,0,0,100,69,40,37,37,65,68,69,0,0,63,0,0,0,0,0,0,13764,1079,332,0,332,0,343,343,100,1,1,0,999,999,40,0,25,0,0,0,0,0,0,0,0,0,0,100,2688,2816,100,0,0,0,0,0,0,0,0,0,0,0,0,0,0,0,0,0,0,0,0,160
1055302,3242,532,87,47,9999,0,0,888,0,0,0,4186,3717,0,0,62,0,8,7,1920,599,2000,1,0,4,70,72,52124,13547,352,594,114,63,345,0,43,9,72,4,4,0,10,0,0,0,0,0,2688,2816,2688,2816,4128,2208,7218,1610,0,0,0,0,100,72,42,41,42,67,65,72,0,0,63,0,0,0,0,0,0,13764,1079,332,0,332,0,343,343,100,3,1,0,999,999,40,0,25,0,0,0,0,0,0,0,0,0,0,100,2688,2816,100,0,0,0,0,0,0,0,0,0,0,0,0,0,0,0,0,0,0,0,0,160
1056303,3242,532,87,47,9999,0,0,717,0,0,0,4186,3001,0,0,62,0,8,7,1920,599,2000,1,0,4,69,72,54223,13511,303,628,105,64,418,0,36,5,73,4,4,0,10,0,0,0,0,0,2688,2816,2688,2816,4128,2208,7312,1590,0,0,0,0,100,75,45,40,43,67,73,75,0,0,64,0,0,0,0,0,0,13764,1079,332,0,332,0,343,343,100,2,1,0,999,999,40,0,25,0,0,0,0,0,0,0,0,0,0,100,2688,2816,100,0,0,0,0,0,0,0,0,0,0,0,0,0,0,0,0,0,0,0,0,160
1057303,3242,532,87,47,9999,0,0,599,0,0,0,4186,2507,0,0,62,0,8,7,1920,599,2000,1,0,4,72,72,52516,13451,303,626,132,64,370,0,57,0,72,4,4,0,10,0,0,0,0,0,2688,2816,2688,2816,4128,2208,7871,1627,0,0,0,0,100,72,39,37,36,68,66,72,0,0,65,0,0,0,0,0,0,13764,1079,332,0,332,0,343,343,100,0,0,0,999,999,40,0,25,0,0,0,0,0,0,0,0,0,0,100,2688,2816,100,0,0,0,0,0,0,0,0,0,0,0,0,0,0,0,0,0,0,0,0,160
1058304,3242,532,87,47,9999,0,0,697,0,0,0,4186,2917,0,0,62,0,8,7,1920,599,2000,1,0,4,70,72,52484,13504,378,613,112,63,318,0,40,4,72,4,4,0,10,0,0,0,0,0,2688,2816,2688,2816,4128,2208,7282,1632,0,0,0,0,100,70,39,37,37,68,69,70,0,0,63,0,0,0,0,0,0,13764,1079,332,0,332,0,343,343,100,2,1,0,999,999,40,0,25,0,0,0,0,0,0,0,0,0,0,100,2688,2816,100,0,0,0,0,0,0,0,0,0,0,0,0,0,0,0,0,0,0,0,0,160
1059363,3104,532,87,47,9999,0,0,802,0,0,0,4186,3357,0,0,62,0,8,7,1920,599,2000,1,0,4,68,72,53995,13605,331,626,121,63,412,0,48,8,72,4,4,0,10,0,0,0,0,0,2688,2816,2688,2816,4128,2208,7101,1680,0,0,0,0,100,71,44,42,42,67,69,71,0,0,63,0,0,0,0,0,0,13764,1083,332,0,332,0,343,343,100,2,1,0,999,999,40,0,25,0,0,0,0,0,0,0,0,0,0,100,2688,2816,100,0,0,0,0,0,0,0,0,0,0,0,0,0,0,0,0,0,0,0,0,160
1060302,3104,532,87,47,9999,0,0,904,0,0,0,4186,3784,0,0,62,0,8,7,1920,599,2000,1,0,4,68,72,52385,13613,396,662,115,63,385,0,21,11,73,4,4,0,10,0,0,0,0,0,2688,2816,2688,2816,4128,2208,7506,1724,0,0,0,0,100,81,48,47,45,81,81,80,0,0,61,0,0,0,0,0,0,13764,1083,332,0,332,0,343,343,100,2,1,0,999,999,40,0,25,0,0,0,0,0,0,0,0,0,0,100,2688,2816,100,0,0,0,0,0,0,0,0,0,0,0,0,0,0,0,0,0,0,0,0,160
1061302,3104,532,87,47,9999,0,0,656,0,0,0,4179,2741,0,0,62,0,8,7,1920,599,2000,1,0,4,59,72,51990,13621,361,720,137,64,326,0,29,18,71,4,4,0,10,0,0,0,0,0,2688,2816,2688,2816,4128,2208,7118,1629,0,0,0,0,100,81,47,45,45,81,80,78,0,0,60,0,0,0,0,0,0,13764,1083,332,0,332,0,343,343,100,6,1,0,999,999,40,0,25,0,0,0,0,0,0,0,0,0,0,100,2688,2816,100,0,0,0,0,0,0,0,0,0,0,0,0,0,0,0,0,0,0,0,0,160
1062303,3104,532,87,47,9999,0,0,666,0,0,0,4179,2783,0,0,62,0,8,7,1920,599,2000,1,0,4,66,72,52156,13584,360,656,105,64,319,0,30,7,73,4,4,0,10,0,0,0,0,0,2688,2816,2688,2816,4128,2208,7141,1628,0,0,0,0,100,82,42,38,36,74,76,82,0,0,63,0,0,0,0,0,0,13764,1083,332,0,332,0,343,343,100,4,2,0,999,999,40,0,25,0,0,0,0,0,0,0,0,0,0,100,2688,2816,100,0,0,0,0,0,0,0,0,0,0,0,0,0,0,0,0,0,0,0,0,160
1063304,3104,532,87,47,9999,0,0,679,0,0,0,4179,2837,0,0,62,0,8,7,1920,599,2000,1,0,4,68,72,51206,13572,346,618,95,62,345,0,37,11,73,4,4,0,10,0,0,0,0,0,2688,2816,2688,2816,4128,2208,7403,1628,0,0,0,0,100,77,39,35,40,75,77,74,0,0,61,0,0,0,0,0,0,13764,1083,332,0,332,0,343,343,100,4,1,0,999,999,40,0,25,0,0,0,0,0,0,0,0,0,0,100,2688,2816,100,0,0,0,0,0,0,0,0,0,0,0,0,0,0,0,0,0,0,0,0,160
1064305,3104,532,87,47,9999,0,0,825,0,0,0,4179,3447,0,0,62,0,8,7,1920,599,2000,1,0,4,64,72,54949,13527,334,600,109,64,333,0,36,12,73,4,4,0,10,0,0,0,0,0,2688,2816,2688,2816,4128,2208,7326,1661,0,0,0,0,100,81,40,34,34,74,75,81,0,0,61,0,0,0,0,0,0,13764,1083,332,0,332,0,343,343,100,8,2,0,999,999,40,0,25,0,0,0,0,0,0,0,0,0,0,100,2688,2816,100,0,0,0,0,0,0,0,0,0,0,0,0,0,0,0,0,0,0,0,0,160
1065306,3104,532,87,47,9999,0,0,763,0,0,0,4179,3188,0,0,62,0,8,7,1920,599,2000,1,0,4,66,72,49318,13535,360,661,118,64,346,0,26,9,73,4,4,0,10,0,0,0,0,0,2688,2816,2688,2816,4128,2208,6955,1613,0,0,0,0,100,80,39,39,39,79,77,80,0,0,61,0,0,0,0,0,0,13764,1083,332,0,332,0,343,343,100,2,1,0,999,999,40,0,25,0,0,0,0,0,0,0,0,0,0,100,2688,2816,100,0,0,0,0,0,0,0,0,0,0,0,0,0,0,0,0,0,0,0,0,160
1066306,3104,532,87,47,9999,0,0,703,0,0,0,4179,2937,0,0,62,0,8,7,1920,599,2000,1,0,4,70,72,52801,13608,351,642,111,65,361,0,47,2,72,4,4,0,10,0,0,0,0,0,2688,2816,2688,2816,4128,2208,6844,1556,0,0,0,0,100,79,44,35,39,79,79,78,0,0,62,0,0,0,0,0,0,13764,1083,332,0,332,0,343,343,100,1,1,0,999,999,40,0,25,0,0,0,0,0,0,0,0,0,0,100,2688,2816,100,0,0,0,0,0,0,0,0,0,0,0,0,0,0,0,0,0,0,0,0,160
1067307,3104,532,87,47,9999,0,0,620,0,0,0,4179,2590,0,0,62,0,8,7,1920,599,2000,1,0,4,70,72,52511,13664,324,680,116,63,446,0,39,7,73,4,4,0,10,0,0,0,0,0,2688,2816,2688,2816,4128,2208,6962,1585,0,0,0,0,100,81,36,35,35,78,81,78,0,0,61,0,0,0,0,0,0,13764,1083,332,0,332,0,343,343,100,2,1,0,999,999,40,0,25,0,0,0,0,0,0,0,0,0,0,100,2688,2816,100,0,0,0,0,0,0,0,0,0,0,0,0,0,0,0,0,0,0,0,0,160
1068309,3104,532,87,47,9999,0,0,694,0,0,0,4179,2900,0,0,62,0,8,7,1920,599,2000,1,0,4,65,72,52326,13584,313,672,100,64,371,0,24,13,72,4,4,0,10,0,0,0,0,0,2688,2816,2688,2816,4128,2208,7182,1610,0,0,0,0,100,81,41,39,35,80,80,81,0,0,59,0,0,0,0,0,0,13764,1083,332,0,332,0,343,343,100,2,1,0,999,999,40,0,25,0,0,0,0,0,0,0,0,0,0,100,2688,2816,100,0,0,0,0,0,0,0,0,0,0,0,0,0,0,0,0,0,0,0,0,160
1069310,3104,532,87,47,9999,0,0,814,0,0,0,4179,3401,0,0,62,0,8,7,1920,599,2000,1,0,4,58,72,50477,13533,352,642,109,64,354,0,30,20,72,4,4,0,10,0,0,0,0,0,2688,2816,2688,2816,4128,2208,7635,1647,0,0,0,0,100,75,40,35,39,75,75,75,0,0,56,0,0,0,0,0,0,13764,1083,332,0,332,0,343,343,100,4,2,0,999,999,40,0,25,0,0,0,0,0,0,0,0,0,0,100,2688,2816,100,0,0,0,0,0,0,0,0,0,0,0,0,0,0,0,0,0,0,0,0,160
1070308,3104,532,87,47,9999,0,0,690,0,0,0,4179,2883,0,0,62,0,8,7,1920,599,2000,1,0,4,64,72,54899,13494,385,610,122,63,329,0,43,9,73,4,4,0,10,0,0,0,0,0,2688,2816,2688,2816,4128,2208,7761,1640,0,0,0,0,100,81,41,34,33,76,81,81,0,0,59,0,0,0,0,0,0,13764,1083,332,0,332,0,343,343,100,2,1,0,999,999,40,0,25,0,0,0,0,0,0,0,0,0,0,100,2688,2816,100,0,0,0,0,0,0,0,0,0,0,0,0,0,0,0,0,0,0,0,0,160
1071308,3104,532,87,47,9999,0,0,751,0,0,0,4180,3139,0,0,62,0,8,7,1920,599,2000,1,0,4,63,72,51752,13658,353,629,118,64,351,0,20,15,72,4,4,0,10,0,0,0,0,0,2688,2816,2688,2816,4128,2208,7218,1627,0,0,0,0,100,84,47,41,41,77,82,84,0,0,56,0,0,0,0,0,0,13764,1083,332,0,332,0,343,343,100,2,1,0,999,999,40,0,25,0,0,0,0,0,0,0,0,0,0,100,2688,2816,100,0,0,0,0,0,0,0,0,0,0,0,0,0,0,0,0,0,0,0,0,160
1072310,3104,532,87,47,9999,0,0,781,0,0,0,4180,3264,0,0,62,0,8,7,1920,599,2000,1,0,4,56,72,52958,13596,344,662,92,64,316,0,35,19,73,4,4,0,10,0,0,0,0,0,2688,2816,2688,2816,4128,2208,6716,1585,0,0,0,0,100,77,40,34,34,77,77,75,0,0,56,0,0,0,0,0,0,13764,1083,332,0,332,0,343,343,100,3,1,0,999,999,40,0,25,0,0,0,0,0,0,0,0,0,0,100,2688,2816,100,0,0,0,0,0,0,0,0,0,0,0,0,0,0,0,0,0,0,0,0,160
1073311,3104,532,87,47,9999,0,0,561,0,0,0,4180,2344,0,0,62,0,8,7,1920,599,2000,1,0,4,69,72,52881,13503,331,608,98,63,335,0,36,15,72,4,4,0,10,0,0,0,0,0,2688,2816,2688,2816,4128,2208,7754,1618,0,0,0,0,100,76,40,37,36,74,76,76,0,0,55,0,0,0,0,0,0,13764,1083,332,0,332,0,343,343,100,5,1,0,999,999,40,0,25,0,0,0,0,0,0,0,0,0,0,100,2688,2816,100,0,0,0,0,0,0,0,0,0,0,0,0,0,0,0,0,0,0,0,0,160
1074311,3104,532,87,47,9999,0,0,685,0,0,0,4180,2863,0,0,62,0,8,7,1920,599,2000,1,0,4,52,72,51214,13506,369,569,93,65,318,0,31,19,73,4,4,0,10,0,0,0,0,0,2688,2816,2688,2816,4128,2208,6614,1675,0,0,0,0,100,83,44,39,40,80,83,83,0,0,57,0,0,0,0,0,0,13764,1083,332,0,332,0,343,343,100,4,1,0,999,999,40,0,25,0,0,0,0,0,0,0,0,0,0,100,2688,2816,100,0,0,0,0,0,0,0,0,0,0,0,0,0,0,0,0,0,0,0,0,160
1075311,3104,532,87,47,9999,0,0,583,0,0,0,4180,2436,0,0,62,0,8,7,1920,599,2000,1,0,4,63,72,52371,13534,354,595,102,64,327,0,17,16,73,4,4,0,10,0,0,0,0,0,2688,2816,2688,2816,4128,2208,6900,1589,0,0,0,0,100,80,42,39,34,80,79,80,0,0,57,0,0,0,0,0,0,13764,1083,332,0,332,0,343,343,100,2,1,0,999,999,40,0,25,0,0,0,0,0,0,0,0,0,0,100,2688,2816,100,0,0,0,0,0,0,0,0,0,0,0,0,0,0,0,0,0,0,0,0,160
1076311,3104,532,87,47,9999,0,0,716,0,0,0,4180,2992,0,0,62,0,8,7,1920,599,2000,1,0,4,67,72,51424,13576,322,632,111,63,329,0,44,11,73,4,4,0,10,0,0,0,0,0,2688,2816,2688,2816,4128,2208,7031,1573,0,0,0,0,100,79,38,35,33,76,79,76,0,0,58,0,0,0,0,0,0,13764,1083,332,0,332,0,343,343,100,3,2,0,999,999,40,0,25,0,0,0,0,0,0,0,0,0,0,100,2688,2816,100,0,0,0,0,0,0,0,0,0,0,0,0,0,0,0,0,0,0,0,0,160
1077311,3104,532,87,47,9999,0,0,624,0,0,0,4180,2608,0,0,62,0,8,7,1920,599,2000,1,0,4,65,72,53242,13520,327,591,98,65,384,0,22,17,73,4,4,0,10,0,0,0,0,0,2688,2816,2688,2816,4128,2208,7510,1592,0,0,0,0,100,81,40,40,37,79,81,81,0,0,57,0,0,0,0,0,0,13764,1083,332,0,332,0,343,343,100,3,1,0,999,999,40,0,25,0,0,0,0,0,0,0,0,0,0,100,2688,2816,100,0,0,0,0,0,0,0,0,0,0,0,0,0,0,0,0,0,0,0,0,160
1078311,3104,532,87,47,9999,0,0,690,0,0,0,4180,2884,0,0,62,0,8,7,1920,599,2000,1,0,4,59,72,49052,13621,373,681,110,64,431,0,31,13,72,4,4,0,10,0,0,0,0,0,2688,2816,2688,2816,4128,2208,6368,1609,0,0,0,0,100,80,41,40,36,80,77,78,0,0,57,0,0,0,0,0,0,13764,1083,332,0,332,0,343,343,100,2,1,0,999,999,40,0,25,0,0,0,0,0,0,0,0,0,0,100,2688,2816,100,0,0,0,0,0,0,0,0,0,0,0,0,0,0,0,0,0,0,0,0,160
1079362,3257,529,87,47,9999,0,0,532,0,0,0,4178,2222,0,0,62,0,8,7,1920,599,2000,1,0,4,68,72,52064,13566,342,617,103,64,349,0,25,5,72,4,4,0,10,0,0,0,0,0,2688,2816,2688,2816,4128,2208,7264,1698,0,0,0,0,100,81,39,37,37,81,79,79,0,0,62,0,0,0,0,0,0,13760,1080,328,0,328,0,339,339,100,2,1,0,999,999,40,0,25,0,0,0,0,0,0,0,0,0,0,100,2688,2816,100,0,0,0,0,0,0,0,0,0,0,0,0,0,0,0,0,0,0,0,0,160
1080311,3257,529,87,47,9999,0,0,687,0,0,0,4178,2870,0,0,62,0,8,7,1920,599,2000,1,0,4,68,72,52811,13652,606,672,119,64,383,0,31,5,72,4,4,0,10,0,0,0,0,0,2688,2816,2688,2816,4128,2208,7207,1636,0,0,0,0,100,81,37,39,35,78,81,79,0,0,62,0,0,0,0,0,0,13760,1080,328,0,328,0,339,339,100,3,1,0,999,999,40,0,25,0,0,0,0,0,0,0,0,0,0,100,2688,2816,100,0,0,0,0,0,0,0,0,0,0,0,0,0,0,0,0,0,0,0,0,160
1081312,3257,529,87,47,9999,0,0,766,0,0,0,4179,3201,0,0,62,0,8,7,1920,599,2000,1,0,4,71,72,48196,13529,334,591,145,64,347,0,23,7,72,4,4,0,10,0,0,0,0,0,2688,2816,2688,2816,4128,2208,7165,1617,0,0,0,0,100,81,47,44,40,78,79,81,0,0,64,0,0,0,0,0,0,13760,1080,328,0,328,0,339,339,100,2,1,0,999,999,40,0,25,0,0,0,0,0,0,0,0,0,0,100,2688,2816,100,0,0,0,0,0,0,0,0,0,0,0,0,0,0,0,0,0,0,0,0,160
1082311,3257,529,87,47,9999,0,0,740,0,0,0,4179,3092,0,0,62,0,8,7,1920,599,2000,1,0,4,66,72,51518,13622,360,599,136,64,403,0,35,11,72,4,4,0,10,0,0,0,0,0,2688,2816,2688,2816,4128,2208,7273,1618,0,0,0,0,100,83,52,50,49,77,83,81,0,0,62,0,0,0,0,0,0,13760,1080,328,0,328,0,339,339,100,4,1,0,999,999,40,0,25,0,0,0,0,0,0,0,0,0,0,100,2688,2816,100,0,0,0,0,0,0,0,0,0,0,0,0,0,0,0,0,0,0,0,0,160
1083315,3257,529,87,47,9999,0,0,674,0,0,0,4179,2816,0,0,62,0,8,7,1920,599,2000,1,0,4,66,72,49805,13698,312,699,114,64,361,0,23,11,73,4,4,0,10,0,0,0,0,0,2688,2816,2688,2816,4128,2208,7588,1644,0,0,0,0,100,81,44,41,39,78,81,81,0,0,60,0,0,0,0,0,0,13760,1080,328,0,328,0,339,339,100,2,1,0,999,999,40,0,25,0,0,0,0,0,0,0,0,0,0,100,2688,2816,100,0,0,0,0,0,0,0,0,0,0,0,0,0,0,0,0,0,0,0,0,160
1084313,3257,529,87,47,9999,0,0,674,0,0,0,4179,2816,0,0,62,0,8,7,1920,599,2000,1,0,4,64,72,51106,13571,347,677,133,64,355,0,32,9,73,4,4,0,10,0,0,0,0,0,2688,2816,2688,2816,4128,2208,7009,1684,0,0,0,0,100,82,39,37,38,78,82,79,0,0,63,0,0,0,0,0,0,13760,1080,328,0,328,0,339,339,100,3,1,0,999,999,40,0,25,0,0,0,0,0,0,0,0,0,0,100,2688,2816,100,0,0,0,0,0,0,0,0,0,0,0,0,0,0,0,0,0,0,0,0,160
1085315,3257,529,87,47,9999,0,0,779,0,0,0,4179,3255,0,0,62,0,8,7,1920,599,2000,1,0,4,64,72,51340,13580,367,658,111,64,368,0,31,12,73,4,4,0,10,0,0,0,0,0,2688,2816,2688,2816,4128,2208,7129,1631,0,0,0,0,100,80,41,37,37,79,80,78,0,0,60,0,0,0,0,0,0,13760,1080,328,0,328,0,339,339,100,3,1,0,999,999,40,0,25,0,0,0,0,0,0,0,0,0,0,100,2688,2816,100,0,0,0,0,0,0,0,0,0,0,0,0,0,0,0,0,0,0,0,0,160
1086313,3257,529,87,47,9999,0,0,759,0,0,0,4179,3171,0,0,62,0,8,7,1920,599,2000,1,0,4,68,72,51776,13573,354,690,122,64,410,0,28,8,73,4,4,0,10,0,0,0,0,0,2688,2816,2688,2816,4128,2208,7127,1552,0,0,0,0,100,81,47,41,41,79,80,81,0,0,62,0,0,0,0,0,0,13760,1080,328,0,328,0,339,339,100,2,1,0,999,999,40,0,25,0,0,0,0,0,0,0,0,0,0,100,2688,2816,100,0,0,0,0,0,0,0,0,0,0,0,0,0,0,0,0,0,0,0,0,160
1087314,3257,529,87,47,9999,0,0,600,0,0,0,4179,2507,0,0,62,0,8,7,1920,599,2000,1,0,4,69,72,49635,13616,317,684,153,64,339,0,28,7,73,4,4,0,10,0,0,0,0,0,2688,2816,2688,2816,4128,2208,7045,1588,0,0,0,0,100,83,40,36,39,79,79,83,0,0,62,0,0,0,0,0,0,13760,1080,328,0,328,0,339,339,100,2,1,0,999,999,40,0,25,0,0,0,0,0,0,0,0,0,0,100,2688,2816,100,0,0,0,0,0,0,0,0,0,0,0,0,0,0,0,0,0,0,0,0,160
1088313,3257,529,87,47,9999,0,0,634,0,0,0,4179,2649,0,0,62,0,8,7,1920,599,2000,1,0,4,63,72,49287,13529,422,618,130,63,322,0,17,16,73,4,4,0,10,0,0,0,0,0,2688,2816,2688,2816,4128,2208,7034,1591,0,0,0,0,100,80,42,36,38,78,80,80,0,0,59,0,0,0,0,0,0,13760,1080,328,0,328,0,339,339,100,5,1,0,999,999,40,0,25,0,0,0,0,0,0,0,0,0,0,100,2688,2816,100,0,0,0,0,0,0,0,0,0,0,0,0,0,0,0,0,0,0,0,0,160
1089315,3257,529,86,47,9999,0,0,658,0,0,0,4168,2742,0,0,62,0,8,7,1920,599,2000,1,0,4,64,72,47274,13529,422,618,130,63,322,0,17,16,73,4,4,0,10,0,0,0,0,0,2688,2816,2688,2816,4128,2208,7174,1672,0,0,0,0,100,83,45,44,40,77,83,81,0,0,59,0,0,0,0,0,0,13760,1080,328,0,328,0,339,339,100,5,1,0,999,999,40,0,25,0,0,0,0,0,0,0,0,0,0,100,2688,2816,100,0,0,0,0,0,0,0,0,0,0,0,0,0,0,0,0,0,0,0,0,160
1090318,3257,529,86,47,9999,0,0,725,0,0,0,4168,3021,0,0,62,0,8,7,1920,599,2000,1,0,4,68,72,51360,13547,357,618,109,63,397,0,19,15,73,4,4,0,10,0,0,0,0,0,2688,2816,2688,2816,4128,2208,7371,1589,0,0,0,0,100,83,46,40,39,80,79,83,0,0,61,0,0,0,0,0,0,13760,1080,328,0,328,0,339,339,100,4,2,0,999,999,40,0,25,0,0,0,0,0,0,0,0,0,0,100,2688,2816,100,0,0,0,0,0,0,0,0,0,0,0,0,0,0,0,0,0,0,0,0,160
1091315,3257,529,86,47,9999,0,0,840,0,0,0,4173,3505,0,0,62,0,8,7,1920,599,2000,1,0,4,67,72,53533,13613,332,654,105,64,309,0,36,4,73,4,4,0,10,0,0,0,0,0,2688,2816,2688,2816,4128,2208,7324,1628,0,0,0,0,100,79,40,33,36,76,79,78,0,0,63,0,0,0,0,0,0,13760,1080,328,0,328,0,339,339,100,1,1,0,999,999,40,0,25,0,0,0,0,0,0,0,0,0,0,100,2688,2816,100,0,0,0,0,0,0,0,0,0,0,0,0,0,0,0,0,0,0,0,0,160
1092316,3257,529,86,47,9999,0,0,620,0,0,0,4173,2587,0,0,62,0,8,7,1920,599,2000,1,0,4,70,72,49916,13567,339,616,98,64,363,0,44,6,73,4,4,0,10,0,0,0,0,0,2688,2816,2688,2816,4128,2208,7668,1659,0,0,0,0,100,79,40,31,37,73,79,77,0,0,63,0,0,0,0,0,0,13760,1080,328,0,328,0,339,339,100,2,1,0,999,999,40,0,25,0,0,0,0,0,0,0,0,0,0,100,2688,2816,100,0,0,0,0,0,0,0,0,0,0,0,0,0,0,0,0,0,0,0,0,160
1093320,3257,529,86,47,9999,0,0,677,0,0,0,4173,2825,0,0,62,0,8,7,1920,599,2000,1,0,4,54,72,55079,13577,328,619,89,64,300,0,25,9,73,4,4,0,10,0,0,0,0,0,2688,2816,2688,2816,4128,2208,7225,1653,0,0,0,0,100,85,40,35,36,81,85,81,0,0,57,0,0,0,0,0,0,13760,1080,328,0,328,0,339,339,100,3,2,0,999,999,40,0,25,0,0,0,0,0,0,0,0,0,0,100,2688,2816,100,0,0,0,0,0,0,0,0,0,0,0,0,0,0,0,0,0,0,0,0,160
1094318,3257,529,86,47,9999,0,0,687,0,0,0,4173,2866,0,0,62,0,8,7,1920,599,2000,1,0,4,65,72,53241,13445,331,597,147,63,352,0,32,22,72,4,4,0,10,0,0,0,0,0,2688,2816,2688,2816,4128,2208,7481,1671,0,0,0,0,100,82,39,33,36,79,82,76,0,0,60,0,0,0,0,0,0,13760,1080,328,0,328,0,339,339,100,11,3,0,999,999,40,0,25,0,0,0,0,0,0,0,0,0,0,100,2688,2816,100,0,0,0,0,0,0,0,0,0,0,0,0,0,0,0,0,0,0,0,0,160
1095319,3257,529,86,47,9999,0,0,562,0,0,0,4173,2345,0,0,62,0,8,7,1920,599,2000,1,0,4,63,72,52209,13663,337,660,161,63,329,0,38,6,73,4,4,0,10,0,0,0,0,0,2688,2816,2688,2816,4128,2208,7279,1668,0,0,0,0,100,81,37,35,35,75,76,81,0,0,59,0,0,0,0,0,0,13760,1080,328,0,328,0,339,339,100,1,1,0,999,999,40,0,25,0,0,0,0,0,0,0,0,0,0,100,2688,2816,100,0,0,0,0,0,0,0,0,0,0,0,0,0,0,0,0,0,0,0,0,160
1096320,3257,529,86,47,9999,0,0,604,0,0,0,4173,2520,0,0,62,0,8,7,1920,599,2000,1,0,4,67,72,51618,13638,345,668,112,64,331,0,28,15,73,4,4,0,10,0,0,0,0,0,2688,2816,2688,2816,4128,2208,7276,1532,0,0,0,0,100,80,38,31,34,80,80,80,0,0,61,0,0,0,0,0,0,13760,1080,328,0,328,0,339,339,100,7,1,0,999,999,40,0,25,0,0,0,0,0,0,0,0,0,0,100,2688,2816,100,0,0,0,0,0,0,0,0,0,0,0,0,0,0,0,0,0,0,0,0,160
1097324,3257,529,86,47,9999,0,0,772,0,0,0,4173,3221,0,0,62,0,8,7,1920,599,2000,1,0,4,66,72,49692,13618,318,669,106,64,398,0,39,8,73,4,4,0,10,0,0,0,0,0,2688,2816,2688,2816,4128,2208,7841,1626,0,0,0,0,100,79,38,35,35,79,78,78,0,0,59,0,0,0,0,0,0,13760,1080,328,0,328,0,339,339,100,2,1,0,999,999,40,0,25,0,0,0,0,0,0,0,0,0,0,100,2688,2816,100,0,0,0,0,0,0,0,0,0,0,0,0,0,0,0,0,0,0,0,0,160
1098320,3257,529,86,47,9999,0,0,663,0,0,0,4173,2766,0,0,62,0,8,7,1920,599,2000,1,0,4,60,72,51238,13462,285,647,106,65,319,0,18,14,73,4,4,0,10,0,0,0,0,0,2688,2816,2688,2816,4128,2208,7003,1633,0,0,0,0,100,84,37,36,35,80,83,84,0,0,60,0,0,0,0,0,0,13760,1080,328,0,328,0,339,339,100,2,1,0,999,999,40,0,25,0,0,0,0,0,0,0,0,0,0,100,2688,2816,100,0,0,0,0,0,0,0,0,0,0,0,0,0,0,0,0,0,0,0,0,160
1099359,3242,532,86,47,9999,0,0,522,0,0,0,4173,2178,0,0,62,0,8,7,1920,599,2000,1,0,4,64,72,52869,13499,347,621,98,64,322,0,33,14,73,4,4,0,10,0,0,0,0,0,2688,2816,2688,2816,4128,2208,7349,1705,0,0,0,0,100,81,37,32,34,79,80,81,0,0,58,0,0,0,0,0,0,13764,1087,332,0,332,0,343,343,100,3,1,0,999,999,40,0,25,0,0,0,0,0,0,0,0,0,0,100,2688,2816,100,0,0,0,0,0,0,0,0,0,0,0,0,0,0,0,0,0,0,0,0,160
1100326,3242,532,86,47,9999,0,0,797,0,0,0,4173,3325,0,0,62,0,8,7,1920,599,2000,1,0,4,61,72,54806,13617,347,626,92,65,336,0,35,16,72,4,4,0,10,0,0,0,0,0,2688,2816,2688,2816,4128,2208,7622,1648,0,0,0,0,100,85,37,32,36,81,82,85,0,0,57,0,0,0,0,0,0,13764,1087,332,0,332,0,343,343,100,5,2,0,999,999,40,0,25,0,0,0,0,0,0,0,0,0,0,100,2688,2816,100,0,0,0,0,0,0,0,0,0,0,0,0,0,0,0,0,0,0,0,0,160
1101324,3242,532,86,47,9999,0,0,702,0,0,0,4168,2925,0,0,62,0,8,7,1920,599,2000,1,0,4,61,72,52138,13637,573,669,138,64,357,0,35,17,73,4,4,0,10,0,0,0,0,0,2688,2816,2688,2816,4128,2208,7406,1622,0,0,0,0,100,87,42,37,36,86,87,87,0,0,59,0,0,0,0,0,0,13764,1087,332,0,332,0,343,343,100,4,1,0,999,999,40,0,25,0,0,0,0,0,0,0,0,0,0,100,2688,2816,100,0,0,0,0,0,0,0,0,0,0,0,0,0,0,0,0,0,0,0,0,160
1102325,3242,532,86,47,9999,0,0,775,0,0,0,4168,3230,0,0,62,0,8,7,1920,599,2000,1,0,4,64,72,52263,13514,305,662,134,64,394,0,30,13,72,4,4,0,10,0,0,0,0,0,2688,2816,2688,2816,4128,2208,7321,1584,0,0,0,0,100,84,41,41,40,83,84,81,0,0,58,0,0,0,0,0,0,13764,1087,332,0,332,0,343,343,100,3,1,0,999,999,40,0,25,0,0,0,0,0,0,0,0,0,0,100,2688,2816,100,0,0,0,0,0,0,0,0,0,0,0,0,0,0,0,0,0,0,0,0,160
1103327,3242,532,86,47,9999,0,0,604,0,0,0,4168,2517,0,0,62,0,8,7,1920,599,2000,1,0,4,55,72,49133,13568,360,660,126,64,344,0,28,18,72,4,4,0,10,0,0,0,0,0,2688,2816,2688,2816,4128,2208,6001,1629,0,0,0,0,100,87,54,51,50,82,83,87,0,0,52,0,0,0,0,0,0,13764,1087,332,0,332,0,343,343,100,6,1,0,999,999,40,0,25,0,0,0,0,0,0,0,0,0,0,100,2688,2816,100,0,0,0,0,0,0,0,0,0,0,0,0,0,0,0,0,0,0,0,0,160
1104326,3242,532,86,47,9999,0,0,680,0,0,0,4168,2834,0,0,62,0,8,7,1920,599,2000,1,0,4,56,72,53275,13667,326,673,111,64,332,0,26,25,73,4,4,0,10,0,0,0,0,0,2688,2816,2688,2816,4128,2208,7074,1675,0,0,0,0,100,86,40,37,38,86,85,82,0,0,52,0,0,0,0,0,0,13764,1087,332,0,332,0,343,343,100,3,2,0,999,999,40,0,25,0,0,0,0,0,0,0,0,0,0,100,2688,2816,100,0,0,0,0,0,0,0,0,0,0,0,0,0,0,0,0,0,0,0,0,160
1105326,3242,532,86,47,9999,0,0,636,0,0,0,4168,2650,0,0,62,0,8,7,1920,599,2000,1,0,4,61,72,50637,13566,325,649,104,63,392,0,19,29,73,4,4,0,10,0,0,0,0,0,2688,2816,2688,2816,4128,2208,6504,1647,0,0,0,0,100,85,42,36,33,83,85,84,0,0,56,0,0,0,0,0,0,13764,1087,332,0,332,0,343,343,100,8,2,0,999,999,40,0,25,0,0,0,0,0,0,0,0,0,0,100,2688,2816,100,0,0,0,0,0,0,0,0,0,0,0,0,0,0,0,0,0,0,0,0,160
1106326,3242,532,86,47,9999,0,0,763,0,0,0,4168,3180,0,0,62,0,8,7,1920,599,2000,1,0,4,67,72,51915,13461,337,621,110,63,349,0,37,10,72,4,4,0,10,0,0,0,0,0,2688,2816,2688,2816,4128,2208,7199,1574,0,0,0,0,100,82,36,34,33,76,80,82,0,0,60,0,0,0,0,0,0,13764,1087,332,0,332,0,343,343,100,2,1,0,999,999,40,0,25,0,0,0,0,0,0,0,0,0,0,100,2688,2816,100,0,0,0,0,0,0,0,0,0,0,0,0,0,0,0,0,0,0,0,0,160
1107326,3242,532,86,47,9999,0,0,727,0,0,0,4168,3030,0,0,62,0,8,7,1920,599,2000,1,0,4,70,72,53805,13515,380,616,106,64,317,0,34,5,72,4,4,0,10,0,0,0,0,0,2688,2816,2688,2816,4128,2208,6764,1675,0,0,0,0,100,77,43,41,38,73,77,76,0,0,63,0,0,0,0,0,0,13764,1087,332,0,332,0,343,343,100,1,1,0,999,999,40,0,25,0,0,0,0,0,0,0,0,0,0,100,2688,2816,100,0,0,0,0,0,0,0,0,0,0,0,0,0,0,0,0,0,0,0,0,160
1108326,3242,532,86,47,9999,0,0,666,0,0,0,4168,2775,0,0,62,0,8,7,1920,599,2000,1,0,4,71,72,51951,13537,317,619,108,65,391,0,55,1,73,4,4,0,10,0,0,0,0,0,2688,2816,2688,2816,4128,2208,7235,1560,0,0,0,0,100,72,39,35,36,71,72,68,0,0,63,0,0,0,0,0,0,13764,1087,332,0,332,0,343,343,100,1,1,0,999,999,40,0,25,0,0,0,0,0,0,0,0,0,0,100,2688,2816,100,0,0,0,0,0,0,0,0,0,0,0,0,0,0,0,0,0,0,0,0,160
1109326,3242,532,86,47,9999,0,0,539,0,0,0,4168,2246,0,0,62,0,8,7,1920,599,2000,1,0,4,67,72,50437,13537,301,611,113,64,397,0,35,4,72,4,4,0,10,0,0,0,0,0,2688,2816,2688,2816,4128,2208,7490,1667,0,0,0,0,100,78,39,35,34,77,78,75,0,0,62,0,0,0,0,0,0,13764,1087,332,0,332,0,343,343,100,2,1,0,999,999,40,0,25,0,0,0,0,0,0,0,0,0,0,100,2688,2816,100,0,0,0,0,0,0,0,0,0,0,0,0,0,0,0,0,0,0,0,0,160
1110327,3242,532,86,47,9999,0,0,710,0,0,0,4168,2959,0,0,62,0,8,7,1920,599,2000,1,0,4,61,72,52594,13472,296,683,128,64,339,0,25,14,73,4,4,0,10,0,0,0,0,0,2688,2816,2688,2816,4128,2208,7554,1550,0,0,0,0,100,78,38,35,37,75,74,78,0,0,62,0,0,0,0,0,0,13764,1087,332,0,332,0,343,343,100,4,1,0,999,999,40,0,25,0,0,0,0,0,0,0,0,0,0,100,2688,2816,100,0,0,0,0,0,0,0,0,0,0,0,0,0,0,0,0,0,0,0,0,160
1111326,3242,532,86,47,9999,0,0,847,0,0,0,4171,3532,0,0,62,0,8,7,1920,599,2000,1,0,4,71,72,52069,13607,365,721,163,63,329,0,36,7,72,4,4,0,10,0,0,0,0,0,2688,2816,2688,2816,4128,2208,7860,1592,0,0,0,0,100,71,39,36,33,67,71,69,0,0,65,0,0,0,0,0,0,13764,1087,332,0,332,0,343,343,100,2,1,0,999,999,40,0,25,0,0,0,0,0,0,0,0,0,0,100,2688,2816,100,0,0,0,0,0,0,0,0,0,0,0,0,0,0,0,0,0,0,0,0,160
1112328,3242,532,86,47,9999,0,0,796,0,0,0,4171,3320,0,0,62,0,8,7,1920,599,2000,1,0,4,70,72,49092,13625,353,686,114,66,462,0,36,1,72,4,4,0,10,0,0,0,0,0,2688,2816,2688,2816,4128,2208,8711,1644,0,0,0,0,100,71,42,36,35,71,67,65,0,0,69,0,0,0,0,0,0,13764,1087,332,0,332,0,343,343,100,1,1,0,999,999,40,0,25,0,0,0,0,0,0,0,0,0,0,100,2688,2816,100,0,0,0,0,0,0,0,0,0,0,0,0,0,0,0,0,0,0,0,0,160
1113327,3242,532,86,47,9999,0,0,859,0,0,0,4171,3582,0,0,62,0,8,7,1920,599,2000,1,0,4,68,72,48172,13606,303,641,115,64,350,0,27,6,72,4,4,0,10,0,0,0,0,0,2688,2816,2688,2816,4128,2208,7893,1647,0,0,0,0,100,72,39,35,36,72,69,66,0,0,70,0,0,0,0,0,0,13764,1087,332,0,332,0,343,343,100,2,1,0,999,999,40,0,25,0,0,0,0,0,0,0,0,0,0,100,2688,2816,100,0,0,0,0,0,0,0,0,0,0,0,0,0,0,0,0,0,0,0,0,160
1114328,3242,532,86,47,9999,0,0,634,0,0,0,4171,2644,0,0,62,0,8,7,1920,599,2000,1,0,4,71,72,51842,13442,335,593,108,65,317,0,29,9,73,4,4,0,10,0,0,0,0,0,2688,2816,2688,2816,4128,2208,8607,1696,0,0,0,0,100,71,41,32,37,68,71,68,0,0,72,0,0,0,0,0,0,13764,1087,332,0,332,0,343,343,100,2,1,0,999,999,40,0,25,0,0,0,0,0,0,0,0,0,0,100,2688,2816,100,0,0,0,0,0,0,0,0,0,0,0,0,0,0,0,0,0,0,0,0,160
1115328,3242,532,86,47,9999,0,0,652,0,0,0,4171,2719,0,0,62,0,8,7,1920,599,2000,1,0,4,70,72,51715,13494,351,619,115,64,342,0,54,4,73,4,4,0,10,0,0,0,0,0,2688,2816,2688,2816,4128,2208,8187,1687,0,0,0,0,100,76,50,47,45,76,71,74,0,0,71,0,0,0,0,0,0,13764,1087,332,0,332,0,343,343,100,2,1,0,999,999,40,0,25,0,0,0,0,0,0,0,0,0,0,100,2688,2816,100,0,0,0,0,0,0,0,0,0,0,0,0,0,0,0,0,0,0,0,0,160
1116328,3242,532,86,47,9999,0,0,558,0,0,0,4171,2327,0,0,62,0,8,7,1920,599,2000,1,0,4,71,72,51698,13496,309,587,120,63,405,0,39,3,73,4,4,0,10,0,0,0,0,0,2688,2816,2688,2816,4128,2208,7500,1620,0,0,0,0,100,69,40,36,36,66,62,69,0,0,71,0,0,0,0,0,0,13764,1087,332,0,332,0,343,343,100,2,1,0,999,999,40,0,25,0,0,0,0,0,0,0,0,0,0,100,2688,2816,100,0,0,0,0,0,0,0,0,0,0,0,0,0,0,0,0,0,0,0,0,160
1117331,3242,532,86,47,9999,0,0,626,0,0,0,4171,2611,0,0,62,0,8,7,1920,599,2000,1,0,4,69,72,52513,13540,318,612,115,64,341,0,41,6,72,4,4,0,10,0,0,0,0,0,2688,2816,2688,2816,4128,2208,7894,1563,0,0,0,0,100,68,39,33,35,67,68,67,0,0,67,0,0,0,0,0,0,13764,1087,332,0,332,0,343,343,100,2,1,0,999,999,40,0,25,0,0,0,0,0,0,0,0,0,0,100,2688,2816,100,0,0,0,0,0,0,0,0,0,0,0,0,0,0,0,0,0,0,0,0,160
1118336,3242,532,86,47,9999,0,0,659,0,0,0,4171,2748,0,0,62,0,8,7,1920,599,2000,1,0,4,69,72,49725,13475,357,619,102,64,330,0,51,6,73,4,4,0,10,0,0,0,0,0,2688,2816,2688,2816,4128,2208,7823,1619,0,0,0,0,100,73,47,44,42,67,64,73,0,0,65,0,0,0,0,0,0,13764,1087,332,0,332,0,343,343,100,3,1,0,999,999,40,0,25,0,0,0,0,0,0,0,0,0,0,100,2688,2816,100,0,0,0,0,0,0,0,0,0,0,0,0,0,0,0,0,0,0,0,0,160
1119361,3244,532,86,47,9999,0,0,806,0,0,0,4171,3361,0,0,62,0,8,7,1920,599,2000,1,0,4,72,72,54075,13505,373,610,100,63,325,0,30,5,73,4,4,0,10,0,0,0,0,0,2688,2816,2688,2816,4128,2208,7313,1645,0,0,0,0,100,68,39,37,41,63,68,68,0,0,61,0,0,0,0,0,0,13764,1089,332,0,332,0,343,343,100,2,1,0,999,999,40,0,25,0,0,0,0,0,0,0,0,0,0,100,2688,2816,100,0,0,0,0,0,0,0,0,0,0,0,0,0,0,0,0,0,0,0,0,160
1120334,3244,532,86,47,9999,0,0,735,0,0,0,4171,3065,0,0,62,0,8,7,1920,599,2000,1,0,4,71,72,56057,13521,352,655,108,63,324,0,68,2,73,4,4,0,10,0,0,0,0,0,2688,2816,2688,2816,4128,2208,6433,1597,0,0,0,0,100,75,43,36,33,64,66,75,0,0,62,0,0,0,0,0,0,13764,1089,332,0,332,0,343,343,100,1,1,0,999,999,40,0,25,0,0,0,0,0,0,0,0,0,0,100,2688,2816,100,0,0,0,0,0,0,0,0,0,0,0,0,0,0,0,0,0,0,0,0,160
1121333,3244,532,86,47,9999,0,0,715,0,0,0,4174,2984,0,0,62,0,8,7,1920,599,2000,1,0,4,72,72,55881,13709,716,691,111,63,382,0,59,0,73,4,4,0,10,0,0,0,0,0,2688,2816,2688,2816,4128,2208,7709,1671,0,0,0,0,100,67,39,35,36,67,66,67,0,0,64,0,0,0,0,0,0,13764,1089,332,0,332,0,343,343,100,0,0,0,999,999,40,0,25,0,0,0,0,0,0,0,0,0,0,100,2688,2816,100,0,0,0,0,0,0,0,0,0,0,0,0,0,0,0,0,0,0,0,0,160
1122334,3244,532,86,47,9999,0,0,698,0,0,0,4174,2913,0,0,62,0,8,7,1920,599,2000,1,0,4,72,72,55910,13540,314,658,120,64,398,0,71,0,73,4,4,0,10,0,0,0,0,0,2688,2816,2688,2816,4128,2208,7477,1633,0,0,0,0,100,67,39,35,36,67,66,67,0,0,68,0,0,0,0,0,0,13764,1089,332,0,332,0,343,343,100,0,0,0,999,999,40,0,25,0,0,0,0,0,0,0,0,0,0,100,2688,2816,100,0,0,0,0,0,0,0,0,0,0,0,0,0,0,0,0,0,0,0,0,160
1123335,3244,532,86,47,9999,0,0,1070,0,0,0,4174,4466,0,0,62,0,8,7,1920,599,2000,1,0,4,71,72,50426,13598,370,682,96,65,385,0,60,0,73,4,4,0,10,0,0,0,0,0,2688,2816,2688,2816,4128,2208,7247,1611,0,0,0,0,100,70,42,42,37,67,68,70,0,0,64,0,0,0,0,0,0,13764,1089,332,0,332,0,343,343,100,0,0,0,999,999,40,0,25,0,0,0,0,0,0,0,0,0,0,100,2688,2816,100,0,0,0,0,0,0,0,0,0,0,0,0,0,0,0,0,0,0,0,0,160
1124334,3244,532,86,47,9999,0,0,729,0,0,0,4174,3042,0,0,62,0,8,7,1920,599,2000,1,0,4,73,72,56340,13585,311,612,101,64,327,0,41,1,72,4,4,0,10,0,0,0,0,0,2688,2816,2688,2816,4128,2208,6944,1695,0,0,0,0,100,70,54,50,51,67,70,68,0,0,63,0,0,0,0,0,0,13764,1089,332,0,332,0,343,343,100,1,1,0,999,999,40,0,25,0,0,0,0,0,0,0,0,0,0,100,2688,2816,100,0,0,0,0,0,0,0,0,0,0,0,0,0,0,0,0,0,0,0,0,160
1125338,3244,532,86,47,9999,0,0,494,0,0,0,4174,2061,0,0,62,0,8,7,1920,599,2000,1,0,4,71,72,56152,13567,323,634,118,64,346,0,56,0,72,4,4,0,10,0,0,0,0,0,2688,2816,2688,2816,4128,2208,5898,1534,0,0,0,0,100,70,54,50,51,67,70,68,0,0,60,0,0,0,0,0,0,13764,1089,332,0,332,0,343,343,100,0,0,0,999,999,40,0,25,0,0,0,0,0,0,0,0,0,0,100,2688,2816,100,0,0,0,0,0,0,0,0,0,0,0,0,0,0,0,0,0,0,0,0,160
1126335,3244,532,86,47,9999,0,0,602,0,0,0,4174,2512,0,0,62,0,8,7,1920,599,2000,1,0,4,71,72,56198,13486,313,693,108,63,319,0,79,0,72,4,4,0,10,0,0,0,0,0,2688,2816,2688,2816,4128,2208,5766,1460,0,0,0,0,100,71,44,45,44,69,68,71,0,0,56,0,0,0,0,0,0,13764,1089,332,0,332,0,343,343,100,0,0,0,999,999,40,0,25,0,0,0,0,0,0,0,0,0,0,100,2688,2816,100,0,0,0,0,0,0,0,0,0,0,0,0,0,0,0,0,0,0,0,0,160
1127335,3244,532,86,47,9999,0,0,644,0,0,0,4174,2688,0,0,62,0,8,7,1920,599,2000,1,0,4,72,72,29464,13610,359,723,146,63,352,0,49,1,72,4,4,0,10,0,0,0,0,0,2688,2816,2688,2816,4128,2208,6016,1580,0,0,0,0,100,56,38,36,34,45,48,56,0,0,55,0,0,0,0,0,0,13764,1089,332,0,332,0,343,343,100,1,1,0,999,999,40,0,25,0,0,0,0,0,0,0,0,0,0,100,2688,2816,100,0,0,0,0,0,0,0,0,0,0,0,0,0,0,0,0,0,0,0,0,160
1128338,3244,532,86,47,9999,0,0,648,0,0,0,4174,2704,0,0,62,0,8,7,1920,599,2000,1,0,4,69,72,38111,13523,351,633,67,64,305,0,0,0,72,4,4,0,10,0,0,0,0,0,2688,2816,2688,2816,4128,2208,6786,1606,0,0,0,0,100,31,37,37,36,25,25,31,0,0,56,0,0,0,0,0,0,13764,1089,332,0,332,0,343,343,100,0,0,0,999,999,40,0,25,0,0,0,0,0,0,0,0,0,0,100,2688,2816,100,0,0,0,0,0,0,0,0,0,0,0,0,0,0,0,0,0,0,0,0,160
1129338,3244,532,86,47,9999,0,0,550,0,0,0,4174,2295,0,0,62,0,8,7,1920,599,2000,1,0,4,73,72,54979,13504,620,555,102,63,353,0,36,9,73,4,4,0,10,0,0,0,0,0,2688,2816,2688,2816,4128,2208,6083,1697,0,0,0,0,100,62,43,39,41,53,56,62,0,0,57,0,0,0,0,0,0,13764,1089,332,0,332,0,343,343,100,4,1,0,999,999,40,0,25,0,0,0,0,0,0,0,0,0,0,100,2688,2816,100,0,0,0,0,0,0,0,0,0,0,0,0,0,0,0,0,0,0,0,0,160
1130336,3244,532,86,47,9999,0,0,782,0,0,0,4174,3264,0,0,62,0,8,7,1920,599,2000,1,0,4,72,72,57191,13450,305,620,126,64,332,0,74,0,73,4,4,0,10,0,0,0,0,0,2688,2816,2688,2816,4128,2208,6596,1655,0,0,0,0,100,70,43,39,37,64,70,70,0,0,59,0,0,0,0,0,0,13764,1089,332,0,332,0,343,343,100,0,0,0,999,999,40,0,25,0,0,0,0,0,0,0,0,0,0,100,2688,2816,100,0,0,0,0,0,0,0,0,0,0,0,0,0,0,0,0,0,0,0,0,160
1131337,3244,532,86,47,9999,0,0,698,0,0,0,4192,2926,0,0,62,0,8,7,1920,599,2000,1,0,4,72,72,56856,13546,361,710,147,63,425,0,65,2,72,4,4,0,10,0,0,0,0,0,2688,2816,2688,2816,4128,2208,6005,1589,0,0,0,0,100,71,42,39,35,61,60,71,0,0,58,0,0,0,0,0,0,13764,1089,332,0,332,0,343,343,100,1,1,0,999,999,40,0,25,0,0,0,0,0,0,0,0,0,0,100,2688,2816,100,0,0,0,0,0,0,0,0,0,0,0,0,0,0,0,0,0,0,0,0,160
1132336,3244,532,86,47,9999,0,0,595,0,0,0,4192,2494,0,0,62,0,8,7,1920,599,2000,1,0,4,71,72,57163,13586,373,691,101,63,380,0,74,0,73,4,4,0,10,0,0,0,0,0,2688,2816,2688,2816,4128,2208,6208,1642,0,0,0,0,100,66,42,39,36,62,66,64,0,0,57,0,0,0,0,0,0,13764,1089,332,0,332,0,343,343,100,0,0,0,999,999,40,0,25,0,0,0,0,0,0,0,0,0,0,100,2688,2816,100,0,0,0,0,0,0,0,0,0,0,0,0,0,0,0,0,0,0,0,0,160
1133336,3244,532,86,47,9999,0,0,877,0,0,0,4192,3676,0,0,62,0,8,7,1920,599,2000,1,0,4,71,72,57779,13579,305,654,116,63,371,0,70,4,72,4,4,0,10,0,0,0,0,0,2688,2816,2688,2816,4128,2208,6012,1638,0,0,0,0,100,72,43,35,40,63,64,72,0,0,57,0,0,0,0,0,0,13764,1089,332,0,332,0,343,343,100,4,1,0,999,999,40,0,25,0,0,0,0,0,0,0,0,0,0,100,2688,2816,100,0,0,0,0,0,0,0,0,0,0,0,0,0,0,0,0,0,0,0,0,160
1134336,3244,532,86,47,9999,0,0,629,0,0,0,4192,2636,0,0,62,0,8,7,1920,599,2000,1,0,4,73,72,55498,13476,329,653,109,63,353,0,63,1,73,4,4,0,10,0,0,0,0,0,2688,2816,2688,2816,4128,2208,5896,1678,0,0,0,0,100,66,42,34,36,65,66,66,0,0,59,0,0,0,0,0,0,13764,1089,332,0,332,0,343,343,100,1,1,0,999,999,40,0,25,0,0,0,0,0,0,0,0,0,0,100,2688,2816,100,0,0,0,0,0,0,0,0,0,0,0,0,0,0,0,0,0,0,0,0,160
1135338,3244,532,86,47,9999,0,0,725,0,0,0,4192,3039,0,0,62,0,8,7,1920,599,2000,1,0,4,72,72,53175,13471,366,623,112,63,370,0,68,0,73,4,4,0,10,0,0,0,0,0,2688,2816,2688,2816,4128,2208,7825,1696,0,0,0,0,100,66,38,37,36,66,66,66,0,0,61,0,0,0,0,0,0,13764,1089,332,0,332,0,343,343,100,0,0,0,999,999,40,0,25,0,0,0,0,0,0,0,0,0,0,100,2688,2816,100,0,0,0,0,0,0,0,0,0,0,0,0,0,0,0,0,0,0,0,0,160
1136337,3244,532,86,47,9999,0,0,743,0,0,0,4192,3114,0,0,62,0,8,7,1920,599,2000,1,0,4,70,72,51415,13564,364,591,93,64,353,0,30,6,72,4,4,0,10,0,0,0,0,0,2688,2816,2688,2816,4128,2208,7730,1607,0,0,0,0,100,72,36,37,38,64,72,71,0,0,65,0,0,0,0,0,0,13764,1089,332,0,332,0,343,343,100,2,1,0,999,999,40,0,25,0,0,0,0,0,0,0,0,0,0,100,2688,2816,100,0,0,0,0,0,0,0,0,0,0,0,0,0,0,0,0,0,0,0,0,160
1137337,3244,532,86,47,9999,0,0,568,0,0,0,4192,2381,0,0,62,0,8,7,1920,599,2000,1,0,4,70,72,51415,13553,314,596,99,63,412,0,47,2,73,4,4,0,10,0,0,0,0,0,2688,2816,2688,2816,4128,2208,7405,1630,0,0,0,0,100,69,38,37,35,68,69,67,0,0,68,0,0,0,0,0,0,13764,1089,332,0,332,0,343,343,100,2,1,0,999,999,40,0,25,0,0,0,0,0,0,0,0,0,0,100,2688,2816,100,0,0,0,0,0,0,0,0,0,0,0,0,0,0,0,0,0,0,0,0,160
1138337,3244,532,86,47,9999,0,0,658,0,0,0,4192,2758,0,0,62,0,8,7,1920,599,2000,1,0,4,73,72,51244,13453,295,622,111,64,301,0,48,2,72,4,4,0,10,0,0,0,0,0,2688,2816,2688,2816,4128,2208,8427,1637,0,0,0,0,100,71,40,41,40,66,69,71,0,0,65,0,0,0,0,0,0,13764,1089,332,0,332,0,343,343,100,2,1,0,999,999,40,0,25,0,0,0,0,0,0,0,0,0,0,100,2688,2816,100,0,0,0,0,0,0,0,0,0,0,0,0,0,0,0,0,0,0,0,0,160
1139379,3240,532,86,47,9999,0,0,751,0,0,0,4192,3148,0,0,62,0,8,7,1920,599,2000,1,0,4,66,72,52214,13475,357,577,107,64,325,0,28,11,73,4,4,0,10,0,0,0,0,0,2688,2816,2688,2816,4128,2208,7733,1708,0,0,0,0,100,72,43,43,39,68,72,65,0,0,64,0,0,0,0,0,0,13764,1087,332,0,332,0,343,343,100,4,2,0,999,999,40,0,25,0,0,0,0,0,0,0,0,0,0,100,2688,2816,100,0,0,0,0,0,0,0,0,0,0,0,0,0,0,0,0,0,0,0,0,160
1140338,3240,532,86,47,9999,0,0,689,0,0,0,4192,2888,0,0,62,0,8,7,1920,599,2000,1,0,4,68,72,48715,13527,354,581,95,63,333,0,37,6,73,4,4,0,10,0,0,0,0,0,2688,2816,2688,2816,4128,2208,6812,1646,0,0,0,0,100,73,40,37,37,73,69,66,0,0,65,0,0,0,0,0,0,13764,1087,332,0,332,0,343,343,100,2,1,0,999,999,40,0,25,0,0,0,0,0,0,0,0,0,0,100,2688,2816,100,0,0,0,0,0,0,0,0,0,0,0,0,0,0,0,0,0,0,0,0,160
1141338,3240,532,86,47,9999,0,0,625,0,0,0,4178,2611,0,0,62,0,8,7,1920,599,2000,1,0,4,69,72,52422,13544,316,559,104,63,342,0,42,3,72,4,4,0,10,0,0,0,0,0,2688,2816,2688,2816,4128,2208,7598,1611,0,0,0,0,100,75,42,37,36,75,64,69,0,0,66,0,0,0,0,0,0,13764,1087,332,0,332,0,343,343,100,2,1,0,999,999,40,0,25,0,0,0,0,0,0,0,0,0,0,100,2688,2816,100,0,0,0,0,0,0,0,0,0,0,0,0,0,0,0,0,0,0,0,0,160
1142339,3240,532,86,47,9999,0,0,599,0,0,0,4178,2502,0,0,62,0,8,7,1920,599,2000,1,0,4,71,72,54633,13434,328,594,111,64,332,0,49,4,73,4,4,0,10,0,0,0,0,0,2688,2816,2688,2816,4128,2208,7908,1663,0,0,0,0,100,75,42,40,35,72,75,65,0,0,63,0,0,0,0,0,0,13764,1087,332,0,332,0,343,343,100,1,1,0,999,999,40,0,25,0,0,0,0,0,0,0,0,0,0,100,2688,2816,100,0,0,0,0,0,0,0,0,0,0,0,0,0,0,0,0,0,0,0,0,160
1143340,3240,532,86,47,9999,0,0,864,0,0,0,4178,3609,0,0,62,0,8,7,1920,599,2000,1,0,4,65,72,52027,13439,341,593,106,64,310,0,35,12,72,4,4,0,10,0,0,0,0,0,2688,2816,2688,2816,4128,2208,7473,1653,0,0,0,0,100,71,42,39,35,66,71,68,0,0,64,0,0,0,0,0,0,13764,1087,332,0,332,0,343,343,100,2,1,0,999,999,40,0,25,0,0,0,0,0,0,0,0,0,0,100,2688,2816,100,0,0,0,0,0,0,0,0,0,0,0,0,0,0,0,0,0,0,0,0,160
1144340,3240,532,86,47,9999,0,0,896,0,0,0,4178,3743,0,0,62,0,8,7,1920,599,2000,1,0,4,66,72,51819,13573,344,606,112,65,412,0,30,2,72,4,4,0,10,0,0,0,0,0,2688,2816,2688,2816,4128,2208,7316,1706,0,0,0,0,100,80,41,42,39,69,80,62,0,0,66,0,0,0,0,0,0,13764,1087,332,0,332,0,343,343,100,1,1,0,999,999,40,0,25,0,0,0,0,0,0,0,0,0,0,100,2688,2816,100,0,0,0,0,0,0,0,0,0,0,0,0,0,0,0,0,0,0,0,0,160
1145341,3240,532,86,47,9999,0,0,691,0,0,0,4178,2886,0,0,62,0,8,7,1920,599,2000,1,0,4,72,72,50796,13603,310,623,136,64,385,0,49,5,73,4,4,0,10,0,0,0,0,0,2688,2816,2688,2816,4128,2208,8052,1702,0,0,0,0,100,69,41,38,34,69,66,66,0,0,67,0,0,0,0,0,0,13764,1087,332,0,332,0,343,343,100,2,1,0,999,999,40,0,25,0,0,0,0,0,0,0,0,0,0,100,2688,2816,100,0,0,0,0,0,0,0,0,0,0,0,0,0,0,0,0,0,0,0,0,160
1146341,3240,532,86,47,9999,0,0,592,0,0,0,4178,2473,0,0,62,0,8,7,1920,599,2000,1,0,4,69,72,52121,13558,303,625,127,64,324,0,29,5,73,4,4,0,10,0,0,0,0,0,2688,2816,2688,2816,4128,2208,7249,1649,0,0,0,0,100,71,49,48,45,65,71,71,0,0,67,0,0,0,0,0,0,13764,1087,332,0,332,0,343,343,100,2,1,0,999,999,40,0,25,0,0,0,0,0,0,0,0,0,0,100,2688,2816,100,0,0,0,0,0,0,0,0,0,0,0,0,0,0,0,0,0,0,0,0,160
1147340,3240,532,86,47,9999,0,0,680,0,0,0,4178,2841,0,0,62,0,8,7,1920,599,2000,1,0,4,72,72,46302,13558,335,671,104,65,375,0,30,5,73,4,4,0,10,0,0,0,0,0,2688,2816,2688,2816,4128,2208,7961,1685,0,0,0,0,100,69,43,47,43,66,66,69,0,0,66,0,0,0,0,0,0,13764,1087,332,0,332,0,343,343,100,2,1,0,999,999,40,0,25,0,0,0,0,0,0,0,0,0,0,100,2688,2816,100,0,0,0,0,0,0,0,0,0,0,0,0,0,0,0,0,0,0,0,0,160
1148341,3240,532,86,47,9999,0,0,522,0,0,0,4178,2180,0,0,62,0,8,7,1920,599,2000,1,0,4,68,72,49547,13631,344,653,111,64,315,0,45,3,72,4,4,0,10,0,0,0,0,0,2688,2816,2688,2816,4128,2208,6939,1675,0,0,0,0,100,74,38,38,37,74,72,59,0,0,67,0,0,0,0,0,0,13764,1087,332,0,332,0,343,343,100,1,1,0,999,999,40,0,25,0,0,0,0,0,0,0,0,0,0,100,2688,2816,100,0,0,0,0,0,0,0,0,0,0,0,0,0,0,0,0,0,0,0,0,160
1149342,3240,532,86,47,9999,0,0,892,0,0,0,4178,3726,0,0,62,0,8,7,1920,599,2000,1,0,4,72,72,52109,13563,335,614,106,65,411,0,34,6,73,4,4,0,10,0,0,0,0,0,2688,2816,2688,2816,4128,2208,7794,1719,0,0,0,0,100,68,38,40,36,68,67,66,0,0,68,0,0,0,0,0,0,13764,1087,332,0,332,0,343,343,100,2,1,0,999,999,40,0,25,0,0,0,0,0,0,0,0,0,0,100,2688,2816,100,0,0,0,0,0,0,0,0,0,0,0,0,0,0,0,0,0,0,0,0,160
1150342,3240,532,86,47,9999,0,0,495,0,0,0,4178,2068,0,0,62,0,8,7,1920,599,2000,1,0,4,70,72,50901,13487,316,620,90,63,316,0,53,1,72,4,4,0,10,0,0,0,0,0,2688,2816,2688,2816,4128,2208,7533,1675,0,0,0,0,100,70,43,37,36,70,69,69,0,0,68,0,0,0,0,0,0,13764,1087,332,0,332,0,343,343,100,1,1,0,999,999,40,0,25,0,0,0,0,0,0,0,0,0,0,100,2688,2816,100,0,0,0,0,0,0,0,0,0,0,0,0,0,0,0,0,0,0,0,0,160
1151344,3240,532,86,47,9999,0,0,521,0,0,0,4186,2180,0,0,62,0,8,7,1920,599,2000,1,0,4,72,72,53257,13490,322,646,135,63,413,0,52,5,73,4,4,0,10,0,0,0,0,0,2688,2816,2688,2816,4128,2208,7348,1610,0,0,0,0,100,76,42,36,34,73,76,73,0,0,67,0,0,0,0,0,0,13764,1087,332,0,332,0,343,343,100,2,1,0,999,999,40,0,25,0,0,0,0,0,0,0,0,0,0,100,2688,2816,100,0,0,0,0,0,0,0,0,0,0,0,0,0,0,0,0,0,0,0,0,160
1152343,3240,532,86,47,9999,0,0,861,0,0,0,4186,3604,0,0,62,0,8,7,1920,599,2000,1,0,4,69,72,53422,13549,352,626,160,63,297,0,38,10,72,4,4,0,10,0,0,0,0,0,2688,2816,2688,2816,4128,2208,7600,1668,0,0,0,0,100,70,44,37,30,69,70,69,0,0,64,0,0,0,0,0,0,13764,1087,332,0,332,0,343,343,100,4,1,0,999,999,40,0,25,0,0,0,0,0,0,0,0,0,0,100,2688,2816,100,0,0,0,0,0,0,0,0,0,0,0,0,0,0,0,0,0,0,0,0,160
1153343,3240,532,86,47,9999,0,0,623,0,0,0,4186,2607,0,0,62,0,8,7,1920,599,2000,1,0,4,64,72,47701,13493,330,579,130,63,339,0,33,9,72,4,4,0,10,0,0,0,0,0,2688,2816,2688,2816,4128,2208,7441,1657,0,0,0,0,100,78,39,37,31,78,75,78,0,0,62,0,0,0,0,0,0,13764,1087,332,0,332,0,343,343,100,2,1,0,999,999,40,0,25,0,0,0,0,0,0,0,0,0,0,100,2688,2816,100,0,0,0,0,0,0,0,0,0,0,0,0,0,0,0,0,0,0,0,0,160
1154344,3240,532,86,47,9999,0,0,665,0,0,0,4186,2783,0,0,62,0,8,7,1920,599,2000,1,0,4,64,72,55313,13564,356,662,126,64,348,0,34,20,73,4,4,0,10,0,0,0,0,0,2688,2816,2688,2816,4128,2208,7573,1722,0,0,0,0,100,84,43,42,39,82,84,82,0,0,61,0,0,0,0,0,0,13764,1087,332,0,332,0,343,343,100,3,1,0,999,999,40,0,25,0,0,0,0,0,0,0,0,0,0,100,2688,2816,100,0,0,0,0,0,0,0,0,0,0,0,0,0,0,0,0,0,0,0,0,160
1155347,3240,532,86,47,9999,0,0,943,0,0,0,4186,3947,0,0,62,0,8,7,1920,599,2000,1,0,4,61,72,53542,13598,349,608,128,64,359,0,31,13,72,4,4,0,10,0,0,0,0,0,2688,2816,2688,2816,4128,2208,8384,1664,0,0,0,0,100,86,45,42,39,83,86,83,0,0,61,0,0,0,0,0,0,13764,1087,332,0,332,0,343,343,100,7,1,0,999,999,40,0,25,0,0,0,0,0,0,0,0,0,0,100,2688,2816,100,0,0,0,0,0,0,0,0,0,0,0,0,0,0,0,0,0,0,0,0,160
1156346,3240,532,86,47,9999,0,0,752,0,0,0,4186,3147,0,0,62,0,8,7,1920,599,2000,1,0,4,59,72,52318,13543,283,673,152,63,424,0,32,18,73,4,4,0,10,0,0,0,0,0,2688,2816,2688,2816,4128,2208,8049,1641,0,0,0,0,100,82,42,40,41,82,82,82,0,0,60,0,0,0,0,0,0,13764,1087,332,0,332,0,343,343,100,3,1,0,999,999,40,0,25,0,0,0,0,0,0,0,0,0,0,100,2688,2816,100,0,0,0,0,0,0,0,0,0,0,0,0,0,0,0,0,0,0,0,0,160
1157345,3240,532,86,47,9999,0,0,444,0,0,0,4186,1858,0,0,62,0,8,7,1920,599,2000,1,0,4,61,72,55131,13546,318,656,134,64,362,0,36,13,72,4,4,0,10,0,0,0,0,0,2688,2816,2688,2816,4128,2208,8868,1656,0,0,0,0,100,83,45,38,32,81,83,80,0,0,60,0,0,0,0,0,0,13764,1087,332,0,332,0,343,343,100,5,2,0,999,999,40,0,25,0,0,0,0,0,0,0,0,0,0,100,2688,2816,100,0,0,0,0,0,0,0,0,0,0,0,0,0,0,0,0,0,0,0,0,160
1158349,3240,532,86,47,9999,0,0,804,0,0,0,4186,3365,0,0,62,0,8,7,1920,599,2000,1,0,4,59,72,53049,13502,294,676,128,62,402,0,21,26,72,4,4,0,10,0,0,0,0,0,2688,2816,2688,2816,4128,2208,7975,1670,0,0,0,0,100,84,38,38,32,81,84,83,0,0,56,0,0,0,0,0,0,13764,1087,332,0,332,0,343,343,100,5,1,0,999,999,40,0,25,0,0,0,0,0,0,0,0,0,0,100,2688,2816,100,0,0,0,0,0,0,0,0,0,0,0,0,0,0,0,0,0,0,0,0,160
1159395,3234,532,86,47,9999,0,0,599,0,0,0,4186,2507,0,0,62,0,8,7,1920,599,2000,1,0,4,51,72,51197,13535,361,622,121,64,352,0,22,23,72,4,4,0,10,0,0,0,0,0,2688,2816,2688,2816,4128,2208,7276,1715,0,0,0,0,100,86,44,38,36,86,86,85,0,0,59,0,0,0,0,0,0,13764,1088,332,0,332,0,343,343,100,7,1,0,999,999,40,0,25,0,0,0,0,0,0,0,0,0,0,100,2688,2816,100,0,0,0,0,0,0,0,0,0,0,0,0,0,0,0,0,0,0,0,0,160
1160350,3234,532,86,47,9999,0,0,619,0,0,0,4186,2591,0,0,62,0,8,7,1920,599,2000,1,0,4,62,72,54915,13604,324,675,126,63,350,0,29,15,73,4,4,0,10,0,0,0,0,0,2688,2816,2688,2816,4128,2208,8036,1639,0,0,0,0,100,84,40,37,34,79,84,80,0,0,61,0,0,0,0,0,0,13764,1088,332,0,332,0,343,343,100,2,1,0,999,999,40,0,25,0,0,0,0,0,0,0,0,0,0,100,2688,2816,100,0,0,0,0,0,0,0,0,0,0,0,0,0,0,0,0,0,0,0,0,160
1161349,3234,532,86,47,9999,0,0,671,0,0,0,4177,2802,0,0,62,0,8,7,1920,599,2000,1,0,4,62,72,51691,13543,290,646,110,63,352,0,29,11,72,4,4,0,10,0,0,0,0,0,2688,2816,2688,2816,4128,2208,7613,1645,0,0,0,0,100,86,44,39,36,81,86,84,0,0,62,0,0,0,0,0,0,13764,1088,332,0,332,0,343,343,100,3,1,0,999,999,40,0,25,0,0,0,0,0,0,0,0,0,0,100,2688,2816,100,0,0,0,0,0,0,0,0,0,0,0,0,0,0,0,0,0,0,0,0,160
1162351,3234,532,86,47,9999,0,0,834,0,0,0,4177,3483,0,0,62,0,8,7,1920,599,2000,1,0,4,66,72,51723,13424,301,574,106,64,343,0,43,6,73,4,4,0,10,0,0,0,0,0,2688,2816,2688,2816,4128,2208,6966,1658,0,0,0,0,100,85,40,38,36,79,85,77,0,0,65,0,0,0,0,0,0,13764,1088,332,0,332,0,343,343,100,2,1,0,999,999,40,0,25,0,0,0,0,0,0,0,0,0,0,100,2688,2816,100,0,0,0,0,0,0,0,0,0,0,0,0,0,0,0,0,0,0,0,0,160
1163349,3234,532,86,47,9999,0,0,540,0,0,0,4177,2255,0,0,62,0,8,7,1920,599,2000,1,0,4,71,72,55641,13635,358,646,154,64,318,0,62,1,72,4,4,0,10,0,0,0,0,0,2688,2816,2688,2816,4128,2208,8160,1652,0,0,0,0,100,78,42,37,41,74,77,78,0,0,67,0,0,0,0,0,0,13764,1088,332,0,332,0,343,343,100,1,1,0,999,999,40,0,25,0,0,0,0,0,0,0,0,0,0,100,2688,2816,100,0,0,0,0,0,0,0,0,0,0,0,0,0,0,0,0,0,0,0,0,160
1164349,3234,532,86,47,9999,0,0,703,0,0,0,4177,2936,0,0,62,0,8,7,1920,599,2000,1,0,4,68,72,54277,13604,320,625,143,64,337,0,50,9,73,4,4,0,10,0,0,0,0,0,2688,2816,2688,2816,4128,2208,7766,1716,0,0,0,0,100,72,38,37,35,72,67,69,0,0,67,0,0,0,0,0,0,13764,1088,332,0,332,0,343,343,100,4,1,0,999,999,40,0,25,0,0,0,0,0,0,0,0,0,0,100,2688,2816,100,0,0,0,0,0,0,0,0,0,0,0,0,0,0,0,0,0,0,0,0,160
1165349,3234,532,86,47,9999,0,0,671,0,0,0,4177,2802,0,0,62,0,8,7,1920,599,2000,1,0,4,69,72,49095,13544,305,616,113,63,357,0,32,4,73,4,4,0,10,0,0,0,0,0,2688,2816,2688,2816,4128,2208,7886,1653,0,0,0,0,100,67,41,37,39,67,66,65,0,0,68,0,0,0,0,0,0,13764,1088,332,0,332,0,343,343,100,1,1,0,999,999,40,0,25,0,0,0,0,0,0,0,0,0,0,100,2688,2816,100,0,0,0,0,0,0,0,0,0,0,0,0,0,0,0,0,0,0,0,0,160
1166350,3234,532,86,47,9999,0,0,764,0,0,0,4177,3191,0,0,62,0,8,7,1920,599,2000,1,0,4,69,72,52127,13478,332,626,103,64,379,0,45,6,72,4,4,0,10,0,0,0,0,0,2688,2816,2688,2816,4128,2208,7746,1671,0,0,0,0,100,68,39,38,37,67,62,68,0,0,67,0,0,0,0,0,0,13764,1088,332,0,332,0,343,343,100,2,1,0,999,999,40,0,25,0,0,0,0,0,0,0,0,0,0,100,2688,2816,100,0,0,0,0,0,0,0,0,0,0,0,0,0,0,0,0,0,0,0,0,160
1167351,3234,532,86,47,9999,0,0,580,0,0,0,4177,2422,0,0,62,0,8,7,1920,599,2000,1,0,4,67,72,50906,13479,352,537,105,65,313,0,46,6,73,4,4,0,10,0,0,0,0,0,2688,2816,2688,2816,4128,2208,7820,1672,0,0,0,0,100,75,52,51,50,72,75,72,0,0,68,0,0,0,0,0,0,13764,1088,332,0,332,0,343,343,100,2,1,0,999,999,40,0,25,0,0,0,0,0,0,0,0,0,0,100,2688,2816,100,0,0,0,0,0,0,0,0,0,0,0,0,0,0,0,0,0,0,0,0,160
1168350,3234,532,86,47,9999,0,0,745,0,0,0,4177,3111,0,0,62,0,8,7,1920,599,2000,1,0,4,69,72,53610,13569,537,579,87,64,326,0,49,5,73,4,4,0,10,0,0,0,0,0,2688,2816,2688,2816,4128,2208,7933,1660,0,0,0,0,100,80,46,46,39,80,80,76,0,0,68,0,0,0,0,0,0,13764,1088,332,0,332,0,343,343,100,2,1,0,999,999,40,0,25,0,0,0,0,0,0,0,0,0,0,100,2688,2816,100,0,0,0,0,0,0,0,0,0,0,0,0,0,0,0,0,0,0,0,0,160
1169351,3234,532,86,47,9999,0,0,750,0,0,0,4177,3132,0,0,62,0,8,7,1920,599,2000,1,0,4,65,72,56059,13508,335,563,101,63,358,0,33,13,73,4,4,0,10,0,0,0,0,0,2688,2816,2688,2816,4128,2208,7522,1716,0,0,0,0,100,81,44,37,39,78,81,80,0,0,67,0,0,0,0,0,0,13764,1088,332,0,332,0,343,343,100,6,2,0,999,999,40,0,25,0,0,0,0,0,0,0,0,0,0,100,2688,2816,100,0,0,0,0,0,0,0,0,0,0,0,0,0,0,0,0,0,0,0,0,160
1170351,3234,532,86,47,9999,0,0,826,0,0,0,4177,3450,0,0,62,0,8,7,1920,599,2000,1,0,4,70,72,50009,13430,293,584,89,63,335,0,31,6,73,4,4,0,10,0,0,0,0,0,2688,2816,2688,2816,4128,2208,8076,1644,0,0,0,0,100,82,38,35,30,82,81,82,0,0,65,0,0,0,0,0,0,13764,1088,332,0,332,0,343,343,100,2,1,0,999,999,40,0,25,0,0,0,0,0,0,0,0,0,0,100,2688,2816,100,0,0,0,0,0,0,0,0,0,0,0,0,0,0,0,0,0,0,0,0,160
1171352,3234,532,86,47,9999,0,0,945,0,0,0,4173,3943,0,0,62,0,8,7,1920,599,2000,1,0,4,64,72,52227,13382,306,563,102,63,361,0,34,9,73,4,4,0,10,0,0,0,0,0,2688,2816,2688,2816,4128,2208,8512,1656,0,0,0,0,100,81,36,34,32,80,81,77,0,0,66,0,0,0,0,0,0,13764,1088,332,0,332,0,343,343,100,2,1,0,999,999,40,0,25,0,0,0,0,0,0,0,0,0,0,100,2688,2816,100,0,0,0,0,0,0,0,0,0,0,0,0,0,0,0,0,0,0,0,0,160
1172351,3234,532,86,47,9999,0,0,717,0,0,0,4173,2992,0,0,62,0,8,7,1920,599,2000,1,0,4,65,72,52802,13493,337,622,111,64,418,0,25,12,72,4,4,0,10,0,0,0,0,0,2688,2816,2688,2816,4128,2208,7806,1621,0,0,0,0,100,81,37,34,37,76,81,76,0,0,65,0,0,0,0,0,0,13764,1088,332,0,332,0,343,343,100,3,2,0,999,999,40,0,25,0,0,0,0,0,0,0,0,0,0,100,2688,2816,100,0,0,0,0,0,0,0,0,0,0,0,0,0,0,0,0,0,0,0,0,160
1173354,3234,532,86,47,9999,0,0,600,0,0,0,4173,2503,0,0,62,0,8,7,1920,599,2000,1,0,4,64,72,51135,13590,312,642,126,64,398,0,32,19,72,4,4,0,10,0,0,0,0,0,2688,2816,2688,2816,4128,2208,7899,1660,0,0,0,0,100,85,36,35,39,85,81,79,0,0,61,0,0,0,0,0,0,13764,1088,332,0,332,0,343,343,100,7,2,0,999,999,40,0,25,0,0,0,0,0,0,0,0,0,0,100,2688,2816,100,0,0,0,0,0,0,0,0,0,0,0,0,0,0,0,0,0,0,0,0,160
1174356,3234,532,86,47,9999,0,0,776,0,0,0,4173,3238,0,0,62,0,8,7,1920,599,2000,1,0,4,54,72,54108,13429,303,612,126,64,342,0,28,25,73,4,4,0,10,0,0,0,0,0,2688,2816,2688,2816,4128,2208,7711,1755,0,0,0,0,100,87,38,36,36,85,87,85,0,0,57,0,0,0,0,0,0,13764,1088,332,0,332,0,343,343,100,4,2,0,999,999,40,0,25,0,0,0,0,0,0,0,0,0,0,100,2688,2816,100,0,0,0,0,0,0,0,0,0,0,0,0,0,0,0,0,0,0,0,0,160
1175354,3234,532,86,47,9999,0,0,818,0,0,0,4173,3413,0,0,62,0,8,7,1920,599,2000,1,0,4,55,72,53028,13464,319,672,115,63,323,0,15,27,72,4,4,0,10,0,0,0,0,0,2688,2816,2688,2816,4128,2208,6086,1676,0,0,0,0,100,90,43,41,38,90,86,88,0,0,53,0,0,0,0,0,0,13764,1088,332,0,332,0,343,343,100,3,2,0,999,999,40,0,25,0,0,0,0,0,0,0,0,0,0,100,2688,2816,100,0,0,0,0,0,0,0,0,0,0,0,0,0,0,0,0,0,0,0,0,160
1176355,3234,532,86,47,9999,0,0,689,0,0,0,4173,2875,0,0,62,0,8,7,1920,599,2000,1,0,4,49,72,54183,13632,297,719,119,63,424,0,18,30,73,4,4,0,10,0,0,0,0,0,2688,2816,2688,2816,4128,2208,8095,1610,0,0,0,0,100,90,47,48,43,90,90,88,0,0,52,0,0,0,0,0,0,13764,1088,332,0,332,0,343,343,100,4,2,0,999,999,40,0,25,0,0,0,0,0,0,0,0,0,0,100,2688,2816,100,0,0,0,0,0,0,0,0,0,0,0,0,0,0,0,0,0,0,0,0,160
1177355,3234,532,86,47,9999,0,0,960,0,0,0,4173,4006,0,0,62,0,8,7,1920,599,2000,1,0,4,54,72,51730,13558,308,663,121,64,374,0,23,18,72,4,4,0,10,0,0,0,0,0,2688,2816,2688,2816,4128,2208,7902,1682,0,0,0,0,100,89,40,35,33,88,89,89,0,0,58,0,0,0,0,0,0,13764,1088,332,0,332,0,343,343,100,2,1,0,999,999,40,0,25,0,0,0,0,0,0,0,0,0,0,100,2688,2816,100,0,0,0,0,0,0,0,0,0,0,0,0,0,0,0,0,0,0,0,0,160
1178358,3234,532,86,47,9999,0,0,726,0,0,0,4173,3029,0,0,62,0,8,7,1920,599,2000,1,0,4,61,72,53534,13551,334,684,113,64,414,0,31,14,72,4,4,0,10,0,0,0,0,0,2688,2816,2688,2816,4128,2208,7949,1677,0,0,0,0,100,88,45,39,38,86,88,88,0,0,63,0,0,0,0,0,0,13764,1088,332,0,332,0,343,343,100,3,1,0,999,999,40,0,25,0,0,0,0,0,0,0,0,0,0,100,2688,2816,100,0,0,0,0,0,0,0,0,0,0,0,0,0,0,0,0,0,0,0,0,160
1179387,3232,529,86,47,9999,0,0,644,0,0,0,4173,2687,0,0,62,0,8,7,1920,599,2000,1,0,4,70,72,53758,13488,355,649,91,64,367,0,49,3,73,4,4,0,10,0,0,0,0,0,2688,2816,2688,2816,4128,2208,8158,1699,0,0,0,0,100,85,42,41,42,85,83,81,0,0,65,0,0,0,0,0,0,13760,1087,328,0,328,0,339,339,100,1,1,0,999,999,40,0,25,0,0,0,0,0,0,0,0,0,0,100,2688,2816,100,0,0,0,0,0,0,0,0,0,0,0,0,0,0,0,0,0,0,0,0,160
1180354,3232,529,86,47,9999,0,0,635,0,0,0,4173,2649,0,0,62,0,8,7,1920,599,2000,1,0,4,70,72,51320,13619,330,609,105,64,350,0,46,5,72,4,4,0,10,0,0,0,0,0,2688,2816,2688,2816,4128,2208,7625,1640,0,0,0,0,100,74,34,34,37,74,71,71,0,0,67,0,0,0,0,0,0,13760,1087,328,0,328,0,339,339,100,2,1,0,999,999,40,0,25,0,0,0,0,0,0,0,0,0,0,100,2688,2816,100,0,0,0,0,0,0,0,0,0,0,0,0,0,0,0,0,0,0,0,0,160
1181354,3232,529,86,47,9999,0,0,640,0,0,0,4173,2670,0,0,62,0,8,7,1920,599,2000,1,0,4,72,72,52615,13522,318,596,107,64,365,0,47,4,72,4,4,0,10,0,0,0,0,0,2688,2816,2688,2816,4128,2208,7719,1605,0,0,0,0,100,69,37,35,36,65,69,63,0,0,68,0,0,0,0,0,0,13760,1087,328,0,328,0,339,339,100,2,1,0,999,999,40,0,25,0,0,0,0,0,0,0,0,0,0,100,2688,2816,100,0,0,0,0,0,0,0,0,0,0,0,0,0,0,0,0,0,0,0,0,160
1182355,3232,529,86,47,9999,0,0,767,0,0,0,4173,3200,0,0,62,0,8,7,1920,599,2000,1,0,4,70,72,50266,13537,352,641,103,64,333,0,42,6,72,4,4,0,10,0,0,0,0,0,2688,2816,2688,2816,4128,2208,7295,1646,0,0,0,0,100,73,35,31,33,60,73,64,0,0,67,0,0,0,0,0,0,13760,1087,328,0,328,0,339,339,100,2,1,0,999,999,40,0,25,0,0,0,0,0,0,0,0,0,0,100,2688,2816,100,0,0,0,0,0,0,0,0,0,0,0,0,0,0,0,0,0,0,0,0,160
1183355,3232,529,86,47,9999,0,0,620,0,0,0,4173,2587,0,0,62,0,8,7,1920,599,2000,1,0,4,71,72,57442,13520,340,610,108,64,327,0,49,1,72,4,4,0,10,0,0,0,0,0,2688,2816,2688,2816,4128,2208,7502,1647,0,0,0,0,100,67,32,34,35,63,67,62,0,0,69,0,0,0,0,0,0,13760,1087,328,0,328,0,339,339,100,1,1,0,999,999,40,0,25,0,0,0,0,0,0,0,0,0,0,100,2688,2816,100,0,0,0,0,0,0,0,0,0,0,0,0,0,0,0,0,0,0,0,0,160
1184355,3232,529,86,47,9999,0,0,570,0,0,0,4173,2378,0,0,62,0,8,7,1920,599,2000,1,0,4,72,72,52055,13569,325,680,113,64,375,0,57,1,73,4,4,0,10,0,0,0,0,0,2688,2816,2688,2816,4128,2208,6132,1579,0,0,0,0,100,66,39,33,34,65,66,65,0,0,63,0,0,0,0,0,0,13760,1087,328,0,328,0,339,339,100,1,1,0,999,999,40,0,25,0,0,0,0,0,0,0,0,0,0,100,2688,2816,100,0,0,0,0,0,0,0,0,0,0,0,0,0,0,0,0,0,0,0,0,160
1185355,3232,529,86,47,9999,0,0,542,0,0,0,4173,2261,0,0,62,0,8,7,1920,599,2000,1,0,4,73,72,54918,13447,335,677,101,62,341,0,80,0,72,4,4,0,10,0,0,0,0,0,2688,2816,2688,2816,4128,2208,5096,1477,0,0,0,0,100,68,37,39,35,68,68,63,0,0,57,0,0,0,0,0,0,13760,1087,328,0,328,0,339,339,100,0,0,0,999,999,40,0,25,0,0,0,0,0,0,0,0,0,0,100,2688,2816,100,0,0,0,0,0,0,0,0,0,0,0,0,0,0,0,0,0,0,0,0,160
1186355,3232,529,86,47,9999,0,0,599,0,0,0,4173,2499,0,0,62,0,8,7,1920,599,2000,1,0,4,71,72,52165,13333,332,658,95,63,375,0,79,3,72,4,4,0,10,0,0,0,0,0,2688,2816,2688,2816,4128,2208,6993,1570,0,0,0,0,100,63,37,33,29,59,63,58,0,0,51,0,0,0,0,0,0,13760,1087,328,0,328,0,339,339,100,2,1,0,999,999,40,0,25,0,0,0,0,0,0,0,0,0,0,100,2688,2816,100,0,0,0,0,0,0,0,0,0,0,0,0,0,0,0,0,0,0,0,0,160
1187355,3232,529,86,47,9999,0,0,774,0,0,0,4173,3229,0,0,62,0,8,7,1920,599,2000,1,0,4,71,72,32722,13435,330,610,167,64,379,0,0,0,72,4,4,0,10,0,0,0,0,0,2688,2816,2688,2816,4128,2208,6373,1664,0,0,0,0,100,27,33,33,33,24,22,27,0,0,57,0,0,0,0,0,0,13760,1087,328,0,328,0,339,339,100,0,0,0,999,999,40,0,25,0,0,0,0,0,0,0,0,0,0,100,2688,2816,100,0,0,0,0,0,0,0,0,0,0,0,0,0,0,0,0,0,0,0,0,160
1188355,3232,529,86,47,9999,0,0,1011,0,0,0,4173,4218,0,0,62,0,8,7,1920,599,2000,1,0,4,73,72,28909,14079,710,1097,541,64,369,0,0,1,68,6,4,0,10,0,0,0,0,0,2688,2816,2688,2816,4128,2208,6248,2548,0,0,0,0,100,30,53,52,51,29,26,30,0,0,61,0,0,0,0,0,0,13760,1087,328,0,328,0,339,339,100,1,1,0,999,999,40,0,25,0,0,0,0,0,0,0,0,0,0,100,2688,2816,100,0,0,0,0,0,0,0,0,0,0,0,0,0,0,0,0,0,0,0,0,160
1189355,3232,529,86,47,9999,0,0,751,0,0,0,4173,3133,0,0,62,0,8,7,1920,599,2000,1,0,4,73,72,31716,15566,935,2019,860,56,1190,1,0,0,0,14,6,0,10,0,0,0,0,0,2688,2816,2688,2816,4128,2208,6737,3714,0,0,0,0,100,84,93,93,94,84,84,83,0,0,70,0,0,0,0,0,0,13760,1087,328,0,328,0,339,339,100,0,0,0,999,999,40,0,25,0,0,0,0,0,0,0,0,0,0,100,2688,2816,100,0,0,0,0,0,0,0,0,0,0,0,0,0,0,0,0,0,0,0,0,160
1190355,3232,529,86,47,9999,0,0,569,0,0,0,4173,2374,0,0,62,0,8,7,1920,599,2000,1,0,4,73,72,34781,16218,357,2411,300,52,632,0,0,0,0,14,7,0,10,0,0,0,0,0,2688,2816,2688,2816,4128,2208,6088,3692,0,0,0,0,100,62,69,67,73,60,62,62,0,0,72,0,0,0,0,0,0,13760,1087,328,0,328,0,339,339,100,0,0,0,999,999,40,0,25,0,0,0,0,0,0,0,0,0,0,100,2688,2816,100,0,0,0,0,0,0,0,0,0,0,0,0,0,0,0,0,0,0,0,0,160
1191355,3232,529,86,47,9999,0,0,772,0,0,0,4178,3225,0,0,62,0,8,7,1920,599,2000,1,0,4,72,72,34481,15949,484,2206,455,62,1031,0,0,0,0,14,6,0,10,0,0,0,0,0,2688,2816,2688,2816,4128,2208,6270,3256,0,0,0,0,100,46,45,43,56,43,43,46,0,0,71,0,0,0,0,0,0,13760,1087,328,0,328,0,339,339,100,0,0,0,999,999,40,0,25,0,0,0,0,0,0,0,0,0,0,100,2688,2816,100,0,0,0,0,0,0,0,0,0,0,0,0,0,0,0,0,0,0,0,0,160
1192355,3232,529,86,47,9999,0,0,659,0,0,0,4178,2753,0,0,62,0,8,7,1920,599,2000,1,0,4,73,72,34637,16074,470,2389,477,51,808,0,0,0,0,15,6,0,10,0,0,0,0,0,2688,2816,2688,2816,4128,2208,5998,3297,0,0,0,0,100,74,69,65,73,70,70,74,0,0,70,0,0,0,0,0,0,13760,1087,328,0,328,0,339,339,100,0,0,0,999,999,40,0,25,0,0,0,0,0,0,0,0,0,0,100,2688,2816,100,0,0,0,0,0,0,0,0,0,0,0,0,0,0,0,0,0,0,0,0,160
1193356,3232,529,86,47,9999,0,0,560,0,0,0,4178,2339,0,0,62,0,8,7,2361,599,2000,1,0,4,72,72,33721,15413,447,1691,360,53,1026,0,0,0,0,15,6,0,10,0,0,0,0,0,2688,2816,2688,2816,4128,2208,6097,3325,0,0,0,0,100,65,51,50,60,61,65,59,0,0,70,0,0,0,0,0,0,13760,1087,328,0,328,0,339,339,100,0,0,0,999,999,40,0,25,0,0,0,0,0,0,0,0,0,0,100,2688,2816,100,0,0,0,0,0,0,0,0,0,0,0,0,0,0,0,0,0,0,0,0,160
1194356,3232,529,86,47,9999,0,0,549,0,0,0,4178,2293,0,0,62,0,8,7,2361,599,2000,1,0,4,73,72,33895,15017,306,1313,264,42,460,0,0,0,0,15,7,0,10,0,0,0,0,0,2688,2816,2688,2816,4128,2208,6122,3371,0,0,0,0,100,50,55,56,64,49,48,50,0,0,70,0,0,0,0,0,0,13760,1087,328,0,328,0,339,339,100,0,0,0,999,999,40,0,25,0,0,0,0,0,0,0,0,0,0,100,2688,2816,100,0,0,0,0,0,0,0,0,0,0,0,0,0,0,0,0,0,0,0,0,160
1195356,3232,529,86,47,9999,0,0,545,0,0,0,4178,2277,0,0,62,0,8,7,2361,599,2000,1,0,4,73,72,33737,15438,474,1714,530,46,495,0,0,0,0,12,7,0,10,0,0,0,0,0,2688,2816,2688,2816,4128,2208,6028,3348,0,0,0,0,100,40,41,41,56,40,38,40,0,0,69,0,0,0,0,0,0,13760,1087,328,0,328,0,339,339,100,0,0,0,999,999,40,0,25,0,0,0,0,0,0,0,0,0,0,100,2688,2816,100,0,0,0,0,0,0,0,0,0,0,0,0,0,0,0,0,0,0,0,0,160
1196356,3232,529,86,47,9999,0,0,1001,0,0,0,4178,4182,0,0,62,0,8,7,2361,599,2000,1,0,4,72,72,33650,15702,412,1966,436,53,1023,0,0,0,0,13,7,0,10,0,0,0,0,0,2688,2816,2688,2816,4128,2208,5787,3419,0,0,0,0,100,42,44,42,46,42,38,41,0,0,69,0,0,0,0,0,0,13760,1087,328,0,328,0,339,339,100,0,0,0,999,999,40,0,25,0,0,0,0,0,0,0,0,0,0,100,2688,2816,100,0,0,0,0,0,0,0,0,0,0,0,0,0,0,0,0,0,0,0,0,160
1197356,3232,529,86,47,9999,0,0,596,0,0,0,4178,2490,0,0,62,0,8,7,2361,599,2000,1,0,4,73,72,33625,15136,306,1393,298,51,835,0,0,0,0,13,7,0,10,0,0,0,0,0,2688,2816,2688,2816,4128,2208,6105,3349,0,0,0,0,100,58,55,50,59,56,58,52,0,0,69,0,0,0,0,0,0,13760,1087,328,0,328,0,339,339,100,0,0,0,999,999,40,0,25,0,0,0,0,0,0,0,0,0,0,100,2688,2816,100,0,0,0,0,0,0,0,0,0,0,0,0,0,0,0,0,0,0,0,0,160
1198356,3232,529,86,47,9999,0,0,662,0,0,0,4178,2765,0,0,62,0,8,7,2361,599,2000,1,0,4,72,72,33675,15797,791,2159,921,66,543,0,0,1,1,5,4,0,10,0,0,0,0,0,2688,2816,2688,2816,4128,2208,6241,1974,0,0,0,0,100,52,56,49,57,52,52,47,0,0,67,0,0,0,0,0,0,13760,1087,328,0,328,0,339,339,100,1,1,0,999,999,40,0,25,0,0,0,0,0,0,0,0,0,0,100,2688,2816,100,0,0,0,0,0,0,0,0,0,0,0,0,0,0,0,0,0,0,0,0,160
1199391,3229,526,86,47,9999,0,0,754,0,0,0,4178,3150,0,0,62,0,8,7,2361,599,2000,1,0,4,72,72,30207,15424,539,2369,458,63,229,0,0,0,1,5,4,0,10,0,0,0,0,0,2688,2816,2688,2816,4128,2208,6211,2104,0,0,0,0,100,33,75,75,75,27,24,33,0,0,63,0,0,0,0,0,0,13709,1080,328,0,328,0,339,339,100,0,0,0,999,999,40,0,25,0,0,0,0,0,0,0,0,0,0,100,2688,2816,100,0,0,0,0,0,0,0,0,0,0,0,0,0,0,0,0,0,0,0,0,160
1200356,3229,526,86,47,9999,0,0,649,0,0,0,4161,2700,0,0,62,0,8,7,2361,599,2000,1,0,4,73,72,31682,15683,593,1941,714,55,999,0,0,1,10,15,7,0,10,0,0,0,0,0,2688,2816,2688,2816,4128,2208,6062,3405,0,0,0,0,100,68,76,76,77,68,63,65,0,0,67,0,0,0,0,0,0,13709,1080,328,0,328,0,339,339,100,1,1,0,999,999,40,0,25,0,0,0,0,0,0,0,0,0,0,100,2688,2816,100,0,0,0,0,0,0,0,0,0,0,0,0,0,0,0,0,0,0,0,0,160
1201356,3229,526,86,47,9999,0,0,572,0,0,0,4175,2388,0,0,62,0,8,7,2361,599,2000,1,0,4,73,72,34087,16094,846,2300,546,53,1033,0,0,0,0,13,7,0,10,0,0,0,0,0,2688,2816,2688,2816,4128,2208,6042,3302,0,0,0,0,100,59,62,54,62,59,56,56,0,0,68,0,0,0,0,0,0,13709,1080,328,0,328,0,339,339,100,0,0,0,999,999,40,0,25,0,0,0,0,0,0,0,0,0,0,100,2688,2816,100,0,0,0,0,0,0,0,0,0,0,0,0,0,0,0,0,0,0,0,0,160