Time Stamp,available_memory_MB,app_pss_MB,battery_level_percentage,battery_temperature_celcius,battery_current_now_milliamps,power_count_neg,power_count_pos,power_current,power_current_neg,power_current_pos,power_level_state,power_voltage,power_wattage,power_wattage_neg,power_wattage_pos,iad_millimeter,shader_hitches,cpu_level,gpu_level,cpu_frequency_MHz,gpu_frequency_MHz,mem_frequency_MHz,minimum_vsyncs,extra_latency_mode,phase_sync_mode,average_frame_rate,display_refresh_rate,average_prediction_microseconds,icfl_mean_microseconds,icfl_stdev_microseconds,slice_headroom_mean_microseconds,slice_headroom_stdev_microseconds,slice_gpu_start_delay_min_microseconds,slice_gpu_start_delay_max_microseconds,screen_tear_count,early_frame_count,stale_frame_count,direct_render_frame_count,total_layer_count,merged_layer_count,maximum_rotational_speed_degrees_per_second,eye_texture_scale_factor,foveation_mode,foveation_level,dynamic_foveation_enabled,eye_tracked_foveation_latency_milliseconds,symmetric_fov,eye_buffer_width,eye_buffer_height,swap_chain_width,swap_chain_height,front_buffer_width,front_buffer_height,app_gpu_time_microseconds,timewarp_gpu_time_microseconds,guardian_gpu_time_microseconds,local_dimming_enabled,cabc_enabled,temporal_dimming_enabled,temporal_dimming_gain,cpu_utilization_percentage,cpu_utilization_percentage_core0,cpu_utilization_percentage_core1,cpu_utilization_percentage_core2,cpu_utilization_percentage_core3,cpu_utilization_percentage_core4,cpu_utilization_percentage_core5,cpu_utilization_percentage_core6,cpu_utilization_percentage_core7,gpu_utilization_percentage,spacewarp_motion_vector_type,spacewarped_frames_per_second,extrapolation_factor_mean,extrapolation_factor_rms,data_extrapolation_factor_mean,data_extrapolation_factor_rms,app_vss_MB,app_rss_MB,app_uss_MB,app_dalvik_pss_MB,app_private_dirty_MB,app_private_clean_MB,app_gpu_physical_MB,app_gpu_virtual_MB,app_gpu_allocated_percentage,stale_frames_consecutive,max_repeated_frames,skipped_frames,face_tracking_overall_latency_milliseconds,face_tracking_processing_latency_milliseconds,face_tracking_frame_to_frame_latency_milliseconds,face_tracking_frames_dropped,face_tracking_frames_per_second,eye_tracking_overall_latency_milliseconds,eye_tracking_processing_latency_milliseconds,eye_tracking_frame_to_frame_latency_milliseconds,eye_tracking_frames_dropped,eye_tracking_frames_per_second,hand_tracking_overall_latency_milliseconds,hand_tracking_processing_latency_milliseconds,hand_tracking_frame_to_frame_latency_milliseconds,hand_tracking_frames_dropped,hand_tracking_frames_per_second,dynres_recommendation_percentage,dynres_recommendation_width,dynres_recommendation_height,app_frame_throttle,avg_vertices_per_frame,avg_fill_percentage,avg_inst_per_frag,avg_inst_per_vert,avg_frag_inst_per_pixel,avg_vert_inst_per_pixel,avg_textures_per_frag,percent_time_shading_frags,percent_time_shading_verts,percent_time_compute,percent_vertex_fetch_stall,percent_texture_fetch_stall,percent_texture_l1_miss,percent_texture_l2_miss,percent_texture_nearest_filtered,percent_texture_linear_filtered,percent_texture_anisotropic_filtered,vrshell_average_frame_rate,vrshell_gpu_time_microseconds,vrshell_and_guardian_gpu_time_microseconds,render_scale,App Committed Memory,App Resident Memory,Audio Reserved Memory,Audio Used Memory,GC Reserved Memory,GC Used Memory,Profiler Reserved Memory,Profiler Used Memory,System Total Used Memory,System Used Memory,Total Reserved Memory,Total Used Memory,Video Reserved Memory,Video Used Memory,Batches Count,CPU Main Thread Frame Time,CPU Render Thread Frame Time,CPU Total Frame Time,Draw Calls Count,GPU Frame Time,Index Buffer Upload In Frame Bytes,Index Buffer Upload In Frame Count,Render Textures Bytes,Render Textures Changes Count,Render Textures Count,SetPass Calls Count,Shadow Casters Count,Triangles Count,Used Buffers Bytes,Used Buffers Count,Vertex Buffer Upload In Frame Bytes,Vertex Buffer Upload In Frame Count,Vertices Count,Video Memory Bytes,Visible Skinned Meshes Count
1000,2312,940,82,44,9999,0,0,123,0,0,0,4176,513,0,0,62,0,2,3,1651,492,2000,1,0,4,72,72,30917,15022,395,1778,361,64,183,0,0,0,0,3,0,0,10,0,0,0,0,0,2688,2816,2688,2816,4128,2208,6400,1499,0,0,0,0,100,38,44,44,45,38,34,34,0,0,55,0,0,0,0,0,0,14481,1045,919,0,814,104,335,335,100,0,0,0,999,999,40,0,25,0,0,0,0,0,0,0,0,0,0,100,2688,2816,100,0,0,0,0,0,0,0,0,0,0,0,0,0,0,0,0,0,0,0,0,160,709,709,1,1,13,12,49,1,7414,709,2186,2020,0,0,0,13046,0,13359,0,0,0,0,11,3,6,151,0,126,15,262,0,0,358,8013,0
2000,2312,940,82,44,9999,0,0,624,0,0,0,4176,2605,0,0,62,0,2,2,2361,456,2000,1,0,4,73,72,30712,14365,346,974,156,64,399,0,0,1,0,3,0,0,10,0,0,0,0,0,2688,2816,2688,2816,4128,2208,7651,1540,0,0,0,0,100,38,40,39,43,38,36,30,0,0,61,0,0,0,0,0,0,14481,1045,919,0,814,104,335,335,100,1,1,0,999,999,40,0,25,0,0,0,0,0,0,0,0,0,0,100,2688,2816,100,0,0,0,0,0,0,0,0,0,0,0,0,0,0,0,0,0,0,0,0,160,717,717,1,1,13,11,49,1,7423,717,2186,2022,0,0,0,16328,0,16756,0,0,0,1,11,3,6,169,0,134,15,266,23,1,365,8013,1
3000,2312,940,82,44,9999,0,0,800,0,0,0,4176,3340,0,0,62,0,2,2,2361,456,2000,1,0,4,73,72,32425,14426,350,857,131,64,425,0,0,2,57,3,3,0,10,0,0,0,0,0,2688,2816,2688,2816,4128,2208,7715,1712,0,0,0,0,100,40,40,36,42,38,40,34,0,0,68,0,0,0,0,0,0,14481,1045,919,0,814,104,335,335,100,2,2,0,999,999,40,0,25,0,0,0,0,0,0,0,0,0,0,100,2688,2816,100,0,0,0,0,0,0,0,0,0,0,0,0,0,0,0,0,0,0,0,0,160,719,719,1,1,13,11,49,1,7435,719,2186,2023,0,0,0,4976,0,5145,0,0,0,0,11,3,6,164,0,128,15,266,0,0,361,8013,0
4000,2312,940,82,44,9999,0,0,292,0,0,0,4176,1219,0,0,62,0,2,2,2361,456,2000,1,0,4,62,72,35423,15209,1467,1532,1156,63,859,2,23,11,48,5,0,0,10,0,0,0,0,0,2688,2816,2688,2816,4128,2208,7083,2269,0,0,0,0,100,46,78,79,80,42,43,46,0,0,66,0,0,0,0,0,0,14481,1045,919,0,814,104,335,335,100,11,10,0,999,999,40,0,25,0,0,0,0,0,0,0,0,0,0,100,2688,2816,100,0,0,0,0,0,0,0,0,0,0,0,0,0,0,0,0,0,0,0,0,160,720,720,1,1,13,11,49,1,7436,720,2186,2024,0,0,0,13505,0,13705,0,0,0,0,11,3,6,166,0,128,15,266,0,0,361,8013,0
5000,2312,940,82,44,9999,0,0,773,0,0,0,4176,3228,0,0,62,0,2,2,2361,456,2000,1,0,4,73,72,39036,16061,605,2269,527,138,376,0,0,0,0,7,4,0,10,0,0,0,0,0,2688,2816,2688,2816,4128,2208,7681,2500,0,0,0,0,100,62,55,54,59,61,59,62,0,0,72,0,0,0,0,0,0,14481,1045,919,0,814,104,335,335,100,0,0,0,999,999,40,0,25,0,0,0,0,0,0,0,0,0,0,100,2688,2816,100,0,0,0,0,0,0,0,0,0,0,0,0,0,0,0,0,0,0,0,0,160,722,722,1,1,13,12,49,1,7401,722,2186,2024,0,0,0,13697,0,13861,0,0,0,0,11,3,6,159,0,128,15,266,0,0,360,8013,0
6001,2312,940,82,44,9999,0,0,762,0,0,0,4176,3182,0,0,62,0,2,2,2361,456,2000,1,0,4,72,72,35039,15218,285,1416,213,68,389,0,0,0,0,7,4,0,10,0,0,0,0,0,2688,2816,2688,2816,4128,2208,7495,2531,0,0,0,0,100,50,44,45,50,50,45,43,0,0,74,0,0,0,0,0,0,14481,1045,919,0,814,104,335,335,100,0,0,0,999,999,40,0,25,0,0,0,0,0,0,0,0,0,0,100,2688,2816,100,0,0,0,0,0,0,0,0,0,0,0,0,0,0,0,0,0,0,0,0,160,721,721,1,1,13,13,49,1,7451,721,2186,2025,0,0,0,12452,0,12608,0,0,0,0,11,3,6,165,0,128,15,266,0,0,361,8013,0
7001,2312,940,82,44,9999,0,0,763,0,0,0,4176,3186,0,0,62,0,2,2,2361,456,2000,1,0,4,72,72,34635,14941,332,1008,163,140,386,0,0,0,0,7,4,0,10,0,0,0,0,0,2688,2816,2688,2816,4128,2208,7516,2610,0,0,0,0,100,54,55,52,59,54,50,49,0,0,75,0,0,0,0,0,0,14481,1045,919,0,814,104,335,335,100,0,0,0,999,999,40,0,25,0,0,0,0,0,0,0,0,0,0,100,2688,2816,100,0,0,0,0,0,0,0,0,0,0,0,0,0,0,0,0,0,0,0,0,160,722,722,1,1,13,11,49,1,7397,722,2186,2023,0,0,0,13308,0,13456,0,0,0,0,11,3,6,166,0,128,15,266,0,0,361,8013,0
8001,2312,940,82,44,9999,0,0,764,0,0,0,4163,3180,0,0,62,0,2,2,2361,456,2000,1,0,4,72,72,34520,14850,360,892,160,130,385,0,0,0,62,7,5,0,10,0,0,0,0,0,2688,2816,2688,2816,4128,2208,7318,2544,0,0,0,0,100,54,60,56,59,54,52,52,0,0,75,0,0,0,0,0,0,14481,1045,919,0,814,104,335,335,100,0,0,0,999,999,40,0,25,0,0,0,0,0,0,0,0,0,0,100,2688,2816,100,0,0,0,0,0,0,0,0,0,0,0,0,0,0,0,0,0,0,0,0,160,723,723,1,1,13,11,49,1,7415,723,2186,2023,0,0,0,13135,0,13309,0,0,0,0,11,3,6,165,0,128,15,266,0,0,361,8013,0
9001,2312,940,82,44,9999,0,0,466,0,0,0,4163,1939,0,0,62,0,2,2,2361,456,2000,1,0,4,73,72,34423,14709,344,727,114,135,373,0,0,0,72,7,4,0,10,0,0,0,0,0,2688,2816,2688,2816,4128,2208,7509,2518,0,0,0,0,100,58,50,46,54,58,45,49,0,0,75,0,0,0,0,0,0,14481,1045,919,0,814,104,335,335,100,0,0,0,999,999,40,0,25,0,0,0,0,0,0,0,0,0,0,100,2688,2816,100,0,0,0,0,0,0,0,0,0,0,0,0,0,0,0,0,0,0,0,0,160,724,724,1,1,13,12,49,1,7401,724,2186,2024,0,0,0,10531,0,10683,0,0,0,0,11,3,6,166,0,128,15,266,0,0,361,8013,0
10001,2312,940,82,44,9999,0,0,219,0,0,0,4179,915,0,0,62,0,2,2,2361,456,2000,1,0,4,72,72,34246,14625,304,629,97,133,389,0,0,0,72,7,5,0,10,0,0,0,0,0,2688,2816,2688,2816,4128,2208,7356,2527,0,0,0,0,100,44,45,43,50,44,44,44,0,0,75,0,0,0,0,0,0,14481,1045,919,0,814,104,335,335,100,0,0,0,999,999,40,0,25,0,0,0,0,0,0,0,0,0,0,100,2688,2816,100,0,0,0,0,0,0,0,0,0,0,0,0,0,0,0,0,0,0,0,0,160,725,725,1,1,13,12,49,1,7400,725,2186,2024,0,0,0,13453,0,13617,0,0,0,0,11,3,6,166,0,128,15,266,0,0,361,8013,0
11001,2312,940,82,44,9999,0,0,759,0,0,0,4179,3171,0,0,62,0,2,2,2361,456,2000,1,0,4,73,72,34191,14544,306,608,107,137,404,0,0,0,73,7,5,0,10,0,0,0,0,0,2688,2816,2688,2816,4128,2208,7521,2515,0,0,0,0,100,47,44,43,50,42,44,47,0,0,75,0,0,0,0,0,0,14481,1045,919,0,814,104,335,335,100,0,0,0,999,999,40,0,25,0,0,0,0,0,0,0,0,0,0,100,2688,2816,100,0,0,0,0,0,0,0,0,0,0,0,0,0,0,0,0,0,0,0,0,160,727,727,1,1,13,13,49,1,7435,727,2186,2025,0,0,0,13774,0,13937,0,0,0,0,11,3,6,168,0,128,15,266,0,0,361,8013,0
12001,2312,940,82,44,9999,0,0,401,0,0,0,4179,1675,0,0,62,0,3,2,1651,492,2000,1,0,4,73,72,34313,14654,348,782,303,66,356,0,0,4,59,3,3,0,10,0,0,0,0,0,2688,2816,2688,2816,4128,2208,6918,1675,0,0,0,0,100,63,52,50,58,63,53,53,0,0,72,0,0,0,0,0,0,14481,1045,919,0,814,104,335,335,100,2,1,0,999,999,40,0,25,0,0,0,0,0,0,0,0,0,0,100,2688,2816,100,0,0,0,0,0,0,0,0,0,0,0,0,0,0,0,0,0,0,0,0,160,735,735,1,1,13,12,49,1,7417,735,2187,2028,0,0,0,16139,0,16600,0,0,0,4,11,3,6,183,0,135,15,266,17,4,366,8013,1
13001,2312,940,82,44,9999,0,0,221,0,0,0,4179,923,0,0,62,0,2,2,1651,492,2000,1,0,4,71,72,34401,14130,352,758,114,63,416,0,1,4,72,3,3,0,10,0,0,0,0,0,2688,2816,2688,2816,4128,2208,7774,1709,0,0,0,0,100,40,39,33,36,37,38,40,0,0,71,0,0,0,0,0,0,14481,1045,919,0,814,104,335,335,100,3,2,0,999,999,40,0,25,0,0,0,0,0,0,0,0,0,0,100,2688,2816,100,0,0,0,0,0,0,0,0,0,0,0,0,0,0,0,0,0,0,0,0,160,739,739,1,1,18,16,49,1,7446,739,2192,2033,0,0,0,13288,0,13694,0,0,0,0,11,3,6,194,0,128,15,266,0,0,361,8013,0
14001,2312,940,82,44,9999,0,0,724,0,0,0,4179,3025,0,0,62,0,2,2,1651,492,2000,1,0,4,71,72,36579,14145,309,694,129,65,413,0,2,1,73,3,3,0,10,0,0,0,0,0,2688,2816,2688,2816,4128,2208,7590,1722,0,0,0,0,100,51,41,35,39,51,46,47,0,0,70,0,0,0,0,0,0,14481,1045,919,0,814,104,335,335,100,1,1,0,999,999,40,0,25,0,0,0,0,0,0,0,0,0,0,100,2688,2816,100,0,0,0,0,0,0,0,0,0,0,0,0,0,0,0,0,0,0,0,0,160,741,741,1,1,24,17,49,1,7397,741,2197,2033,0,0,0,15270,0,15630,0,0,0,0,11,3,6,197,0,128,15,266,0,0,360,8013,0
15001,2312,940,82,44,9999,0,0,746,0,0,0,4179,3117,0,0,62,0,2,2,1651,492,2000,1,0,4,73,72,33615,14095,301,654,127,65,404,0,0,0,73,3,3,0,10,0,0,0,0,0,2688,2816,2688,2816,4128,2208,8154,1705,0,0,0,0,100,48,39,36,38,46,48,46,0,0,70,0,0,0,0,0,0,14481,1045,919,0,814,104,335,335,100,0,0,0,999,999,40,0,25,0,0,0,0,0,0,0,0,0,0,100,2688,2816,100,0,0,0,0,0,0,0,0,0,0,0,0,0,0,0,0,0,0,0,0,160,742,742,1,1,24,16,49,1,7427,742,2197,2032,0,0,0,19413,0,19711,0,0,0,0,11,3,6,201,0,128,15,266,0,0,361,8013,0
16002,2312,940,82,44,9999,0,0,186,0,0,0,4179,777,0,0,62,0,2,2,1651,492,2000,1,0,4,72,72,33907,14059,337,670,111,65,393,0,0,2,73,3,3,0,10,0,0,0,0,0,2688,2816,2688,2816,4128,2208,8112,1652,0,0,0,0,100,47,37,34,35,45,47,45,0,0,71,0,0,0,0,0,0,14481,1045,919,0,814,104,335,335,100,1,1,0,999,999,40,0,25,0,0,0,0,0,0,0,0,0,0,100,2688,2816,100,0,0,0,0,0,0,0,0,0,0,0,0,0,0,0,0,0,0,0,0,160,743,743,1,1,24,13,49,1,7395,743,2198,2030,0,0,0,7011,0,7227,0,0,0,0,11,3,6,171,0,127,15,266,0,0,359,8013,0
17002,2312,940,82,44,9999,0,0,911,0,0,0,4179,3807,0,0,62,0,2,2,1651,492,2000,1,0,4,73,72,33738,14096,367,651,117,64,374,0,0,3,72,3,3,0,10,0,0,0,0,0,2688,2816,2688,2816,4128,2208,7146,1640,0,0,0,0,100,47,34,35,36,47,47,40,0,0,67,0,0,0,0,0,0,14481,1045,919,0,814,104,335,335,100,1,1,0,999,999,40,0,25,0,0,0,0,0,0,0,0,0,0,100,2688,2816,100,0,0,0,0,0,0,0,0,0,0,0,0,0,0,0,0,0,0,0,0,160,744,744,1,1,24,18,49,1,7404,744,2198,2035,0,0,0,15991,0,16269,0,0,0,1,11,3,6,171,0,133,15,266,9,1,363,8013,1
18001,2312,940,82,44,9999,0,0,574,0,0,0,4168,2392,0,0,62,0,3,2,1651,492,2000,1,0,4,71,72,33261,14165,299,654,135,64,424,0,0,4,73,3,3,0,10,0,0,0,0,0,2688,2816,2688,2816,4128,2208,8631,1637,0,0,0,0,100,58,46,41,46,50,58,49,0,0,67,0,0,0,0,0,0,14481,1045,919,0,814,104,335,335,100,3,1,0,999,999,40,0,25,0,0,0,0,0,0,0,0,0,0,100,2688,2816,100,0,0,0,0,0,0,0,0,0,0,0,0,0,0,0,0,0,0,0,0,160,745,745,1,1,24,16,50,1,7403,745,2199,2032,0,0,0,18329,0,18837,0,0,0,0,11,3,6,178,0,244,15,266,0,0,695,8013,1
19040,2441,977,82,43,9999,0,0,282,0,0,0,4168,1175,0,0,62,0,2,3,1651,492,2000,1,0,4,73,72,34110,14040,306,640,143,64,386,0,0,2,72,3,3,0,10,0,0,0,0,0,2688,2816,2688,2816,4128,2208,8312,1547,0,0,0,0,100,43,37,32,33,41,43,43,0,0,72,0,0,0,0,0,0,14633,1081,957,0,847,110,339,339,100,1,1,0,999,999,40,0,25,0,0,0,0,0,0,0,0,0,0,100,2688,2816,100,0,0,0,0,0,0,0,0,0,0,0,0,0,0,0,0,0,0,0,0,160,746,746,1,1,24,14,50,1,7402,746,2199,2032,0,0,0,9014,0,9253,0,0,0,0,11,3,6,199,0,239,15,266,0,0,694,8013,0
20003,2441,977,82,43,9999,0,0,799,0,0,0,4168,3330,0,0,62,0,2,2,1651,492,2000,1,0,4,72,72,35104,13974,358,552,132,66,372,0,0,1,73,3,3,0,10,0,0,0,0,0,2688,2816,2688,2816,4128,2208,8931,1679,0,0,0,0,100,45,39,33,36,40,42,45,0,0,75,0,0,0,0,0,0,14633,1081,957,0,847,110,339,339,100,2,1,0,999,999,40,0,25,0,0,0,0,0,0,0,0,0,0,100,2688,2816,100,0,0,0,0,0,0,0,0,0,0,0,0,0,0,0,0,0,0,0,0,160,747,747,1,1,24,17,50,1,7435,747,2199,2035,0,0,0,12427,0,12629,0,0,0,2,11,3,6,198,0,239,15,266,9,2,694,8013,0
21002,2441,977,82,43,9999,0,0,211,0,0,0,4168,879,0,0,62,0,2,2,1651,492,2000,1,0,4,72,72,35135,14022,353,576,105,64,403,0,0,1,73,3,3,0,10,0,0,0,0,0,2688,2816,2688,2816,4128,2208,8739,1695,0,0,0,0,100,52,40,36,44,52,48,43,0,0,77,0,0,0,0,0,0,14633,1081,957,0,847,110,339,339,100,1,1,0,999,999,40,0,25,0,0,0,0,0,0,0,0,0,0,100,2688,2816,100,0,0,0,0,0,0,0,0,0,0,0,0,0,0,0,0,0,0,0,0,160,748,748,1,1,24,17,50,1,7403,748,2199,2034,0,0,0,14528,0,14756,0,0,0,0,11,3,6,197,0,239,15,266,0,0,693,8013,0
22002,2441,977,82,43,9999,0,0,436,0,0,0,4168,1817,0,0,62,0,2,2,1651,456,2000,1,0,4,72,72,34599,14021,319,559,97,65,380,0,0,1,73,3,3,0,10,0,0,0,0,0,2688,2816,2688,2816,4128,2208,8817,1693,0,0,0,0,100,43,37,36,33,43,43,43,0,0,78,0,0,0,0,0,0,14633,1081,957,0,847,110,339,339,100,1,1,0,999,999,40,0,25,0,0,0,0,0,0,0,0,0,0,100,2688,2816,100,0,0,0,0,0,0,0,0,0,0,0,0,0,0,0,0,0,0,0,0,160,749,749,1,1,24,15,50,1,7436,749,2199,2031,0,0,0,17550,0,17998,0,0,0,0,11,3,6,197,0,239,15,266,0,0,693,8013,0
23002,2441,977,82,43,9999,0,0,501,0,0,0,4168,2088,0,0,62,0,2,2,1651,456,2000,1,0,4,72,72,34956,13889,307,594,119,65,383,0,0,1,73,3,3,0,10,0,0,0,0,0,2688,2816,2688,2816,4128,2208,9433,1695,0,0,0,0,100,50,35,34,34,50,50,40,0,0,79,0,0,0,0,0,0,14633,1081,957,0,847,110,339,339,100,1,1,0,999,999,40,0,25,0,0,0,0,0,0,0,0,0,0,100,2688,2816,100,0,0,0,0,0,0,0,0,0,0,0,0,0,0,0,0,0,0,0,0,160,748,748,1,1,24,15,50,1,7406,748,2199,2032,0,0,0,16230,0,16584,0,0,0,0,11,3,6,195,0,239,15,266,0,0,693,8013,0
24002,2441,977,82,43,9999,0,0,660,0,0,0,4168,2750,0,0,62,0,2,2,1651,456,2000,1,0,4,73,72,34939,13971,348,590,100,62,401,0,0,2,73,3,3,0,10,0,0,0,0,0,2688,2816,2688,2816,4128,2208,8894,1698,0,0,0,0,100,50,38,31,35,44,50,48,0,0,78,0,0,0,0,0,0,14633,1081,957,0,847,110,339,339,100,2,1,0,999,999,40,0,25,0,0,0,0,0,0,0,0,0,0,100,2688,2816,100,0,0,0,0,0,0,0,0,0,0,0,0,0,0,0,0,0,0,0,0,160,748,748,1,1,24,16,50,1,7437,748,2198,2033,0,0,0,12363,0,12628,0,0,0,0,11,3,6,195,0,239,15,266,0,0,693,8013,0
25002,2441,977,82,43,9999,0,0,366,0,0,0,4168,1525,0,0,62,0,2,2,1651,456,2000,1,0,4,71,72,36491,14077,336,610,107,66,384,0,0,2,73,3,3,0,10,0,0,0,0,0,2688,2816,2688,2816,4128,2208,8828,1693,0,0,0,0,100,47,34,34,36,44,42,47,0,0,78,0,0,0,0,0,0,14633,1081,957,0,847,110,339,339,100,1,1,0,999,999,40,0,25,0,0,0,0,0,0,0,0,0,0,100,2688,2816,100,0,0,0,0,0,0,0,0,0,0,0,0,0,0,0,0,0,0,0,0,160,749,749,1,1,24,16,50,1,7405,749,2198,2033,0,0,0,8297,0,8525,0,0,0,2,11,3,6,192,0,239,15,266,9,2,693,8013,0
26002,2441,977,82,43,9999,0,0,763,0,0,0,4168,3180,0,0,62,0,2,2,1651,456,2000,1,0,4,72,72,34920,14043,329,619,113,65,394,0,0,3,73,3,3,0,10,0,0,0,0,0,2688,2816,2688,2816,4128,2208,9722,1694,0,0,0,0,100,51,34,31,34,39,51,39,0,0,78,0,0,0,0,0,0,14633,1081,957,0,847,110,339,339,100,2,1,0,999,999,40,0,25,0,0,0,0,0,0,0,0,0,0,100,2688,2816,100,0,0,0,0,0,0,0,0,0,0,0,0,0,0,0,0,0,0,0,0,160,750,750,1,1,24,14,50,1,7410,750,2198,2031,0,0,0,16054,0,16336,0,0,0,0,11,3,6,192,0,239,15,266,0,0,693,8013,0
27002,2441,977,82,43,9999,0,0,1056,0,0,0,4168,4401,0,0,62,0,2,2,1651,456,2000,1,0,4,72,72,35469,14064,348,673,115,65,415,0,0,0,73,3,3,0,10,0,0,0,0,0,2688,2816,2688,2816,4128,2208,8963,1690,0,0,0,0,100,50,37,34,37,50,43,48,0,0,79,0,0,0,0,0,0,14633,1081,957,0,847,110,339,339,100,0,0,0,999,999,40,0,25,0,0,0,0,0,0,0,0,0,0,100,2688,2816,100,0,0,0,0,0,0,0,0,0,0,0,0,0,0,0,0,0,0,0,0,160,719,719,1,1,24,18,50,1,7365,719,2198,2034,0,0,0,16463,0,16745,0,0,0,4,11,3,6,193,0,239,15,266,18,4,693,8013,0
28002,2441,977,82,43,9999,0,0,609,0,0,0,4135,2518,0,0,62,0,2,2,1651,456,2000,1,0,4,72,72,35260,14123,382,680,145,65,389,0,0,2,72,3,3,0,10,0,0,0,0,0,2688,2816,2688,2816,4128,2208,9057,1709,0,0,0,0,100,53,47,48,50,52,50,53,0,0,79,0,0,0,0,0,0,14633,1081,957,0,847,110,339,339,100,1,1,0,999,999,40,0,25,0,0,0,0,0,0,0,0,0,0,100,2688,2816,100,0,0,0,0,0,0,0,0,0,0,0,0,0,0,0,0,0,0,0,0,160,720,720,1,1,24,16,50,1,7368,720,2199,2033,0,0,0,13085,0,13305,0,0,0,0,11,3,6,191,0,238,15,266,0,0,692,8013,0
29002,2441,977,82,43,9999,0,0,805,0,0,0,4135,3328,0,0,62,0,2,2,1651,456,2000,1,0,4,73,72,35488,14050,304,624,121,64,390,0,0,0,72,3,3,0,10,0,0,0,0,0,2688,2816,2688,2816,4128,2208,8846,1659,0,0,0,0,100,53,46,47,47,47,48,53,0,0,79,0,0,0,0,0,0,14633,1081,957,0,847,110,339,339,100,0,0,0,999,999,40,0,25,0,0,0,0,0,0,0,0,0,0,100,2688,2816,100,0,0,0,0,0,0,0,0,0,0,0,0,0,0,0,0,0,0,0,0,160,721,721,1,1,24,15,50,1,7375,721,2199,2033,0,0,0,15131,0,15599,0,0,1,1,11,3,6,195,0,239,15,266,48,1,692,8013,0
30002,2441,977,82,43,9999,0,0,293,0,0,0,4135,1211,0,0,62,0,2,2,1651,456,2000,1,0,4,72,72,35266,14016,367,656,120,64,407,0,0,0,73,3,3,0,10,0,0,0,0,0,2688,2816,2688,2816,4128,2208,8895,1646,0,0,0,0,100,47,42,36,42,47,46,43,0,0,79,0,0,0,0,0,0,14633,1081,957,0,847,110,339,339,100,0,0,0,999,999,40,0,25,0,0,0,0,0,0,0,0,0,0,100,2688,2816,100,0,0,0,0,0,0,0,0,0,0,0,0,0,0,0,0,0,0,0,0,160,722,722,1,1,24,14,50,1,7340,722,2199,2031,0,0,0,13815,0,14047,0,0,0,0,11,3,6,194,0,238,15,266,0,0,692,8013,0
31002,2441,977,82,43,9999,0,0,364,0,0,0,4135,1505,0,0,62,0,2,2,1651,456,2000,1,0,4,73,72,35034,14016,367,656,120,64,407,0,0,0,73,3,3,0,10,0,0,0,0,0,2688,2816,2688,2816,4128,2208,8675,1641,0,0,0,0,100,44,36,31,34,40,44,43,0,0,78,0,0,0,0,0,0,14633,1081,957,0,847,110,339,339,100,0,0,0,999,999,40,0,25,0,0,0,0,0,0,0,0,0,0,100,2688,2816,100,0,0,0,0,0,0,0,0,0,0,0,0,0,0,0,0,0,0,0,0,160,722,722,1,1,24,18,50,1,7374,722,2199,2036,0,0,0,17683,0,18039,0,0,0,0,11,3,6,192,0,239,15,266,0,0,693,8013,0
32003,2441,977,82,43,9999,0,0,404,0,0,0,4135,1670,0,0,62,0,2,2,1651,456,2000,1,0,4,72,72,34575,14078,355,648,153,65,403,0,0,0,73,3,3,0,10,0,0,0,0,0,2688,2816,2688,2816,4128,2208,9555,1689,0,0,0,0,100,52,38,36,38,52,43,40,0,0,78,0,0,0,0,0,0,14633,1081,957,0,847,110,339,339,100,0,0,0,999,999,40,0,25,0,0,0,0,0,0,0,0,0,0,100,2688,2816,100,0,0,0,0,0,0,0,0,0,0,0,0,0,0,0,0,0,0,0,0,160,723,723,1,1,24,15,50,1,7344,723,2199,2034,0,0,0,14210,0,14427,0,0,0,0,11,3,6,193,0,239,15,266,0,0,694,8013,0
33002,2441,977,82,43,9999,0,0,518,0,0,0,4135,2141,0,0,62,0,2,2,1651,456,2000,1,0,4,73,72,34339,14113,306,645,125,64,410,0,0,0,73,3,3,0,10,0,0,0,0,0,2688,2816,2688,2816,4128,2208,8638,1671,0,0,0,0,100,48,38,35,32,45,48,43,0,0,78,0,0,0,0,0,0,14633,1081,957,0,847,110,339,339,100,0,0,0,999,999,40,0,25,0,0,0,0,0,0,0,0,0,0,100,2688,2816,100,0,0,0,0,0,0,0,0,0,0,0,0,0,0,0,0,0,0,0,0,160,724,724,1,1,24,15,50,1,7378,724,2199,2033,0,0,0,10078,0,10357,0,0,0,0,11,3,6,198,0,246,15,266,0,0,699,8013,1
34003,2441,977,82,43,9999,0,0,320,0,0,0,4135,1323,0,0,62,0,2,2,1651,456,2000,1,0,4,73,72,34713,13961,337,626,123,66,395,0,0,1,73,3,3,0,10,0,0,0,0,0,2688,2816,2688,2816,4128,2208,9228,1652,0,0,0,0,100,48,38,35,32,45,48,43,0,0,78,0,0,0,0,0,0,14633,1081,957,0,847,110,339,339,100,1,1,0,999,999,40,0,25,0,0,0,0,0,0,0,0,0,0,100,2688,2816,100,0,0,0,0,0,0,0,0,0,0,0,0,0,0,0,0,0,0,0,0,160,725,725,1,1,24,17,50,1,7346,725,2199,2035,0,0,0,19010,0,19458,0,0,0,1,11,3,6,198,0,246,15,266,14,1,699,8013,1
35003,2441,977,82,43,9999,0,0,871,0,0,0,4135,3601,0,0,62,0,2,2,1651,456,2000,1,0,4,70,72,36409,13951,337,650,115,64,380,0,0,4,73,3,3,0,10,0,0,0,0,0,2688,2816,2688,2816,4128,2208,8274,1670,0,0,0,0,100,52,34,37,40,52,44,43,0,0,78,0,0,0,0,0,0,14633,1081,957,0,847,110,339,339,100,3,2,0,999,999,40,0,25,0,0,0,0,0,0,0,0,0,0,100,2688,2816,100,0,0,0,0,0,0,0,0,0,0,0,0,0,0,0,0,0,0,0,0,160,726,726,1,1,24,15,50,1,7380,726,2200,2033,0,0,0,16539,0,16946,0,0,2,1,11,3,6,198,0,246,15,266,51,1,699,8013,1
36003,2441,977,82,43,9999,0,0,450,0,0,0,4135,1860,0,0,62,0,2,2,1651,456,2000,1,0,4,71,72,37298,13986,297,647,97,65,365,0,2,2,73,3,3,0,10,0,0,0,0,0,2688,2816,2688,2816,4128,2208,8855,1659,0,0,0,0,100,49,37,33,33,44,41,49,0,0,78,0,0,0,0,0,0,14633,1081,957,0,847,110,339,339,100,2,1,0,999,999,40,0,25,0,0,0,0,0,0,0,0,0,0,100,2688,2816,100,0,0,0,0,0,0,0,0,0,0,0,0,0,0,0,0,0,0,0,0,160,727,727,1,1,24,16,50,1,7350,727,2199,2034,0,0,0,13679,0,13921,0,0,2,1,11,3,6,196,0,246,15,266,51,1,699,8013,1
37003,2441,977,82,43,9999,0,0,501,0,0,0,4135,2071,0,0,62,0,2,2,1651,456,2000,1,0,4,73,72,35133,13980,305,607,106,67,382,0,0,0,73,3,3,0,10,0,0,0,0,0,2688,2816,2688,2816,4128,2208,8838,1675,0,0,0,0,100,48,38,36,39,48,47,48,0,0,78,0,0,0,0,0,0,14633,1081,957,0,847,110,339,339,100,0,0,0,999,999,40,0,25,0,0,0,0,0,0,0,0,0,0,100,2688,2816,100,0,0,0,0,0,0,0,0,0,0,0,0,0,0,0,0,0,0,0,0,160,728,728,1,1,24,18,50,1,7355,728,2199,2036,0,0,0,11937,0,12169,0,0,0,0,11,3,6,192,0,239,15,266,0,0,693,8013,0
38003,2441,977,82,43,9999,0,0,923,0,0,0,4131,3812,0,0,62,0,2,4,1651,456,2000,1,0,4,72,72,34991,13865,329,552,104,65,395,0,0,2,73,3,3,0,10,0,0,0,0,0,2688,2816,2688,2816,4128,2208,7647,1455,0,0,0,0,100,45,34,28,33,38,33,45,0,0,74,0,0,0,0,0,0,14633,1081,957,0,847,110,339,339,100,2,1,0,999,999,40,0,25,0,0,0,0,0,0,0,0,0,0,100,2688,2816,100,0,0,0,0,0,0,0,0,0,0,0,0,0,0,0,0,0,0,0,0,160,729,729,1,1,24,16,50,1,7387,729,2200,2035,0,0,0,13697,0,14061,0,0,0,0,11,3,6,192,0,239,15,266,0,0,693,8013,0
39036,2424,960,82,43,9999,0,0,338,0,0,0,4131,1396,0,0,62,0,2,3,1651,456,2000,1,0,4,73,72,34587,13890,332,677,161,64,350,0,0,4,73,3,3,0,10,0,0,0,0,0,2688,2816,2688,2816,4128,2208,8991,1610,0,0,0,0,100,48,39,34,41,48,45,43,0,0,72,0,0,0,0,0,0,14633,1062,941,0,858,83,338,338,100,4,1,0,999,999,40,0,25,0,0,0,0,0,0,0,0,0,0,100,2688,2816,100,0,0,0,0,0,0,0,0,0,0,0,0,0,0,0,0,0,0,0,0,160,729,729,1,1,24,14,50,1,7353,729,2200,2033,0,0,0,11943,0,12332,0,0,0,0,11,3,6,191,0,240,15,266,0,0,694,8013,0
40003,2424,960,82,43,9999,0,0,505,0,0,0,4131,2086,0,0,62,0,2,3,1651,456,2000,1,0,4,73,72,34388,14005,316,721,154,64,419,0,0,4,72,3,3,0,10,0,0,0,0,0,2688,2816,2688,2816,4128,2208,7751,1562,0,0,0,0,100,49,41,36,37,46,44,49,0,0,73,0,0,0,0,0,0,14633,1062,941,0,858,83,338,338,100,1,1,0,999,999,40,0,25,0,0,0,0,0,0,0,0,0,0,100,2688,2816,100,0,0,0,0,0,0,0,0,0,0,0,0,0,0,0,0,0,0,0,0,160,730,730,1,1,24,14,50,1,7389,730,2200,2033,0,0,0,9341,0,9578,0,0,0,0,11,3,6,203,0,246,15,266,0,0,699,8013,1
41004,2424,960,82,43,9999,0,0,349,0,0,0,4131,1441,0,0,62,0,3,2,1651,456,2000,1,0,4,73,72,35277,13895,281,677,117,64,368,0,0,3,73,3,3,0,10,0,0,0,0,0,2688,2816,2688,2816,4128,2208,8996,1673,0,0,0,0,100,49,41,39,39,44,49,44,0,0,77,0,0,0,0,0,0,14633,1062,941,0,858,83,338,338,100,1,1,0,999,999,40,0,25,0,0,0,0,0,0,0,0,0,0,100,2688,2816,100,0,0,0,0,0,0,0,0,0,0,0,0,0,0,0,0,0,0,0,0,160,731,731,1,1,24,16,50,1,7358,731,2200,2035,0,0,0,12397,0,12657,0,0,2,1,11,3,6,196,0,239,15,266,51,1,694,8013,0
42004,2424,960,82,43,9999,0,0,417,0,0,0,4131,1722,0,0,62,0,2,2,1382,456,2000,1,0,4,72,72,34325,13951,359,597,111,65,440,0,0,1,72,3,3,0,10,0,0,0,0,0,2688,2816,2688,2816,4128,2208,9040,1692,0,0,0,0,100,48,36,35,35,44,48,44,0,0,79,0,0,0,0,0,0,14633,1062,941,0,858,83,338,338,100,1,1,0,999,999,40,0,25,0,0,0,0,0,0,0,0,0,0,100,2688,2816,100,0,0,0,0,0,0,0,0,0,0,0,0,0,0,0,0,0,0,0,0,160,732,732,1,1,24,16,50,1,7388,732,2200,2035,0,0,0,16127,0,16540,0,0,0,0,11,3,6,189,0,239,15,266,0,0,693,8013,0
43004,2424,960,82,43,9999,0,0,267,0,0,0,4131,1102,0,0,62,0,2,2,1382,456,2000,1,0,4,73,72,34939,14024,316,618,115,65,399,0,0,1,73,3,3,0,10,0,0,0,0,0,2688,2816,2688,2816,4128,2208,8256,1673,0,0,0,0,100,52,41,40,40,49,45,52,0,0,79,0,0,0,0,0,0,14633,1062,941,0,858,83,338,338,100,1,1,0,999,999,40,0,25,0,0,0,0,0,0,0,0,0,0,100,2688,2816,100,0,0,0,0,0,0,0,0,0,0,0,0,0,0,0,0,0,0,0,0,160,732,732,1,1,24,15,50,1,7359,732,2200,2034,0,0,0,12126,0,12369,0,0,0,0,11,3,6,192,0,239,15,266,0,0,693,8013,0
44004,2424,960,82,43,9999,0,0,817,0,0,0,4131,3375,0,0,62,0,2,2,1382,456,2000,1,0,4,73,72,35138,14011,625,698,129,65,359,0,0,0,73,3,3,0,10,0,0,0,0,0,2688,2816,2688,2816,4128,2208,9566,1681,0,0,0,0,100,54,41,34,40,54,36,42,0,0,79,0,0,0,0,0,0,14633,1062,941,0,858,83,338,338,100,0,0,0,999,999,40,0,25,0,0,0,0,0,0,0,0,0,0,100,2688,2816,100,0,0,0,0,0,0,0,0,0,0,0,0,0,0,0,0,0,0,0,0,160,733,733,1,1,24,17,50,1,7391,733,2200,2036,0,0,0,12262,0,12481,0,0,1,1,11,3,6,180,0,244,15,266,48,1,694,8013,1
45004,2424,960,82,43,9999,0,0,509,0,0,0,4131,2102,0,0,62,0,2,2,1382,456,2000,1,0,4,73,72,35302,14021,370,647,124,65,371,0,0,1,72,3,3,0,10,0,0,0,0,0,2688,2816,2688,2816,4128,2208,9143,1620,0,0,0,0,100,47,39,36,36,45,47,42,0,0,79,0,0,0,0,0,0,14633,1062,941,0,858,83,338,338,100,1,1,0,999,999,40,0,25,0,0,0,0,0,0,0,0,0,0,100,2688,2816,100,0,0,0,0,0,0,0,0,0,0,0,0,0,0,0,0,0,0,0,0,160,735,735,1,1,24,17,50,1,7364,735,2200,2036,0,0,0,14911,0,15170,0,0,0,0,11,3,6,178,0,243,15,266,0,0,694,8013,1
46004,2424,960,82,43,9999,0,0,402,0,0,0,4131,1660,0,0,62,0,2,3,1382,456,2000,1,0,4,69,72,35194,14045,327,699,120,65,391,0,0,0,73,3,3,0,10,0,0,0,0,0,2688,2816,2688,2816,4128,2208,8671,1541,0,0,0,0,100,53,39,34,38,53,39,46,0,0,76,0,0,0,0,0,0,14633,1062,941,0,858,83,338,338,100,0,0,0,999,999,40,0,25,0,0,0,0,0,0,0,0,0,0,100,2688,2816,100,0,0,0,0,0,0,0,0,0,0,0,0,0,0,0,0,0,0,0,0,160,736,736,1,1,24,14,50,1,7366,736,2200,2034,0,0,0,9559,0,9845,0,0,1,1,11,3,6,178,0,243,15,266,48,1,694,8013,1
47004,2424,960,82,43,9999,0,0,896,0,0,0,4131,3701,0,0,62,0,2,3,1382,456,2000,1,0,4,72,72,38669,14019,322,733,128,64,402,0,24,7,73,3,3,0,10,0,0,0,0,0,2688,2816,2688,2816,4128,2208,8582,1520,0,0,0,0,100,49,36,30,28,41,49,44,0,0,75,0,0,0,0,0,0,14633,1062,941,0,858,83,338,338,100,6,3,0,999,999,40,0,25,0,0,0,0,0,0,0,0,0,0,100,2688,2816,100,0,0,0,0,0,0,0,0,0,0,0,0,0,0,0,0,0,0,0,0,160,737,737,1,1,24,18,50,1,7400,737,2200,2038,0,0,0,15469,0,15743,0,0,1,1,11,3,6,178,0,243,15,266,48,1,694,8013,1
48004,2424,960,82,43,9999,0,0,369,0,0,0,4167,1537,0,0,62,0,2,3,1382,456,2000,1,0,4,71,72,35091,13911,348,701,124,65,356,0,0,3,72,3,3,0,10,0,0,0,0,0,2688,2816,2688,2816,4128,2208,8009,1516,0,0,0,0,100,51,35,33,35,47,51,41,0,0,75,0,0,0,0,0,0,14633,1062,941,0,858,83,338,338,100,2,1,0,999,999,40,0,25,0,0,0,0,0,0,0,0,0,0,100,2688,2816,100,0,0,0,0,0,0,0,0,0,0,0,0,0,0,0,0,0,0,0,0,160,737,737,1,1,24,16,50,1,7368,737,2198,2034,0,0,0,12553,0,12770,0,0,1,1,11,3,6,178,0,243,15,266,49,1,694,8013,1
49004,2424,960,82,43,9999,0,0,736,0,0,0,4167,3066,0,0,62,0,2,2,1382,456,2000,1,0,4,73,72,34453,13953,349,629,131,65,375,0,0,3,73,3,3,0,10,0,0,0,0,0,2688,2816,2688,2816,4128,2208,9171,1625,0,0,0,0,100,52,40,36,40,46,50,52,0,0,76,0,0,0,0,0,0,14633,1062,941,0,858,83,338,338,100,1,1,0,999,999,40,0,25,0,0,0,0,0,0,0,0,0,0,100,2688,2816,100,0,0,0,0,0,0,0,0,0,0,0,0,0,0,0,0,0,0,0,0,160,730,730,1,1,24,15,50,1,7416,730,2200,2035,0,0,0,9242,0,9484,0,0,0,0,11,3,6,178,0,243,15,266,0,0,694,8013,1
50004,2424,960,82,43,9999,0,0,580,0,0,0,4167,2416,0,0,62,0,2,2,1382,456,2000,1,0,4,73,72,35385,13959,317,576,116,66,387,0,0,1,73,3,3,0,10,0,0,0,0,0,2688,2816,2688,2816,4128,2208,8574,1640,0,0,0,0,100,51,42,42,43,49,46,51,0,0,79,0,0,0,0,0,0,14633,1062,941,0,858,83,338,338,100,1,1,0,999,999,40,0,25,0,0,0,0,0,0,0,0,0,0,100,2688,2816,100,0,0,0,0,0,0,0,0,0,0,0,0,0,0,0,0,0,0,0,0,160,731,731,1,1,24,13,50,1,7361,731,2200,2033,0,0,0,19555,0,20128,0,0,3,7,11,3,6,179,0,244,15,266,78,7,694,8013,1
51004,2424,960,82,43,9999,0,0,317,0,0,0,4167,1320,0,0,62,0,2,2,1382,456,2000,1,0,4,73,72,36134,13880,330,559,110,66,387,0,0,0,73,3,3,0,10,0,0,0,0,0,2688,2816,2688,2816,4128,2208,9292,1618,0,0,0,0,100,51,51,47,50,43,40,51,0,0,80,0,0,0,0,0,0,14633,1062,941,0,858,83,338,338,100,0,0,0,999,999,40,0,25,0,0,0,0,0,0,0,0,0,0,100,2688,2816,100,0,0,0,0,0,0,0,0,0,0,0,0,0,0,0,0,0,0,0,0,160,732,732,1,1,24,17,50,1,7395,732,2200,2037,0,0,0,16350,0,16702,0,0,2,1,11,3,6,179,0,244,15,266,50,1,694,8013,1
52004,2424,960,82,43,9999,0,0,275,0,0,0,4167,1145,0,0,62,0,2,2,1651,456,2000,1,0,4,72,72,35835,13881,362,620,105,64,409,0,0,2,73,3,3,0,10,0,0,0,0,0,2688,2816,2688,2816,4128,2208,9869,1617,0,0,0,0,100,50,36,31,33,41,40,50,0,0,80,0,0,0,0,0,0,14633,1062,941,0,858,83,338,338,100,1,1,0,999,999,40,0,25,0,0,0,0,0,0,0,0,0,0,100,2688,2816,100,0,0,0,0,0,0,0,0,0,0,0,0,0,0,0,0,0,0,0,0,160,733,733,1,1,24,15,50,1,7360,733,2200,2035,0,0,0,12959,0,13310,0,0,2,1,11,3,6,179,0,244,15,266,51,1,694,8013,1
53005,2424,960,82,43,9999,0,0,1028,0,0,0,4167,4283,0,0,62,0,2,2,1651,456,2000,1,0,4,73,72,35924,13947,352,627,124,65,417,0,0,2,73,3,3,0,10,0,0,0,0,0,2688,2816,2688,2816,4128,2208,9322,1622,0,0,0,0,100,50,36,33,37,49,44,50,0,0,81,0,0,0,0,0,0,14633,1062,941,0,858,83,338,338,100,2,1,0,999,999,40,0,25,0,0,0,0,0,0,0,0,0,0,100,2688,2816,100,0,0,0,0,0,0,0,0,0,0,0,0,0,0,0,0,0,0,0,0,160,733,733,1,1,24,15,50,1,7394,733,2200,2034,0,0,0,12984,0,13203,0,0,2,1,11,3,6,176,0,243,15,266,51,1,694,8013,1
54005,2424,960,82,43,9999,0,0,427,0,0,0,4167,1779,0,0,62,0,3,2,1651,456,2000,1,0,4,73,72,36192,13911,274,704,136,64,409,0,0,0,73,3,3,0,10,0,0,0,0,0,2688,2816,2688,2816,4128,2208,9111,1598,0,0,0,0,100,43,37,31,28,41,39,43,0,0,81,0,0,0,0,0,0,14633,1062,941,0,858,83,338,338,100,0,0,0,999,999,40,0,25,0,0,0,0,0,0,0,0,0,0,100,2688,2816,100,0,0,0,0,0,0,0,0,0,0,0,0,0,0,0,0,0,0,0,0,160,734,734,1,1,24,18,50,1,7346,734,2199,2037,0,0,0,13662,0,14143,0,0,2,6,11,3,6,178,0,243,15,266,74,6,694,8013,1
55005,2424,960,82,43,9999,0,0,626,0,0,0,4167,2608,0,0,62,0,2,2,1651,456,2000,1,0,4,72,72,34876,13865,307,687,109,65,403,0,0,1,72,3,3,0,10,0,0,0,0,0,2688,2816,2688,2816,4128,2208,8713,1611,0,0,0,0,100,54,40,37,40,54,53,48,0,0,81,0,0,0,0,0,0,14633,1062,941,0,858,83,338,338,100,1,1,0,999,999,40,0,25,0,0,0,0,0,0,0,0,0,0,100,2688,2816,100,0,0,0,0,0,0,0,0,0,0,0,0,0,0,0,0,0,0,0,0,160,734,734,1,1,24,15,50,1,7384,734,2199,2034,0,0,0,16916,0,17266,0,0,0,0,11,3,6,173,0,242,15,266,0,0,693,8013,1
56005,2424,960,82,43,9999,0,0,644,0,0,0,4167,2683,0,0,62,0,2,2,1651,456,2000,1,0,4,72,72,35452,13914,312,596,103,66,394,0,0,1,72,3,3,0,10,0,0,0,0,0,2688,2816,2688,2816,4128,2208,8744,1586,0,0,0,0,100,46,37,32,33,36,46,46,0,0,80,0,0,0,0,0,0,14633,1062,941,0,858,83,338,338,100,1,1,0,999,999,40,0,25,0,0,0,0,0,0,0,0,0,0,100,2688,2816,100,0,0,0,0,0,0,0,0,0,0,0,0,0,0,0,0,0,0,0,0,160,734,734,1,1,24,15,50,1,7374,734,2200,2035,0,0,0,12880,0,13067,0,0,0,2,11,3,6,174,0,238,15,266,9,2,692,8013,0
57005,2424,960,82,43,9999,0,0,537,0,0,0,4167,2237,0,0,62,0,2,2,1651,456,2000,1,0,4,73,72,33726,13904,300,633,116,65,418,0,0,0,73,3,3,0,10,0,0,0,0,0,2688,2816,2688,2816,4128,2208,8852,1653,0,0,0,0,100,51,57,53,66,51,36,42,0,0,78,0,0,0,0,0,0,14633,1062,941,0,858,83,338,338,100,0,0,0,999,999,40,0,25,0,0,0,0,0,0,0,0,0,0,100,2688,2816,100,0,0,0,0,0,0,0,0,0,0,0,0,0,0,0,0,0,0,0,0,160,735,735,1,1,24,17,50,1,7381,735,2200,2036,0,0,0,10982,0,11346,0,0,0,0,11,3,6,199,0,240,15,266,0,0,694,8013,0
58005,2424,960,82,43,9999,0,0,351,0,0,0,4167,1462,0,0,62,0,3,2,1651,456,2000,1,0,4,73,72,34925,13840,316,664,135,65,385,0,0,2,73,3,3,0,10,0,0,0,0,0,2688,2816,2688,2816,4128,2208,8980,1692,0,0,0,0,100,48,37,35,36,44,45,48,0,0,79,0,0,0,0,0,0,14633,1062,941,0,858,83,338,338,100,1,1,0,999,999,40,0,25,0,0,0,0,0,0,0,0,0,0,100,2688,2816,100,0,0,0,0,0,0,0,0,0,0,0,0,0,0,0,0,0,0,0,0,160,735,735,1,1,24,16,50,1,7413,735,2200,2036,0,0,0,15740,0,16217,0,0,0,1,11,3,6,172,0,237,15,266,5,1,689,8013,0
59041,2366,968,82,44,9999,0,0,334,0,0,0,4167,1391,0,0,62,0,2,2,1651,456,2000,1,0,4,73,72,35810,13901,339,616,98,65,394,0,0,4,73,3,3,0,10,0,0,0,0,0,2688,2816,2688,2816,4128,2208,8051,1619,0,0,0,0,100,61,43,40,48,61,50,59,0,0,78,0,0,0,0,0,0,14646,1070,950,0,873,77,340,340,100,1,1,0,999,999,40,0,25,0,0,0,0,0,0,0,0,0,0,100,2688,2816,100,0,0,0,0,0,0,0,0,0,0,0,0,0,0,0,0,0,0,0,0,160,736,736,1,1,24,15,50,1,7384,736,2199,2034,0,0,0,9935,0,10199,0,0,0,0,11,3,6,177,0,243,15,270,0,0,694,8013,1
60005,2366,968,82,44,9999,0,0,468,0,0,0,4167,1950,0,0,62,0,2,2,1651,456,2000,1,0,4,73,72,35179,13980,301,723,160,64,383,0,0,2,73,3,3,0,10,0,0,0,0,0,2688,2816,2688,2816,4128,2208,8955,1492,0,0,0,0,100,51,37,36,32,44,41,51,0,0,77,0,0,0,0,0,0,14646,1070,950,0,873,77,340,340,100,2,1,0,999,999,40,0,25,0,0,0,0,0,0,0,0,0,0,100,2688,2816,100,0,0,0,0,0,0,0,0,0,0,0,0,0,0,0,0,0,0,0,0,160,737,737,1,1,24,17,50,1,7414,737,2200,2036,0,0,0,8554,0,8788,0,0,0,0,11,3,6,173,0,243,15,270,0,0,694,8013,1
61006,2366,968,82,44,9999,0,0,323,0,0,0,4167,1345,0,0,62,0,2,2,1651,456,2000,1,0,4,72,72,36262,13930,267,827,133,65,384,0,0,1,72,3,3,0,10,0,0,0,0,0,2688,2816,2688,2816,4128,2208,8973,1614,0,0,0,0,100,54,39,32,37,54,52,54,0,0,78,0,0,0,0,0,0,14646,1070,950,0,873,77,340,340,100,1,1,0,999,999,40,0,25,0,0,0,0,0,0,0,0,0,0,100,2688,2816,100,0,0,0,0,0,0,0,0,0,0,0,0,0,0,0,0,0,0,0,0,160,738,738,1,1,24,16,50,1,7383,738,2200,2036,0,0,0,16504,0,16828,0,0,0,0,11,3,6,194,0,240,15,270,0,0,694,8013,0
62006,2366,968,82,44,9999,0,0,616,0,0,0,4167,2566,0,0,62,0,2,2,1382,456,2000,1,0,4,73,72,36228,13834,320,646,111,65,406,0,0,2,73,3,3,0,10,0,0,0,0,0,2688,2816,2688,2816,4128,2208,9149,1662,0,0,0,0,100,54,31,32,39,48,51,54,0,0,79,0,0,0,0,0,0,14646,1070,950,0,873,77,340,340,100,1,1,0,999,999,40,0,25,0,0,0,0,0,0,0,0,0,0,100,2688,2816,100,0,0,0,0,0,0,0,0,0,0,0,0,0,0,0,0,0,0,0,0,160,736,736,1,1,24,15,50,1,7390,736,2200,2035,0,0,0,13650,0,14233,0,0,0,0,11,3,6,192,0,240,15,270,0,0,694,8013,0
63005,2366,968,82,44,9999,0,0,496,0,0,0,4167,2066,0,0,62,0,3,2,1382,456,2000,1,0,4,73,72,36873,13948,267,702,115,65,389,0,0,0,73,3,3,0,10,0,0,0,0,0,2688,2816,2688,2816,4128,2208,8368,1685,0,0,0,0,100,50,31,26,34,44,45,50,0,0,80,0,0,0,0,0,0,14646,1070,950,0,873,77,340,340,100,0,0,0,999,999,40,0,25,0,0,0,0,0,0,0,0,0,0,100,2688,2816,100,0,0,0,0,0,0,0,0,0,0,0,0,0,0,0,0,0,0,0,0,160,737,737,1,1,24,16,50,1,7385,737,2200,2036,0,0,0,18455,0,18818,0,0,0,0,11,3,6,193,0,240,15,270,0,0,694,8013,0
64006,2366,968,82,44,9999,0,0,420,0,0,0,4167,1750,0,0,62,0,2,2,1382,456,2000,1,0,4,73,72,36012,13962,239,705,136,66,374,0,0,2,72,3,3,0,10,0,0,0,0,0,2688,2816,2688,2816,4128,2208,9772,1664,0,0,0,0,100,54,45,43,48,54,53,54,0,0,80,0,0,0,0,0,0,14646,1070,950,0,873,77,340,340,100,1,1,0,999,999,40,0,25,0,0,0,0,0,0,0,0,0,0,100,2688,2816,100,0,0,0,0,0,0,0,0,0,0,0,0,0,0,0,0,0,0,0,0,160,737,737,1,1,24,16,50,1,7386,737,2200,2036,0,0,0,17338,0,17777,0,0,2,1,11,3,6,189,0,239,15,270,51,1,694,8013,0
65006,2366,968,82,44,9999,0,0,377,0,0,0,4167,1570,0,0,62,0,2,2,1382,456,2000,1,0,4,72,72,35533,13871,318,664,111,64,392,0,0,1,72,3,3,0,10,0,0,0,0,0,2688,2816,2688,2816,4128,2208,9128,1667,0,0,0,0,100,45,35,31,35,42,44,45,0,0,80,0,0,0,0,0,0,14646,1070,950,0,873,77,340,340,100,1,1,0,999,999,40,0,25,0,0,0,0,0,0,0,0,0,0,100,2688,2816,100,0,0,0,0,0,0,0,0,0,0,0,0,0,0,0,0,0,0,0,0,160,737,737,1,1,24,15,50,1,7418,737,2199,2034,0,0,0,9151,0,9401,0,0,0,0,11,3,6,190,0,240,15,270,0,0,694,8013,0
66006,2366,968,82,44,9999,0,0,240,0,0,0,4167,1000,0,0,62,0,2,2,1382,456,2000,1,0,4,72,72,38056,13871,297,619,145,66,407,0,0,1,73,3,3,0,10,0,0,0,0,0,2688,2816,2688,2816,4128,2208,8976,1647,0,0,0,0,100,53,36,29,35,53,50,48,0,0,79,0,0,0,0,0,0,14646,1070,950,0,873,77,340,340,100,1,1,0,999,999,40,0,25,0,0,0,0,0,0,0,0,0,0,100,2688,2816,100,0,0,0,0,0,0,0,0,0,0,0,0,0,0,0,0,0,0,0,0,160,737,737,1,1,24,16,50,1,7383,737,2200,2036,0,0,0,15184,0,15727,0,0,0,0,11,3,6,187,0,239,15,270,0,0,694,8013,0
67006,2366,968,82,44,9999,0,0,226,0,0,0,4167,941,0,0,62,0,2,2,1382,456,2000,1,0,4,72,72,36640,13993,278,767,177,64,395,0,0,2,73,3,3,0,10,0,0,0,0,0,2688,2816,2688,2816,4128,2208,8636,1623,0,0,0,0,100,53,41,37,40,45,53,52,0,0,80,0,0,0,0,0,0,14646,1070,950,0,873,77,340,340,100,2,1,0,999,999,40,0,25,0,0,0,0,0,0,0,0,0,0,100,2688,2816,100,0,0,0,0,0,0,0,0,0,0,0,0,0,0,0,0,0,0,0,0,160,738,738,1,1,24,18,50,1,7417,738,2199,2037,0,0,0,14288,0,14563,0,0,0,0,11,3,6,192,0,250,15,270,0,0,702,8013,2
68006,2366,968,82,44,9999,0,0,768,0,0,0,4162,3196,0,0,62,0,2,2,1382,456,2000,1,0,4,73,72,35821,13855,258,770,194,64,405,0,0,0,72,3,3,0,10,0,0,0,0,0,2688,2816,2688,2816,4128,2208,9343,1641,0,0,0,0,100,48,35,29,35,48,41,42,0,0,81,0,0,0,0,0,0,14646,1070,950,0,873,77,340,340,100,0,0,0,999,999,40,0,25,0,0,0,0,0,0,0,0,0,0,100,2688,2816,100,0,0,0,0,0,0,0,0,0,0,0,0,0,0,0,0,0,0,0,0,160,738,738,1,1,24,16,50,1,7386,738,2200,2036,0,0,0,15499,0,15778,0,0,1,6,11,3,6,193,0,252,15,270,27,6,703,8013,2
69006,2366,968,82,44,9999,0,0,377,0,0,0,4162,1569,0,0,62,0,2,3,1382,456,2000,1,0,4,70,72,37033,14071,292,835,169,64,392,0,0,6,73,3,3,0,10,0,0,0,0,0,2688,2816,2688,2816,4128,2208,8754,1525,0,0,0,0,100,50,42,37,42,50,50,46,0,0,78,0,0,0,0,0,0,14646,1070,950,0,873,77,340,340,100,6,1,0,999,999,40,0,25,0,0,0,0,0,0,0,0,0,0,100,2688,2816,100,0,0,0,0,0,0,0,0,0,0,0,0,0,0,0,0,0,0,0,0,160,738,738,1,1,24,20,50,1,7408,738,2200,2040,0,0,0,13191,0,13458,0,0,1,6,11,3,6,189,0,251,15,270,27,6,701,8013,2
70006,2366,968,82,44,9999,0,0,840,0,0,0,4162,3496,0,0,62,0,3,3,1382,456,2000,1,0,4,71,72,37091,14030,264,886,98,66,407,0,0,2,73,3,3,0,10,0,0,0,0,0,2688,2816,2688,2816,4128,2208,8728,1506,0,0,0,0,100,52,41,33,42,52,49,48,0,0,74,0,0,0,0,0,0,14646,1070,950,0,873,77,340,340,100,2,1,0,999,999,40,0,25,0,0,0,0,0,0,0,0,0,0,100,2688,2816,100,0,0,0,0,0,0,0,0,0,0,0,0,0,0,0,0,0,0,0,0,160,725,725,1,1,24,17,50,1,7350,725,2200,2037,0,0,0,6940,0,7416,0,0,0,0,11,3,6,197,0,252,15,270,0,0,704,8013,2
71006,2366,968,82,44,9999,0,0,648,0,0,0,4162,2696,0,0,62,0,2,3,1382,456,2000,1,0,4,71,72,37412,13853,284,752,102,64,356,0,2,6,72,3,3,0,10,0,0,0,0,0,2688,2816,2688,2816,4128,2208,8770,1548,0,0,0,0,100,53,39,38,43,50,53,52,0,0,75,0,0,0,0,0,0,14646,1070,950,0,873,77,340,340,100,4,1,0,999,999,40,0,25,0,0,0,0,0,0,0,0,0,0,100,2688,2816,100,0,0,0,0,0,0,0,0,0,0,0,0,0,0,0,0,0,0,0,0,160,726,726,1,1,24,16,50,1,7327,726,2200,2036,0,0,0,18440,0,18817,0,0,0,0,11,3,6,191,0,251,15,270,0,0,702,8013,2
72006,2366,968,82,44,9999,0,0,384,0,0,0,4162,1598,0,0,62,0,3,3,1651,492,2000,1,0,4,72,72,35449,13817,312,645,133,65,393,0,0,2,73,3,3,0,10,0,0,0,0,0,2688,2816,2688,2816,4128,2208,8128,1504,0,0,0,0,100,51,48,50,51,49,51,42,0,0,76,0,0,0,0,0,0,14646,1070,950,0,873,77,340,340,100,1,1,0,999,999,40,0,25,0,0,0,0,0,0,0,0,0,0,100,2688,2816,100,0,0,0,0,0,0,0,0,0,0,0,0,0,0,0,0,0,0,0,0,160,726,726,1,1,24,16,50,1,7363,726,2200,2036,0,0,0,10705,0,10947,0,0,0,0,11,3,6,194,0,252,15,270,0,0,704,8013,2
73007,2366,968,82,44,9999,0,0,340,0,0,0,4162,1415,0,0,62,0,2,3,1651,492,2000,1,0,4,73,72,34641,13849,272,686,136,64,382,0,0,4,73,3,3,0,10,0,0,0,0,0,2688,2816,2688,2816,4128,2208,9016,1516,0,0,0,0,100,55,43,38,42,55,48,51,0,0,77,0,0,0,0,0,0,14646,1070,950,0,873,77,340,340,100,2,1,0,999,999,40,0,25,0,0,0,0,0,0,0,0,0,0,100,2688,2816,100,0,0,0,0,0,0,0,0,0,0,0,0,0,0,0,0,0,0,0,0,160,727,727,1,1,24,14,50,1,7329,727,2200,2035,0,0,0,10297,0,10741,0,0,2,1,11,3,6,194,0,252,15,270,51,1,704,8013,2
74006,2366,968,82,44,9999,0,0,542,0,0,0,4162,2255,0,0,62,0,2,3,1651,492,2000,1,0,4,72,72,36541,13833,315,673,137,66,385,0,0,2,72,3,3,0,10,0,0,0,0,0,2688,2816,2688,2816,4128,2208,9064,1509,0,0,0,0,100,52,40,36,35,48,52,41,0,0,78,0,0,0,0,0,0,14646,1070,950,0,873,77,340,340,100,1,1,0,999,999,40,0,25,0,0,0,0,0,0,0,0,0,0,100,2688,2816,100,0,0,0,0,0,0,0,0,0,0,0,0,0,0,0,0,0,0,0,0,160,727,727,1,1,24,18,50,1,7363,727,2200,2038,0,0,0,16198,0,16560,0,0,2,1,11,3,6,191,0,252,15,270,51,1,703,8013,2
75007,2366,968,82,44,9999,0,0,431,0,0,0,4162,1793,0,0,62,0,3,3,1651,492,2000,1,0,4,71,72,37339,13831,356,646,165,65,387,0,0,3,72,3,3,0,10,0,0,0,0,0,2688,2816,2688,2816,4128,2208,8814,1494,0,0,0,0,100,57,43,37,41,57,52,57,0,0,77,0,0,0,0,0,0,14646,1070,950,0,873,77,340,340,100,2,1,0,999,999,40,0,25,0,0,0,0,0,0,0,0,0,0,100,2688,2816,100,0,0,0,0,0,0,0,0,0,0,0,0,0,0,0,0,0,0,0,0,160,727,727,1,1,24,17,50,1,7332,727,2200,2037,0,0,0,19292,0,19780,0,0,0,3,11,3,6,191,0,252,15,270,14,3,703,8013,2
76007,2366,968,82,44,9999,0,0,432,0,0,0,4162,1797,0,0,62,0,2,3,1651,492,2000,1,0,4,72,72,34910,13997,325,751,204,65,385,0,0,2,73,3,3,0,10,0,0,0,0,0,2688,2816,2688,2816,4128,2208,8272,1492,0,0,0,0,100,53,41,37,39,48,46,53,0,0,77,0,0,0,0,0,0,14646,1070,950,0,873,77,340,340,100,2,1,0,999,999,40,0,25,0,0,0,0,0,0,0,0,0,0,100,2688,2816,100,0,0,0,0,0,0,0,0,0,0,0,0,0,0,0,0,0,0,0,0,160,727,727,1,1,24,14,50,1,7353,727,2199,2033,0,0,0,13702,0,14150,0,0,0,0,11,3,6,191,0,252,15,270,0,0,703,8013,2
77008,2366,968,82,44,9999,0,0,625,0,0,0,4162,2601,0,0,62,0,3,3,1651,492,2000,1,0,4,71,72,36373,13825,306,657,189,64,369,0,0,2,73,3,3,0,10,0,0,0,0,0,2688,2816,2688,2816,4128,2208,9553,1492,0,0,0,0,100,58,41,37,40,40,58,45,0,0,76,0,0,0,0,0,0,14646,1070,950,0,873,77,340,340,100,2,1,0,999,999,40,0,25,0,0,0,0,0,0,0,0,0,0,100,2688,2816,100,0,0,0,0,0,0,0,0,0,0,0,0,0,0,0,0,0,0,0,0,160,727,727,1,1,24,18,50,1,7333,727,2200,2038,0,0,0,16587,0,16856,0,0,0,0,11,3,6,192,0,252,15,270,0,0,703,8013,2
78007,2366,968,82,44,9999,0,0,262,0,0,0,4153,1088,0,0,62,0,3,3,1651,492,2000,1,0,4,72,72,35672,13886,342,770,147,66,377,0,0,4,73,3,3,0,10,0,0,0,0,0,2688,2816,2688,2816,4128,2208,8856,1501,0,0,0,0,100,56,38,37,42,56,49,46,0,0,76,0,0,0,0,0,0,14646,1070,950,0,873,77,340,340,100,2,1,0,999,999,40,0,25,0,0,0,0,0,0,0,0,0,0,100,2688,2816,100,0,0,0,0,0,0,0,0,0,0,0,0,0,0,0,0,0,0,0,0,160,728,728,1,1,24,17,50,1,7333,728,2200,2037,0,0,0,14237,0,14718,0,0,0,0,11,3,6,187,0,251,15,270,0,0,701,8013,2
79045,2329,957,82,44,9999,0,0,389,0,0,0,4153,1615,0,0,62,0,2,3,1651,492,2000,1,0,4,72,72,35236,13840,306,670,95,64,355,0,0,2,72,3,3,0,10,0,0,0,0,0,2688,2816,2688,2816,4128,2208,8862,1466,0,0,0,0,100,54,48,40,43,54,53,50,0,0,76,0,0,0,0,0,0,14680,1060,938,0,876,61,340,340,100,2,1,0,999,999,40,0,25,0,0,0,0,0,0,0,0,0,0,100,2688,2816,100,0,0,0,0,0,0,0,0,0,0,0,0,0,0,0,0,0,0,0,0,160,728,728,1,1,24,15,50,1,7367,728,2200,2035,0,0,0,7573,0,7814,0,0,0,0,11,3,6,180,0,250,15,270,0,0,700,8013,2
80007,2329,957,82,44,9999,0,0,620,0,0,0,4153,2574,0,0,62,0,2,2,1651,492,2000,1,0,4,73,72,36083,13712,283,584,112,64,369,0,0,2,73,3,3,0,10,0,0,0,0,0,2688,2816,2688,2816,4128,2208,9317,1580,0,0,0,0,100,56,44,38,45,56,53,53,0,0,77,0,0,0,0,0,0,14680,1060,938,0,876,61,340,340,100,1,1,0,999,999,40,0,25,0,0,0,0,0,0,0,0,0,0,100,2688,2816,100,0,0,0,0,0,0,0,0,0,0,0,0,0,0,0,0,0,0,0,0,160,728,728,1,1,24,19,50,1,7335,728,2200,2039,0,0,0,13673,0,13952,0,0,2,4,11,3,6,176,0,245,15,270,65,4,697,8013,1
81007,2329,957,82,44,9999,0,0,351,0,0,0,4153,1457,0,0,62,0,2,2,1651,492,2000,1,0,4,71,72,36441,13688,256,622,193,64,372,0,0,2,73,3,3,0,10,0,0,0,0,0,2688,2816,2688,2816,4128,2208,9311,1590,0,0,0,0,100,50,40,37,37,50,48,42,0,0,78,0,0,0,0,0,0,14680,1060,938,0,876,61,340,340,100,2,1,0,999,999,40,0,25,0,0,0,0,0,0,0,0,0,0,100,2688,2816,100,0,0,0,0,0,0,0,0,0,0,0,0,0,0,0,0,0,0,0,0,160,729,729,1,1,24,17,50,1,7366,729,2200,2038,0,0,0,12941,0,13606,0,0,2,1,11,3,6,179,0,243,15,270,51,1,694,8013,1
82007,2329,957,82,44,9999,0,0,486,0,0,0,4153,2018,0,0,62,0,2,2,1382,456,2000,1,0,4,72,72,37760,13812,274,662,161,64,374,0,0,2,73,3,3,0,10,0,0,0,0,0,2688,2816,2688,2816,4128,2208,10747,1625,0,0,0,0,100,63,44,38,46,59,63,55,0,0,81,0,0,0,0,0,0,14680,1060,938,0,876,61,340,340,100,1,1,0,999,999,40,0,25,0,0,0,0,0,0,0,0,0,0,100,2688,2816,100,0,0,0,0,0,0,0,0,0,0,0,0,0,0,0,0,0,0,0,0,160,730,730,1,1,24,15,50,1,7343,730,2199,2034,0,0,0,11034,0,11483,0,0,2,2,11,3,6,180,0,245,15,270,56,2,697,8013,1
83007,2329,957,82,44,9999,0,0,616,0,0,0,4153,2558,0,0,62,0,2,5,1382,456,2000,1,0,4,70,72,38081,13878,282,728,202,65,389,0,0,3,72,3,3,0,10,0,0,0,0,0,2688,2816,2688,2816,4128,2208,7269,1315,0,0,0,0,100,53,37,31,36,41,53,50,0,0,71,0,0,0,0,0,0,14680,1060,938,0,876,61,340,340,100,2,1,0,999,999,40,0,25,0,0,0,0,0,0,0,0,0,0,100,2688,2816,100,0,0,0,0,0,0,0,0,0,0,0,0,0,0,0,0,0,0,0,0,160,731,731,1,1,24,14,50,1,7362,731,2200,2035,0,0,0,11993,0,12296,0,0,0,0,11,3,6,173,0,250,15,270,0,0,699,8013,2
84007,2329,957,82,44,9999,0,0,556,0,0,0,4153,2309,0,0,62,0,3,4,1382,456,2000,1,0,4,72,72,36041,14030,448,911,174,64,338,0,2,5,72,3,3,0,10,0,0,0,0,0,2688,2816,2688,2816,4128,2208,7756,1331,0,0,0,0,100,49,38,36,33,44,49,47,0,0,68,0,0,0,0,0,0,14680,1060,938,0,876,61,340,340,100,3,1,0,999,999,40,0,25,0,0,0,0,0,0,0,0,0,0,100,2688,2816,100,0,0,0,0,0,0,0,0,0,0,0,0,0,0,0,0,0,0,0,0,160,731,731,1,1,24,18,50,1,7346,731,2199,2038,0,0,0,9820,0,10042,0,0,2,1,11,3,6,158,0,249,15,270,51,1,699,8013,2
85008,2329,957,82,44,9999,0,0,376,0,0,0,4153,1561,0,0,62,0,2,3,1382,456,2000,1,0,4,72,72,33896,13796,366,703,141,66,410,0,0,1,73,3,3,0,10,0,0,0,0,0,2688,2816,2688,2816,4128,2208,8371,1447,0,0,0,0,100,57,45,42,47,57,55,49,0,0,70,0,0,0,0,0,0,14680,1060,938,0,876,61,340,340,100,1,1,0,999,999,40,0,25,0,0,0,0,0,0,0,0,0,0,100,2688,2816,100,0,0,0,0,0,0,0,0,0,0,0,0,0,0,0,0,0,0,0,0,160,731,731,1,1,24,17,50,1,7345,731,2199,2037,0,0,0,17957,0,18383,0,0,2,1,11,3,6,162,0,250,15,270,51,1,699,8013,2
86008,2329,957,82,44,9999,0,0,594,0,0,0,4153,2466,0,0,62,0,2,2,1382,456,2000,1,0,4,72,72,34792,13870,316,655,109,65,396,0,0,1,73,3,3,0,10,0,0,0,0,0,2688,2816,2688,2816,4128,2208,8915,1539,0,0,0,0,100,48,41,36,40,44,48,46,0,0,73,0,0,0,0,0,0,14680,1060,938,0,876,61,340,340,100,1,1,0,999,999,40,0,25,0,0,0,0,0,0,0,0,0,0,100,2688,2816,100,0,0,0,0,0,0,0,0,0,0,0,0,0,0,0,0,0,0,0,0,160,732,732,1,1,24,17,50,1,7318,732,2200,2037,0,0,0,13589,0,13993,0,0,2,4,11,3,6,161,0,250,15,270,66,4,699,8013,2
87007,2329,957,82,44,9999,0,0,587,0,0,0,4153,2437,0,0,62,0,3,3,1382,456,2000,1,0,4,70,72,39161,13762,302,654,112,65,409,0,3,8,72,3,3,0,10,0,0,0,0,0,2688,2816,2688,2816,4128,2208,8249,1442,0,0,0,0,100,58,50,49,58,58,55,50,0,0,72,0,0,0,0,0,0,14680,1060,938,0,876,61,340,340,100,3,1,0,999,999,40,0,25,0,0,0,0,0,0,0,0,0,0,100,2688,2816,100,0,0,0,0,0,0,0,0,0,0,0,0,0,0,0,0,0,0,0,0,160,732,732,1,1,24,17,50,1,7289,732,2200,2037,0,0,0,10568,0,10820,0,0,2,1,11,3,6,170,0,250,15,270,52,1,699,8013,2
88008,2329,957,82,44,9999,0,0,304,0,0,0,4168,1267,0,0,62,0,3,2,1382,456,2000,1,0,4,71,72,36539,13874,372,675,147,65,359,0,0,7,73,3,3,0,10,0,0,0,0,0,2688,2816,2688,2816,4128,2208,9134,1531,0,0,0,0,100,58,50,44,50,58,56,51,0,0,75,0,0,0,0,0,0,14680,1060,938,0,876,61,340,340,100,4,1,0,999,999,40,0,25,0,0,0,0,0,0,0,0,0,0,100,2688,2816,100,0,0,0,0,0,0,0,0,0,0,0,0,0,0,0,0,0,0,0,0,160,732,732,1,1,24,15,50,1,7319,732,2200,2035,0,0,0,10559,0,10797,0,0,0,3,11,3,6,161,0,250,15,270,14,3,699,8013,2
89008,2329,957,82,44,9999,0,0,603,0,0,0,4168,2513,0,0,62,0,2,2,1382,456,2000,1,0,4,72,72,35684,13972,315,676,210,68,372,0,0,0,73,3,3,0,10,0,0,0,0,0,2688,2816,2688,2816,4128,2208,9089,1536,0,0,0,0,100,56,44,42,46,51,50,56,0,0,78,0,0,0,0,0,0,14680,1060,938,0,876,61,340,340,100,0,0,0,999,999,40,0,25,0,0,0,0,0,0,0,0,0,0,100,2688,2816,100,0,0,0,0,0,0,0,0,0,0,0,0,0,0,0,0,0,0,0,0,160,732,732,1,1,24,15,50,1,7287,732,2202,2037,0,0,0,27575,0,27949,0,0,2,1,11,3,6,170,0,250,15,270,53,1,699,8013,2
90008,2329,957,82,44,9999,0,0,499,0,0,0,4168,2079,0,0,62,0,3,3,1382,456,2000,1,0,4,69,72,40731,14066,348,870,123,65,395,0,0,5,72,3,3,0,10,0,0,0,0,0,2688,2816,2688,2816,4128,2208,8578,1454,0,0,0,0,100,58,43,41,40,56,53,58,0,0,74,0,0,0,0,0,0,14680,1060,938,0,876,61,340,340,100,2,1,0,999,999,40,0,25,0,0,0,0,0,0,0,0,0,0,100,2688,2816,100,0,0,0,0,0,0,0,0,0,0,0,0,0,0,0,0,0,0,0,0,160,732,732,1,1,24,14,50,1,7321,732,2201,2036,0,0,0,21279,0,21741,0,0,3,7,11,3,6,161,0,250,15,270,81,7,699,8013,2
91008,2329,957,82,44,9999,0,0,262,0,0,0,4168,1092,0,0,62,0,2,3,1382,456,2000,1,0,4,72,72,36184,13917,341,800,107,65,370,0,2,4,72,3,3,0,10,0,0,0,0,0,2688,2816,2688,2816,4128,2208,8401,1440,0,0,0,0,100,50,42,38,38,48,50,44,0,0,74,0,0,0,0,0,0,14680,1060,938,0,876,61,340,340,100,2,1,0,999,999,40,0,25,0,0,0,0,0,0,0,0,0,0,100,2688,2816,100,0,0,0,0,0,0,0,0,0,0,0,0,0,0,0,0,0,0,0,0,160,733,733,1,1,24,18,50,1,7316,733,2202,2040,0,0,0,11485,0,11806,0,0,2,1,11,3,6,162,0,250,15,270,53,1,699,8013,2
92008,2329,957,82,44,9999,0,0,968,0,0,0,4168,4034,0,0,62,0,2,2,1382,456,2000,1,0,4,72,72,37149,13792,306,628,111,65,361,0,0,4,73,3,3,0,10,0,0,0,0,0,2688,2816,2688,2816,4128,2208,9248,1559,0,0,0,0,100,58,42,37,43,50,58,48,0,0,77,0,0,0,0,0,0,14680,1060,938,0,876,61,340,340,100,1,1,0,999,999,40,0,25,0,0,0,0,0,0,0,0,0,0,100,2688,2816,100,0,0,0,0,0,0,0,0,0,0,0,0,0,0,0,0,0,0,0,0,160,733,733,1,1,24,17,50,1,7320,733,2202,2039,0,0,0,9560,0,9972,0,0,0,0,11,3,6,161,0,250,15,270,0,0,699,8013,2
93008,2329,957,82,44,9999,0,0,433,0,0,0,4168,1804,0,0,62,0,2,2,1382,456,2000,1,0,4,71,72,41431,13810,278,581,119,66,390,0,0,3,73,3,3,0,10,0,0,0,0,0,2688,2816,2688,2816,4128,2208,9049,1555,0,0,0,0,100,59,50,51,48,59,56,59,0,0,78,0,0,0,0,0,0,14680,1060,938,0,876,61,340,340,100,2,1,0,999,999,40,0,25,0,0,0,0,0,0,0,0,0,0,100,2688,2816,100,0,0,0,0,0,0,0,0,0,0,0,0,0,0,0,0,0,0,0,0,160,734,734,1,1,24,16,50,1,7325,734,2202,2038,0,0,0,11125,0,11503,0,0,2,1,11,3,6,180,0,250,15,270,53,1,699,8013,2
94008,2329,957,82,44,9999,0,0,577,0,0,0,4168,2404,0,0,62,0,2,2,1382,456,2000,1,0,4,71,72,39525,13814,369,676,169,67,424,0,0,3,73,3,3,0,10,0,0,0,0,0,2688,2816,2688,2816,4128,2208,10053,1537,0,0,0,0,100,59,47,49,48,57,59,56,0,0,79,0,0,0,0,0,0,14680,1060,938,0,876,61,340,340,100,2,1,0,999,999,40,0,25,0,0,0,0,0,0,0,0,0,0,100,2688,2816,100,0,0,0,0,0,0,0,0,0,0,0,0,0,0,0,0,0,0,0,0,160,734,734,1,1,24,16,50,1,7291,734,2201,2038,0,0,0,20321,0,20667,0,0,2,1,11,3,6,178,0,250,15,270,53,1,699,8013,2
95008,2329,957,82,44,9999,0,0,830,0,0,0,4168,3459,0,0,62,0,3,3,1382,456,2000,1,0,4,70,72,41146,14222,347,878,349,64,374,0,0,5,73,3,3,0,10,0,0,0,0,0,2688,2816,2688,2816,4128,2208,8626,1435,0,0,0,0,100,60,41,38,39,48,60,56,0,0,75,0,0,0,0,0,0,14680,1060,938,0,876,61,340,340,100,2,1,0,999,999,40,0,25,0,0,0,0,0,0,0,0,0,0,100,2688,2816,100,0,0,0,0,0,0,0,0,0,0,0,0,0,0,0,0,0,0,0,0,160,734,734,1,1,24,15,50,1,7333,734,2202,2038,0,0,0,9803,0,10183,0,0,2,2,11,3,6,180,0,250,15,270,58,2,699,8013,2
96010,2329,957,82,44,9999,0,0,333,0,0,0,4168,1387,0,0,62,0,2,3,1382,456,2000,1,0,4,72,72,37211,14114,307,868,260,68,357,0,0,0,72,3,3,0,10,0,0,0,0,0,2688,2816,2688,2816,4128,2208,8631,1431,0,0,0,0,100,58,42,41,41,56,53,58,0,0,75,0,0,0,0,0,0,14680,1060,938,0,876,61,340,340,100,0,0,0,999,999,40,0,25,0,0,0,0,0,0,0,0,0,0,100,2688,2816,100,0,0,0,0,0,0,0,0,0,0,0,0,0,0,0,0,0,0,0,0,160,735,735,1,1,24,18,50,1,7344,735,2202,2040,0,0,0,13743,0,14208,0,0,0,5,11,3,6,175,0,250,15,270,22,5,699,8013,2
97010,2329,957,82,44,9999,0,0,676,0,0,0,4168,2817,0,0,62,0,3,3,1382,456,2000,1,0,4,70,72,38341,13836,353,686,144,64,381,0,0,3,72,3,3,0,10,0,0,0,0,0,2688,2816,2688,2816,4128,2208,9227,1534,0,0,0,0,100,53,50,50,47,53,48,51,0,0,75,0,0,0,0,0,0,14680,1060,938,0,876,61,340,340,100,2,1,0,999,999,40,0,25,0,0,0,0,0,0,0,0,0,0,100,2688,2816,100,0,0,0,0,0,0,0,0,0,0,0,0,0,0,0,0,0,0,0,0,160,735,735,1,1,24,18,50,1,7372,735,2202,2041,0,0,0,15379,0,15636,0,0,0,0,11,3,6,174,0,237,15,270,0,0,690,8013,0
98010,2329,957,82,44,9999,0,0,497,0,0,0,4151,2063,0,0,62,0,3,3,1382,456,2000,1,0,4,72,72,36724,13845,344,635,154,63,374,0,18,5,73,3,3,0,10,0,0,0,0,0,2688,2816,2688,2816,4128,2208,8201,1483,0,0,0,0,100,58,63,60,62,55,57,58,0,0,73,0,0,0,0,0,0,14680,1060,938,0,876,61,340,340,100,5,4,0,999,999,40,0,25,0,0,0,0,0,0,0,0,0,0,100,2688,2816,100,0,0,0,0,0,0,0,0,0,0,0,0,0,0,0,0,0,0,0,0,160,736,736,1,1,24,19,50,1,7343,736,2201,2041,0,0,0,13103,0,13340,0,0,0,0,11,3,6,178,0,238,15,270,0,0,691,8013,0
99045,2413,968,82,44,9999,0,0,380,0,0,0,4151,1577,0,0,62,0,2,2,1382,456,2000,1,0,4,72,72,33982,13799,270,633,145,64,388,0,0,0,73,3,3,0,10,0,0,0,0,0,2688,2816,2688,2816,4128,2208,8735,1489,0,0,0,0,100,45,43,35,42,43,45,43,0,0,74,0,0,0,0,0,0,14682,1068,951,0,882,68,341,341,100,0,0,0,999,999,40,0,25,0,0,0,0,0,0,0,0,0,0,100,2688,2816,100,0,0,0,0,0,0,0,0,0,0,0,0,0,0,0,0,0,0,0,0,160,736,736,1,1,24,16,50,1,7342,736,2201,2038,0,0,0,15046,0,15492,0,0,0,0,11,3,6,175,0,243,15,270,0,0,694,8013,1
100010,2413,968,82,44,9999,0,0,408,0,0,0,4151,1693,0,0,62,0,2,2,1382,456,2000,1,0,4,71,72,37414,13748,278,652,109,65,381,0,0,5,72,3,3,0,10,0,0,0,0,0,2688,2816,2688,2816,4128,2208,9204,1499,0,0,0,0,100,42,37,33,38,37,37,42,0,0,76,0,0,0,0,0,0,14682,1068,951,0,882,68,341,341,100,5,1,0,999,999,40,0,25,0,0,0,0,0,0,0,0,0,0,100,2688,2816,100,0,0,0,0,0,0,0,0,0,0,0,0,0,0,0,0,0,0,0,0,160,733,733,1,1,24,16,50,1,7371,733,2202,2039,0,0,0,12407,0,12651,0,0,0,0,11,3,6,188,0,245,15,270,0,0,696,8013,1
101010,2413,968,82,44,9999,0,0,546,0,0,0,4151,2266,0,0,62,0,3,4,1382,456,2000,1,0,4,71,72,36701,13782,327,693,146,66,403,0,0,5,73,3,3,0,10,0,0,0,0,0,2688,2816,2688,2816,4128,2208,7732,1382,0,0,0,0,100,56,45,38,44,53,56,52,0,0,72,0,0,0,0,0,0,14682,1068,951,0,882,68,341,341,100,2,1,0,999,999,40,0,25,0,0,0,0,0,0,0,0,0,0,100,2688,2816,100,0,0,0,0,0,0,0,0,0,0,0,0,0,0,0,0,0,0,0,0,160,733,733,1,1,24,15,50,1,7339,733,2202,2038,0,0,0,17569,0,18133,0,0,0,0,11,3,6,175,0,237,15,270,0,0,690,8013,0
102010,2413,968,82,44,9999,0,0,544,0,0,0,4151,2258,0,0,62,0,2,3,1382,492,2000,1,0,4,73,72,34766,13810,297,690,136,64,364,0,0,0,72,3,3,0,10,0,0,0,0,0,2688,2816,2688,2816,4128,2208,8218,1468,0,0,0,0,100,53,39,36,37,47,53,50,0,0,71,0,0,0,0,0,0,14682,1068,951,0,882,68,341,341,100,0,0,0,999,999,40,0,25,0,0,0,0,0,0,0,0,0,0,100,2688,2816,100,0,0,0,0,0,0,0,0,0,0,0,0,0,0,0,0,0,0,0,0,160,733,733,1,1,24,19,50,1,7371,733,2201,2041,0,0,0,15759,0,16113,0,0,0,0,11,3,6,177,0,238,15,270,0,0,690,8013,0
103010,2413,968,82,44,9999,0,0,376,0,0,0,4151,1560,0,0,62,0,3,2,1382,492,2000,1,0,4,73,72,35522,13751,325,613,132,64,395,0,0,2,73,3,3,0,10,0,0,0,0,0,2688,2816,2688,2816,4128,2208,8768,1569,0,0,0,0,100,56,41,36,38,56,50,50,0,0,74,0,0,0,0,0,0,14682,1068,951,0,882,68,341,341,100,1,1,0,999,999,40,0,25,0,0,0,0,0,0,0,0,0,0,100,2688,2816,100,0,0,0,0,0,0,0,0,0,0,0,0,0,0,0,0,0,0,0,0,160,733,733,1,1,24,15,50,1,7338,733,2202,2038,0,0,0,9542,0,9772,0,0,0,3,11,3,6,176,0,238,15,270,13,3,690,8013,0
104011,2413,968,82,44,9999,0,0,698,0,0,0,4151,2897,0,0,62,0,2,2,1382,492,2000,1,0,4,73,72,34501,13793,312,642,107,65,403,0,0,1,72,3,3,0,10,0,0,0,0,0,2688,2816,2688,2816,4128,2208,8829,1565,0,0,0,0,100,45,39,34,36,40,45,42,0,0,76,0,0,0,0,0,0,14682,1068,951,0,882,68,341,341,100,1,1,0,999,999,40,0,25,0,0,0,0,0,0,0,0,0,0,100,2688,2816,100,0,0,0,0,0,0,0,0,0,0,0,0,0,0,0,0,0,0,0,0,160,733,733,1,1,21,17,50,1,7367,733,2198,2039,0,0,0,8474,0,8759,0,0,0,0,11,3,6,176,0,238,15,270,0,0,690,8013,0
105010,2413,968,82,44,9999,0,0,386,0,0,0,4151,1602,0,0,62,0,3,2,1382,492,2000,1,0,4,73,72,37089,13781,289,587,113,64,443,0,0,1,73,3,3,0,10,0,0,0,0,0,2688,2816,2688,2816,4128,2208,8261,1567,0,0,0,0,100,57,39,36,41,51,57,51,0,0,77,0,0,0,0,0,0,14682,1068,951,0,882,68,341,341,100,1,1,0,999,999,40,0,25,0,0,0,0,0,0,0,0,0,0,100,2688,2816,100,0,0,0,0,0,0,0,0,0,0,0,0,0,0,0,0,0,0,0,0,160,733,733,1,1,21,19,50,1,7339,733,2198,2041,0,0,0,13600,0,14119,0,0,0,5,11,3,6,175,0,237,15,270,23,5,689,8013,0
106010,2413,968,82,44,9999,0,0,416,0,0,0,4151,1726,0,0,62,0,2,2,1382,492,2000,1,0,4,72,72,34981,13780,246,657,103,64,392,0,0,2,73,3,3,0,10,0,0,0,0,0,2688,2816,2688,2816,4128,2208,8791,1564,0,0,0,0,100,48,39,33,35,47,46,48,0,0,77,0,0,0,0,0,0,14682,1068,951,0,882,68,341,341,100,1,1,0,999,999,40,0,25,0,0,0,0,0,0,0,0,0,0,100,2688,2816,100,0,0,0,0,0,0,0,0,0,0,0,0,0,0,0,0,0,0,0,0,160,734,734,1,1,21,16,50,1,7339,734,2198,2038,0,0,0,17112,0,17384,0,0,0,0,11,3,6,176,0,238,15,270,0,0,690,8013,0
107010,2413,968,82,44,9999,0,0,529,0,0,0,4151,2195,0,0,62,0,2,3,1382,492,2000,1,0,4,71,72,36149,13733,307,638,99,64,402,0,0,6,72,3,3,0,10,0,0,0,0,0,2688,2816,2688,2816,4128,2208,8358,1488,0,0,0,0,100,46,32,30,32,42,43,46,0,0,73,0,0,0,0,0,0,14682,1068,951,0,882,68,341,341,100,4,1,0,999,999,40,0,25,0,0,0,0,0,0,0,0,0,0,100,2688,2816,100,0,0,0,0,0,0,0,0,0,0,0,0,0,0,0,0,0,0,0,0,160,734,734,1,1,24,16,50,1,7373,734,2201,2037,0,0,0,13740,0,14058,0,0,0,0,11,3,6,175,0,238,15,270,0,0,692,8013,0
108011,2413,968,82,44,9999,0,0,352,0,0,0,4158,1463,0,0,62,0,3,2,1382,492,2000,1,0,4,71,72,36149,13832,332,605,132,66,372,0,0,3,73,3,3,0,10,0,0,0,0,0,2688,2816,2688,2816,4128,2208,9106,1617,0,0,0,0,100,63,46,48,52,63,61,59,0,0,75,0,0,0,0,0,0,14682,1068,951,0,882,68,341,341,100,2,1,0,999,999,40,0,25,0,0,0,0,0,0,0,0,0,0,100,2688,2816,100,0,0,0,0,0,0,0,0,0,0,0,0,0,0,0,0,0,0,0,0,160,734,734,1,1,24,14,50,1,7341,734,2202,2037,0,0,0,15854,0,16289,0,0,0,0,11,3,6,174,0,237,15,270,0,0,690,8013,0
109011,2413,968,82,45,9999,0,0,341,0,0,0,4158,1417,0,0,62,0,2,2,1382,492,2000,1,0,4,72,72,36635,13883,304,728,167,71,399,0,0,0,73,3,3,0,10,0,0,0,0,0,2688,2816,2688,2816,4128,2208,8922,1582,0,0,0,0,100,47,35,34,31,47,47,37,0,0,78,0,0,0,0,0,0,14682,1068,951,0,882,68,341,341,100,0,0,0,999,999,40,0,25,0,0,0,0,0,0,0,0,0,0,100,2688,2816,100,0,0,0,0,0,0,0,0,0,0,0,0,0,0,0,0,0,0,0,0,160,734,734,1,1,24,18,50,1,7376,734,2202,2041,0,0,0,11504,0,11774,0,0,0,0,11,3,6,172,0,243,15,270,0,0,694,8013,1
110011,2413,968,82,45,9999,0,0,345,0,0,0,4158,1434,0,0,62,0,2,2,1382,492,2000,1,0,4,72,72,35294,13845,326,693,113,65,411,0,0,3,73,3,3,0,10,0,0,0,0,0,2688,2816,2688,2816,4128,2208,9783,1535,0,0,0,0,100,54,39,35,43,54,53,50,0,0,78,0,0,0,0,0,0,14682,1068,951,0,882,68,341,341,100,2,1,0,999,999,40,0,25,0,0,0,0,0,0,0,0,0,0,100,2688,2816,100,0,0,0,0,0,0,0,0,0,0,0,0,0,0,0,0,0,0,0,0,160,734,734,1,1,20,18,50,1,7347,734,2198,2040,0,0,0,17907,0,18293,0,0,0,2,11,3,6,142,0,189,15,270,10,2,531,8013,1
111012,2413,968,82,45,9999,0,0,541,0,0,0,4158,2249,0,0,62,0,2,2,1382,492,2000,1,0,4,73,72,38149,13980,355,734,210,65,406,0,0,3,73,3,3,0,10,0,0,0,0,0,2688,2816,2688,2816,4128,2208,8344,1478,0,0,0,0,100,56,43,38,41,50,54,56,0,0,75,0,0,0,0,0,0,14682,1068,951,0,882,68,341,341,100,1,1,0,999,999,40,0,25,0,0,0,0,0,0,0,0,0,0,100,2688,2816,100,0,0,0,0,0,0,0,0,0,0,0,0,0,0,0,0,0,0,0,0,160,735,735,1,1,24,16,50,1,7365,735,2201,2038,0,0,0,17663,0,17985,0,0,2,1,11,3,6,149,0,206,15,270,53,1,581,8013,1
112012,2413,968,82,45,9999,0,0,278,0,0,0,4158,1155,0,0,62,0,3,2,1382,456,2000,1,0,4,71,72,36845,13935,312,763,186,64,400,0,0,7,72,3,3,0,10,0,0,0,0,0,2688,2816,2688,2816,4128,2208,8775,1490,0,0,0,0,100,57,39,42,41,54,55,57,0,0,73,0,0,0,0,0,0,14682,1068,951,0,882,68,341,341,100,2,1,0,999,999,40,0,25,0,0,0,0,0,0,0,0,0,0,100,2688,2816,100,0,0,0,0,0,0,0,0,0,0,0,0,0,0,0,0,0,0,0,0,160,735,735,1,1,24,17,50,1,7346,735,2202,2040,0,0,0,10248,0,10475,0,0,2,4,11,3,6,150,0,206,15,270,67,4,582,8013,1
113012,2413,968,82,45,9999,0,0,852,0,0,0,4158,3542,0,0,62,0,2,2,1382,456,2000,1,0,4,69,72,40551,13806,342,697,129,64,392,0,6,4,73,3,3,0,10,0,0,0,0,0,2688,2816,2688,2816,4128,2208,8604,1507,0,0,0,0,100,48,37,31,33,44,47,48,0,0,74,0,0,0,0,0,0,14682,1068,951,0,882,68,341,341,100,4,1,0,999,999,40,0,25,0,0,0,0,0,0,0,0,0,0,100,2688,2816,100,0,0,0,0,0,0,0,0,0,0,0,0,0,0,0,0,0,0,0,0,160,735,735,1,1,24,17,50,1,7373,735,2202,2040,0,0,0,12025,0,12380,0,0,2,2,11,3,6,150,0,206,15,270,70,2,582,8013,1
114011,2413,968,82,45,9999,0,0,399,0,0,0,4158,1659,0,0,62,0,3,2,1382,456,2000,1,0,4,72,72,37912,13895,324,603,141,66,403,0,3,5,73,3,3,0,10,0,0,0,0,0,2688,2816,2688,2816,4128,2208,8780,1522,0,0,0,0,100,58,47,52,50,52,57,58,0,0,73,0,0,0,0,0,0,14682,1068,951,0,882,68,341,341,100,1,1,0,999,999,40,0,25,0,0,0,0,0,0,0,0,0,0,100,2688,2816,100,0,0,0,0,0,0,0,0,0,0,0,0,0,0,0,0,0,0,0,0,160,727,727,1,1,24,15,50,1,7353,727,2202,2038,0,0,0,9781,0,10287,0,0,0,1,11,3,6,151,0,206,15,270,17,1,582,8013,1
115012,2413,968,82,45,9999,0,0,423,0,0,0,4158,1758,0,0,62,0,2,2,1382,456,2000,1,0,4,69,72,40916,13884,284,681,111,65,384,0,1,2,73,3,3,0,10,0,0,0,0,0,2688,2816,2688,2816,4128,2208,9135,1497,0,0,0,0,100,56,44,42,42,52,50,56,0,0,75,0,0,0,0,0,0,14682,1068,951,0,882,68,341,341,100,2,1,0,999,999,40,0,25,0,0,0,0,0,0,0,0,0,0,100,2688,2816,100,0,0,0,0,0,0,0,0,0,0,0,0,0,0,0,0,0,0,0,0,160,727,727,1,1,24,14,50,1,7320,727,2201,2036,0,0,0,19759,0,20137,0,0,3,6,11,3,6,149,0,206,15,270,76,6,581,8013,1
116012,2413,968,82,45,9999,0,0,657,0,0,0,4158,2731,0,0,62,0,2,2,1382,456,2000,1,0,4,72,72,36570,13728,286,634,120,65,407,0,0,2,72,3,3,0,10,0,0,0,0,0,2688,2816,2688,2816,4128,2208,8661,1498,0,0,0,0,100,56,39,40,37,49,49,56,0,0,75,0,0,0,0,0,0,14682,1068,951,0,882,68,341,341,100,2,1,0,999,999,40,0,25,0,0,0,0,0,0,0,0,0,0,100,2688,2816,100,0,0,0,0,0,0,0,0,0,0,0,0,0,0,0,0,0,0,0,0,160,728,728,1,1,24,18,50,1,7356,728,2202,2040,0,0,0,9524,0,9798,0,0,2,1,11,3,6,150,0,214,15,270,51,1,605,8013,1
117018,2413,968,82,45,9999,0,0,434,0,0,0,4158,1804,0,0,62,0,2,2,1382,456,2000,1,0,4,72,72,41377,13996,388,717,274,66,375,0,2,1,73,3,3,0,10,0,0,0,0,0,2688,2816,2688,2816,4128,2208,8703,1512,0,0,0,0,100,63,44,41,43,63,56,55,0,0,75,0,0,0,0,0,0,14682,1068,951,0,882,68,341,341,100,1,1,0,999,999,40,0,25,0,0,0,0,0,0,0,0,0,0,100,2688,2816,100,0,0,0,0,0,0,0,0,0,0,0,0,0,0,0,0,0,0,0,0,160,728,728,1,1,24,17,50,1,7329,728,2202,2040,0,0,0,17165,0,17639,0,0,0,0,11,3,6,175,0,238,15,270,0,0,690,8013,0
118013,2413,968,82,45,9999,0,0,317,0,0,0,4160,1318,0,0,62,0,2,2,1382,456,2000,1,0,4,72,72,38050,14054,332,758,236,65,399,0,0,2,73,3,3,0,10,0,0,0,0,0,2688,2816,2688,2816,4128,2208,8862,1619,0,0,0,0,100,58,43,43,45,54,53,58,0,0,78,0,0,0,0,0,0,14682,1068,951,0,882,68,341,341,100,1,1,0,999,999,40,0,25,0,0,0,0,0,0,0,0,0,0,100,2688,2816,100,0,0,0,0,0,0,0,0,0,0,0,0,0,0,0,0,0,0,0,0,160,728,728,1,1,24,16,50,1,7354,728,2201,2038,0,0,0,16779,0,17198,0,0,0,0,11,3,6,176,0,237,15,270,0,0,689,8013,0
119045,2378,960,82,45,9999,0,0,597,0,0,0,4160,2483,0,0,62,0,3,2,1382,456,2000,1,0,4,73,72,37984,13842,325,686,135,64,357,0,0,3,73,3,3,0,10,0,0,0,0,0,2688,2816,2688,2816,4128,2208,8738,1603,0,0,0,0,100,56,36,33,38,56,53,50,0,0,78,0,0,0,0,0,0,14683,1061,943,0,882,60,342,342,100,2,1,0,999,999,40,0,25,0,0,0,0,0,0,0,0,0,0,100,2688,2816,100,0,0,0,0,0,0,0,0,0,0,0,0,0,0,0,0,0,0,0,0,160,728,728,1,1,24,15,50,1,7327,728,2202,2038,0,0,0,17903,0,18155,0,0,0,0,11,3,6,184,0,245,15,270,0,0,698,8013,1
120014,2378,960,82,45,9999,0,0,325,0,0,0,4160,1352,0,0,62,0,2,2,1382,456,2000,1,0,4,73,72,36166,13813,329,618,121,65,400,0,0,0,73,3,3,0,10,0,0,0,0,0,2688,2816,2688,2816,4128,2208,10475,1625,0,0,0,0,100,51,40,36,35,45,45,51,0,0,80,0,0,0,0,0,0,14683,1061,943,0,882,60,342,342,100,0,0,0,999,999,40,0,25,0,0,0,0,0,0,0,0,0,0,100,2688,2816,100,0,0,0,0,0,0,0,0,0,0,0,0,0,0,0,0,0,0,0,0,160,727,727,1,1,20,20,50,1,7327,727,2198,2042,0,0,0,10223,0,10473,0,0,0,0,11,3,6,192,0,246,15,270,0,0,699,8013,1
121013,2378,960,82,45,9999,0,0,416,0,0,0,4160,1730,0,0,62,0,2,4,1382,456,2000,1,0,4,72,72,35634,13751,301,671,135,64,395,0,0,6,73,3,3,0,10,0,0,0,0,0,2688,2816,2688,2816,4128,2208,8330,1378,0,0,0,0,100,52,35,29,30,45,46,52,0,0,75,0,0,0,0,0,0,14683,1061,943,0,882,60,342,342,100,2,1,0,999,999,40,0,25,0,0,0,0,0,0,0,0,0,0,100,2688,2816,100,0,0,0,0,0,0,0,0,0,0,0,0,0,0,0,0,0,0,0,0,160,728,728,1,1,20,17,50,1,7358,728,2198,2040,0,0,0,13203,0,13596,0,0,0,0,11,3,6,174,0,237,15,270,0,0,690,8013,0
122016,2378,960,82,45,9999,0,0,589,0,0,0,4160,2450,0,0,62,0,3,3,1651,492,2000,1,0,4,71,72,36311,13818,276,716,99,66,356,0,0,3,73,3,3,0,10,0,0,0,0,0,2688,2816,2688,2816,4128,2208,8201,1477,0,0,0,0,100,50,41,34,42,47,49,50,0,0,72,0,0,0,0,0,0,14683,1061,943,0,882,60,342,342,100,3,1,0,999,999,40,0,25,0,0,0,0,0,0,0,0,0,0,100,2688,2816,100,0,0,0,0,0,0,0,0,0,0,0,0,0,0,0,0,0,0,0,0,160,728,728,1,1,24,18,50,1,7326,728,2202,2041,0,0,0,16704,0,16978,0,0,0,0,11,3,6,174,0,237,15,270,0,0,690,8013,0
123014,2378,960,82,45,9999,0,0,452,0,0,0,4160,1880,0,0,62,0,2,2,1651,492,2000,1,0,4,72,72,34657,13653,273,616,119,65,372,0,0,3,73,3,3,0,10,0,0,0,0,0,2688,2816,2688,2816,4128,2208,8247,1580,0,0,0,0,100,52,43,37,39,52,49,47,0,0,74,0,0,0,0,0,0,14683,1061,943,0,882,60,342,342,100,2,1,0,999,999,40,0,25,0,0,0,0,0,0,0,0,0,0,100,2688,2816,100,0,0,0,0,0,0,0,0,0,0,0,0,0,0,0,0,0,0,0,0,160,728,728,1,1,24,15,50,1,7359,728,2202,2038,0,0,0,8484,0,8751,0,0,2,1,11,3,6,174,0,237,15,270,51,1,690,8013,0
124013,2378,960,82,45,9999,0,0,487,0,0,0,4160,2025,0,0,62,0,2,2,1651,492,2000,1,0,4,73,72,35913,13884,287,676,125,65,399,0,0,2,73,3,3,0,10,0,0,0,0,0,2688,2816,2688,2816,4128,2208,8981,1581,0,0,0,0,100,53,36,37,39,53,49,53,0,0,77,0,0,0,0,0,0,14683,1061,943,0,882,60,342,342,100,1,1,0,999,999,40,0,25,0,0,0,0,0,0,0,0,0,0,100,2688,2816,100,0,0,0,0,0,0,0,0,0,0,0,0,0,0,0,0,0,0,0,0,160,728,728,1,1,24,18,50,1,7328,728,2202,2041,0,0,0,8612,0,8876,0,0,0,0,11,3,6,174,0,237,15,270,0,0,690,8013,0
125015,2378,960,82,45,9999,0,0,465,0,0,0,4160,1934,0,0,62,0,2,2,1651,492,2000,1,0,4,73,72,35582,13834,258,659,114,65,393,0,0,2,72,3,3,0,10,0,0,0,0,0,2688,2816,2688,2816,4128,2208,8964,1585,0,0,0,0,100,52,38,33,37,42,50,52,0,0,77,0,0,0,0,0,0,14683,1061,943,0,882,60,342,342,100,1,1,0,999,999,40,0,25,0,0,0,0,0,0,0,0,0,0,100,2688,2816,100,0,0,0,0,0,0,0,0,0,0,0,0,0,0,0,0,0,0,0,0,160,728,728,1,1,23,19,50,1,7334,728,2201,2042,0,0,0,12413,0,13308,0,0,0,0,11,3,6,175,0,238,15,270,0,0,691,8013,0
126013,2378,960,82,45,9999,0,0,355,0,0,0,4160,1476,0,0,62,0,3,2,1651,492,2000,1,0,4,72,72,36482,13721,263,621,150,66,401,0,0,3,73,3,3,0,10,0,0,0,0,0,2688,2816,2688,2816,4128,2208,9563,1585,0,0,0,0,100,59,42,38,43,59,56,55,0,0,76,0,0,0,0,0,0,14683,1061,943,0,882,60,342,342,100,2,1,0,999,999,40,0,25,0,0,0,0,0,0,0,0,0,0,100,2688,2816,100,0,0,0,0,0,0,0,0,0,0,0,0,0,0,0,0,0,0,0,0,160,729,729,1,1,24,17,50,1,7332,729,2201,2039,0,0,0,14628,0,14876,0,0,0,2,11,3,6,177,0,238,15,270,9,2,691,8013,0
127015,2378,960,82,45,9999,0,0,321,0,0,0,4160,1335,0,0,62,0,2,2,1651,492,2000,1,0,4,72,72,36917,13825,286,723,166,64,395,0,0,1,72,3,3,0,10,0,0,0,0,0,2688,2816,2688,2816,4128,2208,8264,1595,0,0,0,0,100,44,31,29,28,40,44,39,0,0,77,0,0,0,0,0,0,14683,1061,943,0,882,60,342,342,100,1,1,0,999,999,40,0,25,0,0,0,0,0,0,0,0,0,0,100,2688,2816,100,0,0,0,0,0,0,0,0,0,0,0,0,0,0,0,0,0,0,0,0,160,729,729,1,1,21,17,50,1,7329,729,2198,2039,0,0,0,10318,0,10596,0,0,0,2,11,3,6,189,0,239,15,270,9,2,693,8013,0
128015,2378,960,82,45,9999,0,0,782,0,0,0,4130,3229,0,0,62,0,2,2,1651,492,2000,1,0,4,73,72,34924,13828,254,624,109,65,377,0,0,3,72,3,3,0,10,0,0,0,0,0,2688,2816,2688,2816,4128,2208,8472,1649,0,0,0,0,100,54,37,34,41,49,53,54,0,0,79,0,0,0,0,0,0,14683,1061,943,0,882,60,342,342,100,1,1,0,999,999,40,0,25,0,0,0,0,0,0,0,0,0,0,100,2688,2816,100,0,0,0,0,0,0,0,0,0,0,0,0,0,0,0,0,0,0,0,0,160,729,729,1,1,21,16,50,1,7360,729,2199,2039,0,0,0,9801,0,10037,0,0,0,0,11,3,6,170,0,237,15,270,0,0,689,8013,0
129015,2378,960,82,45,9999,0,0,316,0,0,0,4130,1305,0,0,62,0,3,2,1651,492,2000,1,0,4,73,72,36941,13778,308,653,128,66,377,0,0,1,73,3,3,0,10,0,0,0,0,0,2688,2816,2688,2816,4128,2208,8978,1566,0,0,0,0,100,55,39,34,44,55,50,50,0,0,79,0,0,0,0,0,0,14683,1061,943,0,882,60,342,342,100,1,1,0,999,999,40,0,25,0,0,0,0,0,0,0,0,0,0,100,2688,2816,100,0,0,0,0,0,0,0,0,0,0,0,0,0,0,0,0,0,0,0,0,160,729,729,1,1,21,17,50,1,7325,729,2198,2039,0,0,0,12787,0,13035,0,0,0,0,11,3,6,174,0,237,15,270,0,0,690,8013,0
130015,2378,960,82,45,9999,0,0,373,0,0,0,4130,1540,0,0,62,0,2,2,1651,492,2000,1,0,4,73,72,35757,13781,302,618,123,140,402,0,0,0,73,3,3,0,10,0,0,0,0,0,2688,2816,2688,2816,4128,2208,8994,1601,0,0,0,0,100,36,35,35,31,32,35,36,0,0,79,0,0,0,0,0,0,14683,1061,943,0,882,60,342,342,100,0,0,0,999,999,40,0,25,0,0,0,0,0,0,0,0,0,0,100,2688,2816,100,0,0,0,0,0,0,0,0,0,0,0,0,0,0,0,0,0,0,0,0,160,729,729,1,1,21,17,50,1,7356,729,2198,2039,0,0,0,12141,0,12406,0,0,4,2,11,3,6,142,0,182,15,270,105,2,509,8013,1
131015,2378,960,82,45,9999,0,0,543,0,0,0,4155,2256,0,0,62,0,3,3,1651,492,2000,1,0,4,72,72,34520,13726,284,631,118,65,379,0,1,6,72,3,3,0,10,0,0,0,0,0,2688,2816,2688,2816,4128,2208,7821,1486,0,0,0,0,100,52,39,37,39,52,43,52,0,0,74,0,0,0,0,0,0,14683,1061,943,0,882,60,342,342,100,4,1,0,999,999,40,0,25,0,0,0,0,0,0,0,0,0,0,100,2688,2816,100,0,0,0,0,0,0,0,0,0,0,0,0,0,0,0,0,0,0,0,0,160,730,730,1,1,24,15,50,1,7326,730,2202,2037,0,0,0,17173,0,17544,0,0,2,1,11,3,6,142,0,181,15,270,53,1,507,8013,1
132015,2378,960,82,45,9999,0,0,326,0,0,0,4155,1354,0,0,62,0,2,3,1382,492,2000,1,0,4,70,72,35625,13769,319,690,131,64,374,0,0,2,72,3,3,0,10,0,0,0,0,0,2688,2816,2688,2816,4128,2208,7933,1454,0,0,0,0,100,51,37,32,31,49,51,43,0,0,70,0,0,0,0,0,0,14683,1061,943,0,882,60,342,342,100,2,1,0,999,999,40,0,25,0,0,0,0,0,0,0,0,0,0,100,2688,2816,100,0,0,0,0,0,0,0,0,0,0,0,0,0,0,0,0,0,0,0,0,160,730,730,1,1,24,18,50,1,7329,730,2201,2040,0,0,0,10510,0,10788,0,0,0,4,11,3,6,142,0,181,15,270,19,4,507,8013,1
133016,2378,960,82,45,9999,0,0,288,0,0,0,4155,1196,0,0,62,0,3,2,1382,492,2000,1,0,4,71,72,33251,13834,351,630,124,64,374,0,0,4,73,3,3,0,10,0,0,0,0,0,2688,2816,2688,2816,4128,2208,8537,1571,0,0,0,0,100,57,39,29,37,57,52,50,0,0,72,0,0,0,0,0,0,14683,1061,943,0,882,60,342,342,100,1,1,0,999,999,40,0,25,0,0,0,0,0,0,0,0,0,0,100,2688,2816,100,0,0,0,0,0,0,0,0,0,0,0,0,0,0,0,0,0,0,0,0,160,730,730,1,1,24,14,50,1,7328,730,2202,2037,0,0,0,13020,0,13250,0,0,4,2,11,3,6,142,0,181,15,270,105,2,507,8013,1
134015,2378,960,82,45,9999,0,0,888,0,0,0,4155,3689,0,0,62,0,3,2,1382,492,2000,1,0,4,72,72,35637,13929,310,655,107,65,400,0,0,3,73,3,3,0,10,0,0,0,0,0,2688,2816,2688,2816,4128,2208,8561,1570,0,0,0,0,100,49,30,26,30,39,49,46,0,0,73,0,0,0,0,0,0,14683,1061,943,0,882,60,342,342,100,3,1,0,999,999,40,0,25,0,0,0,0,0,0,0,0,0,0,100,2688,2816,100,0,0,0,0,0,0,0,0,0,0,0,0,0,0,0,0,0,0,0,0,160,730,730,1,1,24,18,50,1,7344,730,2202,2041,0,0,0,17617,0,18042,0,0,2,1,11,3,6,142,0,181,15,270,53,1,507,8013,1
135015,2378,960,82,45,9999,0,0,754,0,0,0,4155,3132,0,0,62,0,3,2,1382,492,2000,1,0,4,71,72,35640,13796,330,625,116,65,401,0,0,5,73,3,3,0,10,0,0,0,0,0,2688,2816,2688,2816,4128,2208,8491,1591,0,0,0,0,100,58,49,53,50,58,54,55,0,0,74,0,0,0,0,0,0,14683,1061,943,0,882,60,342,342,100,2,1,0,999,999,40,0,25,0,0,0,0,0,0,0,0,0,0,100,2688,2816,100,0,0,0,0,0,0,0,0,0,0,0,0,0,0,0,0,0,0,0,0,160,730,730,1,1,21,17,50,1,7349,730,2199,2040,0,0,0,9859,0,10092,0,0,4,2,11,3,6,143,0,181,15,270,105,2,507,8013,1
136015,2378,960,82,45,9999,0,0,333,0,0,0,4155,1383,0,0,62,0,2,2,1382,492,2000,1,0,4,71,72,38150,13796,330,625,116,65,401,0,0,5,73,3,3,0,10,0,0,0,0,0,2688,2816,2688,2816,4128,2208,8547,1582,0,0,0,0,100,57,46,44,45,56,57,52,0,0,75,0,0,0,0,0,0,14683,1061,943,0,882,60,342,342,100,2,1,0,999,999,40,0,25,0,0,0,0,0,0,0,0,0,0,100,2688,2816,100,0,0,0,0,0,0,0,0,0,0,0,0,0,0,0,0,0,0,0,0,160,731,731,1,1,21,17,50,1,7317,731,2199,2040,0,0,0,11948,0,12210,0,0,2,1,11,3,6,142,0,181,15,270,53,1,507,8013,1
137016,2378,960,82,45,9999,0,0,655,0,0,0,4155,2721,0,0,62,0,2,2,1382,492,2000,1,0,4,71,72,37214,13875,350,636,113,65,389,0,0,4,73,3,3,0,10,0,0,0,0,0,2688,2816,2688,2816,4128,2208,8593,1571,0,0,0,0,100,54,33,35,34,45,54,46,0,0,75,0,0,0,0,0,0,14683,1061,943,0,882,60,342,342,100,1,1,0,999,999,40,0,25,0,0,0,0,0,0,0,0,0,0,100,2688,2816,100,0,0,0,0,0,0,0,0,0,0,0,0,0,0,0,0,0,0,0,0,160,731,731,1,1,24,15,50,1,7352,731,2201,2037,0,0,0,15601,0,15903,0,0,0,0,11,3,6,159,0,221,15,270,0,0,641,8013,0
138015,2378,960,82,45,9999,0,0,449,0,0,0,4153,1864,0,0,62,0,3,2,1382,492,2000,1,0,4,73,72,37621,13822,293,612,103,65,396,0,0,2,73,3,3,0,10,0,0,0,0,0,2688,2816,2688,2816,4128,2208,8762,1645,0,0,0,0,100,62,51,44,50,59,62,60,0,0,75,0,0,0,0,0,0,14683,1061,943,0,882,60,342,342,100,3,1,0,999,999,40,0,25,0,0,0,0,0,0,0,0,0,0,100,2688,2816,100,0,0,0,0,0,0,0,0,0,0,0,0,0,0,0,0,0,0,0,0,160,729,729,1,1,24,20,50,1,7315,729,2201,2042,0,0,0,16015,0,16379,0,0,0,0,11,3,6,183,0,239,15,270,0,0,693,8013,0
139060,2366,959,82,45,9999,0,0,269,0,0,0,4153,1117,0,0,62,0,2,3,1382,492,2000,1,0,4,73,72,36075,13824,273,681,194,67,387,0,0,3,73,3,3,0,10,0,0,0,0,0,2688,2816,2688,2816,4128,2208,8699,1557,0,0,0,0,100,50,34,26,30,39,50,41,0,0,77,0,0,0,0,0,0,14683,1062,941,0,883,57,342,342,100,2,1,0,999,999,40,0,25,0,0,0,0,0,0,0,0,0,0,100,2688,2816,100,0,0,0,0,0,0,0,0,0,0,0,0,0,0,0,0,0,0,0,0,160,729,729,1,1,24,18,50,1,7347,729,2202,2041,0,0,0,17737,0,18139,0,0,0,0,11,3,6,189,0,239,15,270,0,0,693,8013,0
140015,2366,959,82,45,9999,0,0,522,0,0,0,4153,2167,0,0,62,0,3,2,1382,492,2000,1,0,4,71,72,37108,13891,277,787,135,65,398,0,0,5,73,3,3,0,10,0,0,0,0,0,2688,2816,2688,2816,4128,2208,9729,1677,0,0,0,0,100,50,34,26,30,39,50,41,0,0,78,0,0,0,0,0,0,14683,1062,941,0,883,57,342,342,100,3,1,0,999,999,40,0,25,0,0,0,0,0,0,0,0,0,0,100,2688,2816,100,0,0,0,0,0,0,0,0,0,0,0,0,0,0,0,0,0,0,0,0,160,729,729,1,1,24,17,50,1,7318,729,2202,2041,0,0,0,9359,0,9594,0,0,0,0,11,3,6,187,0,238,15,270,0,0,692,8013,0
141015,2366,959,82,45,9999,0,0,439,0,0,0,4153,1823,0,0,62,0,2,2,1382,492,2000,1,0,4,73,72,37296,13866,283,678,128,64,402,0,0,3,73,3,3,0,10,0,0,0,0,0,2688,2816,2688,2816,4128,2208,8578,1679,0,0,0,0,100,55,42,34,40,55,55,54,0,0,79,0,0,0,0,0,0,14683,1062,941,0,883,57,342,342,100,1,1,0,999,999,40,0,25,0,0,0,0,0,0,0,0,0,0,100,2688,2816,100,0,0,0,0,0,0,0,0,0,0,0,0,0,0,0,0,0,0,0,0,160,730,730,1,1,24,16,50,1,7317,730,2201,2038,0,0,0,18299,0,18738,0,0,0,5,11,3,6,191,0,240,15,270,23,5,694,8013,0
142016,2366,959,82,45,9999,0,0,543,0,0,0,4153,2255,0,0,62,0,2,3,1382,456,2000,1,0,4,72,72,34753,13818,246,649,113,64,399,0,0,0,73,3,3,0,10,0,0,0,0,0,2688,2816,2688,2816,4128,2208,8906,1725,0,0,0,0,100,47,31,37,34,45,47,46,0,0,82,0,0,0,0,0,0,14683,1062,941,0,883,57,342,342,100,0,0,0,999,999,40,0,25,0,0,0,0,0,0,0,0,0,0,100,2688,2816,100,0,0,0,0,0,0,0,0,0,0,0,0,0,0,0,0,0,0,0,0,160,729,729,1,1,24,16,50,1,7346,729,2201,2038,0,0,0,15980,0,16336,0,0,1,6,11,3,6,188,0,239,15,270,28,6,694,8013,0
143016,2366,959,82,45,9999,0,0,648,0,0,0,4153,2691,0,0,62,0,3,4,1382,456,2000,1,0,4,73,72,37906,13871,617,596,122,64,380,0,0,5,72,3,3,0,10,0,0,0,0,0,2688,2816,2688,2816,4128,2208,8217,1473,0,0,0,0,100,55,36,31,35,55,44,51,0,0,75,0,0,0,0,0,0,14683,1062,941,0,883,57,342,342,100,4,1,0,999,999,40,0,25,0,0,0,0,0,0,0,0,0,0,100,2688,2816,100,0,0,0,0,0,0,0,0,0,0,0,0,0,0,0,0,0,0,0,0,160,729,729,1,1,24,14,50,1,7314,729,2201,2036,0,0,0,8089,0,8330,0,0,0,0,11,3,6,182,0,239,15,270,0,0,693,8013,0
144015,2366,959,82,45,9999,0,0,308,0,0,0,4153,1279,0,0,62,0,2,3,1382,456,2000,1,0,4,72,72,34439,13906,353,778,105,64,350,0,0,0,73,3,3,0,10,0,0,0,0,0,2688,2816,2688,2816,4128,2208,9424,1604,0,0,0,0,100,46,37,35,39,46,44,44,0,0,76,0,0,0,0,0,0,14683,1062,941,0,883,57,342,342,100,0,0,0,999,999,40,0,25,0,0,0,0,0,0,0,0,0,0,100,2688,2816,100,0,0,0,0,0,0,0,0,0,0,0,0,0,0,0,0,0,0,0,0,160,730,730,1,1,24,18,50,1,7348,730,2202,2041,0,0,0,16628,0,17088,0,0,0,0,11,3,6,184,0,239,15,270,0,0,693,8013,0
145016,2366,959,82,45,9999,0,0,350,0,0,0,4153,1453,0,0,62,0,3,4,1382,456,2000,1,0,4,72,72,35833,13828,297,620,125,65,380,0,0,2,73,3,3,0,10,0,0,0,0,0,2688,2816,2688,2816,4128,2208,8667,1588,0,0,0,0,100,54,37,38,37,47,54,47,0,0,76,0,0,0,0,0,0,14683,1062,941,0,883,57,342,342,100,1,1,0,999,999,40,0,25,0,0,0,0,0,0,0,0,0,0,100,2688,2816,100,0,0,0,0,0,0,0,0,0,0,0,0,0,0,0,0,0,0,0,0,160,729,729,1,1,23,18,50,1,7316,729,2201,2041,0,0,0,10681,0,11093,0,0,0,0,11,3,6,191,0,239,15,270,0,0,693,8013,0
146016,2366,959,82,45,9999,0,0,568,0,0,0,4153,2358,0,0,62,0,2,3,1382,456,2000,1,0,4,72,72,42332,13820,351,663,110,64,390,0,20,7,72,3,3,0,10,0,0,0,0,0,2688,2816,2688,2816,4128,2208,8113,1457,0,0,0,0,100,49,42,36,40,49,49,47,0,0,71,0,0,0,0,0,0,14683,1062,941,0,883,57,342,342,100,5,1,0,999,999,40,0,25,0,0,0,0,0,0,0,0,0,0,100,2688,2816,100,0,0,0,0,0,0,0,0,0,0,0,0,0,0,0,0,0,0,0,0,160,730,730,1,1,24,17,50,1,7340,730,2202,2041,0,0,0,17403,0,17792,0,0,0,0,11,3,6,184,0,239,15,270,0,0,693,8013,0
147018,2366,959,82,45,9999,0,0,458,0,0,0,4153,1902,0,0,62,0,3,4,1382,456,2000,1,0,4,72,72,34611,13774,316,642,127,65,375,0,0,3,73,3,3,0,10,0,0,0,0,0,2688,2816,2688,2816,4128,2208,8168,1524,0,0,0,0,100,52,40,37,33,44,46,52,0,0,73,0,0,0,0,0,0,14683,1062,941,0,883,57,342,342,100,2,1,0,999,999,40,0,25,0,0,0,0,0,0,0,0,0,0,100,2688,2816,100,0,0,0,0,0,0,0,0,0,0,0,0,0,0,0,0,0,0,0,0,160,730,730,1,1,21,16,50,1,7316,730,2199,2040,0,0,0,11589,0,11852,0,0,0,0,11,3,6,191,0,239,15,270,0,0,694,8013,0
148036,2366,959,82,45,9999,0,0,508,0,0,0,4154,2110,0,0,62,0,2,3,1382,456,2000,1,0,4,72,72,35629,13763,267,682,158,64,385,0,0,7,73,3,3,0,10,0,0,0,0,0,2688,2816,2688,2816,4128,2208,7742,1499,0,0,0,0,100,53,45,41,50,53,53,52,0,0,70,0,0,0,0,0,0,14683,1062,941,0,883,57,342,342,100,3,1,0,999,999,40,0,25,0,0,0,0,0,0,0,0,0,0,100,2688,2816,100,0,0,0,0,0,0,0,0,0,0,0,0,0,0,0,0,0,0,0,0,160,730,730,1,1,21,15,50,1,7315,730,2199,2038,0,0,0,18882,0,19324,0,0,0,0,11,3,6,192,0,239,15,270,0,0,694,8013,0
149016,2366,959,82,45,9999,0,0,416,0,0,0,4154,1728,0,0,62,0,2,3,1382,456,2000,1,0,4,72,72,34174,13862,324,751,161,65,382,0,0,2,72,3,3,0,10,0,0,0,0,0,2688,2816,2688,2816,4128,2208,8579,1576,0,0,0,0,100,52,42,37,42,51,50,52,0,0,74,0,0,0,0,0,0,14683,1062,941,0,883,57,342,342,100,1,1,0,999,999,40,0,25,0,0,0,0,0,0,0,0,0,0,100,2688,2816,100,0,0,0,0,0,0,0,0,0,0,0,0,0,0,0,0,0,0,0,0,160,730,730,1,1,21,14,50,1,7351,730,2199,2037,0,0,0,19873,0,20240,0,0,0,0,11,3,6,191,0,239,15,270,0,0,694,8013,0
150016,2366,959,82,45,9999,0,0,444,0,0,0,4154,1844,0,0,62,0,2,2,1382,456,2000,1,0,4,73,72,36192,13899,348,683,134,66,395,0,0,1,73,3,3,0,10,0,0,0,0,0,2688,2816,2688,2816,4128,2208,9271,1704,0,0,0,0,100,51,38,36,39,48,51,51,0,0,79,0,0,0,0,0,0,14683,1062,941,0,883,57,342,342,100,1,1,0,999,999,40,0,25,0,0,0,0,0,0,0,0,0,0,100,2688,2816,100,0,0,0,0,0,0,0,0,0,0,0,0,0,0,0,0,0,0,0,0,160,730,730,1,1,21,16,50,1,7320,730,2199,2039,0,0,0,14503,0,14527,0,0,0,0,11,3,6,191,0,239,15,270,0,0,694,8013,0
151016,2366,959,82,45,9999,0,0,324,0,0,0,4154,1345,0,0,62,0,2,2,1382,456,2000,1,0,4,73,72,36771,13829,270,592,129,67,398,0,0,0,73,3,3,0,10,0,0,0,0,0,2688,2816,2688,2816,4128,2208,9273,1703,0,0,0,0,100,60,45,44,46,50,60,51,0,0,81,0,0,0,0,0,0,14683,1062,941,0,883,57,342,342,100,0,0,0,999,999,40,0,25,0,0,0,0,0,0,0,0,0,0,100,2688,2816,100,0,0,0,0,0,0,0,0,0,0,0,0,0,0,0,0,0,0,0,0,160,730,730,1,1,21,18,50,1,7349,730,2199,2041,0,0,0,12006,0,12248,0,0,0,0,11,3,6,178,0,238,15,270,0,0,692,8013,0
152016,2366,959,82,45,9999,0,0,579,0,0,0,4154,2405,0,0,62,0,3,3,1651,492,2000,1,0,4,73,72,37043,13824,236,675,135,64,395,0,0,0,72,3,3,0,10,0,0,0,0,0,2688,2816,2688,2816,4128,2208,9040,1544,0,0,0,0,100,53,36,30,37,47,53,43,0,0,78,0,0,0,0,0,0,14683,1062,941,0,883,57,342,342,100,0,0,0,999,999,40,0,25,0,0,0,0,0,0,0,0,0,0,100,2688,2816,100,0,0,0,0,0,0,0,0,0,0,0,0,0,0,0,0,0,0,0,0,160,730,730,1,1,21,14,50,1,7317,730,2199,2037,0,0,0,19562,0,20006,0,0,0,5,11,3,6,162,0,201,15,270,23,5,583,8013,0
153018,2366,959,82,45,9999,0,0,366,0,0,0,4154,1520,0,0,62,0,2,2,1651,492,2000,1,0,4,72,72,35646,14125,423,853,285,66,376,0,0,3,72,3,3,0,10,0,0,0,0,0,2688,2816,2688,2816,4128,2208,8598,1584,0,0,0,0,100,51,39,38,37,48,45,51,0,0,76,0,0,0,0,0,0,14683,1062,941,0,883,57,342,342,100,1,1,0,999,999,40,0,25,0,0,0,0,0,0,0,0,0,0,100,2688,2816,100,0,0,0,0,0,0,0,0,0,0,0,0,0,0,0,0,0,0,0,0,160,731,731,1,1,21,18,50,1,7335,731,2198,2041,0,0,0,18499,0,18887,0,0,0,1,11,3,6,186,0,245,15,270,17,1,698,8013,1
154017,2366,959,82,45,9999,0,0,325,0,0,0,4154,1350,0,0,62,0,3,4,1651,492,2000,1,0,4,72,72,35733,14032,328,751,190,65,403,0,0,3,73,3,3,0,10,0,0,0,0,0,2688,2816,2688,2816,4128,2208,7794,1512,0,0,0,0,100,49,40,36,37,47,49,45,0,0,77,0,0,0,0,0,0,14683,1062,941,0,883,57,342,342,100,1,1,0,999,999,40,0,25,0,0,0,0,0,0,0,0,0,0,100,2688,2816,100,0,0,0,0,0,0,0,0,0,0,0,0,0,0,0,0,0,0,0,0,160,731,731,1,1,24,16,50,1,7320,731,2202,2040,0,0,0,13162,0,13534,0,0,1,6,11,3,6,162,0,206,15,270,40,6,583,8013,1
155017,2366,959,82,45,9999,0,0,531,0,0,0,4154,2205,0,0,62,0,2,3,1651,492,2000,1,0,4,71,72,36280,13861,323,760,208,65,388,0,0,3,73,3,3,0,10,0,0,0,0,0,2688,2816,2688,2816,4128,2208,8240,1484,0,0,0,0,100,53,39,36,42,53,50,51,0,0,70,0,0,0,0,0,0,14683,1062,941,0,883,57,342,342,100,2,1,0,999,999,40,0,25,0,0,0,0,0,0,0,0,0,0,100,2688,2816,100,0,0,0,0,0,0,0,0,0,0,0,0,0,0,0,0,0,0,0,0,160,731,731,1,1,24,16,50,1,7349,731,2202,2039,0,0,0,13780,0,14067,0,0,2,2,11,3,6,161,0,206,15,270,70,2,582,8013,1
156017,2366,959,82,45,9999,0,0,816,0,0,0,4154,3389,0,0,62,0,3,3,1651,492,2000,1,0,4,73,72,34099,13881,344,812,162,63,368,0,0,4,72,3,3,0,10,0,0,0,0,0,2688,2816,2688,2816,4128,2208,8427,1550,0,0,0,0,100,45,36,36,33,41,45,43,0,0,70,0,0,0,0,0,0,14683,1062,941,0,883,57,342,342,100,2,1,0,999,999,40,0,25,0,0,0,0,0,0,0,0,0,0,100,2688,2816,100,0,0,0,0,0,0,0,0,0,0,0,0,0,0,0,0,0,0,0,0,160,732,732,1,1,24,16,50,1,7380,732,2201,2038,0,0,0,17383,0,17958,0,0,2,1,11,3,6,162,0,206,15,270,53,1,582,8013,1
157017,2366,959,82,45,9999,0,0,361,0,0,0,4154,1499,0,0,62,0,4,3,1651,492,2000,1,0,4,69,72,41590,13840,318,652,130,65,381,0,4,9,73,3,3,0,10,0,0,0,0,0,2688,2816,2688,2816,4128,2208,7879,1490,0,0,0,0,100,66,54,51,52,66,62,55,0,0,71,0,0,0,0,0,0,14683,1062,941,0,883,57,342,342,100,4,1,0,999,999,40,0,25,0,0,0,0,0,0,0,0,0,0,100,2688,2816,100,0,0,0,0,0,0,0,0,0,0,0,0,0,0,0,0,0,0,0,0,160,731,731,1,1,23,15,50,1,7323,731,2200,2037,0,0,0,11161,0,11394,0,0,2,1,11,3,6,152,0,206,15,270,53,1,582,8013,1
158017,2366,959,82,45,9999,0,0,298,0,0,0,4154,1237,0,0,62,0,3,4,1651,492,2000,1,0,4,73,72,35467,13788,301,710,135,66,377,0,1,0,72,3,3,0,10,0,0,0,0,0,2688,2816,2688,2816,4128,2208,7220,1339,0,0,0,0,100,50,48,46,43,49,40,50,0,0,66,0,0,0,0,0,0,14683,1062,941,0,883,57,342,342,100,0,0,0,999,999,40,0,25,0,0,0,0,0,0,0,0,0,0,100,2688,2816,100,0,0,0,0,0,0,0,0,0,0,0,0,0,0,0,0,0,0,0,0,160,731,731,1,1,20,14,50,1,7354,731,2198,2038,0,0,0,17086,0,17437,0,0,2,1,11,3,6,161,0,201,15,270,51,1,582,8013,0
159054,2385,964,82,45,9999,0,0,282,0,0,0,4154,1171,0,0,62,0,3,3,1651,492,2000,1,0,4,72,72,33207,13700,337,690,99,65,348,0,0,1,72,3,3,0,10,0,0,0,0,0,2688,2816,2688,2816,4128,2208,8385,1548,0,0,0,0,100,54,43,42,42,54,45,44,0,0,69,0,0,0,0,0,0,14683,1065,947,0,886,60,342,342,100,1,1,0,999,999,40,0,25,0,0,0,0,0,0,0,0,0,0,100,2688,2816,100,0,0,0,0,0,0,0,0,0,0,0,0,0,0,0,0,0,0,0,0,160,732,732,1,1,21,20,50,1,7322,732,2199,2044,0,0,0,17229,0,17587,0,0,0,0,11,3,6,188,0,201,15,270,0,0,579,8013,0
160017,2385,964,82,45,9999,0,0,306,0,0,0,4154,1271,0,0,62,0,2,3,1651,492,2000,1,0,4,72,72,35274,14147,298,790,356,65,382,1,0,5,73,3,3,0,10,0,0,0,0,0,2688,2816,2688,2816,4128,2208,7917,1613,0,0,0,0,100,52,43,37,45,51,52,49,0,0,70,0,0,0,0,0,0,14683,1065,947,0,886,60,342,342,100,2,1,0,999,999,40,0,25,0,0,0,0,0,0,0,0,0,0,100,2688,2816,100,0,0,0,0,0,0,0,0,0,0,0,0,0,0,0,0,0,0,0,0,160,732,732,1,1,21,15,50,1,7354,732,2198,2038,0,0,0,12764,0,13009,0,0,0,0,11,3,6,189,0,201,15,270,0,0,581,8013,0
161017,2385,964,82,45,9999,0,0,462,0,0,0,4154,1919,0,0,62,0,2,2,1651,492,2000,1,0,4,73,72,34227,13932,296,776,161,65,379,0,0,2,73,3,3,0,10,0,0,0,0,0,2688,2816,2688,2816,4128,2208,8427,1731,0,0,0,0,100,50,39,38,39,45,50,43,0,0,74,0,0,0,0,0,0,14683,1065,947,0,886,60,342,342,100,1,1,0,999,999,40,0,25,0,0,0,0,0,0,0,0,0,0,100,2688,2816,100,0,0,0,0,0,0,0,0,0,0,0,0,0,0,0,0,0,0,0,0,160,733,733,1,1,21,16,50,1,7325,733,2198,2039,0,0,0,19215,0,19594,0,0,0,0,11,3,6,191,0,204,15,270,0,0,587,8013,0
162017,2385,964,82,45,9999,0,0,384,0,0,0,4154,1595,0,0,62,0,3,2,1651,456,2000,1,0,4,72,72,35273,14118,382,754,252,84,409,0,0,0,72,3,3,0,10,0,0,0,0,0,2688,2816,2688,2816,4128,2208,8650,1730,0,0,0,0,100,50,39,35,41,50,44,40,0,0,75,0,0,0,0,0,0,14683,1065,947,0,886,60,342,342,100,0,0,0,999,999,40,0,25,0,0,0,0,0,0,0,0,0,0,100,2688,2816,100,0,0,0,0,0,0,0,0,0,0,0,0,0,0,0,0,0,0,0,0,160,733,733,1,1,21,16,50,1,7325,733,2199,2040,0,0,0,16365,0,16795,0,0,0,0,11,3,6,182,0,210,15,270,0,0,606,8013,0
163018,2385,964,82,45,9999,0,0,350,0,0,0,4154,1453,0,0,62,0,2,2,1651,456,2000,1,0,4,72,72,36264,14232,288,827,259,66,456,0,0,6,73,3,3,0,10,0,0,0,0,0,2688,2816,2688,2816,4128,2208,8873,1730,0,0,0,0,100,47,40,38,40,47,47,46,0,0,76,0,0,0,0,0,0,14683,1065,947,0,886,60,342,342,100,3,1,0,999,999,40,0,25,0,0,0,0,0,0,0,0,0,0,100,2688,2816,100,0,0,0,0,0,0,0,0,0,0,0,0,0,0,0,0,0,0,0,0,160,733,733,1,1,21,16,50,1,7357,733,2199,2039,0,0,0,12990,0,13292,0,0,0,0,11,3,6,190,0,240,15,270,0,0,694,8013,0
164018,2385,964,82,45,9999,0,0,609,0,0,0,4154,2529,0,0,62,0,2,2,1651,456,2000,1,0,4,71,72,37548,13998,327,749,167,66,398,0,0,2,73,3,3,0,10,0,0,0,0,0,2688,2816,2688,2816,4128,2208,9452,1718,0,0,0,0,100,54,40,38,41,54,47,47,0,0,80,0,0,0,0,0,0,14683,1065,947,0,886,60,342,342,100,2,1,0,999,999,40,0,25,0,0,0,0,0,0,0,0,0,0,100,2688,2816,100,0,0,0,0,0,0,0,0,0,0,0,0,0,0,0,0,0,0,0,0,160,733,733,1,1,21,19,50,1,7326,733,2199,2042,0,0,0,15377,0,16082,0,0,0,0,11,3,6,179,0,239,15,270,0,0,692,8013,0
165018,2385,964,82,45,9999,0,0,311,0,0,0,4154,1291,0,0,62,0,2,3,1651,456,2000,1,0,4,73,72,36918,14030,362,813,161,65,414,0,0,0,73,3,3,0,10,0,0,0,0,0,2688,2816,2688,2816,4128,2208,9521,1572,0,0,0,0,100,51,39,33,37,46,51,46,0,0,80,0,0,0,0,0,0,14683,1065,947,0,886,60,342,342,100,0,0,0,999,999,40,0,25,0,0,0,0,0,0,0,0,0,0,100,2688,2816,100,0,0,0,0,0,0,0,0,0,0,0,0,0,0,0,0,0,0,0,0,160,733,733,1,1,20,19,50,1,7357,733,2198,2043,0,0,0,19290,0,19735,0,0,0,4,11,3,6,177,0,238,15,270,18,4,692,8013,0
166018,2385,964,82,45,9999,0,0,410,0,0,0,4154,1703,0,0,62,0,2,3,1651,456,2000,1,0,4,71,72,37140,14130,330,860,102,67,390,0,0,2,72,3,3,0,10,0,0,0,0,0,2688,2816,2688,2816,4128,2208,9001,1568,0,0,0,0,100,51,45,42,41,50,51,47,0,0,79,0,0,0,0,0,0,14683,1065,947,0,886,60,342,342,100,2,1,0,999,999,40,0,25,0,0,0,0,0,0,0,0,0,0,100,2688,2816,100,0,0,0,0,0,0,0,0,0,0,0,0,0,0,0,0,0,0,0,0,160,733,733,1,1,24,18,50,1,7326,733,2202,2041,0,0,0,12840,0,13092,0,0,0,0,11,3,6,173,0,238,15,270,0,0,692,8013,0
167018,2385,964,82,45,9999,0,0,592,0,0,0,4154,2459,0,0,62,0,2,3,1651,456,2000,1,0,4,72,72,37065,13984,287,871,228,65,409,0,0,3,73,3,3,0,10,0,0,0,0,0,2688,2816,2688,2816,4128,2208,8405,1571,0,0,0,0,100,62,44,39,46,55,62,52,0,0,79,0,0,0,0,0,0,14683,1065,947,0,886,60,342,342,100,1,1,0,999,999,40,0,25,0,0,0,0,0,0,0,0,0,0,100,2688,2816,100,0,0,0,0,0,0,0,0,0,0,0,0,0,0,0,0,0,0,0,0,160,733,733,1,1,24,16,50,1,7334,733,2202,2039,0,0,0,13964,0,13989,0,0,0,0,11,3,6,174,0,237,15,270,0,0,689,8013,0
168022,2385,964,82,45,9999,0,0,454,0,0,0,4151,1884,0,0,62,0,3,3,1651,456,2000,1,0,4,73,72,36613,14103,373,915,132,64,375,0,0,1,72,3,3,0,10,0,0,0,0,0,2688,2816,2688,2816,4128,2208,9021,1560,0,0,0,0,100,48,36,36,36,48,47,45,0,0,78,0,0,0,0,0,0,14683,1065,947,0,886,60,342,342,100,1,1,0,999,999,40,0,25,0,0,0,0,0,0,0,0,0,0,100,2688,2816,100,0,0,0,0,0,0,0,0,0,0,0,0,0,0,0,0,0,0,0,0,160,734,734,1,1,24,15,50,1,7331,734,2202,2039,0,0,0,16469,0,16739,0,0,0,0,11,3,6,193,0,240,15,270,0,0,694,8013,0
169018,2385,964,82,45,9999,0,0,255,0,0,0,4151,1058,0,0,62,0,2,3,1651,456,2000,1,0,4,71,72,37634,13980,347,742,85,66,332,0,0,4,73,3,3,0,10,0,0,0,0,0,2688,2816,2688,2816,4128,2208,8793,1590,0,0,0,0,100,64,49,47,53,64,55,52,0,0,78,0,0,0,0,0,0,14683,1065,947,0,886,60,342,342,100,3,1,0,999,999,40,0,25,0,0,0,0,0,0,0,0,0,0,100,2688,2816,100,0,0,0,0,0,0,0,0,0,0,0,0,0,0,0,0,0,0,0,0,160,734,734,1,1,24,18,50,1,7336,734,2201,2040,0,0,0,12516,0,12780,0,0,0,0,11,3,6,193,0,240,15,270,0,0,694,8013,0
170018,2385,964,82,45,9999,0,0,598,0,0,0,4151,2482,0,0,62,0,2,2,1651,456,2000,1,0,4,73,72,36527,13863,302,666,125,65,408,0,0,3,73,3,3,0,10,0,0,0,0,0,2688,2816,2688,2816,4128,2208,8661,1586,0,0,0,0,100,48,42,37,37,41,45,48,0,0,76,0,0,0,0,0,0,14683,1065,947,0,886,60,342,342,100,1,1,0,999,999,40,0,25,0,0,0,0,0,0,0,0,0,0,100,2688,2816,100,0,0,0,0,0,0,0,0,0,0,0,0,0,0,0,0,0,0,0,0,160,734,734,1,1,24,19,50,1,7367,734,2202,2042,0,0,0,11471,0,11780,0,0,0,0,11,3,6,185,0,239,15,270,0,0,692,8013,0
171018,2385,964,82,45,9999,0,0,355,0,0,0,4151,1473,0,0,62,0,2,2,1651,456,2000,1,0,4,71,72,36654,13835,324,622,125,65,376,0,0,2,73,3,3,0,10,0,0,0,0,0,2688,2816,2688,2816,4128,2208,8624,1697,0,0,0,0,100,52,38,39,44,52,50,52,0,0,80,0,0,0,0,0,0,14683,1065,947,0,886,60,342,342,100,1,1,0,999,999,40,0,25,0,0,0,0,0,0,0,0,0,0,100,2688,2816,100,0,0,0,0,0,0,0,0,0,0,0,0,0,0,0,0,0,0,0,0,160,734,734,1,1,24,16,50,1,7335,734,2202,2039,0,0,0,10480,0,10752,0,0,0,0,11,3,6,191,0,240,15,270,0,0,694,8013,0
172018,2385,964,82,45,9999,0,0,367,0,0,0,4151,1523,0,0,62,0,2,4,1382,492,2000,1,0,4,72,72,36580,13951,306,701,161,66,483,0,0,0,73,3,3,0,10,0,0,0,0,0,2688,2816,2688,2816,4128,2208,8157,1569,0,0,0,0,100,55,40,39,43,52,51,55,0,0,79,0,0,0,0,0,0,14683,1065,947,0,886,60,342,342,100,0,0,0,999,999,40,0,25,0,0,0,0,0,0,0,0,0,0,100,2688,2816,100,0,0,0,0,0,0,0,0,0,0,0,0,0,0,0,0,0,0,0,0,160,734,734,1,1,24,18,50,1,7365,734,2202,2041,0,0,0,11864,0,12143,0,0,0,0,11,3,6,191,0,240,15,270,0,0,694,8013,0
173018,2385,964,82,45,9999,0,0,591,0,0,0,4151,2453,0,0,62,0,2,3,1382,492,2000,1,0,4,73,72,37215,13949,267,827,112,64,387,0,0,4,72,3,3,0,10,0,0,0,0,0,2688,2816,2688,2816,4128,2208,7933,1471,0,0,0,0,100,49,40,35,37,45,49,45,0,0,72,0,0,0,0,0,0,14683,1065,947,0,886,60,342,342,100,2,1,0,999,999,40,0,25,0,0,0,0,0,0,0,0,0,0,100,2688,2816,100,0,0,0,0,0,0,0,0,0,0,0,0,0,0,0,0,0,0,0,0,160,734,734,1,1,24,17,50,1,7336,734,2202,2041,0,0,0,16068,0,16340,0,0,0,0,11,3,6,190,0,239,15,270,0,0,694,8013,0
174019,2385,964,82,45,9999,0,0,408,0,0,0,4151,1693,0,0,62,0,2,3,1382,492,2000,1,0,4,72,72,35671,13920,353,863,224,64,388,0,0,1,72,3,3,0,10,0,0,0,0,0,2688,2816,2688,2816,4128,2208,9108,1597,0,0,0,0,100,56,43,37,41,52,56,49,0,0,74,0,0,0,0,0,0,14683,1065,947,0,886,60,342,342,100,1,1,0,999,999,40,0,25,0,0,0,0,0,0,0,0,0,0,100,2688,2816,100,0,0,0,0,0,0,0,0,0,0,0,0,0,0,0,0,0,0,0,0,160,735,735,1,1,24,15,50,1,7340,735,2202,2039,0,0,0,17366,0,17805,0,0,0,0,11,3,6,193,0,240,15,270,0,0,694,8013,0
175019,2385,964,82,45,9999,0,0,307,0,0,0,4151,1274,0,0,62,0,3,2,1382,492,2000,1,0,4,72,72,37526,14119,360,872,181,66,373,0,0,2,73,3,3,0,10,0,0,0,0,0,2688,2816,2688,2816,4128,2208,9192,1704,0,0,0,0,100,54,42,40,44,53,54,48,0,0,79,0,0,0,0,0,0,14683,1065,947,0,886,60,342,342,100,2,1,0,999,999,40,0,25,0,0,0,0,0,0,0,0,0,0,100,2688,2816,100,0,0,0,0,0,0,0,0,0,0,0,0,0,0,0,0,0,0,0,0,160,735,735,1,1,24,14,50,1,7335,735,2202,2038,0,0,0,11012,0,11274,0,0,0,0,11,3,6,190,0,246,15,270,0,0,699,8013,1
176019,2385,964,82,45,9999,0,0,559,0,0,0,4151,2320,0,0,62,0,2,2,1382,492,2000,1,0,4,73,72,36677,13982,281,748,142,66,391,0,0,2,73,3,3,0,10,0,0,0,0,0,2688,2816,2688,2816,4128,2208,9443,1655,0,0,0,0,100,51,40,35,45,51,51,49,0,0,82,0,0,0,0,0,0,14683,1065,947,0,886,60,342,342,100,2,1,0,999,999,40,0,25,0,0,0,0,0,0,0,0,0,0,100,2688,2816,100,0,0,0,0,0,0,0,0,0,0,0,0,0,0,0,0,0,0,0,0,160,732,732,1,1,21,18,50,1,7334,732,2199,2041,0,0,0,13611,0,13874,0,0,2,1,11,3,6,180,0,245,15,270,51,1,697,8013,1
177019,2385,964,82,45,9999,0,0,985,0,0,0,4151,4088,0,0,62,0,3,5,1382,492,2000,1,0,4,72,72,37654,13820,247,675,112,66,406,0,3,6,72,3,3,0,10,0,0,0,0,0,2688,2816,2688,2816,4128,2208,7381,1335,0,0,0,0,100,56,38,36,36,47,43,56,0,0,74,0,0,0,0,0,0,14683,1065,947,0,886,60,342,342,100,4,1,0,999,999,40,0,25,0,0,0,0,0,0,0,0,0,0,100,2688,2816,100,0,0,0,0,0,0,0,0,0,0,0,0,0,0,0,0,0,0,0,0,160,738,738,1,1,21,17,50,1,7387,738,2199,2040,0,0,0,14943,0,15302,0,0,2,1,11,3,6,179,0,245,15,270,51,1,697,8013,1
178019,2385,964,82,45,9999,0,0,365,0,0,0,4151,1515,0,0,62,0,4,4,1382,492,2000,1,0,4,66,72,38779,13864,336,814,124,64,322,0,3,7,70,3,3,0,10,0,0,0,0,0,2688,2816,2688,2816,4128,2208,7968,1444,0,0,0,0,100,56,47,46,49,56,55,56,0,0,67,0,0,0,0,0,0,14683,1065,947,0,886,60,342,342,100,5,4,0,999,999,40,0,25,0,0,0,0,0,0,0,0,0,0,100,2688,2816,100,0,0,0,0,0,0,0,0,0,0,0,0,0,0,0,0,0,0,0,0,160,739,739,1,1,21,16,50,1,7327,739,2199,2040,0,0,0,16259,0,16580,0,0,1,6,11,3,6,182,0,245,15,270,28,6,697,8013,1
179054,2376,972,82,45,9999,0,0,804,0,0,0,4157,3342,0,0,62,0,3,4,1382,492,2000,1,0,4,72,72,35302,13836,276,777,171,63,442,0,17,2,73,3,3,0,10,0,0,0,0,0,2688,2816,2688,2816,4128,2208,8379,1456,0,0,0,0,100,54,53,53,48,54,52,51,0,0,70,0,0,0,0,0,0,14683,1074,955,0,887,68,342,342,100,2,1,0,999,999,40,0,25,0,0,0,0,0,0,0,0,0,0,100,2688,2816,100,0,0,0,0,0,0,0,0,0,0,0,0,0,0,0,0,0,0,0,0,160,740,740,1,1,21,15,50,1,7365,740,2199,2039,0,0,0,8500,0,8967,0,0,0,0,11,3,6,177,0,244,15,270,0,0,695,8013,1
180019,2376,972,82,45,9999,0,0,362,0,0,0,4157,1504,0,0,62,0,3,4,1382,492,2000,1,0,4,72,72,33783,13769,243,710,145,64,358,0,0,1,72,3,3,0,10,0,0,0,0,0,2688,2816,2688,2816,4128,2208,8385,1433,0,0,0,0,100,48,37,35,33,39,48,42,0,0,72,0,0,0,0,0,0,14683,1074,955,0,887,68,342,342,100,1,1,0,999,999,40,0,25,0,0,0,0,0,0,0,0,0,0,100,2688,2816,100,0,0,0,0,0,0,0,0,0,0,0,0,0,0,0,0,0,0,0,0,160,740,740,1,1,21,20,50,1,7331,740,2199,2044,0,0,0,14569,0,14982,0,0,2,1,11,3,6,182,0,244,15,270,53,1,695,8013,1
181019,2376,972,82,45,9999,0,0,411,0,0,0,4157,1708,0,0,62,0,2,3,1382,492,2000,1,0,4,73,72,34715,13682,276,683,127,65,359,0,0,2,72,3,3,0,10,0,0,0,0,0,2688,2816,2688,2816,4128,2208,9160,1459,0,0,0,0,100,58,43,43,41,52,58,44,0,0,75,0,0,0,0,0,0,14683,1074,955,0,887,68,342,342,100,1,1,0,999,999,40,0,25,0,0,0,0,0,0,0,0,0,0,100,2688,2816,100,0,0,0,0,0,0,0,0,0,0,0,0,0,0,0,0,0,0,0,0,160,740,740,1,1,21,18,50,1,7336,740,2199,2041,0,0,0,16457,0,16743,0,0,2,1,11,3,6,172,0,244,15,270,53,1,695,8013,1
182020,2376,972,82,45,9999,0,0,553,0,0,0,4157,2298,0,0,62,0,3,3,1382,492,2000,1,0,4,72,72,37122,13746,577,601,120,64,402,0,0,4,73,3,3,0,10,0,0,0,0,0,2688,2816,2688,2816,4128,2208,8235,1488,0,0,0,0,100,51,36,35,35,51,50,50,0,0,76,0,0,0,0,0,0,14683,1074,955,0,887,68,342,342,100,2,1,0,999,999,40,0,25,0,0,0,0,0,0,0,0,0,0,100,2688,2816,100,0,0,0,0,0,0,0,0,0,0,0,0,0,0,0,0,0,0,0,0,160,740,740,1,1,21,17,50,1,7339,740,2198,2040,0,0,0,16698,0,17032,0,0,2,1,11,3,6,172,0,244,15,270,53,1,695,8013,1
183020,2376,972,82,45,9999,0,0,235,0,0,0,4157,976,0,0,62,0,2,3,1382,492,2000,1,0,4,73,72,38221,13835,261,719,258,65,409,0,0,2,73,3,3,0,10,0,0,0,0,0,2688,2816,2688,2816,4128,2208,8927,1480,0,0,0,0,100,55,38,32,41,54,55,50,0,0,77,0,0,0,0,0,0,14683,1074,955,0,887,68,342,342,100,2,1,0,999,999,40,0,25,0,0,0,0,0,0,0,0,0,0,100,2688,2816,100,0,0,0,0,0,0,0,0,0,0,0,0,0,0,0,0,0,0,0,0,160,740,740,1,1,21,16,50,1,7334,740,2199,2040,0,0,0,20009,0,20364,0,0,2,1,11,3,6,151,0,245,15,270,53,1,698,8013,1
184019,2376,972,82,45,9999,0,0,436,0,0,0,4157,1812,0,0,62,0,2,2,1382,492,2000,1,0,4,72,72,38583,13759,298,721,164,64,376,0,0,3,72,3,3,0,10,0,0,0,0,0,2688,2816,2688,2816,4128,2208,8563,1429,0,0,0,0,100,56,39,42,37,52,55,56,0,0,75,0,0,0,0,0,0,14683,1074,955,0,887,68,342,342,100,1,1,0,999,999,40,0,25,0,0,0,0,0,0,0,0,0,0,100,2688,2816,100,0,0,0,0,0,0,0,0,0,0,0,0,0,0,0,0,0,0,0,0,160,741,741,1,1,21,14,50,1,7364,741,2199,2038,0,0,0,17479,0,17761,0,0,3,7,11,3,6,170,0,244,15,270,81,7,695,8013,1
185019,2376,972,82,45,9999,0,0,415,0,0,0,4157,1725,0,0,62,0,3,2,1382,492,2000,1,0,4,71,72,36654,13821,335,649,116,66,377,0,0,4,73,3,3,0,10,0,0,0,0,0,2688,2816,2688,2816,4128,2208,9268,1549,0,0,0,0,100,55,41,42,43,55,50,45,0,0,78,0,0,0,0,0,0,14683,1074,955,0,887,68,342,342,100,2,1,0,999,999,40,0,25,0,0,0,0,0,0,0,0,0,0,100,2688,2816,100,0,0,0,0,0,0,0,0,0,0,0,0,0,0,0,0,0,0,0,0,160,741,741,1,1,21,20,50,1,7333,741,2198,2043,0,0,0,17897,0,18321,0,0,2,1,11,3,6,147,0,208,15,270,53,1,585,8013,1
186020,2376,972,82,45,9999,0,0,526,0,0,0,4157,2186,0,0,62,0,2,2,1382,492,2000,1,0,4,72,72,34987,13895,308,698,103,65,384,0,0,0,72,3,3,0,10,0,0,0,0,0,2688,2816,2688,2816,4128,2208,8628,1467,0,0,0,0,100,46,38,32,28,38,46,42,0,0,76,0,0,0,0,0,0,14683,1074,955,0,887,68,342,342,100,0,0,0,999,999,40,0,25,0,0,0,0,0,0,0,0,0,0,100,2688,2816,100,0,0,0,0,0,0,0,0,0,0,0,0,0,0,0,0,0,0,0,0,160,744,744,1,1,21,18,50,1,7369,744,2198,2041,0,0,0,14641,0,15031,0,0,0,0,11,3,6,181,0,244,15,270,0,0,695,8013,1
187020,2376,972,82,45,9999,0,0,425,0,0,0,4157,1766,0,0,62,0,3,2,1382,492,2000,1,0,4,71,72,37886,13709,347,618,118,66,407,0,0,5,72,3,3,0,10,0,0,0,0,0,2688,2816,2688,2816,4128,2208,9615,1657,0,0,0,0,100,57,45,38,43,54,57,52,0,0,78,0,0,0,0,0,0,14683,1074,955,0,887,68,342,342,100,3,1,0,999,999,40,0,25,0,0,0,0,0,0,0,0,0,0,100,2688,2816,100,0,0,0,0,0,0,0,0,0,0,0,0,0,0,0,0,0,0,0,0,160,744,744,1,1,21,18,50,1,7341,744,2199,2042,0,0,0,9984,0,10213,0,0,0,0,11,3,6,174,0,237,15,270,0,0,689,8013,0
188021,2376,972,82,45,9999,0,0,500,0,0,0,4157,2078,0,0,62,0,2,2,1382,492,2000,1,0,4,72,72,36208,14133,289,738,323,65,371,0,0,0,73,3,3,0,10,0,0,0,0,0,2688,2816,2688,2816,4128,2208,9484,1603,0,0,0,0,100,52,38,31,37,45,52,50,0,0,81,0,0,0,0,0,0,14683,1074,955,0,887,68,342,342,100,0,0,0,999,999,40,0,25,0,0,0,0,0,0,0,0,0,0,100,2688,2816,100,0,0,0,0,0,0,0,0,0,0,0,0,0,0,0,0,0,0,0,0,160,744,744,1,1,24,17,50,1,7344,744,2202,2040,0,0,0,15770,0,16312,0,0,0,0,11,3,6,177,0,238,15,270,0,0,692,8013,0
189020,2376,972,82,45,9999,0,0,336,0,0,0,4150,1394,0,0,62,0,2,2,1382,492,2000,1,0,4,72,72,36856,13947,310,762,141,65,390,0,0,1,73,3,3,0,10,0,0,0,0,0,2688,2816,2688,2816,4128,2208,9266,1687,0,0,0,0,100,53,39,38,39,51,48,53,0,0,82,0,0,0,0,0,0,14683,1074,955,0,887,68,342,342,100,1,1,0,999,999,40,0,25,0,0,0,0,0,0,0,0,0,0,100,2688,2816,100,0,0,0,0,0,0,0,0,0,0,0,0,0,0,0,0,0,0,0,0,160,744,744,1,1,24,15,50,1,7370,744,2202,2039,0,0,0,18392,0,18777,0,0,0,0,11,3,6,174,0,237,15,270,0,0,689,8013,0
190021,2376,972,82,45,9999,0,0,434,0,0,0,4150,1801,0,0,62,0,2,2,1382,492,2000,1,0,4,72,72,37732,13836,279,687,138,66,397,0,0,0,73,3,3,0,10,0,0,0,0,0,2688,2816,2688,2816,4128,2208,9476,1633,0,0,0,0,100,58,45,40,46,58,53,52,0,0,82,0,0,0,0,0,0,14683,1074,955,0,887,68,342,342,100,0,0,0,999,999,40,0,25,0,0,0,0,0,0,0,0,0,0,100,2688,2816,100,0,0,0,0,0,0,0,0,0,0,0,0,0,0,0,0,0,0,0,0,160,745,745,1,1,24,16,50,1,7339,745,2202,2040,0,0,0,17694,0,18036,0,0,0,0,11,3,6,173,0,237,15,270,0,0,689,8013,0
191021,2376,972,82,45,9999,0,0,378,0,0,0,4150,1568,0,0,62,0,2,4,1382,492,2000,1,0,4,71,72,37327,14004,327,827,149,64,422,0,0,4,73,3,3,0,10,0,0,0,0,0,2688,2816,2688,2816,4128,2208,8098,1431,0,0,0,0,100,50,37,36,36,50,47,46,0,0,76,0,0,0,0,0,0,14683,1074,955,0,887,68,342,342,100,2,1,0,999,999,40,0,25,0,0,0,0,0,0,0,0,0,0,100,2688,2816,100,0,0,0,0,0,0,0,0,0,0,0,0,0,0,0,0,0,0,0,0,160,745,745,1,1,24,16,50,1,7374,745,2201,2039,0,0,0,15179,0,15434,0,0,0,0,11,3,6,178,0,238,15,270,0,0,691,8013,0
192021,2376,972,82,45,9999,0,0,207,0,0,0,4150,859,0,0,62,0,2,3,1382,492,1708,1,0,4,73,72,34543,13909,285,791,130,65,342,0,0,1,72,3,3,0,10,0,0,0,0,0,2688,2816,2688,2816,4128,2208,8473,1433,0,0,0,0,100,52,38,32,37,52,48,43,0,0,73,0,0,0,0,0,0,14683,1074,955,0,887,68,342,342,100,1,1,0,999,999,40,0,25,0,0,0,0,0,0,0,0,0,0,100,2688,2816,100,0,0,0,0,0,0,0,0,0,0,0,0,0,0,0,0,0,0,0,0,160,745,745,1,1,21,18,50,1,7340,745,2199,2041,0,0,0,15018,0,15522,0,0,0,0,11,3,6,162,0,239,15,270,0,0,694,8013,0
193021,2376,972,82,45,9999,0,0,299,0,0,0,4150,1240,0,0,62,0,2,2,1382,492,1708,1,0,4,72,72,33172,13730,280,647,126,65,381,0,0,2,73,3,3,0,10,0,0,0,0,0,2688,2816,2688,2816,4128,2208,8623,1501,0,0,0,0,100,40,38,40,39,39,40,38,0,0,73,0,0,0,0,0,0,14683,1074,955,0,887,68,342,342,100,1,1,0,999,999,40,0,25,0,0,0,0,0,0,0,0,0,0,100,2688,2816,100,0,0,0,0,0,0,0,0,0,0,0,0,0,0,0,0,0,0,0,0,160,745,745,1,1,21,19,50,1,7369,745,2199,2043,0,0,0,16439,0,16789,0,0,1,6,11,3,6,190,0,240,15,270,28,6,694,8013,0
194021,2376,972,82,45,9999,0,0,501,0,0,0,4150,2079,0,0,62,0,3,2,1382,492,1708,1,0,4,72,72,35996,13733,317,584,136,65,390,0,0,4,73,3,3,0,10,0,0,0,0,0,2688,2816,2688,2816,4128,2208,8951,1659,0,0,0,0,100,51,29,32,37,51,50,44,0,0,77,0,0,0,0,0,0,14683,1074,955,0,887,68,342,342,100,2,1,0,999,999,40,0,25,0,0,0,0,0,0,0,0,0,0,100,2688,2816,100,0,0,0,0,0,0,0,0,0,0,0,0,0,0,0,0,0,0,0,0,160,745,745,1,1,21,17,50,1,7340,745,2199,2041,0,0,0,17460,0,17802,0,0,2,1,11,3,6,180,0,245,15,270,51,1,696,8013,1
195021,2376,972,82,45,9999,0,0,331,0,0,0,4150,1373,0,0,62,0,2,2,1382,492,1708,1,0,4,72,72,35353,13973,322,738,172,65,402,0,0,2,72,3,3,0,10,0,0,0,0,0,2688,2816,2688,2816,4128,2208,8737,1610,0,0,0,0,100,53,41,37,37,46,53,44,0,0,80,0,0,0,0,0,0,14683,1074,955,0,887,68,342,342,100,1,1,0,999,999,40,0,25,0,0,0,0,0,0,0,0,0,0,100,2688,2816,100,0,0,0,0,0,0,0,0,0,0,0,0,0,0,0,0,0,0,0,0,160,746,746,1,1,21,17,50,1,7340,746,2199,2041,0,0,0,8884,0,9192,0,0,2,1,11,3,6,180,0,250,15,270,51,1,700,8013,2
196022,2376,972,82,45,9999,0,0,573,0,0,0,4150,2377,0,0,62,0,2,4,1382,492,1708,1,0,4,72,72,36820,13771,282,673,115,66,389,0,0,1,73,3,3,0,10,0,0,0,0,0,2688,2816,2688,2816,4128,2208,9429,1374,0,0,0,0,100,53,40,36,35,48,53,40,0,0,81,0,0,0,0,0,0,14683,1074,955,0,887,68,342,342,100,1,1,0,999,999,40,0,25,0,0,0,0,0,0,0,0,0,0,100,2688,2816,100,0,0,0,0,0,0,0,0,0,0,0,0,0,0,0,0,0,0,0,0,160,746,746,1,1,21,16,50,1,7374,746,2199,2039,0,0,0,13782,0,14207,0,0,2,1,11,3,6,150,0,196,15,270,51,1,535,8013,2
197021,2376,972,82,45,9999,0,0,546,0,0,0,4150,2265,0,0,62,0,3,3,1382,492,1708,1,0,4,73,72,35897,13744,322,709,114,68,365,0,0,2,72,3,3,0,10,0,0,0,0,0,2688,2816,2688,2816,4128,2208,7327,1251,0,0,0,0,100,57,39,35,40,54,57,53,0,0,71,0,0,0,0,0,0,14683,1074,955,0,887,68,342,342,100,1,1,0,999,999,40,0,25,0,0,0,0,0,0,0,0,0,0,100,2688,2816,100,0,0,0,0,0,0,0,0,0,0,0,0,0,0,0,0,0,0,0,0,160,747,747,1,1,21,20,50,1,7345,747,2198,2042,0,0,0,14927,0,15340,0,0,2,1,11,3,6,126,0,173,15,270,51,1,480,8013,1
198022,2376,972,82,45,9999,0,0,725,0,0,0,4150,3008,0,0,62,0,3,3,1382,492,1708,1,0,4,73,72,33070,13671,296,682,166,65,375,0,0,3,73,3,3,0,10,0,0,0,0,0,2688,2816,2688,2816,4128,2208,7719,1340,0,0,0,0,100,51,38,38,36,48,51,47,0,0,69,0,0,0,0,0,0,14683,1074,955,0,887,68,342,342,100,1,1,0,999,999,40,0,25,0,0,0,0,0,0,0,0,0,0,100,2688,2816,100,0,0,0,0,0,0,0,0,0,0,0,0,0,0,0,0,0,0,0,0,160,747,747,1,1,21,20,50,1,7406,747,2199,2044,0,0,0,21097,0,21464,0,0,2,1,11,3,6,130,0,135,15,270,51,1,367,8013,1
199057,2319,980,82,45,9999,0,0,336,0,0,0,4132,1388,0,0,62,0,2,2,1382,492,1708,1,0,4,72,72,33904,13700,310,649,114,66,354,0,0,3,73,3,3,0,10,0,0,0,0,0,2688,2816,2688,2816,4128,2208,7487,1370,0,0,0,0,100,61,53,45,50,61,53,54,0,0,67,0,0,0,0,0,0,14683,1080,964,0,890,73,342,342,100,2,1,0,999,999,40,0,25,0,0,0,0,0,0,0,0,0,0,100,2688,2816,100,0,0,0,0,0,0,0,0,0,0,0,0,0,0,0,0,0,0,0,0,160,747,747,1,1,24,17,50,1,7347,747,2202,2041,0,0,0,8238,0,8726,0,0,2,1,11,3,6,129,0,135,15,270,51,1,367,8013,1
200023,2319,980,82,45,9999,0,0,370,0,0,0,4132,1528,0,0,62,0,2,2,1382,492,1708,1,0,4,71,72,35135,13659,327,639,172,65,381,0,0,3,73,3,3,0,10,0,0,0,0,0,2688,2816,2688,2816,4128,2208,7856,1359,0,0,0,0,100,52,47,51,47,47,48,52,0,0,68,0,0,0,0,0,0,14683,1080,964,0,890,73,342,342,100,1,1,0,999,999,40,0,25,0,0,0,0,0,0,0,0,0,0,100,2688,2816,100,0,0,0,0,0,0,0,0,0,0,0,0,0,0,0,0,0,0,0,0,160,748,748,1,1,24,19,50,1,7380,748,2202,2042,0,0,0,10228,0,10539,0,0,0,2,11,3,6,131,0,135,15,270,8,2,367,8013,1
201023,2319,980,82,45,9999,0,0,260,0,0,0,4132,1074,0,0,62,0,3,2,1382,492,1708,1,0,4,72,72,35773,13847,315,749,131,65,382,0,0,4,72,3,3,0,10,0,0,0,0,0,2688,2816,2688,2816,4128,2208,8006,1353,0,0,0,0,100,54,40,36,42,52,49,54,0,0,69,0,0,0,0,0,0,14683,1080,964,0,890,73,342,342,100,2,1,0,999,999,40,0,25,0,0,0,0,0,0,0,0,0,0,100,2688,2816,100,0,0,0,0,0,0,0,0,0,0,0,0,0,0,0,0,0,0,0,0,160,748,748,1,1,24,17,50,1,7350,748,2202,2040,0,0,0,15058,0,15587,0,0,0,0,11,3,6,178,0,243,15,270,0,0,694,8013,1
202025,2319,980,82,45,9999,0,0,267,0,0,0,4132,1103,0,0,62,0,2,2,1382,456,2000,1,0,4,72,72,33617,13738,309,636,121,65,410,0,0,0,73,3,3,0,10,0,0,0,0,0,2688,2816,2688,2816,4128,2208,9753,1498,0,0,0,0,100,49,42,38,37,47,47,49,0,0,75,0,0,0,0,0,0,14683,1080,964,0,890,73,342,342,100,0,0,0,999,999,40,0,25,0,0,0,0,0,0,0,0,0,0,100,2688,2816,100,0,0,0,0,0,0,0,0,0,0,0,0,0,0,0,0,0,0,0,0,160,748,748,1,1,21,17,50,1,7349,748,2198,2040,0,0,0,19991,0,20313,0,0,0,3,11,3,6,143,0,148,15,270,13,3,417,8013,0
203023,2319,980,82,45,9999,0,0,507,0,0,0,4132,2094,0,0,62,0,2,2,1382,456,2000,1,0,4,72,72,35070,13728,328,679,129,65,411,0,0,0,73,3,3,0,10,0,0,0,0,0,2688,2816,2688,2816,4128,2208,7540,1301,0,0,0,0,100,50,39,34,35,50,45,43,0,0,70,0,0,0,0,0,0,14683,1080,964,0,890,73,342,342,100,0,0,0,999,999,40,0,25,0,0,0,0,0,0,0,0,0,0,100,2688,2816,100,0,0,0,0,0,0,0,0,0,0,0,0,0,0,0,0,0,0,0,0,160,748,748,1,1,21,17,50,1,7383,748,2199,2040,0,0,0,10399,0,10676,0,0,0,0,11,3,6,169,0,244,15,270,0,0,695,8013,1
204023,2319,980,82,45,9999,0,0,321,0,0,0,4132,1326,0,0,62,0,2,2,1382,456,2000,1,0,4,73,72,34922,13965,356,785,211,65,410,0,0,3,73,3,3,0,10,0,0,0,0,0,2688,2816,2688,2816,4128,2208,8815,1668,0,0,0,0,100,57,37,38,42,51,57,42,0,0,72,0,0,0,0,0,0,14683,1080,964,0,890,73,342,342,100,1,1,0,999,999,40,0,25,0,0,0,0,0,0,0,0,0,0,100,2688,2816,100,0,0,0,0,0,0,0,0,0,0,0,0,0,0,0,0,0,0,0,0,160,748,748,1,1,21,16,50,1,7350,748,2199,2040,0,0,0,15688,0,16084,0,0,0,0,11,3,6,168,0,243,15,270,0,0,693,8013,1
205023,2319,980,82,45,9999,0,0,476,0,0,0,4132,1966,0,0,62,0,2,2,1382,456,2000,1,0,4,72,72,36451,13897,315,691,174,66,397,0,0,3,73,3,3,0,10,0,0,0,0,0,2688,2816,2688,2816,4128,2208,8977,1626,0,0,0,0,100,50,36,32,38,44,50,50,0,0,76,0,0,0,0,0,0,14683,1080,964,0,890,73,342,342,100,1,1,0,999,999,40,0,25,0,0,0,0,0,0,0,0,0,0,100,2688,2816,100,0,0,0,0,0,0,0,0,0,0,0,0,0,0,0,0,0,0,0,0,160,748,748,1,1,24,15,50,1,7381,748,2202,2039,0,0,0,13661,0,14236,0,0,0,1,11,3,6,159,0,133,15,270,4,1,371,8013,0
206023,2319,980,82,45,9999,0,0,447,0,0,0,4132,1847,0,0,62,0,2,2,1382,456,2000,1,0,4,72,72,36177,13817,307,790,178,66,377,0,0,0,73,3,3,0,10,0,0,0,0,0,2688,2816,2688,2816,4128,2208,7482,1307,0,0,0,0,100,53,35,34,36,53,53,48,0,0,69,0,0,0,0,0,0,14683,1080,964,0,890,73,342,342,100,0,0,0,999,999,40,0,25,0,0,0,0,0,0,0,0,0,0,100,2688,2816,100,0,0,0,0,0,0,0,0,0,0,0,0,0,0,0,0,0,0,0,0,160,748,748,1,1,24,19,50,1,7351,748,2202,2043,0,0,0,11016,0,11265,0,0,0,0,11,3,6,157,0,133,15,270,0,0,371,8013,0
207023,2319,980,82,45,9999,0,0,463,0,0,0,4132,1913,0,0,62,0,2,2,1382,456,2000,1,0,4,73,72,33835,13795,326,794,151,65,399,0,0,2,72,3,3,0,10,0,0,0,0,0,2688,2816,2688,2816,4128,2208,6814,1310,0,0,0,0,100,53,36,34,31,43,53,45,0,0,66,0,0,0,0,0,0,14683,1080,964,0,890,73,342,342,100,1,1,0,999,999,40,0,25,0,0,0,0,0,0,0,0,0,0,100,2688,2816,100,0,0,0,0,0,0,0,0,0,0,0,0,0,0,0,0,0,0,0,0,160,749,749,1,1,24,18,50,1,7389,749,2202,2042,0,0,0,7906,0,8521,0,0,0,0,11,3,6,154,0,133,15,270,0,0,370,8013,0
208024,2319,980,82,45,9999,0,0,361,0,0,0,4132,1491,0,0,62,0,3,2,1382,456,2000,1,0,4,71,72,35032,13798,309,707,139,64,390,0,0,8,72,3,3,0,10,0,0,0,0,0,2688,2816,2688,2816,4128,2208,7382,1318,0,0,0,0,100,56,43,38,43,51,56,50,0,0,64,0,0,0,0,0,0,14683,1080,964,0,890,73,342,342,100,2,1,0,999,999,40,0,25,0,0,0,0,0,0,0,0,0,0,100,2688,2816,100,0,0,0,0,0,0,0,0,0,0,0,0,0,0,0,0,0,0,0,0,160,749,749,1,1,24,17,50,1,7359,749,2202,2041,0,0,0,14873,0,15243,0,0,0,5,11,3,6,157,0,133,15,270,23,5,371,8013,0
209023,2319,980,82,45,9999,0,0,394,0,0,0,4158,1638,0,0,62,0,2,2,1382,456,2000,1,0,4,72,72,33641,13651,315,681,92,65,370,0,2,0,73,3,3,0,10,0,0,0,0,0,2688,2816,2688,2816,4128,2208,7283,1309,0,0,0,0,100,51,42,36,37,45,47,51,0,0,64,0,0,0,0,0,0,14683,1080,964,0,890,73,342,342,100,0,0,0,999,999,40,0,25,0,0,0,0,0,0,0,0,0,0,100,2688,2816,100,0,0,0,0,0,0,0,0,0,0,0,0,0,0,0,0,0,0,0,0,160,749,749,1,1,24,14,50,1,7360,749,2202,2038,0,0,0,21010,0,21347,0,0,0,0,11,3,6,156,0,133,15,270,0,0,370,8013,0
210023,2319,980,82,45,9999,0,0,304,0,0,0,4158,1264,0,0,62,0,2,2,1382,456,2000,1,0,4,72,72,32750,13728,372,627,135,64,393,0,0,6,72,3,3,0,10,0,0,0,0,0,2688,2816,2688,2816,4128,2208,7352,1353,0,0,0,0,100,49,36,34,38,46,49,46,0,0,64,0,0,0,0,0,0,14683,1080,964,0,890,73,342,342,100,2,1,0,999,999,40,0,25,0,0,0,0,0,0,0,0,0,0,100,2688,2816,100,0,0,0,0,0,0,0,0,0,0,0,0,0,0,0,0,0,0,0,0,160,749,749,1,1,24,19,50,1,7390,749,2202,2043,0,0,0,10894,0,11132,0,0,0,0,11,3,6,156,0,133,15,270,0,0,370,8013,0
211024,2319,980,82,45,9999,0,0,285,0,0,0,4158,1185,0,0,62,0,3,2,1382,456,2000,1,0,4,72,72,34246,14128,330,854,385,66,375,0,0,3,73,3,3,0,10,0,0,0,0,0,2688,2816,2688,2816,4128,2208,7344,1345,0,0,0,0,100,50,43,39,45,47,50,46,0,0,65,0,0,0,0,0,0,14683,1080,964,0,890,73,342,342,100,3,1,0,999,999,40,0,25,0,0,0,0,0,0,0,0,0,0,100,2688,2816,100,0,0,0,0,0,0,0,0,0,0,0,0,0,0,0,0,0,0,0,0,160,750,750,1,1,24,17,50,1,7360,750,2202,2041,0,0,0,7049,0,7301,0,0,0,0,11,3,6,149,0,132,15,270,0,0,369,8013,0
212024,2319,980,82,45,9999,0,0,543,0,0,0,4158,2257,0,0,62,0,2,2,1382,456,2000,1,0,4,73,72,32576,14007,321,822,251,65,406,0,0,2,72,3,3,0,10,0,0,0,0,0,2688,2816,2688,2816,4128,2208,7456,1336,0,0,0,0,100,47,36,32,31,40,47,44,0,0,65,0,0,0,0,0,0,14683,1080,964,0,890,73,342,342,100,1,1,0,999,999,40,0,25,0,0,0,0,0,0,0,0,0,0,100,2688,2816,100,0,0,0,0,0,0,0,0,0,0,0,0,0,0,0,0,0,0,0,0,160,748,748,1,1,20,18,50,1,7393,748,2198,2041,0,0,0,21479,0,21851,0,0,0,0,11,3,6,153,0,193,15,270,0,0,553,8013,0
213024,2319,980,82,45,9999,0,0,308,0,0,0,4158,1280,0,0,62,0,2,2,1382,456,2000,1,0,4,73,72,34015,13924,337,750,167,66,419,0,0,1,73,3,3,0,10,0,0,0,0,0,2688,2816,2688,2816,4128,2208,7990,1358,0,0,0,0,100,54,42,39,50,54,50,51,0,0,67,0,0,0,0,0,0,14683,1080,964,0,890,73,342,342,100,1,1,0,999,999,40,0,25,0,0,0,0,0,0,0,0,0,0,100,2688,2816,100,0,0,0,0,0,0,0,0,0,0,0,0,0,0,0,0,0,0,0,0,160,749,749,1,1,21,17,50,1,7359,749,2198,2040,0,0,0,18419,0,18783,0,0,0,0,11,3,6,159,0,140,15,270,0,0,375,8013,1
214024,2319,980,82,45,9999,0,0,585,0,0,0,4158,2432,0,0,62,0,2,2,1382,456,2000,1,0,4,72,72,34142,13881,276,862,135,64,384,0,1,3,72,3,3,0,10,0,0,0,0,0,2688,2816,2688,2816,4128,2208,7908,1304,0,0,0,0,100,51,38,36,37,42,48,51,0,0,67,0,0,0,0,0,0,14683,1080,964,0,890,73,342,342,100,1,1,0,999,999,40,0,25,0,0,0,0,0,0,0,0,0,0,100,2688,2816,100,0,0,0,0,0,0,0,0,0,0,0,0,0,0,0,0,0,0,0,0,160,747,747,1,1,24,17,50,1,7389,747,2201,2040,0,0,0,18078,0,18552,0,0,2,1,11,3,6,181,0,251,15,270,51,1,703,8013,2
215024,2319,980,82,45,9999,0,0,532,0,0,0,4158,2212,0,0,62,0,3,3,1382,456,2000,1,0,4,72,72,35316,13784,327,712,148,65,405,0,0,3,73,3,3,0,10,0,0,0,0,0,2688,2816,2688,2816,4128,2208,8689,1580,0,0,0,0,100,50,37,37,36,50,49,46,0,0,74,0,0,0,0,0,0,14683,1080,964,0,890,73,342,342,100,1,1,0,999,999,40,0,25,0,0,0,0,0,0,0,0,0,0,100,2688,2816,100,0,0,0,0,0,0,0,0,0,0,0,0,0,0,0,0,0,0,0,0,160,747,747,1,1,24,15,50,1,7358,747,2202,2039,0,0,0,9728,0,9988,0,0,2,1,11,3,6,167,0,245,15,270,51,1,698,8013,1
216024,2319,980,82,45,9999,0,0,440,0,0,0,4158,1829,0,0,62,0,2,3,1382,456,2000,1,0,4,71,72,35407,13866,322,707,117,63,385,0,0,4,73,3,3,0,10,0,0,0,0,0,2688,2816,2688,2816,4128,2208,8520,1608,0,0,0,0,100,51,37,37,38,51,49,50,0,0,75,0,0,0,0,0,0,14683,1080,964,0,890,73,342,342,100,3,1,0,999,999,40,0,25,0,0,0,0,0,0,0,0,0,0,100,2688,2816,100,0,0,0,0,0,0,0,0,0,0,0,0,0,0,0,0,0,0,0,0,160,747,747,1,1,24,19,50,1,7359,747,2202,2043,0,0,0,15699,0,16088,0,0,0,0,11,3,6,170,0,181,15,270,0,0,507,8013,1
217024,2319,980,82,45,9999,0,0,476,0,0,0,4158,1979,0,0,62,0,2,2,1382,456,2000,1,0,4,71,72,34339,13753,300,614,102,64,372,0,0,1,72,3,3,0,10,0,0,0,0,0,2688,2816,2688,2816,4128,2208,8614,1691,0,0,0,0,100,48,35,29,31,40,48,43,0,0,74,0,0,0,0,0,0,14683,1080,964,0,890,73,342,342,100,1,1,0,999,999,40,0,25,0,0,0,0,0,0,0,0,0,0,100,2688,2816,100,0,0,0,0,0,0,0,0,0,0,0,0,0,0,0,0,0,0,0,0,160,748,748,1,1,23,19,50,1,7384,748,2201,2043,0,0,0,15919,0,16316,0,0,2,1,11,3,6,169,0,181,15,270,51,1,507,8013,1
218025,2319,980,82,45,9999,0,0,622,0,0,0,4148,2580,0,0,62,0,3,2,1382,456,2000,1,0,4,71,72,38171,13710,268,590,105,64,368,0,7,8,73,3,3,0,10,0,0,0,0,0,2688,2816,2688,2816,4128,2208,8335,1683,0,0,0,0,100,58,38,41,40,58,49,54,0,0,74,0,0,0,0,0,0,14683,1080,964,0,890,73,342,342,100,4,1,0,999,999,40,0,25,0,0,0,0,0,0,0,0,0,0,100,2688,2816,100,0,0,0,0,0,0,0,0,0,0,0,0,0,0,0,0,0,0,0,0,160,749,749,1,1,24,14,50,1,7348,749,2202,2038,0,0,0,11138,0,11398,0,0,0,0,11,3,6,152,0,205,15,270,0,0,576,8013,1
219064,2140,980,82,45,9999,0,0,427,0,0,0,4139,1767,0,0,62,0,2,2,1382,456,2000,1,0,4,72,72,35378,13728,300,607,157,66,406,0,0,2,73,3,3,0,10,0,0,0,0,0,2688,2816,2688,2816,4128,2208,8872,1483,0,0,0,0,100,55,42,33,40,48,46,55,0,0,78,0,0,0,0,0,0,14683,1082,962,0,891,70,342,342,100,1,1,0,999,999,40,0,25,0,0,0,0,0,0,0,0,0,0,100,2688,2816,100,0,0,0,0,0,0,0,0,0,0,0,0,0,0,0,0,0,0,0,0,160,749,749,1,1,24,21,50,1,7407,749,2202,2045,0,0,0,14982,0,15321,0,0,2,1,11,3,6,151,0,205,15,270,53,1,576,8013,1
220025,2140,980,82,45,9999,0,0,566,0,0,0,4139,2342,0,0,62,0,2,2,1382,456,2000,1,0,4,72,72,36009,13899,295,755,169,65,385,0,0,1,72,3,3,0,10,0,0,0,0,0,2688,2816,2688,2816,4128,2208,8906,1525,0,0,0,0,100,52,40,35,43,52,52,47,0,0,74,0,0,0,0,0,0,14683,1082,962,0,891,70,342,342,100,1,1,0,999,999,40,0,25,0,0,0,0,0,0,0,0,0,0,100,2688,2816,100,0,0,0,0,0,0,0,0,0,0,0,0,0,0,0,0,0,0,0,0,160,750,750,1,1,24,17,50,1,7378,750,2202,2041,0,0,0,15778,0,16250,0,0,0,0,11,3,6,176,0,244,15,270,0,0,695,8013,1
221025,2140,980,82,45,9999,0,0,694,0,0,0,4139,2872,0,0,62,0,2,3,1382,456,2000,1,0,4,73,72,39524,14017,441,766,319,66,399,0,0,4,73,3,3,0,10,0,0,0,0,0,2688,2816,2688,2816,4128,2208,8915,1553,0,0,0,0,100,58,53,53,53,52,58,55,0,0,77,0,0,0,0,0,0,14683,1082,962,0,891,70,342,342,100,2,1,0,999,999,40,0,25,0,0,0,0,0,0,0,0,0,0,100,2688,2816,100,0,0,0,0,0,0,0,0,0,0,0,0,0,0,0,0,0,0,0,0,160,750,750,1,1,24,18,50,1,7366,750,2201,2041,0,0,0,9447,0,9733,0,0,0,0,11,3,6,178,0,249,15,270,0,0,698,8013,2
222025,2140,980,82,45,9999,0,0,420,0,0,0,4139,1738,0,0,62,0,2,3,1382,492,2000,1,0,4,71,72,38038,14169,512,895,290,67,373,0,0,4,72,3,3,0,10,0,0,0,0,0,2688,2816,2688,2816,4128,2208,9052,1517,0,0,0,0,100,58,48,43,50,56,58,49,0,0,78,0,0,0,0,0,0,14683,1082,962,0,891,70,342,342,100,3,1,0,999,999,40,0,25,0,0,0,0,0,0,0,0,0,0,100,2688,2816,100,0,0,0,0,0,0,0,0,0,0,0,0,0,0,0,0,0,0,0,0,160,751,751,1,1,24,14,50,1,7352,751,2201,2037,0,0,0,14925,0,15207,0,0,2,1,11,3,6,176,0,249,15,270,53,1,698,8013,2
223025,2140,980,82,45,9999,0,0,469,0,0,0,4139,1941,0,0,62,0,2,3,1382,492,2000,1,0,4,73,72,35298,13961,273,845,150,65,387,0,0,3,73,3,3,0,10,0,0,0,0,0,2688,2816,2688,2816,4128,2208,8968,1513,0,0,0,0,100,49,36,35,37,47,49,45,0,0,78,0,0,0,0,0,0,14683,1082,962,0,891,70,342,342,100,2,1,0,999,999,40,0,25,0,0,0,0,0,0,0,0,0,0,100,2688,2816,100,0,0,0,0,0,0,0,0,0,0,0,0,0,0,0,0,0,0,0,0,160,751,751,1,1,24,16,50,1,7350,751,2202,2040,0,0,0,10944,0,11301,0,0,2,1,11,3,6,176,0,249,15,270,53,1,698,8013,2
224025,2140,980,82,45,9999,0,0,528,0,0,0,4139,2185,0,0,62,0,2,4,1382,492,2000,1,0,4,70,72,38576,13775,276,712,93,64,361,0,3,7,72,3,3,0,10,0,0,0,0,0,2688,2816,2688,2816,4128,2208,8267,1394,0,0,0,0,100,54,34,31,29,41,41,54,0,0,74,0,0,0,0,0,0,14683,1082,962,0,891,70,342,342,100,5,1,0,999,999,40,0,25,0,0,0,0,0,0,0,0,0,0,100,2688,2816,100,0,0,0,0,0,0,0,0,0,0,0,0,0,0,0,0,0,0,0,0,160,751,751,1,1,24,20,50,1,7385,751,2202,2044,0,0,0,10596,0,10846,0,0,2,1,11,3,6,176,0,249,15,270,53,1,698,8013,2
225025,2140,980,82,45,9999,0,0,425,0,0,0,4139,1759,0,0,62,0,3,3,1382,492,2000,1,0,4,72,72,37771,13717,354,704,115,65,365,0,1,2,73,3,3,0,10,0,0,0,0,0,2688,2816,2688,2816,4128,2208,9129,1513,0,0,0,0,100,57,39,38,39,57,55,51,0,0,74,0,0,0,0,0,0,14683,1082,962,0,891,70,342,342,100,2,1,0,999,999,40,0,25,0,0,0,0,0,0,0,0,0,0,100,2688,2816,100,0,0,0,0,0,0,0,0,0,0,0,0,0,0,0,0,0,0,0,0,160,751,751,1,1,21,20,50,1,7352,751,2199,2044,0,0,0,7843,0,8095,0,0,2,1,11,3,6,175,0,251,15,270,53,1,702,8013,2
226025,2140,980,82,45,9999,0,0,525,0,0,0,4139,2172,0,0,62,0,2,3,1382,492,2000,1,0,4,72,72,35434,13787,320,624,108,64,375,0,0,3,73,3,3,0,10,0,0,0,0,0,2688,2816,2688,2816,4128,2208,9075,1525,0,0,0,0,100,50,36,30,32,48,50,45,0,0,77,0,0,0,0,0,0,14683,1082,962,0,891,70,342,342,100,2,1,0,999,999,40,0,25,0,0,0,0,0,0,0,0,0,0,100,2688,2816,100,0,0,0,0,0,0,0,0,0,0,0,0,0,0,0,0,0,0,0,0,160,751,751,1,1,24,17,50,1,7383,751,2202,2041,0,0,0,13372,0,13612,0,0,0,0,11,3,6,174,0,243,15,272,0,0,694,8013,1
227025,2140,980,82,45,9999,0,0,630,0,0,0,4139,2607,0,0,62,0,2,3,1382,492,2000,1,0,4,73,72,36295,13670,264,592,106,65,364,0,0,0,73,3,3,0,10,0,0,0,0,0,2688,2816,2688,2816,4128,2208,9804,1490,0,0,0,0,100,55,40,34,37,55,54,47,0,0,79,0,0,0,0,0,0,14683,1082,962,0,891,70,342,342,100,0,0,0,999,999,40,0,25,0,0,0,0,0,0,0,0,0,0,100,2688,2816,100,0,0,0,0,0,0,0,0,0,0,0,0,0,0,0,0,0,0,0,0,160,751,751,1,1,24,17,50,1,7356,751,2202,2041,0,0,0,12169,0,12507,0,0,0,0,11,3,6,173,0,249,15,272,0,0,699,8013,2
228025,2140,980,82,45,9999,0,0,479,0,0,0,4139,1982,0,0,62,0,2,5,1382,492,2000,1,0,4,73,72,37819,13649,273,676,116,66,428,0,1,2,73,3,3,0,10,0,0,0,0,0,2688,2816,2688,2816,4128,2208,7467,1359,0,0,0,0,100,61,46,48,44,56,61,51,0,0,74,0,0,0,0,0,0,14683,1082,962,0,891,70,342,342,100,2,1,0,999,999,40,0,25,0,0,0,0,0,0,0,0,0,0,100,2688,2816,100,0,0,0,0,0,0,0,0,0,0,0,0,0,0,0,0,0,0,0,0,160,751,751,1,1,24,15,50,1,7357,751,2201,2038,0,0,0,12910,0,15123,0,0,0,0,11,3,6,182,0,250,15,272,0,0,701,8013,2
229025,2140,980,82,45,9999,0,0,481,0,0,0,4130,1986,0,0,62,0,3,4,1382,492,2000,1,0,4,72,72,35399,13768,360,726,142,65,392,0,0,3,72,3,3,0,10,0,0,0,0,0,2688,2816,2688,2816,4128,2208,8056,1400,0,0,0,0,100,54,42,35,42,54,53,51,0,0,70,0,0,0,0,0,0,14683,1082,962,0,891,70,342,342,100,2,1,0,999,999,40,0,25,0,0,0,0,0,0,0,0,0,0,100,2688,2816,100,0,0,0,0,0,0,0,0,0,0,0,0,0,0,0,0,0,0,0,0,160,751,751,1,1,21,16,50,1,7359,751,2199,2040,0,0,0,11385,0,11607,0,0,4,2,11,3,6,174,0,250,15,272,105,2,700,8013,2
230026,2140,980,82,45,9999,0,0,674,0,0,0,4130,2783,0,0,62,0,2,3,1382,492,2000,1,0,4,73,72,34960,13787,300,701,139,64,353,0,0,1,73,3,3,0,10,0,0,0,0,0,2688,2816,2688,2816,4128,2208,9261,1512,0,0,0,0,100,52,39,37,41,44,52,42,0,0,73,0,0,0,0,0,0,14683,1082,962,0,891,70,342,342,100,1,1,0,999,999,40,0,25,0,0,0,0,0,0,0,0,0,0,100,2688,2816,100,0,0,0,0,0,0,0,0,0,0,0,0,0,0,0,0,0,0,0,0,160,751,751,1,1,20,15,50,1,7359,751,2198,2039,0,0,0,10505,0,10763,0,0,0,0,11,3,6,173,0,251,15,272,0,0,702,8013,2
231025,2140,980,82,45,9999,0,0,561,0,0,0,4130,2316,0,0,62,0,2,3,1382,492,2000,1,0,4,72,72,37066,13643,289,592,108,65,367,0,0,4,73,3,3,0,10,0,0,0,0,0,2688,2816,2688,2816,4128,2208,9169,1510,0,0,0,0,100,56,43,36,41,50,56,50,0,0,77,0,0,0,0,0,0,14683,1082,962,0,891,70,342,342,100,3,1,0,999,999,40,0,25,0,0,0,0,0,0,0,0,0,0,100,2688,2816,100,0,0,0,0,0,0,0,0,0,0,0,0,0,0,0,0,0,0,0,0,160,751,751,1,1,20,19,50,1,7390,751,2198,2043,0,0,0,13845,0,14080,0,0,1,6,11,3,6,175,0,251,15,272,28,6,702,8013,2
232026,2140,980,82,45,9999,0,0,268,0,0,0,4130,1106,0,0,62,0,3,3,1651,492,2000,1,0,4,72,72,35855,13712,307,595,100,64,361,0,0,2,73,3,3,0,10,0,0,0,0,0,2688,2816,2688,2816,4128,2208,9114,1520,0,0,0,0,100,54,39,35,38,53,54,42,0,0,78,0,0,0,0,0,0,14683,1082,962,0,891,70,342,342,100,1,1,0,999,999,40,0,25,0,0,0,0,0,0,0,0,0,0,100,2688,2816,100,0,0,0,0,0,0,0,0,0,0,0,0,0,0,0,0,0,0,0,0,160,751,751,1,1,21,19,50,1,7361,751,2198,2042,0,0,0,16117,0,16370,0,0,0,5,11,3,6,175,0,251,15,272,23,5,702,8013,2
233025,2140,980,82,45,9999,0,0,605,0,0,0,4130,2498,0,0,62,0,2,3,1651,492,2000,1,0,4,72,72,35178,13768,294,620,137,64,374,0,0,2,72,3,3,0,10,0,0,0,0,0,2688,2816,2688,2816,4128,2208,8538,1516,0,0,0,0,100,44,37,34,34,44,44,44,0,0,78,0,0,0,0,0,0,14683,1082,962,0,891,70,342,342,100,1,1,0,999,999,40,0,25,0,0,0,0,0,0,0,0,0,0,100,2688,2816,100,0,0,0,0,0,0,0,0,0,0,0,0,0,0,0,0,0,0,0,0,160,751,751,1,1,24,17,50,1,7393,751,2201,2041,0,0,0,16141,0,16375,0,0,0,0,11,3,6,176,0,251,15,272,0,0,702,8013,2
234026,2140,980,82,45,9999,0,0,512,0,0,0,4130,2114,0,0,62,0,3,3,1651,492,2000,1,0,4,72,72,35378,13702,300,646,117,64,370,0,0,3,73,3,3,0,10,0,0,0,0,0,2688,2816,2688,2816,4128,2208,9226,1521,0,0,0,0,100,53,44,38,41,53,48,52,0,0,78,0,0,0,0,0,0,14683,1082,962,0,891,70,342,342,100,1,1,0,999,999,40,0,25,0,0,0,0,0,0,0,0,0,0,100,2688,2816,100,0,0,0,0,0,0,0,0,0,0,0,0,0,0,0,0,0,0,0,0,160,752,752,1,1,24,16,50,1,7361,752,2202,2040,0,0,0,8154,0,8399,0,0,0,0,11,3,6,179,0,251,15,272,0,0,702,8013,2
235026,2140,980,82,45,9999,0,0,514,0,0,0,4130,2122,0,0,62,0,2,3,1651,492,2000,1,0,4,72,72,34881,13689,303,613,104,65,367,0,0,2,72,3,3,0,10,0,0,0,0,0,2688,2816,2688,2816,4128,2208,9293,1522,0,0,0,0,100,47,34,35,31,43,40,47,0,0,80,0,0,0,0,0,0,14683,1082,962,0,891,70,342,342,100,1,1,0,999,999,40,0,25,0,0,0,0,0,0,0,0,0,0,100,2688,2816,100,0,0,0,0,0,0,0,0,0,0,0,0,0,0,0,0,0,0,0,0,160,752,752,1,1,23,17,50,1,7383,752,2200,2040,0,0,0,10198,0,10527,0,0,0,0,11,3,6,178,0,251,15,272,0,0,702,8013,2
236025,2140,980,82,45,9999,0,0,669,0,0,0,4130,2762,0,0,62,0,3,3,1651,492,2000,1,0,4,71,72,37137,13722,290,594,133,65,367,0,0,4,73,3,3,0,10,0,0,0,0,0,2688,2816,2688,2816,4128,2208,9269,1531,0,0,0,0,100,54,31,38,36,54,50,52,0,0,80,0,0,0,0,0,0,14683,1082,962,0,891,70,342,342,100,2,1,0,999,999,40,0,25,0,0,0,0,0,0,0,0,0,0,100,2688,2816,100,0,0,0,0,0,0,0,0,0,0,0,0,0,0,0,0,0,0,0,0,160,752,752,1,1,21,18,50,1,7364,752,2199,2042,0,0,0,7352,0,7751,0,0,0,0,11,3,6,178,0,251,15,272,0,0,702,8013,2
237026,2140,980,82,45,9999,0,0,444,0,0,0,4130,1833,0,0,62,0,2,3,1651,492,2000,1,0,4,71,72,37137,13775,248,787,101,64,405,0,0,1,73,3,3,0,10,0,0,0,0,0,2688,2816,2688,2816,4128,2208,9290,1524,0,0,0,0,100,51,34,38,36,43,51,43,0,0,80,0,0,0,0,0,0,14683,1082,962,0,891,70,342,342,100,1,1,0,999,999,40,0,25,0,0,0,0,0,0,0,0,0,0,100,2688,2816,100,0,0,0,0,0,0,0,0,0,0,0,0,0,0,0,0,0,0,0,0,160,752,752,1,1,24,15,50,1,7367,752,2202,2039,0,0,0,14793,0,15069,0,0,0,0,11,3,6,178,0,251,15,272,0,0,702,8013,2
238026,2140,980,82,45,9999,0,0,336,0,0,0,4130,1387,0,0,62,0,2,3,1651,492,2000,1,0,4,73,72,35838,13683,288,641,118,65,374,0,0,2,72,3,3,0,10,0,0,0,0,0,2688,2816,2688,2816,4128,2208,9337,1525,0,0,0,0,100,56,41,43,38,50,54,56,0,0,80,0,0,0,0,0,0,14683,1082,962,0,891,70,342,342,100,1,1,0,999,999,40,0,25,0,0,0,0,0,0,0,0,0,0,100,2688,2816,100,0,0,0,0,0,0,0,0,0,0,0,0,0,0,0,0,0,0,0,0,160,752,752,1,1,24,18,50,1,7394,752,2202,2043,0,0,0,11153,0,11362,0,0,1,6,11,3,6,176,0,251,15,272,28,6,702,8013,2
239065,2300,986,82,45,9999,0,0,591,0,0,0,4157,2456,0,0,62,0,3,4,1651,492,2000,1,0,4,73,72,35546,13985,340,840,277,65,366,0,0,2,73,3,3,0,10,0,0,0,0,0,2688,2816,2688,2816,4128,2208,8406,1396,0,0,0,0,100,52,37,39,39,52,50,39,0,0,77,0,0,0,0,0,0,14707,1085,969,0,894,75,343,343,100,2,1,0,999,999,40,0,25,0,0,0,0,0,0,0,0,0,0,100,2688,2816,100,0,0,0,0,0,0,0,0,0,0,0,0,0,0,0,0,0,0,0,0,160,752,752,1,1,24,15,50,1,7364,752,2201,2038,0,0,0,17440,0,17737,0,0,0,0,11,3,6,177,0,251,15,272,0,0,702,8013,2
240026,2300,986,82,45,9999,0,0,391,0,0,0,4157,1625,0,0,62,0,2,3,1651,492,2000,1,0,4,72,72,35392,13787,349,747,178,65,357,0,0,4,72,3,3,0,10,0,0,0,0,0,2688,2816,2688,2816,4128,2208,8443,1396,0,0,0,0,100,53,43,36,39,48,53,45,0,0,73,0,0,0,0,0,0,14707,1085,969,0,894,75,343,343,100,2,1,0,999,999,40,0,25,0,0,0,0,0,0,0,0,0,0,100,2688,2816,100,0,0,0,0,0,0,0,0,0,0,0,0,0,0,0,0,0,0,0,0,160,752,752,1,1,24,18,50,1,7396,752,2201,2042,0,0,0,16217,0,16543,0,0,0,0,11,3,6,174,0,251,15,272,0,0,702,8013,2
241026,2300,986,82,45,9999,0,0,803,0,0,0,4157,3338,0,0,62,0,3,3,1651,492,2000,1,0,4,71,72,34464,13744,376,570,129,65,353,0,0,3,72,3,3,0,10,0,0,0,0,0,2688,2816,2688,2816,4128,2208,9244,1515,0,0,0,0,100,53,39,39,42,53,53,51,0,0,77,0,0,0,0,0,0,14707,1085,969,0,894,75,343,343,100,2,1,0,999,999,40,0,25,0,0,0,0,0,0,0,0,0,0,100,2688,2816,100,0,0,0,0,0,0,0,0,0,0,0,0,0,0,0,0,0,0,0,0,160,752,752,1,1,20,18,50,1,7394,752,2197,2041,0,0,0,9954,0,10190,0,0,0,0,11,3,6,175,0,251,15,272,0,0,702,8013,2
242027,2300,986,82,45,9999,0,0,587,0,0,0,4157,2440,0,0,62,0,2,3,1382,492,2000,1,0,4,72,72,35414,13735,299,575,123,65,368,0,0,0,73,3,3,0,10,0,0,0,0,0,2688,2816,2688,2816,4128,2208,9281,1535,0,0,0,0,100,48,47,45,47,43,48,45,0,0,79,0,0,0,0,0,0,14707,1085,969,0,894,75,343,343,100,0,0,0,999,999,40,0,25,0,0,0,0,0,0,0,0,0,0,100,2688,2816,100,0,0,0,0,0,0,0,0,0,0,0,0,0,0,0,0,0,0,0,0,160,752,752,1,1,20,18,50,1,7385,752,2198,2042,0,0,0,11178,0,11464,0,0,0,0,11,3,6,174,0,251,15,272,0,0,702,8013,2
243026,2300,986,82,45,9999,0,0,456,0,0,0,4157,1895,0,0,62,0,3,3,1382,492,2000,1,0,4,72,72,34788,13707,267,642,123,66,372,0,0,2,73,3,3,0,10,0,0,0,0,0,2688,2816,2688,2816,4128,2208,9247,1488,0,0,0,0,100,62,52,49,52,62,55,55,0,0,80,0,0,0,0,0,0,14707,1085,969,0,894,75,343,343,100,1,1,0,999,999,40,0,25,0,0,0,0,0,0,0,0,0,0,100,2688,2816,100,0,0,0,0,0,0,0,0,0,0,0,0,0,0,0,0,0,0,0,0,160,752,752,1,1,21,16,50,1,7368,752,2199,2041,0,0,0,7502,0,7786,0,0,2,1,11,3,6,177,0,250,15,272,53,1,699,8013,2
244026,2300,986,82,45,9999,0,0,464,0,0,0,4157,1928,0,0,62,0,4,3,1382,492,2000,1,0,4,73,72,36552,13768,304,683,83,65,368,0,0,4,72,3,3,0,10,0,0,0,0,0,2688,2816,2688,2816,4128,2208,9138,1488,0,0,0,0,100,47,39,34,34,39,44,47,0,0,79,0,0,0,0,0,0,14707,1085,969,0,894,75,343,343,100,2,1,0,999,999,40,0,25,0,0,0,0,0,0,0,0,0,0,100,2688,2816,100,0,0,0,0,0,0,0,0,0,0,0,0,0,0,0,0,0,0,0,0,160,753,753,1,1,21,16,50,1,7368,753,2199,2040,0,0,0,13016,0,13474,0,0,0,0,11,3,6,175,0,249,15,272,0,0,698,8013,2
245026,2300,986,82,45,9999,0,0,720,0,0,0,4157,2993,0,0,62,0,3,3,1382,492,2000,1,0,4,72,72,34493,13751,328,616,100,65,396,0,0,0,72,3,3,0,10,0,0,0,0,0,2688,2816,2688,2816,4128,2208,9218,1494,0,0,0,0,100,44,34,28,26,32,44,33,0,0,79,0,0,0,0,0,0,14707,1085,969,0,894,75,343,343,100,0,0,0,999,999,40,0,25,0,0,0,0,0,0,0,0,0,0,100,2688,2816,100,0,0,0,0,0,0,0,0,0,0,0,0,0,0,0,0,0,0,0,0,160,753,753,1,1,21,18,50,1,7401,753,2199,2042,0,0,0,9966,0,10245,0,0,2,2,11,3,6,176,0,250,15,272,70,2,698,8013,2
246027,2300,986,82,45,9999,0,0,428,0,0,0,4157,1779,0,0,62,0,2,3,1382,492,2000,1,0,4,72,72,33631,13701,289,653,141,66,376,0,0,1,72,3,3,0,10,0,0,0,0,0,2688,2816,2688,2816,4128,2208,9328,1503,0,0,0,0,100,59,40,37,38,59,56,50,0,0,80,0,0,0,0,0,0,14707,1085,969,0,894,75,343,343,100,1,1,0,999,999,40,0,25,0,0,0,0,0,0,0,0,0,0,100,2688,2816,100,0,0,0,0,0,0,0,0,0,0,0,0,0,0,0,0,0,0,0,0,160,753,753,1,1,21,17,50,1,7368,753,2199,2042,0,0,0,8471,0,8793,0,0,0,0,11,3,6,176,0,250,15,272,0,0,698,8013,2
247026,2300,986,82,45,9999,0,0,376,0,0,0,4157,1563,0,0,62,0,2,3,1382,492,2000,1,0,4,72,72,36538,13673,312,618,95,66,366,0,0,2,73,3,3,0,10,0,0,0,0,0,2688,2816,2688,2816,4128,2208,10005,1503,0,0,0,0,100,57,39,40,36,49,52,57,0,0,79,0,0,0,0,0,0,14707,1085,969,0,894,75,343,343,100,2,1,0,999,999,40,0,25,0,0,0,0,0,0,0,0,0,0,100,2688,2816,100,0,0,0,0,0,0,0,0,0,0,0,0,0,0,0,0,0,0,0,0,160,753,753,1,1,21,17,50,1,7405,753,2199,2041,0,0,0,11607,0,11861,0,0,2,1,11,3,6,175,0,249,15,272,53,1,698,8013,2
248026,2300,986,82,45,9999,0,0,631,0,0,0,4157,2623,0,0,62,0,3,3,1382,492,2000,1,0,4,71,72,39552,13717,272,628,109,66,379,0,0,4,73,3,3,0,10,0,0,0,0,0,2688,2816,2688,2816,4128,2208,8478,1503,0,0,0,0,100,64,47,46,50,64,60,55,0,0,78,0,0,0,0,0,0,14707,1085,969,0,894,75,343,343,100,2,1,0,999,999,40,0,25,0,0,0,0,0,0,0,0,0,0,100,2688,2816,100,0,0,0,0,0,0,0,0,0,0,0,0,0,0,0,0,0,0,0,0,160,753,753,1,1,20,18,50,1,7352,753,2197,2041,0,0,0,13483,0,14031,0,0,0,0,11,3,6,173,0,250,15,272,0,0,700,8013,2
249027,2300,986,82,45,9999,0,0,552,0,0,0,4140,2285,0,0,62,0,2,3,1382,492,2000,1,0,4,72,72,37090,13748,300,646,114,65,358,0,0,1,72,3,3,0,10,0,0,0,0,0,2688,2816,2688,2816,4128,2208,9224,1514,0,0,0,0,100,50,37,39,37,50,45,46,0,0,79,0,0,0,0,0,0,14707,1085,969,0,894,75,343,343,100,1,1,0,999,999,40,0,25,0,0,0,0,0,0,0,0,0,0,100,2688,2816,100,0,0,0,0,0,0,0,0,0,0,0,0,0,0,0,0,0,0,0,0,160,753,753,1,1,21,17,50,1,7383,753,2199,2042,0,0,0,7841,0,8130,0,0,0,0,11,3,6,173,0,250,15,272,0,0,700,8013,2
250027,2300,986,82,45,9999,0,0,419,0,0,0,4140,1734,0,0,62,0,3,3,1382,492,2000,1,0,4,72,72,34643,13741,366,608,152,65,394,0,0,4,73,3,3,0,10,0,0,0,0,0,2688,2816,2688,2816,4128,2208,8658,1522,0,0,0,0,100,55,43,37,42,51,50,55,0,0,79,0,0,0,0,0,0,14707,1085,969,0,894,75,343,343,100,2,1,0,999,999,40,0,25,0,0,0,0,0,0,0,0,0,0,100,2688,2816,100,0,0,0,0,0,0,0,0,0,0,0,0,0,0,0,0,0,0,0,0,160,754,754,1,1,20,18,50,1,7351,754,2198,2042,0,0,0,17069,0,17395,0,0,0,0,11,3,6,172,0,250,15,272,0,0,700,8013,2
251027,2300,986,82,45,9999,0,0,468,0,0,0,4140,1937,0,0,62,0,2,3,1382,492,2000,1,0,4,72,72,36450,13878,329,736,168,64,367,0,0,0,73,3,3,0,10,0,0,0,0,0,2688,2816,2688,2816,4128,2208,9325,1518,0,0,0,0,100,47,37,32,35,42,47,42,0,0,80,0,0,0,0,0,0,14707,1085,969,0,894,75,343,343,100,0,0,0,999,999,40,0,25,0,0,0,0,0,0,0,0,0,0,100,2688,2816,100,0,0,0,0,0,0,0,0,0,0,0,0,0,0,0,0,0,0,0,0,160,751,751,1,1,21,17,50,1,7349,751,2199,2041,0,0,0,10064,0,10335,0,0,0,0,11,3,6,172,0,250,15,272,0,0,700,8013,2
252027,2300,986,82,45,9999,0,0,433,0,0,0,4154,1798,0,0,62,0,2,3,1382,492,2000,1,0,4,72,72,35007,13712,226,656,112,65,429,0,0,0,72,3,3,0,10,0,0,0,0,0,2688,2816,2688,2816,4128,2208,9247,1519,0,0,0,0,100,55,45,43,45,48,55,48,0,0,79,0,0,0,0,0,0,14707,1085,969,0,894,75,343,343,100,0,0,0,999,999,40,0,25,0,0,0,0,0,0,0,0,0,0,100,2688,2816,100,0,0,0,0,0,0,0,0,0,0,0,0,0,0,0,0,0,0,0,0,160,752,752,1,1,21,14,50,1,7380,752,2199,2039,0,0,0,11191,0,11481,0,0,0,0,11,3,6,179,0,251,15,272,0,0,701,8013,2
253027,2300,986,82,45,9999,0,0,229,0,0,0,4154,951,0,0,62,0,2,3,1382,492,2000,1,0,4,73,72,35850,13712,226,656,112,65,429,0,0,0,72,3,3,0,10,0,0,0,0,0,2688,2816,2688,2816,4128,2208,9541,1427,0,0,0,0,100,55,43,37,41,49,55,48,0,0,80,0,0,0,0,0,0,14707,1085,969,0,894,75,343,343,100,0,0,0,999,999,40,0,25,0,0,0,0,0,0,0,0,0,0,100,2688,2816,100,0,0,0,0,0,0,0,0,0,0,0,0,0,0,0,0,0,0,0,0,160,752,752,1,1,21,16,50,1,7347,752,2198,2039,0,0,0,13079,0,13337,0,0,0,0,11,3,6,178,0,250,15,272,0,0,700,8013,2
254027,2300,986,82,45,9999,0,0,520,0,0,0,4154,2160,0,0,62,0,2,4,1382,492,2000,1,0,4,71,72,37186,13594,293,651,117,65,391,0,0,6,73,3,3,0,10,0,0,0,0,0,2688,2816,2688,2816,4128,2208,8189,1321,0,0,0,0,100,36,36,32,31,35,35,36,0,0,75,0,0,0,0,0,0,14707,1085,969,0,894,75,343,343,100,2,1,0,999,999,40,0,25,0,0,0,0,0,0,0,0,0,0,100,2688,2816,100,0,0,0,0,0,0,0,0,0,0,0,0,0,0,0,0,0,0,0,0,160,752,752,1,1,21,18,50,1,7381,752,2199,2042,0,0,0,10907,0,11146,0,0,0,0,11,3,6,175,0,243,15,272,0,0,694,8013,1
255027,2300,986,82,45,9999,0,0,353,0,0,0,4154,1466,0,0,62,0,3,3,1382,492,2000,1,0,4,72,72,33889,13846,326,760,126,140,358,0,0,0,73,3,3,0,10,0,0,0,0,0,2688,2816,2688,2816,4128,2208,8967,1510,0,0,0,0,100,56,41,38,41,56,47,47,0,0,75,0,0,0,0,0,0,14707,1085,969,0,894,75,343,343,100,0,0,0,999,999,40,0,25,0,0,0,0,0,0,0,0,0,0,100,2688,2816,100,0,0,0,0,0,0,0,0,0,0,0,0,0,0,0,0,0,0,0,0,160,752,752,1,1,21,16,50,1,7348,752,2199,2041,0,0,0,13069,0,13640,0,0,0,0,11,3,6,177,0,243,15,272,0,0,694,8013,1
256027,2300,986,82,45,9999,0,0,273,0,0,0,4154,1134,0,0,62,0,2,3,1382,492,2000,1,0,4,72,72,34846,13697,272,604,127,65,376,0,0,4,73,3,3,0,10,0,0,0,0,0,2688,2816,2688,2816,4128,2208,9100,1534,0,0,0,0,100,49,40,33,35,48,49,48,0,0,78,0,0,0,0,0,0,14707,1085,969,0,894,75,343,343,100,4,1,0,999,999,40,0,25,0,0,0,0,0,0,0,0,0,0,100,2688,2816,100,0,0,0,0,0,0,0,0,0,0,0,0,0,0,0,0,0,0,0,0,160,753,753,1,1,21,15,50,1,7373,753,2199,2040,0,0,0,11556,0,11830,0,0,0,0,11,3,6,170,0,132,15,272,0,0,362,8013,1
257027,2300,986,82,45,9999,0,0,444,0,0,0,4154,1844,0,0,62,0,3,2,1382,492,2000,1,0,4,72,72,35254,13674,321,607,108,65,389,0,0,0,73,3,3,0,10,0,0,0,0,0,2688,2816,2688,2816,4128,2208,8111,1644,0,0,0,0,100,54,42,40,42,53,54,49,0,0,76,0,0,0,0,0,0,14707,1085,969,0,894,75,343,343,100,0,0,0,999,999,40,0,25,0,0,0,0,0,0,0,0,0,0,100,2688,2816,100,0,0,0,0,0,0,0,0,0,0,0,0,0,0,0,0,0,0,0,0,160,753,753,1,1,24,15,50,1,7350,753,2202,2040,0,0,0,14847,0,15109,0,0,0,0,11,3,6,177,0,249,15,272,0,0,698,8013,2
258027,2300,986,82,45,9999,0,0,414,0,0,0,4154,1719,0,0,62,0,4,3,1382,492,2000,1,0,4,71,72,38051,13759,323,596,113,65,366,0,0,8,73,3,3,0,10,0,0,0,0,0,2688,2816,2688,2816,4128,2208,8847,1521,0,0,0,0,100,55,49,45,49,51,51,55,0,0,76,0,0,0,0,0,0,14707,1085,969,0,894,75,343,343,100,4,1,0,999,999,40,0,25,0,0,0,0,0,0,0,0,0,0,100,2688,2816,100,0,0,0,0,0,0,0,0,0,0,0,0,0,0,0,0,0,0,0,0,160,753,753,1,1,24,18,50,1,7350,753,2202,2042,0,0,0,11077,0,11284,0,0,0,0,11,3,6,177,0,251,15,272,0,0,702,8013,2
259059,2284,983,82,45,9999,0,0,240,0,0,0,4151,996,0,0,62,0,3,3,1382,492,2000,1,0,4,71,72,35624,13785,291,693,91,64,388,0,0,4,73,3,3,0,10,0,0,0,0,0,2688,2816,2688,2816,4128,2208,9473,1526,0,0,0,0,100,42,38,31,36,41,41,42,0,0,77,0,0,0,0,0,0,14707,1086,965,0,894,71,343,343,100,4,1,0,999,999,40,0,25,0,0,0,0,0,0,0,0,0,0,100,2688,2816,100,0,0,0,0,0,0,0,0,0,0,0,0,0,0,0,0,0,0,0,0,160,753,753,1,1,24,19,50,1,7381,753,2202,2044,0,0,0,15358,0,15665,0,0,1,6,11,3,6,179,0,251,15,272,28,6,702,8013,2
260027,2284,983,82,45,9999,0,0,614,0,0,0,4151,2548,0,0,62,0,4,3,1382,492,2000,1,0,4,73,72,33561,13677,327,611,111,65,365,0,0,3,72,3,3,0,10,0,0,0,0,0,2688,2816,2688,2816,4128,2208,8995,1537,0,0,0,0,100,43,39,34,39,41,43,40,0,0,77,0,0,0,0,0,0,14707,1086,965,0,894,71,343,343,100,0,1,0,999,999,40,0,25,0,0,0,0,0,0,0,0,0,0,100,2688,2816,100,0,0,0,0,0,0,0,0,0,0,0,0,0,0,0,0,0,0,0,0,160,753,753,1,1,24,16,50,1,7338,753,2201,2039,0,0,0,11947,0,12251,0,0,0,0,11,3,6,177,0,251,15,272,0,0,702,8013,2
261028,2284,983,82,45,9999,0,0,415,0,0,0,4151,1722,0,0,62,0,3,3,1382,492,2000,1,0,4,73,72,34440,13741,287,640,102,64,353,0,0,4,73,3,3,0,10,0,0,0,0,0,2688,2816,2688,2816,4128,2208,8968,1535,0,0,0,0,100,43,39,34,39,41,43,40,0,0,78,0,0,0,0,0,0,14707,1086,965,0,894,71,343,343,100,3,1,0,999,999,40,0,25,0,0,0,0,0,0,0,0,0,0,100,2688,2816,100,0,0,0,0,0,0,0,0,0,0,0,0,0,0,0,0,0,0,0,0,160,754,754,1,1,24,16,50,1,7372,754,2202,2040,0,0,0,18491,0,18879,0,0,0,0,11,3,6,194,0,251,15,272,0,0,702,8013,2
262029,2284,983,82,45,9999,0,0,704,0,0,0,4151,2922,0,0,62,0,2,3,1382,492,2000,1,0,4,72,72,34550,13670,293,611,116,66,385,0,0,0,73,3,3,0,10,0,0,0,0,0,2688,2816,2688,2816,4128,2208,9508,1587,0,0,0,0,100,48,36,37,35,45,48,44,0,0,78,0,0,0,0,0,0,14707,1086,965,0,894,71,343,343,100,0,0,0,999,999,40,0,25,0,0,0,0,0,0,0,0,0,0,100,2688,2816,100,0,0,0,0,0,0,0,0,0,0,0,0,0,0,0,0,0,0,0,0,160,754,754,1,1,21,15,50,1,7363,754,2199,2039,0,0,0,11910,0,12211,0,0,1,6,11,3,6,188,0,245,15,272,28,6,698,8013,1
263030,2284,983,82,45,9999,0,0,766,0,0,0,4151,3179,0,0,62,0,2,3,1382,492,2000,1,0,4,73,72,35669,13647,280,610,122,66,374,0,0,2,73,3,3,0,10,0,0,0,0,0,2688,2816,2688,2816,4128,2208,8901,1590,0,0,0,0,100,53,42,36,40,52,50,53,0,0,77,0,0,0,0,0,0,14707,1086,965,0,894,71,343,343,100,1,1,0,999,999,40,0,25,0,0,0,0,0,0,0,0,0,0,100,2688,2816,100,0,0,0,0,0,0,0,0,0,0,0,0,0,0,0,0,0,0,0,0,160,754,754,1,1,21,19,50,1,7367,754,2199,2043,0,0,0,9721,0,10061,0,0,0,0,11,3,6,185,0,245,15,272,0,0,698,8013,1
264029,2284,983,82,45,9999,0,0,322,0,0,0,4151,1336,0,0,62,0,3,2,1382,492,2000,1,0,4,72,72,38987,13944,354,676,151,66,358,0,0,3,73,3,3,0,10,0,0,0,0,0,2688,2816,2688,2816,4128,2208,9111,1700,0,0,0,0,100,58,50,48,51,49,58,53,0,0,79,0,0,0,0,0,0,14707,1086,965,0,894,71,343,343,100,2,1,0,999,999,40,0,25,0,0,0,0,0,0,0,0,0,0,100,2688,2816,100,0,0,0,0,0,0,0,0,0,0,0,0,0,0,0,0,0,0,0,0,160,754,754,1,1,21,18,50,1,7340,754,2199,2043,0,0,0,11950,0,12195,0,0,0,0,11,3,6,191,0,245,15,272,0,0,698,8013,1
265029,2284,983,82,45,9999,0,0,366,0,0,0,4151,1519,0,0,62,0,2,3,1382,492,2000,1,0,4,71,72,39318,13809,269,653,127,65,374,0,0,3,73,3,3,0,10,0,0,0,0,0,2688,2816,2688,2816,4128,2208,9134,1598,0,0,0,0,100,57,52,45,51,55,57,57,0,0,80,0,0,0,0,0,0,14707,1086,965,0,894,71,343,343,100,3,1,0,999,999,40,0,25,0,0,0,0,0,0,0,0,0,0,100,2688,2816,100,0,0,0,0,0,0,0,0,0,0,0,0,0,0,0,0,0,0,0,0,160,754,754,1,1,21,17,50,1,7339,754,2198,2040,0,0,0,14658,0,14965,0,0,0,0,11,3,6,177,0,250,15,272,0,0,701,8013,2
266029,2284,983,82,45,9999,0,0,518,0,0,0,4151,2150,0,0,62,0,2,3,1382,492,2000,1,0,4,72,72,34892,13741,299,671,119,67,386,0,0,0,73,3,3,0,10,0,0,0,0,0,2688,2816,2688,2816,4128,2208,9902,1558,0,0,0,0,100,48,36,31,32,39,44,48,0,0,79,0,0,0,0,0,0,14707,1086,965,0,894,71,343,343,100,0,0,0,999,999,40,0,25,0,0,0,0,0,0,0,0,0,0,100,2688,2816,100,0,0,0,0,0,0,0,0,0,0,0,0,0,0,0,0,0,0,0,0,160,754,754,1,1,21,14,50,1,7369,754,2199,2039,0,0,0,12411,0,12748,0,0,0,0,11,3,6,178,0,250,15,272,0,0,701,8013,2
267031,2284,983,82,45,9999,0,0,390,0,0,0,4151,1618,0,0,62,0,2,3,1382,492,2000,1,0,4,73,72,36382,13700,306,636,123,65,372,0,0,3,73,3,3,0,10,0,0,0,0,0,2688,2816,2688,2816,4128,2208,8513,1556,0,0,0,0,100,59,37,37,41,49,59,45,0,0,79,0,0,0,0,0,0,14707,1086,965,0,894,71,343,343,100,1,1,0,999,999,40,0,25,0,0,0,0,0,0,0,0,0,0,100,2688,2816,100,0,0,0,0,0,0,0,0,0,0,0,0,0,0,0,0,0,0,0,0,160,754,754,1,1,21,14,50,1,7335,754,2199,2039,0,0,0,10942,0,11447,0,0,0,5,11,3,6,180,0,250,15,272,23,5,701,8013,2
268029,2284,983,82,45,9999,0,0,405,0,0,0,4151,1681,0,0,62,0,3,3,1382,492,2000,1,0,4,72,72,37382,13684,258,614,99,66,370,0,0,3,72,3,3,0,10,0,0,0,0,0,2688,2816,2688,2816,4128,2208,9358,1571,0,0,0,0,100,56,37,37,42,50,56,50,0,0,77,0,0,0,0,0,0,14707,1086,965,0,894,71,343,343,100,2,1,0,999,999,40,0,25,0,0,0,0,0,0,0,0,0,0,100,2688,2816,100,0,0,0,0,0,0,0,0,0,0,0,0,0,0,0,0,0,0,0,0,160,754,754,1,1,21,18,50,1,7369,754,2199,2042,0,0,0,16865,0,17278,0,0,0,0,11,3,6,195,0,252,15,272,0,0,703,8013,2
269029,2284,983,82,45,9999,0,0,554,0,0,0,4153,2300,0,0,62,0,3,3,1382,492,2000,1,0,4,70,72,38874,13625,284,571,89,64,366,0,0,4,73,3,3,0,10,0,0,0,0,0,2688,2816,2688,2816,4128,2208,9169,1592,0,0,0,0,100,57,43,43,42,54,53,57,0,0,79,0,0,0,0,0,0,14707,1086,965,0,894,71,343,343,100,4,1,0,999,999,40,0,25,0,0,0,0,0,0,0,0,0,0,100,2688,2816,100,0,0,0,0,0,0,0,0,0,0,0,0,0,0,0,0,0,0,0,0,160,755,755,1,1,21,18,50,1,7339,755,2198,2042,0,0,0,17093,0,17512,0,0,0,0,11,3,6,195,0,246,15,272,0,0,699,8013,1
270029,2284,983,82,45,9999,0,0,343,0,0,0,4153,1424,0,0,62,0,2,3,1382,492,2000,1,0,4,72,72,35303,13667,323,564,101,66,370,0,0,0,72,3,3,0,10,0,0,0,0,0,2688,2816,2688,2816,4128,2208,9118,1592,0,0,0,0,100,52,38,33,29,44,52,45,0,0,79,0,0,0,0,0,0,14707,1086,965,0,894,71,343,343,100,0,0,0,999,999,40,0,25,0,0,0,0,0,0,0,0,0,0,100,2688,2816,100,0,0,0,0,0,0,0,0,0,0,0,0,0,0,0,0,0,0,0,0,160,756,756,1,1,24,15,50,1,7370,756,2202,2040,0,0,0,17190,0,17679,0,0,0,5,11,3,6,190,0,245,15,272,23,5,698,8013,1
271029,2284,983,82,45,9999,0,0,306,0,0,0,4153,1270,0,0,62,0,3,3,1382,492,2000,1,0,4,72,72,37249,13843,263,735,125,65,386,0,0,2,73,3,3,0,10,0,0,0,0,0,2688,2816,2688,2816,4128,2208,8456,1603,0,0,0,0,100,55,42,38,41,51,55,51,0,0,78,0,0,0,0,0,0,14707,1086,965,0,894,71,343,343,100,2,1,0,999,999,40,0,25,0,0,0,0,0,0,0,0,0,0,100,2688,2816,100,0,0,0,0,0,0,0,0,0,0,0,0,0,0,0,0,0,0,0,0,160,756,756,1,1,24,19,50,1,7343,756,2202,2044,0,0,0,11379,0,11767,0,0,0,0,11,3,6,190,0,239,15,272,0,0,694,8013,0
272030,2284,983,82,45,9999,0,0,578,0,0,0,4153,2400,0,0,62,0,2,3,1382,492,2000,1,0,4,72,72,37941,13663,217,672,115,65,372,0,0,4,73,3,3,0,10,0,0,0,0,0,2688,2816,2688,2816,4128,2208,8551,1605,0,0,0,0,100,58,39,35,42,55,58,49,0,0,79,0,0,0,0,0,0,14707,1086,965,0,894,71,343,343,100,2,1,0,999,999,40,0,25,0,0,0,0,0,0,0,0,0,0,100,2688,2816,100,0,0,0,0,0,0,0,0,0,0,0,0,0,0,0,0,0,0,0,0,160,756,756,1,1,24,20,50,1,7339,756,2202,2044,0,0,0,8372,0,8639,0,0,2,1,11,3,6,184,0,244,15,272,51,1,696,8013,1
273029,2284,983,82,45,9999,0,0,595,0,0,0,4153,2471,0,0,62,0,2,3,1382,492,2000,1,0,4,72,72,34913,13714,313,631,110,64,384,0,0,2,72,3,3,0,10,0,0,0,0,0,2688,2816,2688,2816,4128,2208,8830,1578,0,0,0,0,100,54,34,35,33,35,54,39,0,0,78,0,0,0,0,0,0,14707,1086,965,0,894,71,343,343,100,1,1,0,999,999,40,0,25,0,0,0,0,0,0,0,0,0,0,100,2688,2816,100,0,0,0,0,0,0,0,0,0,0,0,0,0,0,0,0,0,0,0,0,160,756,756,1,1,24,17,50,1,7374,756,2202,2042,0,0,0,16476,0,16796,0,0,2,1,11,3,6,183,0,244,15,272,51,1,696,8013,1
274029,2284,983,82,45,9999,0,0,277,0,0,0,4153,1150,0,0,62,0,3,3,1382,492,2000,1,0,4,71,72,38119,13726,296,573,112,64,380,0,0,4,72,3,3,0,10,0,0,0,0,0,2688,2816,2688,2816,4128,2208,8924,1586,0,0,0,0,100,62,42,40,47,60,62,53,0,0,77,0,0,0,0,0,0,14707,1086,965,0,894,71,343,343,100,2,1,0,999,999,40,0,25,0,0,0,0,0,0,0,0,0,0,100,2688,2816,100,0,0,0,0,0,0,0,0,0,0,0,0,0,0,0,0,0,0,0,0,160,756,756,1,1,23,18,50,1,7342,756,2201,2043,0,0,0,9383,0,9669,0,0,2,1,11,3,6,185,0,251,15,272,51,1,702,8013,2
275029,2284,983,82,45,9999,0,0,451,0,0,0,4153,1873,0,0,62,0,2,3,1382,492,2000,1,0,4,72,72,36199,13688,306,635,121,64,354,0,0,1,73,3,3,0,10,0,0,0,0,0,2688,2816,2688,2816,4128,2208,9922,1583,0,0,0,0,100,50,37,36,30,43,50,41,0,0,79,0,0,0,0,0,0,14707,1086,965,0,894,71,343,343,100,1,1,0,999,999,40,0,25,0,0,0,0,0,0,0,0,0,0,100,2688,2816,100,0,0,0,0,0,0,0,0,0,0,0,0,0,0,0,0,0,0,0,0,160,756,756,1,1,24,17,50,1,7377,756,2202,2041,0,0,0,12447,0,12705,0,0,0,0,11,3,6,181,0,246,15,272,0,0,699,8013,1
276030,2284,983,82,45,9999,0,0,509,0,0,0,4153,2113,0,0,62,0,3,3,1382,492,2000,1,0,4,72,72,37558,13665,293,570,119,65,380,0,0,2,73,3,3,0,10,0,0,0,0,0,2688,2816,2688,2816,4128,2208,8877,1610,0,0,0,0,100,52,37,36,33,46,52,50,0,0,81,0,0,0,0,0,0,14707,1086,965,0,894,71,343,343,100,1,1,0,999,999,40,0,25,0,0,0,0,0,0,0,0,0,0,100,2688,2816,100,0,0,0,0,0,0,0,0,0,0,0,0,0,0,0,0,0,0,0,0,160,757,757,1,1,24,15,50,1,7344,757,2202,2040,0,0,0,16487,0,16893,0,0,0,0,11,3,6,182,0,238,15,272,0,0,691,8013,0
277030,2284,983,82,45,9999,0,0,730,0,0,0,4153,3031,0,0,62,0,2,3,1382,492,2000,1,0,4,73,72,36338,13899,267,721,161,66,382,0,0,1,73,3,3,0,10,0,0,0,0,0,2688,2816,2688,2816,4128,2208,9145,1613,0,0,0,0,100,56,44,42,47,54,56,46,0,0,80,0,0,0,0,0,0,14707,1086,965,0,894,71,343,343,100,1,1,0,999,999,40,0,25,0,0,0,0,0,0,0,0,0,0,100,2688,2816,100,0,0,0,0,0,0,0,0,0,0,0,0,0,0,0,0,0,0,0,0,160,757,757,1,1,24,15,50,1,7377,757,2202,2040,0,0,0,14630,0,15340,0,0,0,0,11,3,6,177,0,238,15,272,0,0,692,8013,0
278030,2284,983,82,45,9999,0,0,714,0,0,0,4153,2965,0,0,62,0,4,3,1382,492,2000,1,0,4,72,72,35133,13727,275,709,112,65,397,0,0,2,72,3,3,0,10,0,0,0,0,0,2688,2816,2688,2816,4128,2208,8742,1582,0,0,0,0,100,52,36,33,32,38,52,43,0,0,81,0,0,0,0,0,0,14707,1086,965,0,894,71,343,343,100,1,1,0,999,999,40,0,25,0,0,0,0,0,0,0,0,0,0,100,2688,2816,100,0,0,0,0,0,0,0,0,0,0,0,0,0,0,0,0,0,0,0,0,160,756,756,1,1,21,19,50,1,7344,756,2199,2044,0,0,0,10410,0,10606,0,0,0,0,11,3,6,176,0,239,15,272,0,0,694,8013,0
279062,2321,990,82,45,9999,0,0,343,0,0,0,4131,1416,0,0,62,0,3,3,1382,492,2000,1,0,4,73,72,35822,13784,334,663,136,66,376,0,0,2,73,3,3,0,10,0,0,0,0,0,2688,2816,2688,2816,4128,2208,8992,1602,0,0,0,0,100,59,44,46,44,59,52,52,0,0,82,0,0,0,0,0,0,14707,1089,973,0,898,75,343,343,100,1,1,0,999,999,40,0,25,0,0,0,0,0,0,0,0,0,0,100,2688,2816,100,0,0,0,0,0,0,0,0,0,0,0,0,0,0,0,0,0,0,0,0,160,756,756,1,1,21,18,50,1,7343,756,2199,2043,0,0,0,8490,0,8722,0,0,0,0,11,3,6,180,0,244,15,272,0,0,696,8013,1
280031,2321,990,82,45,9999,0,0,433,0,0,0,4131,1788,0,0,62,0,3,3,1382,492,2000,1,0,4,73,72,34295,13796,312,663,116,66,383,0,0,1,72,3,3,0,10,0,0,0,0,0,2688,2816,2688,2816,4128,2208,9864,1500,0,0,0,0,100,43,35,35,39,43,39,39,0,0,80,0,0,0,0,0,0,14707,1089,973,0,898,75,343,343,100,1,1,0,999,999,40,0,25,0,0,0,0,0,0,0,0,0,0,100,2688,2816,100,0,0,0,0,0,0,0,0,0,0,0,0,0,0,0,0,0,0,0,0,160,756,756,1,1,21,17,50,1,7376,756,2199,2042,0,0,0,14154,0,14875,0,0,2,1,11,3,6,168,0,241,15,272,51,1,672,8013,2
281031,2321,990,82,45,9999,0,0,510,0,0,0,4131,2106,0,0,62,0,2,3,1382,492,2000,1,0,4,72,72,34688,13770,554,690,165,65,387,0,0,1,72,3,3,0,10,0,0,0,0,0,2688,2816,2688,2816,4128,2208,8865,1358,0,0,0,0,100,50,38,38,41,49,48,50,0,0,80,0,0,0,0,0,0,14707,1089,973,0,898,75,343,343,100,1,1,0,999,999,40,0,25,0,0,0,0,0,0,0,0,0,0,100,2688,2816,100,0,0,0,0,0,0,0,0,0,0,0,0,0,0,0,0,0,0,0,0,160,756,756,1,1,21,16,50,1,7345,756,2199,2041,0,0,0,14782,0,15055,0,0,0,0,11,3,6,187,0,239,15,272,0,0,694,8013,0
282031,2321,990,82,45,9999,0,0,574,0,0,0,4131,2371,0,0,62,0,2,3,1382,492,2000,1,0,4,73,72,36024,13774,362,688,153,66,374,0,0,2,73,3,3,0,10,0,0,0,0,0,2688,2816,2688,2816,4128,2208,9399,1624,0,0,0,0,100,55,34,35,37,45,55,46,0,0,80,0,0,0,0,0,0,14707,1089,973,0,898,75,343,343,100,1,1,0,999,999,40,0,25,0,0,0,0,0,0,0,0,0,0,100,2688,2816,100,0,0,0,0,0,0,0,0,0,0,0,0,0,0,0,0,0,0,0,0,160,757,757,1,1,21,16,50,1,7375,757,2199,2041,0,0,0,16684,0,17036,0,0,0,0,11,3,6,190,0,240,15,272,0,0,694,8013,0
283031,2321,990,82,45,9999,0,0,455,0,0,0,4131,1879,0,0,62,0,3,3,1382,492,2000,1,0,4,72,72,36090,13844,285,658,126,64,377,0,0,4,72,3,3,0,10,0,0,0,0,0,2688,2816,2688,2816,4128,2208,9079,1611,0,0,0,0,100,54,39,35,42,54,54,49,0,0,80,0,0,0,0,0,0,14707,1089,973,0,898,75,343,343,100,3,1,0,999,999,40,0,25,0,0,0,0,0,0,0,0,0,0,100,2688,2816,100,0,0,0,0,0,0,0,0,0,0,0,0,0,0,0,0,0,0,0,0,160,757,757,1,1,21,19,50,1,7369,757,2199,2044,0,0,0,11892,0,12224,0,0,0,0,11,3,6,180,0,244,15,272,0,0,694,8013,1
284031,2321,990,82,45,9999,0,0,900,0,0,0,4131,3717,0,0,62,0,2,3,1382,492,2000,1,0,4,73,72,36361,13816,342,757,160,65,373,0,0,2,73,3,3,0,10,0,0,0,0,0,2688,2816,2688,2816,4128,2208,9246,1569,0,0,0,0,100,54,40,36,40,47,54,44,0,0,80,0,0,0,0,0,0,14707,1089,973,0,898,75,343,343,100,1,1,0,999,999,40,0,25,0,0,0,0,0,0,0,0,0,0,100,2688,2816,100,0,0,0,0,0,0,0,0,0,0,0,0,0,0,0,0,0,0,0,0,160,757,757,1,1,21,19,50,1,7394,757,2198,2044,0,0,0,11666,0,11994,0,0,0,0,11,3,6,176,0,243,15,272,0,0,694,8013,1
285031,2321,990,82,45,9999,0,0,451,0,0,0,4131,1863,0,0,62,0,2,3,1382,492,2000,1,0,4,72,72,35769,13784,341,631,124,67,377,0,0,1,73,3,3,0,10,0,0,0,0,0,2688,2816,2688,2816,4128,2208,9254,1577,0,0,0,0,100,46,40,42,40,41,44,46,0,0,80,0,0,0,0,0,0,14707,1089,973,0,898,75,343,343,100,1,1,0,999,999,40,0,25,0,0,0,0,0,0,0,0,0,0,100,2688,2816,100,0,0,0,0,0,0,0,0,0,0,0,0,0,0,0,0,0,0,0,0,160,757,757,1,1,21,16,50,1,7350,757,2199,2041,0,0,0,24031,0,24542,0,0,2,1,11,3,6,176,0,243,15,272,53,1,694,8013,1
286031,2321,990,82,45,9999,0,0,365,0,0,0,4131,1507,0,0,62,0,3,5,1382,492,2000,1,0,4,73,72,36044,14135,464,838,480,146,351,1,0,0,72,3,3,0,10,0,0,0,0,0,2688,2816,2688,2816,4128,2208,7680,1333,0,0,0,0,100,51,44,48,50,51,47,50,0,0,73,0,0,0,0,0,0,14707,1089,973,0,898,75,343,343,100,0,0,0,999,999,40,0,25,0,0,0,0,0,0,0,0,0,0,100,2688,2816,100,0,0,0,0,0,0,0,0,0,0,0,0,0,0,0,0,0,0,0,0,160,758,758,1,1,21,16,50,1,7350,758,2199,2041,0,0,0,14152,0,14385,0,0,2,1,11,3,6,176,0,243,15,272,53,1,694,8013,1
287031,2321,990,82,45,9999,0,0,733,0,0,0,4131,3028,0,0,62,0,2,4,1382,492,2000,1,0,4,69,72,38847,14243,295,1090,344,64,347,0,2,7,73,3,3,0,10,0,0,0,0,0,2688,2816,2688,2816,4128,2208,8484,1426,0,0,0,0,100,60,32,33,31,47,60,48,0,0,70,0,0,0,0,0,0,14707,1089,973,0,898,75,343,343,100,6,1,0,999,999,40,0,25,0,0,0,0,0,0,0,0,0,0,100,2688,2816,100,0,0,0,0,0,0,0,0,0,0,0,0,0,0,0,0,0,0,0,0,160,757,757,1,1,21,15,50,1,7382,757,2199,2040,0,0,0,17548,0,17867,0,0,0,0,11,3,6,176,0,243,15,272,0,0,694,8013,1
288031,2321,990,82,45,9999,0,0,576,0,0,0,4131,2379,0,0,62,0,4,4,1382,492,2000,1,0,4,72,72,36964,13907,356,821,198,63,368,0,2,4,73,3,3,0,10,0,0,0,0,0,2688,2816,2688,2816,4128,2208,8454,1424,0,0,0,0,100,61,36,31,37,51,61,52,0,0,71,0,0,0,0,0,0,14707,1089,973,0,898,75,343,343,100,1,1,0,999,999,40,0,25,0,0,0,0,0,0,0,0,0,0,100,2688,2816,100,0,0,0,0,0,0,0,0,0,0,0,0,0,0,0,0,0,0,0,0,160,758,758,1,1,21,15,50,1,7348,758,2198,2039,0,0,0,14054,0,14310,0,0,2,1,11,3,6,176,0,243,15,272,53,1,694,8013,1
289031,2321,990,82,45,9999,0,0,403,0,0,0,4147,1671,0,0,62,0,3,3,1382,492,2000,1,0,4,72,72,35112,13795,344,723,121,65,343,0,0,3,73,3,3,0,10,0,0,0,0,0,2688,2816,2688,2816,4128,2208,8394,1419,0,0,0,0,100,50,44,41,41,48,50,47,0,0,72,0,0,0,0,0,0,14707,1089,973,0,898,75,343,343,100,2,1,0,999,999,40,0,25,0,0,0,0,0,0,0,0,0,0,100,2688,2816,100,0,0,0,0,0,0,0,0,0,0,0,0,0,0,0,0,0,0,0,0,160,755,755,1,1,21,19,50,1,7388,755,2199,2044,0,0,0,16599,0,17002,0,0,0,0,11,3,6,183,0,239,15,272,0,0,693,8013,0
290031,2321,990,82,45,9999,0,0,465,0,0,0,4147,1928,0,0,62,0,2,3,1382,492,2000,1,0,4,72,72,33430,13682,337,597,123,66,358,0,0,0,73,3,3,0,10,0,0,0,0,0,2688,2816,2688,2816,4128,2208,8738,1622,0,0,0,0,100,46,38,38,34,45,46,46,0,0,77,0,0,0,0,0,0,14707,1089,973,0,898,75,343,343,100,0,0,0,999,999,40,0,25,0,0,0,0,0,0,0,0,0,0,100,2688,2816,100,0,0,0,0,0,0,0,0,0,0,0,0,0,0,0,0,0,0,0,0,160,755,755,1,1,21,18,50,1,7358,755,2199,2043,0,0,0,17560,0,18016,0,0,1,6,11,3,6,187,0,238,15,272,28,6,692,8013,0
291032,2321,990,82,45,9999,0,0,654,0,0,0,4147,2712,0,0,62,0,3,3,1382,492,2000,1,0,4,73,72,34573,13699,344,582,109,64,366,0,0,1,73,3,3,0,10,0,0,0,0,0,2688,2816,2688,2816,4128,2208,9249,1608,0,0,0,0,100,49,37,38,37,47,49,42,0,0,76,0,0,0,0,0,0,14707,1089,973,0,898,75,343,343,100,1,1,0,999,999,40,0,25,0,0,0,0,0,0,0,0,0,0,100,2688,2816,100,0,0,0,0,0,0,0,0,0,0,0,0,0,0,0,0,0,0,0,0,160,756,756,1,1,21,16,50,1,7389,756,2199,2041,0,0,0,10460,0,10694,0,0,0,0,11,3,6,186,0,239,15,272,0,0,694,8013,0
292031,2321,990,82,45,9999,0,0,423,0,0,0,4147,1754,0,0,62,0,3,3,1382,492,2000,1,0,4,71,72,35496,13815,301,653,97,65,341,0,0,4,73,3,3,0,10,0,0,0,0,0,2688,2816,2688,2816,4128,2208,9193,1613,0,0,0,0,100,48,36,40,34,46,48,44,0,0,77,0,0,0,0,0,0,14707,1089,973,0,898,75,343,343,100,3,1,0,999,999,40,0,25,0,0,0,0,0,0,0,0,0,0,100,2688,2816,100,0,0,0,0,0,0,0,0,0,0,0,0,0,0,0,0,0,0,0,0,160,756,756,1,1,21,15,50,1,7355,756,2199,2040,0,0,0,17986,0,18312,0,0,0,0,11,3,6,177,0,243,15,272,0,0,694,8013,1
293032,2321,990,82,45,9999,0,0,734,0,0,0,4147,3043,0,0,62,0,2,3,1651,492,2000,1,0,4,72,72,35058,13755,307,651,122,64,373,0,0,2,72,3,3,0,10,0,0,0,0,0,2688,2816,2688,2816,4128,2208,8633,1567,0,0,0,0,100,49,37,29,34,49,49,42,0,0,79,0,0,0,0,0,0,14707,1089,973,0,898,75,343,343,100,2,1,0,999,999,40,0,25,0,0,0,0,0,0,0,0,0,0,100,2688,2816,100,0,0,0,0,0,0,0,0,0,0,0,0,0,0,0,0,0,0,0,0,160,756,756,1,1,21,14,50,1,7357,756,2199,2039,0,0,0,18703,0,18985,0,0,2,2,11,3,6,182,0,245,15,272,66,2,697,8013,1
294032,2321,990,82,45,9999,0,0,604,0,0,0,4147,2504,0,0,62,0,3,5,1651,492,2000,1,0,4,73,72,36330,13916,322,736,157,67,394,0,0,1,73,3,3,0,10,0,0,0,0,0,2688,2816,2688,2816,4128,2208,8051,1426,0,0,0,0,100,52,35,30,30,42,52,44,0,0,77,0,0,0,0,0,0,14707,1089,973,0,898,75,343,343,100,1,1,0,999,999,40,0,25,0,0,0,0,0,0,0,0,0,0,100,2688,2816,100,0,0,0,0,0,0,0,0,0,0,0,0,0,0,0,0,0,0,0,0,160,756,756,1,1,21,18,50,1,7390,756,2199,2043,0,0,0,14990,0,15288,0,0,0,1,11,3,6,178,0,245,15,272,17,1,697,8013,1
295032,2321,990,82,45,9999,0,0,352,0,0,0,4147,1459,0,0,62,0,2,4,1651,492,2000,1,0,4,70,72,38162,13840,288,823,110,65,337,0,2,5,72,3,3,0,10,0,0,0,0,0,2688,2816,2688,2816,4128,2208,7959,1390,0,0,0,0,100,55,44,42,45,54,55,53,0,0,70,0,0,0,0,0,0,14707,1089,973,0,898,75,343,343,100,3,1,0,999,999,40,0,25,0,0,0,0,0,0,0,0,0,0,100,2688,2816,100,0,0,0,0,0,0,0,0,0,0,0,0,0,0,0,0,0,0,0,0,160,756,756,1,1,21,17,50,1,7366,756,2199,2042,0,0,0,11072,0,11420,0,0,1,1,11,3,6,183,0,245,15,272,48,1,697,8013,1
296032,2321,990,82,45,9999,0,0,562,0,0,0,4147,2330,0,0,62,0,2,3,1651,492,2000,1,0,4,71,72,35129,13927,367,851,204,65,344,0,0,4,73,3,3,0,10,0,0,0,0,0,2688,2816,2688,2816,4128,2208,7795,1409,0,0,0,0,100,51,37,34,35,37,46,51,0,0,72,0,0,0,0,0,0,14707,1089,973,0,898,75,343,343,100,3,1,0,999,999,40,0,25,0,0,0,0,0,0,0,0,0,0,100,2688,2816,100,0,0,0,0,0,0,0,0,0,0,0,0,0,0,0,0,0,0,0,0,160,757,757,1,1,21,16,50,1,7402,757,2199,2041,0,0,0,15278,0,15586,0,0,1,1,11,3,6,179,0,242,15,272,48,1,691,8013,1
297033,2321,990,82,45,9999,0,0,516,0,0,0,4147,2139,0,0,62,0,2,5,1651,492,2000,1,0,4,72,72,37854,13934,364,806,190,65,383,0,0,3,73,3,3,0,10,0,0,0,0,0,2688,2816,2688,2816,4128,2208,7658,1204,0,0,0,0,100,58,37,35,40,55,53,58,0,0,76,0,0,0,0,0,0,14707,1089,973,0,898,75,343,343,100,2,1,0,999,999,40,0,25,0,0,0,0,0,0,0,0,0,0,100,2688,2816,100,0,0,0,0,0,0,0,0,0,0,0,0,0,0,0,0,0,0,0,0,160,757,757,1,1,21,20,50,1,7367,757,2199,2045,0,0,0,14303,0,14564,0,0,1,1,11,3,6,180,0,242,15,272,48,1,692,8013,1
298032,2321,990,82,45,9999,0,0,680,0,0,0,4147,2819,0,0,62,0,3,4,1651,492,2000,1,0,4,72,72,37200,13937,330,897,161,65,345,0,0,3,72,3,3,0,10,0,0,0,0,0,2688,2816,2688,2816,4128,2208,8209,1137,0,0,0,0,100,56,40,37,42,56,53,52,0,0,72,0,0,0,0,0,0,14707,1089,973,0,898,75,343,343,100,2,1,0,999,999,40,0,25,0,0,0,0,0,0,0,0,0,0,100,2688,2816,100,0,0,0,0,0,0,0,0,0,0,0,0,0,0,0,0,0,0,0,0,160,757,757,1,1,24,19,50,1,7399,757,2202,2044,0,0,0,8452,0,8832,0,0,1,1,11,3,6,182,0,249,15,272,48,1,697,8013,2
299071,2305,989,82,45,9999,0,0,451,0,0,0,4139,1866,0,0,62,0,3,4,1651,492,2000,1,0,4,73,72,35533,13664,274,774,107,64,329,0,0,3,73,3,3,0,10,0,0,0,0,0,2688,2816,2688,2816,4128,2208,9534,1355,0,0,0,0,100,62,41,42,36,50,62,47,0,0,76,0,0,0,0,0,0,14706,1089,973,0,898,75,342,342,100,1,1,0,999,999,40,0,25,0,0,0,0,0,0,0,0,0,0,100,2688,2816,100,0,0,0,0,0,0,0,0,0,0,0,0,0,0,0,0,0,0,0,0,160,757,757,1,1,24,18,50,1,7360,757,2202,2043,0,0,0,13048,0,13626,0,0,0,0,11,3,6,189,0,243,15,272,0,0,693,8013,1
300032,2305,989,82,45,9999,0,0,528,0,0,0,4139,2185,0,0,62,0,3,4,1651,492,2000,1,0,4,73,72,35199,13589,297,651,130,64,365,0,0,2,73,3,3,0,10,0,0,0,0,0,2688,2816,2688,2816,4128,2208,8468,1405,0,0,0,0,100,55,37,37,37,50,47,55,0,0,73,0,0,0,0,0,0,14706,1089,973,0,898,75,342,342,100,1,1,0,999,999,40,0,25,0,0,0,0,0,0,0,0,0,0,100,2688,2816,100,0,0,0,0,0,0,0,0,0,0,0,0,0,0,0,0,0,0,0,0,160,758,758,1,1,24,17,50,1,7360,758,2202,2042,0,0,0,9781,0,10017,0,0,0,0,11,3,6,182,0,243,15,272,0,0,692,8013,1
301032,2305,989,82,45,9999,0,0,452,0,0,0,4139,1870,0,0,62,0,2,3,1651,492,2000,1,0,4,70,72,36763,13651,343,655,103,65,363,0,0,6,73,3,3,0,10,0,0,0,0,0,2688,2816,2688,2816,4128,2208,9117,1571,0,0,0,0,100,55,39,36,38,50,55,46,0,0,76,0,0,0,0,0,0,14706,1089,973,0,898,75,342,342,100,3,1,0,999,999,40,0,25,0,0,0,0,0,0,0,0,0,0,100,2688,2816,100,0,0,0,0,0,0,0,0,0,0,0,0,0,0,0,0,0,0,0,0,160,757,757,1,1,21,16,50,1,7391,757,2199,2041,0,0,0,9997,0,10244,0,0,0,0,11,3,6,179,0,243,15,272,0,0,693,8013,1
302033,2305,989,82,45,9999,0,0,814,0,0,0,4139,3369,0,0,62,0,3,4,1651,492,2000,1,0,4,73,72,35622,13719,304,609,102,66,384,0,0,2,73,3,3,0,10,0,0,0,0,0,2688,2816,2688,2816,4128,2208,9780,1590,0,0,0,0,100,50,38,37,38,46,50,42,0,0,81,0,0,0,0,0,0,14706,1089,973,0,898,75,342,342,100,2,1,0,999,999,40,0,25,0,0,0,0,0,0,0,0,0,0,100,2688,2816,100,0,0,0,0,0,0,0,0,0,0,0,0,0,0,0,0,0,0,0,0,160,758,758,1,1,21,15,50,1,7359,758,2199,2041,0,0,0,13195,0,13512,0,0,2,1,11,3,6,159,0,241,15,272,51,1,690,8013,1
303032,2305,989,82,45,9999,0,0,343,0,0,0,4139,1419,0,0,62,0,2,5,1651,545,2000,1,0,4,72,72,35929,13782,378,710,177,64,364,0,0,3,73,3,3,0,10,0,0,0,0,0,2688,2816,2688,2816,4128,2208,8037,1351,0,0,0,0,100,50,34,33,31,39,50,42,0,0,74,0,0,0,0,0,0,14706,1089,973,0,898,75,342,342,100,2,1,0,999,999,40,0,25,0,0,0,0,0,0,0,0,0,0,100,2688,2816,100,0,0,0,0,0,0,0,0,0,0,0,0,0,0,0,0,0,0,0,0,160,758,758,1,1,21,15,50,1,7382,758,2199,2040,0,0,0,14259,0,14660,0,0,0,0,11,3,6,180,0,236,15,272,0,0,688,8013,0
304032,2305,989,82,45,9999,0,0,310,0,0,0,4139,1283,0,0,62,0,3,4,1651,545,2000,1,0,4,72,72,37462,13688,331,682,126,64,344,0,0,3,72,3,3,0,10,0,0,0,0,0,2688,2816,2688,2816,4128,2208,8242,1419,0,0,0,0,100,63,41,40,44,62,63,57,0,0,74,0,0,0,0,0,0,14706,1089,973,0,898,75,342,342,100,1,1,0,999,999,40,0,25,0,0,0,0,0,0,0,0,0,0,100,2688,2816,100,0,0,0,0,0,0,0,0,0,0,0,0,0,0,0,0,0,0,0,0,160,758,758,1,1,21,18,50,1,7349,758,2199,2044,0,0,0,17377,0,17792,0,0,0,1,11,3,6,185,0,237,15,272,4,1,689,8013,0
305032,2305,989,82,45,9999,0,0,772,0,0,0,4139,3195,0,0,62,0,2,3,1651,545,2000,1,0,4,72,72,35041,13682,308,643,97,65,360,0,0,2,72,3,3,0,10,0,0,0,0,0,2688,2816,2688,2816,4128,2208,9076,1520,0,0,0,0,100,47,31,32,30,44,43,47,0,0,75,0,0,0,0,0,0,14706,1089,973,0,898,75,342,342,100,1,1,0,999,999,40,0,25,0,0,0,0,0,0,0,0,0,0,100,2688,2816,100,0,0,0,0,0,0,0,0,0,0,0,0,0,0,0,0,0,0,0,0,160,758,758,1,1,21,14,50,1,7412,758,2199,2039,0,0,0,21036,0,21554,0,0,0,0,11,3,6,145,0,234,15,272,0,0,683,8013,0
306033,2305,989,82,45,9999,0,0,437,0,0,0,4139,1808,0,0,62,0,3,4,1651,545,2000,1,0,4,73,72,36455,13641,343,605,117,65,366,0,0,3,73,3,3,0,10,0,0,0,0,0,2688,2816,2688,2816,4128,2208,8788,1570,0,0,0,0,100,50,44,45,41,45,50,46,0,0,77,0,0,0,0,0,0,14706,1089,973,0,898,75,342,342,100,1,1,0,999,999,40,0,25,0,0,0,0,0,0,0,0,0,0,100,2688,2816,100,0,0,0,0,0,0,0,0,0,0,0,0,0,0,0,0,0,0,0,0,160,758,758,1,1,21,18,50,1,7355,758,2199,2043,0,0,0,11112,0,11544,0,0,0,0,11,3,6,188,0,237,15,272,0,0,689,8013,0
307033,2305,989,82,45,9999,0,0,363,0,0,0,4139,1502,0,0,62,0,2,3,1651,545,2000,1,0,4,70,72,36090,13847,293,744,148,66,372,0,0,3,73,3,3,0,10,0,0,0,0,0,2688,2816,2688,2816,4128,2208,7791,1413,0,0,0,0,100,54,53,54,55,54,53,52,0,0,75,0,0,0,0,0,0,14706,1089,973,0,898,75,342,342,100,2,1,0,999,999,40,0,25,0,0,0,0,0,0,0,0,0,0,100,2688,2816,100,0,0,0,0,0,0,0,0,0,0,0,0,0,0,0,0,0,0,0,0,160,759,759,1,1,21,18,50,1,7353,759,2198,2042,0,0,0,13433,0,13754,0,0,0,0,11,3,6,188,0,237,15,272,0,0,689,8013,0
308033,2305,989,82,45,9999,0,0,669,0,0,0,4139,2768,0,0,62,0,2,3,1651,545,2000,1,0,4,72,72,35362,13745,281,727,134,65,359,0,0,3,72,3,3,0,10,0,0,0,0,0,2688,2816,2688,2816,4128,2208,9249,1514,0,0,0,0,100,54,40,36,36,49,49,54,0,0,76,0,0,0,0,0,0,14706,1089,973,0,898,75,342,342,100,2,1,0,999,999,40,0,25,0,0,0,0,0,0,0,0,0,0,100,2688,2816,100,0,0,0,0,0,0,0,0,0,0,0,0,0,0,0,0,0,0,0,0,160,759,759,1,1,21,16,50,1,7382,759,2199,2042,0,0,0,16356,0,16696,0,0,2,1,11,3,6,130,0,215,15,272,51,1,626,8013,0
309033,2305,989,82,46,9999,0,0,439,0,0,0,4131,1813,0,0,62,0,3,3,1651,545,2000,1,0,4,72,72,36802,13694,342,627,106,66,365,0,0,4,73,3,3,0,10,0,0,0,0,0,2688,2816,2688,2816,4128,2208,9023,1622,0,0,0,0,100,60,45,41,45,60,50,56,0,0,78,0,0,0,0,0,0,14706,1089,973,0,898,75,342,342,100,4,1,0,999,999,40,0,25,0,0,0,0,0,0,0,0,0,0,100,2688,2816,100,0,0,0,0,0,0,0,0,0,0,0,0,0,0,0,0,0,0,0,0,160,759,759,1,1,21,16,50,1,7351,759,2199,2041,0,0,0,10615,0,10864,0,0,0,0,11,3,6,185,0,237,15,272,0,0,689,8013,0
310033,2305,989,82,46,9999,0,0,376,0,0,0,4131,1553,0,0,62,0,2,3,1651,545,2000,1,0,4,72,72,34877,13778,321,640,108,66,380,0,0,2,73,3,3,0,10,0,0,0,0,0,2688,2816,2688,2816,4128,2208,8603,1510,0,0,0,0,100,51,39,36,39,50,51,49,0,0,79,0,0,0,0,0,0,14706,1089,973,0,898,75,342,342,100,2,1,0,999,999,40,0,25,0,0,0,0,0,0,0,0,0,0,100,2688,2816,100,0,0,0,0,0,0,0,0,0,0,0,0,0,0,0,0,0,0,0,0,160,759,759,1,1,21,15,50,1,7382,759,2199,2041,0,0,0,13058,0,13283,0,0,2,1,11,3,6,188,0,237,15,272,51,1,689,8013,0
311033,2305,989,82,46,9999,0,0,593,0,0,0,4131,2449,0,0,62,0,3,3,1651,545,2000,1,0,4,71,72,36338,13767,312,647,124,65,468,0,0,3,73,3,3,0,10,0,0,0,0,0,2688,2816,2688,2816,4128,2208,8884,1496,0,0,0,0,100,54,41,38,39,54,50,52,0,0,78,0,0,0,0,0,0,14706,1089,973,0,898,75,342,342,100,2,1,0,999,999,40,0,25,0,0,0,0,0,0,0,0,0,0,100,2688,2816,100,0,0,0,0,0,0,0,0,0,0,0,0,0,0,0,0,0,0,0,0,160,759,759,1,1,21,19,50,1,7353,759,2198,2043,0,0,0,12933,0,13196,0,0,0,0,11,3,6,185,0,237,15,272,0,0,689,8013,0
312033,2305,989,82,46,9999,0,0,528,0,0,0,4131,2181,0,0,62,0,2,3,1651,545,2000,1,0,4,72,72,35298,13699,347,680,112,65,366,0,0,2,72,3,3,0,10,0,0,0,0,0,2688,2816,2688,2816,4128,2208,9746,1507,0,0,0,0,100,48,37,37,35,39,48,40,0,0,78,0,0,0,0,0,0,14706,1089,973,0,898,75,342,342,100,1,1,0,999,999,40,0,25,0,0,0,0,0,0,0,0,0,0,100,2688,2816,100,0,0,0,0,0,0,0,0,0,0,0,0,0,0,0,0,0,0,0,0,160,759,759,1,1,21,19,50,1,7379,759,2199,2044,0,0,0,18183,0,18693,0,0,0,1,11,3,6,185,0,237,15,272,4,1,689,8013,0
313033,2305,989,82,46,9999,0,0,396,0,0,0,4131,1635,0,0,62,0,2,3,1382,492,2000,1,0,4,73,72,35805,13680,352,572,101,65,363,0,0,2,72,3,3,0,10,0,0,0,0,0,2688,2816,2688,2816,4128,2208,9061,1512,0,0,0,0,100,50,37,39,38,48,50,49,0,0,79,0,0,0,0,0,0,14706,1089,973,0,898,75,342,342,100,1,1,0,999,999,40,0,25,0,0,0,0,0,0,0,0,0,0,100,2688,2816,100,0,0,0,0,0,0,0,0,0,0,0,0,0,0,0,0,0,0,0,0,160,760,760,1,1,21,18,50,1,7352,760,2198,2043,0,0,0,7558,0,7812,0,0,0,0,11,3,6,181,0,195,15,272,0,0,566,8013,0
314033,2305,989,82,46,9999,0,0,437,0,0,0,4131,1805,0,0,62,0,2,3,1382,492,2000,1,0,4,72,72,37086,13845,302,695,189,65,484,0,0,0,73,3,3,0,10,0,0,0,0,0,2688,2816,2688,2816,4128,2208,8280,1536,0,0,0,0,100,57,43,39,40,50,57,48,0,0,77,0,0,0,0,0,0,14706,1089,973,0,898,75,342,342,100,0,0,0,999,999,40,0,25,0,0,0,0,0,0,0,0,0,0,100,2688,2816,100,0,0,0,0,0,0,0,0,0,0,0,0,0,0,0,0,0,0,0,0,160,760,760,1,1,21,17,50,1,7354,760,2199,2043,0,0,0,11750,0,12003,0,0,0,0,11,3,6,193,0,237,15,272,0,0,690,8013,0
315033,2305,989,82,46,9999,0,0,234,0,0,0,4131,966,0,0,62,0,2,3,1382,492,2000,1,0,4,73,72,35814,13748,378,708,102,64,369,0,0,8,72,3,3,0,10,0,0,0,0,0,2688,2816,2688,2816,4128,2208,9893,1575,0,0,0,0,100,53,41,39,43,46,51,53,0,0,78,0,0,0,0,0,0,14706,1089,973,0,898,75,342,342,100,2,1,0,999,999,40,0,25,0,0,0,0,0,0,0,0,0,0,100,2688,2816,100,0,0,0,0,0,0,0,0,0,0,0,0,0,0,0,0,0,0,0,0,160,760,760,1,1,21,17,50,1,7380,760,2198,2041,0,0,0,14011,0,14281,0,0,0,0,11,3,6,178,0,242,15,272,0,0,692,8013,1
316033,2305,989,82,46,9999,0,0,314,0,0,0,4131,1297,0,0,62,0,2,4,1382,492,2000,1,0,4,73,72,37321,13807,365,739,232,129,360,0,0,0,73,3,3,0,10,0,0,0,0,0,2688,2816,2688,2816,4128,2208,8590,1412,0,0,0,0,100,50,42,42,38,50,43,45,0,0,76,0,0,0,0,0,0,14706,1089,973,0,898,75,342,342,100,3,0,0,999,999,40,0,25,0,0,0,0,0,0,0,0,0,0,100,2688,2816,100,0,0,0,0,0,0,0,0,0,0,0,0,0,0,0,0,0,0,0,0,160,760,760,1,1,21,14,50,1,7349,760,2198,2039,0,0,0,14143,0,14391,0,0,1,1,11,3,6,182,0,242,15,272,48,1,692,8013,1
317033,2305,989,82,46,9999,0,0,668,0,0,0,4131,2759,0,0,62,0,2,4,1382,492,2000,1,0,4,72,72,34301,13759,254,782,139,65,348,0,0,2,72,3,3,0,10,0,0,0,0,0,2688,2816,2688,2816,4128,2208,8821,1379,0,0,0,0,100,45,35,39,30,36,45,43,0,0,76,0,0,0,0,0,0,14706,1089,973,0,898,75,342,342,100,2,1,0,999,999,40,0,25,0,0,0,0,0,0,0,0,0,0,100,2688,2816,100,0,0,0,0,0,0,0,0,0,0,0,0,0,0,0,0,0,0,0,0,160,760,760,1,1,21,19,50,1,7384,760,2199,2044,0,0,0,15623,0,15877,0,0,1,1,11,3,6,194,0,244,15,272,48,1,694,8013,1
318033,2305,989,82,46,9999,0,0,394,0,0,0,4131,1627,0,0,62,0,3,3,1382,492,2000,1,0,4,72,72,39430,13661,350,695,114,64,381,0,3,2,72,3,3,0,10,0,0,0,0,0,2688,2816,2688,2816,4128,2208,8927,1457,0,0,0,0,100,62,49,45,47,61,62,59,0,0,76,0,0,0,0,0,0,14706,1089,973,0,898,75,342,342,100,1,1,0,999,999,40,0,25,0,0,0,0,0,0,0,0,0,0,100,2688,2816,100,0,0,0,0,0,0,0,0,0,0,0,0,0,0,0,0,0,0,0,0,160,760,760,1,1,21,20,50,1,7349,760,2199,2045,0,0,0,14143,0,14601,0,0,2,2,11,3,6,191,0,244,15,272,53,2,694,8013,1
319078,2308,992,82,46,9999,0,0,409,0,0,0,4149,1696,0,0,62,0,2,3,1382,492,2000,1,0,4,72,72,37033,13785,361,666,107,68,392,0,0,0,73,3,3,0,10,0,0,0,0,0,2688,2816,2688,2816,4128,2208,9407,1444,0,0,0,0,100,58,42,38,35,48,58,52,0,0,77,0,0,0,0,0,0,14724,1093,974,0,902,72,343,343,100,0,0,0,999,999,40,0,25,0,0,0,0,0,0,0,0,0,0,100,2688,2816,100,0,0,0,0,0,0,0,0,0,0,0,0,0,0,0,0,0,0,0,0,160,760,760,1,1,21,18,50,1,7370,760,2198,2042,0,0,0,15695,0,15991,0,0,0,0,11,3,6,196,0,244,15,272,0,0,694,8013,1
320033,2308,992,82,46,9999,0,0,568,0,0,0,4149,2356,0,0,62,0,3,3,1382,492,2000,1,0,4,70,72,37156,13671,285,642,104,65,390,0,0,5,72,3,3,0,10,0,0,0,0,0,2688,2816,2688,2816,4128,2208,9149,1406,0,0,0,0,100,53,37,41,34,47,53,50,0,0,78,0,0,0,0,0,0,14724,1093,974,0,902,72,343,343,100,2,1,0,999,999,40,0,25,0,0,0,0,0,0,0,0,0,0,100,2688,2816,100,0,0,0,0,0,0,0,0,0,0,0,0,0,0,0,0,0,0,0,0,160,761,761,1,1,21,18,50,1,7356,761,2199,2044,0,0,0,15964,0,16238,0,0,1,1,11,3,6,196,0,242,15,272,48,1,692,8013,1
321034,2308,992,82,46,9999,0,0,296,0,0,0,4149,1228,0,0,62,0,2,3,1382,492,2000,1,0,4,72,72,37388,13782,558,853,204,66,374,0,0,2,73,3,3,0,10,0,0,0,0,0,2688,2816,2688,2816,4128,2208,8583,1376,0,0,0,0,100,56,41,43,43,56,55,54,0,0,78,0,0,0,0,0,0,14724,1093,974,0,902,72,343,343,100,1,1,0,999,999,40,0,25,0,0,0,0,0,0,0,0,0,0,100,2688,2816,100,0,0,0,0,0,0,0,0,0,0,0,0,0,0,0,0,0,0,0,0,160,761,761,1,1,21,16,50,1,7356,761,2199,2042,0,0,0,7892,0,8150,0,0,0,0,11,3,6,197,0,243,15,272,0,0,692,8013,1
322034,2308,992,82,46,9999,0,0,211,0,0,0,4149,875,0,0,62,0,2,3,1382,492,2000,1,0,4,71,72,38293,13747,329,747,122,63,371,0,0,2,72,3,3,0,10,0,0,0,0,0,2688,2816,2688,2816,4128,2208,9206,1369,0,0,0,0,100,55,38,38,37,50,55,53,0,0,78,0,0,0,0,0,0,14724,1093,974,0,902,72,343,343,100,1,1,0,999,999,40,0,25,0,0,0,0,0,0,0,0,0,0,100,2688,2816,100,0,0,0,0,0,0,0,0,0,0,0,0,0,0,0,0,0,0,0,0,160,761,761,1,1,24,14,50,1,7383,761,2202,2040,0,0,0,15845,0,17110,0,0,1,6,11,3,6,203,0,244,15,272,28,6,694,8013,1
323034,2308,992,82,46,9999,0,0,398,0,0,0,4149,1651,0,0,62,0,2,3,1382,492,2000,1,0,4,73,72,38104,13679,305,645,102,67,387,0,0,1,73,3,3,0,10,0,0,0,0,0,2688,2816,2688,2816,4128,2208,9239,1298,0,0,0,0,100,53,39,37,43,51,50,53,0,0,78,0,0,0,0,0,0,14724,1093,974,0,902,72,343,343,100,1,1,0,999,999,40,0,25,0,0,0,0,0,0,0,0,0,0,100,2688,2816,100,0,0,0,0,0,0,0,0,0,0,0,0,0,0,0,0,0,0,0,0,160,761,761,1,1,24,15,50,1,7355,761,2202,2040,0,0,0,13679,0,13957,0,0,1,1,11,3,6,192,0,243,15,272,49,1,693,8013,1
324034,2308,992,82,46,9999,0,0,558,0,0,0,4149,2315,0,0,62,0,3,3,1382,492,2000,1,0,4,72,72,37588,13616,318,657,124,66,389,0,0,2,73,3,3,0,10,0,0,0,0,0,2688,2816,2688,2816,4128,2208,9242,1300,0,0,0,0,100,61,45,40,43,51,61,52,0,0,79,0,0,0,0,0,0,14724,1093,974,0,902,72,343,343,100,1,1,0,999,999,40,0,25,0,0,0,0,0,0,0,0,0,0,100,2688,2816,100,0,0,0,0,0,0,0,0,0,0,0,0,0,0,0,0,0,0,0,0,160,761,761,1,1,24,18,50,1,7385,761,2201,2043,0,0,0,15421,0,15667,0,0,1,1,11,3,6,193,0,243,15,272,49,1,694,8013,1
325034,2308,992,82,46,9999,0,0,361,0,0,0,4149,1497,0,0,62,0,4,3,1382,492,2000,1,0,4,72,72,38245,13724,337,699,120,65,383,0,0,6,73,3,3,0,10,0,0,0,0,0,2688,2816,2688,2816,4128,2208,9231,1291,0,0,0,0,100,57,44,40,42,57,54,45,0,0,78,0,0,0,0,0,0,14724,1093,974,0,902,72,343,343,100,2,1,0,999,999,40,0,25,0,0,0,0,0,0,0,0,0,0,100,2688,2816,100,0,0,0,0,0,0,0,0,0,0,0,0,0,0,0,0,0,0,0,0,160,761,761,1,1,21,19,50,1,7358,761,2199,2045,0,0,0,13081,0,13305,0,0,1,1,11,3,6,188,0,243,15,272,49,1,692,8013,1
326040,2308,992,82,46,9999,0,0,1018,0,0,0,4149,4223,0,0,62,0,3,3,1382,492,2000,1,0,4,73,72,35597,13706,308,741,115,67,364,0,0,1,72,3,3,0,10,0,0,0,0,0,2688,2816,2688,2816,4128,2208,9933,1272,0,0,0,0,100,47,37,37,31,38,40,47,0,0,78,0,0,0,0,0,0,14724,1093,974,0,902,72,343,343,100,1,1,0,999,999,40,0,25,0,0,0,0,0,0,0,0,0,0,100,2688,2816,100,0,0,0,0,0,0,0,0,0,0,0,0,0,0,0,0,0,0,0,0,160,761,761,1,1,21,17,50,1,7415,761,2199,2043,0,0,0,8509,0,8795,0,0,0,0,11,3,6,195,0,242,15,272,0,0,692,8013,1
327034,2308,992,82,46,9999,0,0,613,0,0,0,4149,2543,0,0,62,0,3,3,1382,492,2000,1,0,4,72,72,36342,13473,265,581,120,64,384,0,0,6,72,3,3,0,10,0,0,0,0,0,2688,2816,2688,2816,4128,2208,9537,1474,0,0,0,0,100,60,52,50,49,50,50,60,0,0,79,0,0,0,0,0,0,14724,1093,974,0,902,72,343,343,100,2,1,0,999,999,40,0,25,0,0,0,0,0,0,0,0,0,0,100,2688,2816,100,0,0,0,0,0,0,0,0,0,0,0,0,0,0,0,0,0,0,0,0,160,758,758,1,1,21,18,50,1,7372,758,2198,2042,0,0,0,16224,0,16548,0,0,1,6,11,3,6,150,0,203,15,272,28,6,576,8013,1
328035,2308,992,82,46,9999,0,0,355,0,0,0,4149,1472,0,0,62,0,2,4,1382,492,2000,1,0,4,73,72,36262,14096,306,839,305,66,440,0,0,2,73,3,3,0,10,0,0,0,0,0,2688,2816,2688,2816,4128,2208,7950,1490,0,0,0,0,100,59,59,56,56,59,55,52,0,0,74,0,0,0,0,0,0,14724,1093,974,0,902,72,343,343,100,1,1,0,999,999,40,0,25,0,0,0,0,0,0,0,0,0,0,100,2688,2816,100,0,0,0,0,0,0,0,0,0,0,0,0,0,0,0,0,0,0,0,0,160,758,758,1,1,21,17,50,1,7371,758,2199,2042,0,0,0,13768,0,14030,0,0,0,0,11,3,6,182,0,243,15,272,0,0,692,8013,1
329035,2308,992,82,46,9999,0,0,566,0,0,0,4155,2351,0,0,62,0,2,3,1382,492,2000,1,0,4,73,72,35325,13833,314,792,178,64,370,0,0,4,73,3,3,0,10,0,0,0,0,0,2688,2816,2688,2816,4128,2208,8718,1569,0,0,0,0,100,55,38,38,37,46,55,44,0,0,76,0,0,0,0,0,0,14724,1093,974,0,902,72,343,343,100,1,1,0,999,999,40,0,25,0,0,0,0,0,0,0,0,0,0,100,2688,2816,100,0,0,0,0,0,0,0,0,0,0,0,0,0,0,0,0,0,0,0,0,160,759,759,1,1,21,18,50,1,7407,759,2199,2043,0,0,0,10453,0,10730,0,0,0,5,11,3,6,192,0,237,15,272,23,5,690,8013,0
330036,2308,992,82,46,9999,0,0,535,0,0,0,4155,2222,0,0,62,0,3,3,1382,492,2000,1,0,4,71,72,37193,13737,338,705,97,65,440,0,0,3,73,3,3,0,10,0,0,0,0,0,2688,2816,2688,2816,4128,2208,9008,1485,0,0,0,0,100,61,43,42,48,61,56,51,0,0,77,0,0,0,0,0,0,14724,1093,974,0,902,72,343,343,100,3,1,0,999,999,40,0,25,0,0,0,0,0,0,0,0,0,0,100,2688,2816,100,0,0,0,0,0,0,0,0,0,0,0,0,0,0,0,0,0,0,0,0,160,759,759,1,1,21,15,50,1,7375,759,2199,2041,0,0,0,8156,0,8585,0,0,0,0,11,3,6,176,0,200,15,272,0,0,580,8013,0
331035,2308,992,82,46,9999,0,0,484,0,0,0,4155,2011,0,0,62,0,2,3,1382,492,2000,1,0,4,72,72,35134,13955,714,731,136,65,391,0,0,2,73,3,3,0,10,0,0,0,0,0,2688,2816,2688,2816,4128,2208,8369,1684,0,0,0,0,100,51,48,45,60,41,46,51,0,0,76,0,0,0,0,0,0,14724,1093,974,0,902,72,343,343,100,1,1,0,999,999,40,0,25,0,0,0,0,0,0,0,0,0,0,100,2688,2816,100,0,0,0,0,0,0,0,0,0,0,0,0,0,0,0,0,0,0,0,0,160,759,759,1,1,21,19,50,1,7407,759,2199,2044,0,0,0,17981,0,18347,0,0,0,0,11,3,6,193,0,237,15,272,0,0,690,8013,0
332035,2308,992,82,46,9999,0,0,461,0,0,0,4155,1915,0,0,62,0,3,3,1382,492,2000,1,0,4,73,72,36190,13890,307,777,164,65,382,0,0,3,73,3,3,0,10,0,0,0,0,0,2688,2816,2688,2816,4128,2208,9491,1458,0,0,0,0,100,54,44,38,46,54,52,51,0,0,77,0,0,0,0,0,0,14724,1093,974,0,902,72,343,343,100,2,1,0,999,999,40,0,25,0,0,0,0,0,0,0,0,0,0,100,2688,2816,100,0,0,0,0,0,0,0,0,0,0,0,0,0,0,0,0,0,0,0,0,160,759,759,1,1,21,19,50,1,7375,759,2199,2044,0,0,0,17685,0,17988,0,0,0,3,11,3,6,196,0,237,15,272,14,3,689,8013,0
333037,2308,992,82,46,9999,0,0,541,0,0,0,4155,2247,0,0,62,0,2,3,1651,492,2000,1,0,4,72,72,34540,13772,292,860,166,64,391,0,0,0,72,3,3,0,10,0,0,0,0,0,2688,2816,2688,2816,4128,2208,9034,1394,0,0,0,0,100,46,40,37,35,43,44,46,0,0,77,0,0,0,0,0,0,14724,1093,974,0,902,72,343,343,100,0,0,0,999,999,40,0,25,0,0,0,0,0,0,0,0,0,0,100,2688,2816,100,0,0,0,0,0,0,0,0,0,0,0,0,0,0,0,0,0,0,0,0,160,760,760,1,1,24,17,50,1,7379,760,2202,2043,0,0,0,8454,0,8679,0,0,0,0,11,3,6,196,0,237,15,272,0,0,689,8013,0
334036,2308,992,82,46,9999,0,0,350,0,0,0,4155,1454,0,0,62,0,2,3,1651,492,2000,1,0,4,72,72,35525,13729,345,708,136,65,397,0,0,5,72,3,3,0,10,0,0,0,0,0,2688,2816,2688,2816,4128,2208,9696,1413,0,0,0,0,100,50,38,37,38,47,48,50,0,0,78,0,0,0,0,0,0,14724,1093,974,0,902,72,343,343,100,1,1,0,999,999,40,0,25,0,0,0,0,0,0,0,0,0,0,100,2688,2816,100,0,0,0,0,0,0,0,0,0,0,0,0,0,0,0,0,0,0,0,0,160,760,760,1,1,24,16,50,1,7412,760,2202,2041,0,0,0,11704,0,11965,0,0,0,0,11,3,6,196,0,238,15,272,0,0,690,8013,0
335036,2308,992,82,46,9999,0,0,448,0,0,0,4155,1861,0,0,62,0,2,3,1651,492,2000,1,0,4,73,72,36727,13737,316,638,111,65,398,0,0,2,73,3,3,0,10,0,0,0,0,0,2688,2816,2688,2816,4128,2208,8378,1433,0,0,0,0,100,52,41,37,42,52,50,52,0,0,78,0,0,0,0,0,0,14724,1093,974,0,902,72,343,343,100,1,1,0,999,999,40,0,25,0,0,0,0,0,0,0,0,0,0,100,2688,2816,100,0,0,0,0,0,0,0,0,0,0,0,0,0,0,0,0,0,0,0,0,160,759,759,1,1,23,17,50,1,7378,759,2201,2043,0,0,0,14420,0,14691,0,0,0,0,11,3,6,196,0,238,15,272,0,0,690,8013,0
336036,2308,992,82,46,9999,0,0,355,0,0,0,4155,1475,0,0,62,0,2,3,1651,492,2000,1,0,4,72,72,37271,13688,341,707,123,65,455,0,0,3,73,3,3,0,10,0,0,0,0,0,2688,2816,2688,2816,4128,2208,9015,1434,0,0,0,0,100,51,43,41,42,51,51,51,0,0,78,0,0,0,0,0,0,14724,1093,974,0,902,72,343,343,100,2,1,0,999,999,40,0,25,0,0,0,0,0,0,0,0,0,0,100,2688,2816,100,0,0,0,0,0,0,0,0,0,0,0,0,0,0,0,0,0,0,0,0,160,760,760,1,1,23,16,50,1,7412,760,2200,2041,0,0,0,15192,0,15452,0,0,0,0,11,3,6,197,0,238,15,272,0,0,690,8013,0
337036,2308,992,82,46,9999,0,0,478,0,0,0,4155,1986,0,0,62,0,2,3,1651,492,2000,1,0,4,73,72,37871,13873,388,830,215,66,393,0,0,2,73,3,3,0,10,0,0,0,0,0,2688,2816,2688,2816,4128,2208,8411,1430,0,0,0,0,100,57,40,42,41,57,51,52,0,0,78,0,0,0,0,0,0,14724,1093,974,0,902,72,343,343,100,1,1,0,999,999,40,0,25,0,0,0,0,0,0,0,0,0,0,100,2688,2816,100,0,0,0,0,0,0,0,0,0,0,0,0,0,0,0,0,0,0,0,0,160,760,760,1,1,21,16,50,1,7381,760,2199,2041,0,0,0,9562,0,9799,0,0,0,0,11,3,6,196,0,238,15,272,0,0,690,8013,0
338036,2308,992,82,46,9999,0,0,557,0,0,0,4149,2310,0,0,62,0,2,3,1651,492,2000,1,0,4,71,72,37295,13885,327,847,136,66,386,0,0,2,72,3,3,0,10,0,0,0,0,0,2688,2816,2688,2816,4128,2208,9125,1434,0,0,0,0,100,63,44,46,45,53,63,50,0,0,77,0,0,0,0,0,0,14724,1093,974,0,902,72,343,343,100,2,1,0,999,999,40,0,25,0,0,0,0,0,0,0,0,0,0,100,2688,2816,100,0,0,0,0,0,0,0,0,0,0,0,0,0,0,0,0,0,0,0,0,160,760,760,1,1,21,19,50,1,7413,760,2198,2044,0,0,0,12762,0,13055,0,0,0,4,11,3,6,195,0,237,15,272,19,4,689,8013,0
339070,2284,993,82,46,9999,0,0,448,0,0,0,4130,1850,0,0,62,0,3,3,1651,492,2000,1,0,4,72,72,36737,13760,342,735,115,66,371,0,0,4,73,3,3,0,10,0,0,0,0,0,2688,2816,2688,2816,4128,2208,8909,1416,0,0,0,0,100,63,51,44,49,63,54,56,0,0,77,0,0,0,0,0,0,14724,1093,977,0,902,75,343,343,100,2,1,0,999,999,40,0,25,0,0,0,0,0,0,0,0,0,0,100,2688,2816,100,0,0,0,0,0,0,0,0,0,0,0,0,0,0,0,0,0,0,0,0,160,760,760,1,1,21,14,50,1,7382,760,2198,2039,0,0,0,18050,0,18408,0,0,0,0,11,3,6,177,0,200,15,272,0,0,580,8013,0
340037,2284,993,82,46,9999,0,0,519,0,0,0,4130,2143,0,0,62,0,2,3,1651,492,2000,1,0,4,72,72,35410,13742,348,674,112,65,384,0,0,1,73,3,3,0,10,0,0,0,0,0,2688,2816,2688,2816,4128,2208,8552,1670,0,0,0,0,100,49,42,42,37,43,49,46,0,0,77,0,0,0,0,0,0,14724,1093,977,0,902,75,343,343,100,1,1,0,999,999,40,0,25,0,0,0,0,0,0,0,0,0,0,100,2688,2816,100,0,0,0,0,0,0,0,0,0,0,0,0,0,0,0,0,0,0,0,0,160,760,760,1,1,21,18,50,1,7382,760,2199,2043,0,0,0,18815,0,19153,0,0,0,0,11,3,6,148,0,168,15,272,0,0,485,8013,0
341036,2284,993,82,46,9999,0,0,487,0,0,0,4130,2011,0,0,62,0,2,2,1651,492,2000,1,0,4,73,72,34406,13776,296,591,108,65,407,0,0,2,73,3,3,0,10,0,0,0,0,0,2688,2816,2688,2816,4128,2208,8346,1802,0,0,0,0,100,49,39,41,38,45,49,46,0,0,76,0,0,0,0,0,0,14724,1093,977,0,902,75,343,343,100,1,1,0,999,999,40,0,25,0,0,0,0,0,0,0,0,0,0,100,2688,2816,100,0,0,0,0,0,0,0,0,0,0,0,0,0,0,0,0,0,0,0,0,160,761,761,1,1,21,16,50,1,7414,761,2199,2042,0,0,0,13245,0,13489,0,0,3,7,11,3,6,179,0,209,15,272,78,7,592,8013,1
342036,2284,993,82,46,9999,0,0,616,0,0,0,4130,2544,0,0,62,0,3,4,1651,492,2000,1,0,4,71,72,36014,13784,309,705,133,65,405,0,0,4,73,3,3,0,10,0,0,0,0,0,2688,2816,2688,2816,4128,2208,9740,1704,0,0,0,0,100,54,41,38,43,50,54,48,0,0,80,0,0,0,0,0,0,14724,1093,977,0,902,75,343,343,100,2,1,0,999,999,40,0,25,0,0,0,0,0,0,0,0,0,0,100,2688,2816,100,0,0,0,0,0,0,0,0,0,0,0,0,0,0,0,0,0,0,0,0,160,761,761,1,1,21,16,50,1,7381,761,2199,2042,0,0,0,15151,0,15703,0,0,1,1,11,3,6,177,0,242,15,272,49,1,692,8013,1
343036,2284,993,82,46,9999,0,0,568,0,0,0,4130,2345,0,0,62,0,2,5,1920,545,2000,1,0,4,72,72,37021,13889,343,910,112,65,378,0,1,3,72,3,3,0,10,0,0,0,0,0,2688,2816,2688,2816,4128,2208,7914,1332,0,0,0,0,100,55,41,43,38,44,52,55,0,0,73,0,0,0,0,0,0,14724,1093,977,0,902,75,343,343,100,2,1,0,999,999,40,0,25,0,0,0,0,0,0,0,0,0,0,100,2688,2816,100,0,0,0,0,0,0,0,0,0,0,0,0,0,0,0,0,0,0,0,0,160,761,761,1,1,21,16,50,1,7412,761,2199,2042,0,0,0,11543,0,11786,0,0,4,2,11,3,6,182,0,249,15,272,101,2,697,8013,2
344036,2284,993,82,46,9999,0,0,648,0,0,0,4130,2676,0,0,62,0,3,4,1920,545,2000,1,0,4,70,72,36160,13767,289,777,118,65,331,0,0,7,73,3,3,0,10,0,0,0,0,0,2688,2816,2688,2816,4128,2208,8847,1428,0,0,0,0,100,56,42,33,42,52,56,45,0,0,71,0,0,0,0,0,0,14724,1093,977,0,902,75,343,343,100,4,1,0,999,999,40,0,25,0,0,0,0,0,0,0,0,0,0,100,2688,2816,100,0,0,0,0,0,0,0,0,0,0,0,0,0,0,0,0,0,0,0,0,160,762,762,1,1,21,15,50,1,7370,762,2198,2039,0,0,0,11033,0,11468,0,0,0,0,11,3,6,178,0,249,15,272,0,0,697,8013,2
345036,2284,993,82,46,9999,0,0,663,0,0,0,4130,2738,0,0,62,0,3,5,1920,545,2000,1,0,4,72,72,36722,13650,271,727,100,65,318,0,0,3,72,3,3,0,10,0,0,0,0,0,2688,2816,2688,2816,4128,2208,8009,1284,0,0,0,0,100,55,43,39,41,52,55,54,0,0,73,0,0,0,0,0,0,14724,1093,977,0,902,75,343,343,100,2,1,0,999,999,40,0,25,0,0,0,0,0,0,0,0,0,0,100,2688,2816,100,0,0,0,0,0,0,0,0,0,0,0,0,0,0,0,0,0,0,0,0,160,762,762,1,1,21,17,50,1,7402,762,2199,2043,0,0,0,10889,0,11128,0,0,0,0,11,3,6,182,0,249,15,272,0,0,697,8013,2
346036,2284,993,82,46,9999,0,0,294,0,0,0,4130,1214,0,0,62,0,4,4,1920,545,2000,1,0,4,72,72,34946,13701,380,713,130,64,366,0,0,1,72,3,3,0,10,0,0,0,0,0,2688,2816,2688,2816,4128,2208,9347,1355,0,0,0,0,100,50,37,34,37,50,50,44,0,0,72,0,0,0,0,0,0,14724,1093,977,0,902,75,343,343,100,1,1,0,999,999,40,0,25,0,0,0,0,0,0,0,0,0,0,100,2688,2816,100,0,0,0,0,0,0,0,0,0,0,0,0,0,0,0,0,0,0,0,0,160,762,762,1,1,21,18,50,1,7370,762,2198,2043,0,0,0,14274,0,14491,0,0,2,1,11,3,6,183,0,249,15,272,50,1,697,8013,2
347036,2284,993,82,46,9999,0,0,956,0,0,0,4130,3948,0,0,62,0,3,4,1920,545,2000,1,0,4,72,72,33823,13776,291,724,142,65,371,0,0,1,72,3,3,0,10,0,0,0,0,0,2688,2816,2688,2816,4128,2208,8705,1324,0,0,0,0,100,38,36,32,30,30,27,38,0,0,74,0,0,0,0,0,0,14724,1093,977,0,902,75,343,343,100,1,1,0,999,999,40,0,25,0,0,0,0,0,0,0,0,0,0,100,2688,2816,100,0,0,0,0,0,0,0,0,0,0,0,0,0,0,0,0,0,0,0,0,160,762,762,1,1,21,18,50,1,7406,762,2199,2044,0,0,0,14374,0,14935,0,0,0,0,11,3,6,194,0,250,15,272,0,0,699,8013,2
348037,2284,993,82,46,9999,0,0,894,0,0,0,4130,3692,0,0,62,0,4,4,1920,545,2000,1,0,4,72,72,34262,13490,305,591,135,65,381,0,0,3,72,3,3,0,10,0,0,0,0,0,2688,2816,2688,2816,4128,2208,8826,1324,0,0,0,0,100,57,48,47,51,57,56,51,0,0,74,0,0,0,0,0,0,14724,1093,977,0,902,75,343,343,100,2,1,0,999,999,40,0,25,0,0,0,0,0,0,0,0,0,0,100,2688,2816,100,0,0,0,0,0,0,0,0,0,0,0,0,0,0,0,0,0,0,0,0,160,762,762,1,1,21,17,50,1,7410,762,2198,2042,0,0,0,17151,0,17468,0,0,2,1,11,3,6,194,0,250,15,272,50,1,699,8013,2
349037,2284,993,82,46,9999,0,0,369,0,0,0,4116,1518,0,0,62,0,3,4,1920,545,2000,1,0,4,72,72,34368,13665,361,653,124,64,365,0,0,2,73,3,3,0,10,0,0,0,0,0,2688,2816,2688,2816,4128,2208,8622,1318,0,0,0,0,100,49,44,42,37,43,49,45,0,0,74,0,0,0,0,0,0,14724,1093,977,0,902,75,343,343,100,0,1,0,999,999,40,0,25,0,0,0,0,0,0,0,0,0,0,100,2688,2816,100,0,0,0,0,0,0,0,0,0,0,0,0,0,0,0,0,0,0,0,0,160,762,762,1,1,24,17,50,1,7381,762,2201,2042,0,0,0,10661,0,10885,0,0,2,1,11,3,6,194,0,250,15,272,51,1,698,8013,2
350037,2284,993,82,46,9999,0,0,614,0,0,0,4116,2527,0,0,62,0,2,4,1920,545,2000,1,0,4,73,72,34756,13658,323,651,97,64,371,0,0,3,72,3,3,0,10,0,0,0,0,0,2688,2816,2688,2816,4128,2208,8784,1271,0,0,0,0,100,51,39,35,33,44,51,47,0,0,74,0,0,0,0,0,0,14724,1093,977,0,902,75,343,343,100,2,1,0,999,999,40,0,25,0,0,0,0,0,0,0,0,0,0,100,2688,2816,100,0,0,0,0,0,0,0,0,0,0,0,0,0,0,0,0,0,0,0,0,160,762,762,1,1,24,16,50,1,7412,762,2202,2042,0,0,0,17020,0,17353,0,0,2,1,11,3,6,194,0,249,15,272,51,1,697,8013,2
351037,2284,993,82,46,9999,0,0,566,0,0,0,4116,2329,0,0,62,0,3,4,1920,545,2000,1,0,4,72,72,36734,13552,314,605,113,64,338,0,1,5,73,3,3,0,10,0,0,0,0,0,2688,2816,2688,2816,4128,2208,8633,1248,0,0,0,0,100,56,44,42,46,56,52,47,0,0,73,0,0,0,0,0,0,14724,1093,977,0,902,75,343,343,100,2,1,0,999,999,40,0,25,0,0,0,0,0,0,0,0,0,0,100,2688,2816,100,0,0,0,0,0,0,0,0,0,0,0,0,0,0,0,0,0,0,0,0,160,763,763,1,1,23,19,50,1,7378,763,2200,2044,0,0,0,15899,0,16320,0,0,0,0,11,3,6,195,0,248,15,272,0,0,695,8013,2
352037,2284,993,82,46,9999,0,0,512,0,0,0,4116,2107,0,0,62,0,2,3,1920,545,2000,1,0,4,72,72,35325,13732,331,714,186,65,368,0,0,5,72,3,3,0,10,0,0,0,0,0,2688,2816,2688,2816,4128,2208,9660,1268,0,0,0,0,100,50,41,35,32,43,46,50,0,0,73,0,0,0,0,0,0,14724,1093,977,0,902,75,343,343,100,2,1,0,999,999,40,0,25,0,0,0,0,0,0,0,0,0,0,100,2688,2816,100,0,0,0,0,0,0,0,0,0,0,0,0,0,0,0,0,0,0,0,0,160,763,763,1,1,21,19,50,1,7419,763,2198,2043,0,0,0,12871,0,13136,0,0,2,1,11,3,6,162,0,246,15,272,51,1,691,8013,2
353037,2284,993,82,46,9999,0,0,618,0,0,0,4116,2543,0,0,62,0,4,3,1651,492,2000,1,0,4,70,72,38461,13743,298,699,162,66,370,0,0,6,73,3,3,0,10,0,0,0,0,0,2688,2816,2688,2816,4128,2208,10024,1231,0,0,0,0,100,51,42,44,43,47,46,51,0,0,77,0,0,0,0,0,0,14724,1093,977,0,902,75,343,343,100,5,1,0,999,999,40,0,25,0,0,0,0,0,0,0,0,0,0,100,2688,2816,100,0,0,0,0,0,0,0,0,0,0,0,0,0,0,0,0,0,0,0,0,160,763,763,1,1,21,17,50,1,7392,763,2198,2042,0,0,0,8126,0,8354,0,0,0,0,11,3,6,162,0,246,15,272,0,0,691,8013,2
354037,2284,993,82,46,9999,0,0,667,0,0,0,4116,2745,0,0,62,0,3,4,1651,492,2000,1,0,4,72,72,34879,13568,321,700,123,65,342,0,0,2,72,3,3,0,10,0,0,0,0,0,2688,2816,2688,2816,4128,2208,9220,1140,0,0,0,0,100,50,44,41,39,50,48,47,0,0,74,0,0,0,0,0,0,14724,1093,977,0,902,75,343,343,100,1,1,0,999,999,40,0,25,0,0,0,0,0,0,0,0,0,0,100,2688,2816,100,0,0,0,0,0,0,0,0,0,0,0,0,0,0,0,0,0,0,0,0,160,763,763,1,1,21,20,50,1,7430,763,2199,2046,0,0,0,6663,0,6874,0,0,0,0,11,3,6,163,0,246,15,272,0,0,691,8013,2
355037,2284,993,82,46,9999,0,0,411,0,0,0,4116,1691,0,0,62,0,4,4,1651,492,2000,1,0,4,73,72,35457,13504,366,620,124,65,347,0,0,5,73,3,3,0,10,0,0,0,0,0,2688,2816,2688,2816,4128,2208,8610,1137,0,0,0,0,100,52,46,43,55,48,52,50,0,0,73,0,0,0,0,0,0,14724,1093,977,0,902,75,343,343,100,2,1,0,999,999,40,0,25,0,0,0,0,0,0,0,0,0,0,100,2688,2816,100,0,0,0,0,0,0,0,0,0,0,0,0,0,0,0,0,0,0,0,0,160,763,763,1,1,21,16,50,1,7398,763,2199,2041,0,0,0,11678,0,12096,0,0,0,0,11,3,6,164,0,246,15,272,0,0,691,8013,2
356037,2284,993,82,46,9999,0,0,450,0,0,0,4116,1852,0,0,62,0,3,3,1651,492,2000,1,0,4,73,72,36171,13516,343,565,91,65,375,0,0,4,73,3,3,0,10,0,0,0,0,0,2688,2816,2688,2816,4128,2208,9473,1231,0,0,0,0,100,44,36,29,31,43,43,44,0,0,76,0,0,0,0,0,0,14724,1093,977,0,902,75,343,343,100,1,1,0,999,999,40,0,25,0,0,0,0,0,0,0,0,0,0,100,2688,2816,100,0,0,0,0,0,0,0,0,0,0,0,0,0,0,0,0,0,0,0,0,160,763,763,1,1,21,18,50,1,7397,763,2198,2043,0,0,0,15561,0,15982,0,0,2,1,11,3,6,180,0,247,15,272,52,1,693,8013,2
357037,2284,993,82,46,9999,0,0,864,0,0,0,4116,3556,0,0,62,0,3,4,1651,492,2000,1,0,4,72,72,37833,13458,309,507,99,66,363,0,0,4,73,3,3,0,10,0,0,0,0,0,2688,2816,2688,2816,4128,2208,8784,1175,0,0,0,0,100,53,46,42,39,53,53,53,0,0,77,0,0,0,0,0,0,14724,1093,977,0,902,75,343,343,100,2,1,0,999,999,40,0,25,0,0,0,0,0,0,0,0,0,0,100,2688,2816,100,0,0,0,0,0,0,0,0,0,0,0,0,0,0,0,0,0,0,0,0,160,764,764,1,1,24,19,50,1,7433,764,2202,2045,0,0,0,16711,0,17081,0,0,0,0,11,3,6,178,0,242,15,272,0,0,691,8013,1
358038,2284,993,82,46,9999,0,0,476,0,0,0,4116,1959,0,0,62,0,2,4,1651,492,2000,1,0,4,72,72,35851,13461,370,545,112,67,353,0,0,2,73,3,3,0,10,0,0,0,0,0,2688,2816,2688,2816,4128,2208,8530,1488,0,0,0,0,100,54,41,45,44,52,50,54,0,0,76,0,0,0,0,0,0,14724,1093,977,0,902,75,343,343,100,2,1,0,999,999,40,0,25,0,0,0,0,0,0,0,0,0,0,100,2688,2816,100,0,0,0,0,0,0,0,0,0,0,0,0,0,0,0,0,0,0,0,0,160,764,764,1,1,24,17,50,1,7401,764,2202,2043,0,0,0,8544,0,8791,0,0,2,1,11,3,6,151,0,235,15,272,52,1,672,8013,1
359088,2255,994,82,46,9999,0,0,663,0,0,0,4145,2748,0,0,62,0,3,4,1651,492,2000,1,0,4,73,72,35270,13634,284,584,122,65,394,0,0,5,73,3,3,0,10,0,0,0,0,0,2688,2816,2688,2816,4128,2208,8353,1535,0,0,0,0,100,53,41,36,34,36,53,44,0,0,75,0,0,0,0,0,0,14725,1096,975,0,905,70,343,343,100,2,1,0,999,999,40,0,25,0,0,0,0,0,0,0,0,0,0,100,2688,2816,100,0,0,0,0,0,0,0,0,0,0,0,0,0,0,0,0,0,0,0,0,160,764,764,1,1,21,17,50,1,7441,764,2199,2043,0,0,0,12520,0,12767,0,0,0,0,11,3,6,187,0,237,15,272,0,0,689,8013,0
360038,2255,994,82,46,9999,0,0,360,0,0,0,4145,1492,0,0,62,0,2,4,1651,492,2000,1,0,4,72,72,34463,13602,426,666,143,65,360,0,0,3,72,3,3,0,10,0,0,0,0,0,2688,2816,2688,2816,4128,2208,8722,1364,0,0,0,0,100,54,43,48,45,54,49,53,0,0,75,0,0,0,0,0,0,14725,1096,975,0,905,70,343,343,100,1,1,0,999,999,40,0,25,0,0,0,0,0,0,0,0,0,0,100,2688,2816,100,0,0,0,0,0,0,0,0,0,0,0,0,0,0,0,0,0,0,0,0,160,764,764,1,1,21,17,50,1,7402,764,2199,2043,0,0,0,16541,0,16987,0,0,0,1,11,3,6,188,0,237,15,272,17,1,689,8013,0
361038,2255,994,82,46,9999,0,0,413,0,0,0,4145,1711,0,0,62,0,2,3,1651,492,2000,1,0,4,73,72,37002,13627,328,640,120,64,399,0,0,1,73,3,3,0,10,0,0,0,0,0,2688,2816,2688,2816,4128,2208,9321,1480,0,0,0,0,100,57,42,36,37,45,57,53,0,0,76,0,0,0,0,0,0,14725,1096,975,0,905,70,343,343,100,1,1,0,999,999,40,0,25,0,0,0,0,0,0,0,0,0,0,100,2688,2816,100,0,0,0,0,0,0,0,0,0,0,0,0,0,0,0,0,0,0,0,0,160,764,764,1,1,21,17,50,1,7430,764,2199,2043,0,0,0,18662,0,19054,0,0,0,0,11,3,6,188,0,237,15,272,0,0,689,8013,0
362038,2255,994,82,46,9999,0,0,639,0,0,0,4145,2648,0,0,62,0,2,4,1651,492,2000,1,0,4,72,72,38122,13876,452,781,385,65,386,1,0,5,72,3,3,0,10,0,0,0,0,0,2688,2816,2688,2816,4128,2208,9398,1470,0,0,0,0,100,54,44,36,41,50,50,54,0,0,78,0,0,0,0,0,0,14725,1096,975,0,905,70,343,343,100,3,1,0,999,999,40,0,25,0,0,0,0,0,0,0,0,0,0,100,2688,2816,100,0,0,0,0,0,0,0,0,0,0,0,0,0,0,0,0,0,0,0,0,160,764,764,1,1,21,16,50,1,7386,764,2199,2042,0,0,0,12197,0,12462,0,0,0,1,11,3,6,177,0,236,15,272,17,1,688,8013,0
363042,2255,994,82,46,9999,0,0,428,0,0,0,4145,1774,0,0,62,0,2,4,1382,545,1708,1,0,4,71,72,38785,14139,275,961,380,65,382,0,1,1,73,3,3,0,10,0,0,0,0,0,2688,2816,2688,2816,4128,2208,8433,1481,0,0,0,0,100,54,39,41,44,54,53,53,0,0,75,0,0,0,0,0,0,14725,1096,975,0,905,70,343,343,100,1,1,0,999,999,40,0,25,0,0,0,0,0,0,0,0,0,0,100,2688,2816,100,0,0,0,0,0,0,0,0,0,0,0,0,0,0,0,0,0,0,0,0,160,764,764,1,1,21,16,50,1,7387,764,2199,2042,0,0,0,12501,0,12742,0,0,0,0,11,3,6,185,0,237,15,272,0,0,689,8013,0
364038,2255,994,82,46,9999,0,0,531,0,0,0,4145,2200,0,0,62,0,2,4,1382,545,1708,1,0,4,71,72,36788,13919,336,810,248,66,369,0,0,7,73,3,3,0,10,0,0,0,0,0,2688,2816,2688,2816,4128,2208,8626,1370,0,0,0,0,100,55,39,43,38,53,54,55,0,0,73,0,0,0,0,0,0,14725,1096,975,0,905,70,343,343,100,2,1,0,999,999,40,0,25,0,0,0,0,0,0,0,0,0,0,100,2688,2816,100,0,0,0,0,0,0,0,0,0,0,0,0,0,0,0,0,0,0,0,0,160,764,764,1,1,21,16,50,1,7422,764,2199,2042,0,0,0,14969,0,15277,0,0,0,0,11,3,6,129,0,174,15,272,0,0,488,8013,1
365038,2255,994,82,46,9999,0,0,654,0,0,0,4145,2710,0,0,62,0,3,3,1382,545,1708,1,0,4,73,72,36338,13919,336,810,248,66,369,0,0,7,73,3,3,0,10,0,0,0,0,0,2688,2816,2688,2816,4128,2208,8301,1645,0,0,0,0,100,46,35,31,32,37,44,46,0,0,73,0,0,0,0,0,0,14725,1096,975,0,905,70,343,343,100,2,1,0,999,999,40,0,25,0,0,0,0,0,0,0,0,0,0,100,2688,2816,100,0,0,0,0,0,0,0,0,0,0,0,0,0,0,0,0,0,0,0,0,160,762,762,1,1,21,16,50,1,7390,762,2199,2042,0,0,0,14966,0,15243,0,0,2,1,11,3,6,182,0,243,15,272,52,1,693,8013,1
366038,2255,994,82,46,9999,0,0,763,0,0,0,4145,3162,0,0,62,0,2,5,1382,545,1708,1,0,4,72,72,36776,13822,297,691,168,67,372,0,0,2,73,3,3,0,10,0,0,0,0,0,2688,2816,2688,2816,4128,2208,7872,1330,0,0,0,0,100,55,37,41,40,54,55,49,0,0,75,0,0,0,0,0,0,14725,1096,975,0,905,70,343,343,100,2,1,0,999,999,40,0,25,0,0,0,0,0,0,0,0,0,0,100,2688,2816,100,0,0,0,0,0,0,0,0,0,0,0,0,0,0,0,0,0,0,0,0,160,762,762,1,1,21,16,50,1,7446,762,2198,2041,0,0,0,10115,0,10366,0,0,4,2,11,3,6,177,0,248,15,272,104,2,695,8013,2
367038,2255,994,82,46,9999,0,0,413,0,0,0,4145,1711,0,0,62,0,3,4,1382,545,1708,1,0,4,72,72,36777,13678,277,711,145,66,377,0,0,2,72,3,3,0,10,0,0,0,0,0,2688,2816,2688,2816,4128,2208,7943,1377,0,0,0,0,100,55,37,41,40,54,55,49,0,0,71,0,0,0,0,0,0,14725,1096,975,0,905,70,343,343,100,1,1,0,999,999,40,0,25,0,0,0,0,0,0,0,0,0,0,100,2688,2816,100,0,0,0,0,0,0,0,0,0,0,0,0,0,0,0,0,0,0,0,0,160,762,762,1,1,21,18,50,1,7423,762,2199,2044,0,0,0,13074,0,15350,0,0,1,6,11,3,6,174,0,247,15,272,28,6,695,8013,2
368038,2255,994,82,46,9999,0,0,547,0,0,0,4145,2267,0,0,62,0,2,4,1382,545,1708,1,0,4,72,72,35205,13684,341,777,123,65,325,0,0,3,73,3,3,0,10,0,0,0,0,0,2688,2816,2688,2816,4128,2208,8615,1416,0,0,0,0,100,59,56,51,72,59,55,53,0,0,72,0,0,0,0,0,0,14725,1096,975,0,905,70,343,343,100,2,1,0,999,999,40,0,25,0,0,0,0,0,0,0,0,0,0,100,2688,2816,100,0,0,0,0,0,0,0,0,0,0,0,0,0,0,0,0,0,0,0,0,160,762,762,1,1,21,19,50,1,7454,762,2198,2044,0,0,0,21705,0,22154,0,0,2,1,11,3,6,128,0,212,15,272,52,1,586,8013,2
369038,2255,994,82,46,9999,0,0,776,0,0,0,4108,3187,0,0,62,0,3,4,1382,545,1708,1,0,4,72,72,37629,13688,306,647,111,65,342,0,0,5,73,3,3,0,10,0,0,0,0,0,2688,2816,2688,2816,4128,2208,9685,1427,0,0,0,0,100,59,47,41,50,53,52,59,0,0,74,0,0,0,0,0,0,14725,1096,975,0,905,70,343,343,100,2,1,0,999,999,40,0,25,0,0,0,0,0,0,0,0,0,0,100,2688,2816,100,0,0,0,0,0,0,0,0,0,0,0,0,0,0,0,0,0,0,0,0,160,763,763,1,1,21,17,50,1,7452,763,2199,2043,0,0,0,17275,0,17624,0,0,0,0,11,3,6,179,0,206,15,272,0,0,585,8013,1
370039,2255,994,82,46,9999,0,0,382,0,0,0,4108,1569,0,0,62,0,2,3,1382,545,1708,1,0,4,72,72,35755,13490,270,590,115,65,362,0,0,3,72,3,3,0,10,0,0,0,0,0,2688,2816,2688,2816,4128,2208,8721,1494,0,0,0,0,100,58,48,46,49,57,58,57,0,0,75,0,0,0,0,0,0,14725,1096,975,0,905,70,343,343,100,2,1,0,999,999,40,0,25,0,0,0,0,0,0,0,0,0,0,100,2688,2816,100,0,0,0,0,0,0,0,0,0,0,0,0,0,0,0,0,0,0,0,0,160,763,763,1,1,21,17,50,1,7427,763,2199,2043,0,0,0,10897,0,11153,0,0,0,0,11,3,6,178,0,181,15,272,0,0,507,8013,1
371038,2255,994,82,46,9999,0,0,661,0,0,0,4108,2715,0,0,62,0,2,2,1382,545,1708,1,0,4,72,72,37183,13669,352,611,125,65,381,0,0,2,73,3,3,0,10,0,0,0,0,0,2688,2816,2688,2816,4128,2208,8260,1574,0,0,0,0,100,54,45,44,46,42,54,46,0,0,74,0,0,0,0,0,0,14725,1096,975,0,905,70,343,343,100,1,1,0,999,999,40,0,25,0,0,0,0,0,0,0,0,0,0,100,2688,2816,100,0,0,0,0,0,0,0,0,0,0,0,0,0,0,0,0,0,0,0,0,160,763,763,1,1,21,16,50,1,7455,763,2199,2042,0,0,0,13674,0,14197,0,0,0,0,11,3,6,157,0,244,15,272,0,0,695,8013,1
372039,2255,994,82,46,9999,0,0,525,0,0,0,4108,2156,0,0,62,0,3,2,1382,545,1708,1,0,4,72,72,36197,13797,277,687,125,66,391,0,0,6,73,3,3,0,10,0,0,0,0,0,2688,2816,2688,2816,4128,2208,9742,1653,0,0,0,0,100,57,39,38,41,53,52,57,0,0,80,0,0,0,0,0,0,14725,1096,975,0,905,70,343,343,100,3,1,0,999,999,40,0,25,0,0,0,0,0,0,0,0,0,0,100,2688,2816,100,0,0,0,0,0,0,0,0,0,0,0,0,0,0,0,0,0,0,0,0,160,763,763,1,1,21,20,50,1,7422,763,2198,2045,0,0,0,17662,0,18023,0,0,2,1,11,3,6,173,0,244,15,272,52,1,695,8013,1
373039,2255,994,82,46,9999,0,0,603,0,0,0,4131,2490,0,0,62,0,2,5,1651,456,2000,1,0,4,72,72,36900,13704,256,687,100,65,411,0,0,0,73,3,3,0,10,0,0,0,0,0,2688,2816,2688,2816,4128,2208,8055,1298,0,0,0,0,100,48,49,45,41,47,47,48,0,0,79,0,0,0,0,0,0,14725,1096,975,0,905,70,343,343,100,0,0,0,999,999,40,0,25,0,0,0,0,0,0,0,0,0,0,100,2688,2816,100,0,0,0,0,0,0,0,0,0,0,0,0,0,0,0,0,0,0,0,0,160,764,764,1,1,24,19,50,1,7455,764,2202,2045,0,0,0,11439,0,11690,0,0,0,4,11,3,6,156,0,243,15,272,19,4,694,8013,1
374039,2255,994,82,46,9999,0,0,536,0,0,0,4131,2214,0,0,62,0,3,4,1651,456,2000,1,0,4,72,72,36900,13634,292,703,134,64,384,0,0,2,72,3,3,0,10,0,0,0,0,0,2688,2816,2688,2816,4128,2208,7643,1328,0,0,0,0,100,53,34,35,32,44,53,50,0,0,70,0,0,0,0,0,0,14725,1096,975,0,905,70,343,343,100,1,1,0,999,999,40,0,25,0,0,0,0,0,0,0,0,0,0,100,2688,2816,100,0,0,0,0,0,0,0,0,0,0,0,0,0,0,0,0,0,0,0,0,160,764,764,1,1,24,17,50,1,7425,764,2202,2043,0,0,0,9490,0,9832,0,0,0,4,11,3,6,175,0,210,15,272,19,4,610,8013,0
375039,2255,994,82,46,9999,0,0,542,0,0,0,4131,2239,0,0,62,0,2,3,1651,456,2000,1,0,4,73,72,35250,13678,268,782,121,65,337,0,0,1,72,3,3,0,10,0,0,0,0,0,2688,2816,2688,2816,4128,2208,8232,1399,0,0,0,0,100,54,38,37,39,54,48,51,0,0,68,0,0,0,0,0,0,14725,1096,975,0,905,70,343,343,100,1,1,0,999,999,40,0,25,0,0,0,0,0,0,0,0,0,0,100,2688,2816,100,0,0,0,0,0,0,0,0,0,0,0,0,0,0,0,0,0,0,0,0,160,763,763,1,1,24,16,50,1,7460,763,2202,2042,0,0,0,13719,0,13988,0,0,0,0,11,3,6,161,0,242,15,272,0,0,687,8013,1
376039,2255,994,82,46,9999,0,0,436,0,0,0,4131,1801,0,0,62,0,2,3,1651,456,2000,1,0,4,72,72,33060,13567,299,659,121,64,362,0,0,4,73,3,3,0,10,0,0,0,0,0,2688,2816,2688,2816,4128,2208,8723,1496,0,0,0,0,100,53,43,41,41,53,49,49,0,0,73,0,0,0,0,0,0,14725,1096,975,0,905,70,343,343,100,1,1,0,999,999,40,0,25,0,0,0,0,0,0,0,0,0,0,100,2688,2816,100,0,0,0,0,0,0,0,0,0,0,0,0,0,0,0,0,0,0,0,0,160,764,764,1,1,24,16,50,1,7429,764,2201,2041,0,0,0,13019,0,13284,0,0,0,0,11,3,6,154,0,243,15,272,0,0,694,8013,1
377039,2255,994,82,46,9999,0,0,496,0,0,0,4131,2048,0,0,62,0,2,3,1651,456,2000,1,0,4,73,72,36753,13640,329,619,118,65,379,0,0,1,73,3,3,0,10,0,0,0,0,0,2688,2816,2688,2816,4128,2208,8890,1498,0,0,0,0,100,60,44,43,48,55,51,60,0,0,76,0,0,0,0,0,0,14725,1096,975,0,905,70,343,343,100,3,0,0,999,999,40,0,25,0,0,0,0,0,0,0,0,0,0,100,2688,2816,100,0,0,0,0,0,0,0,0,0,0,0,0,0,0,0,0,0,0,0,0,160,764,764,1,1,24,16,50,1,7433,764,2201,2041,0,0,0,13162,0,13416,0,0,0,0,11,3,6,152,0,241,15,272,0,0,689,8013,1
378039,2255,994,82,46,9999,0,0,224,0,0,0,4131,925,0,0,62,0,2,3,1651,456,2000,1,0,4,72,72,36324,13649,297,643,100,65,369,0,0,1,72,3,3,0,10,0,0,0,0,0,2688,2816,2688,2816,4128,2208,9357,1493,0,0,0,0,100,49,31,32,33,38,49,43,0,0,78,0,0,0,0,0,0,14725,1096,975,0,905,70,343,343,100,1,1,0,999,999,40,0,25,0,0,0,0,0,0,0,0,0,0,100,2688,2816,100,0,0,0,0,0,0,0,0,0,0,0,0,0,0,0,0,0,0,0,0,160,764,764,1,1,24,18,50,1,7466,764,2202,2044,0,0,0,16427,0,16790,0,0,2,1,11,3,6,152,0,241,15,272,52,1,689,8013,1
379077,2283,996,82,46,9999,0,0,234,0,0,0,4157,972,0,0,62,0,3,4,1651,456,2000,1,0,4,72,72,34835,13567,257,589,120,65,391,0,0,3,73,3,3,0,10,0,0,0,0,0,2688,2816,2688,2816,4128,2208,8443,1366,0,0,0,0,100,58,47,45,52,58,49,50,0,0,75,0,0,0,0,0,0,14724,1096,979,0,904,75,342,342,100,1,1,0,999,999,40,0,25,0,0,0,0,0,0,0,0,0,0,100,2688,2816,100,0,0,0,0,0,0,0,0,0,0,0,0,0,0,0,0,0,0,0,0,160,764,764,1,1,21,19,50,1,7433,764,2199,2045,0,0,0,17191,0,17699,0,0,2,1,11,3,6,152,0,241,15,272,51,1,689,8013,1
380039,2283,996,82,46,9999,0,0,528,0,0,0,4157,2194,0,0,62,0,2,3,1651,456,2000,1,0,4,70,72,36725,13735,333,766,145,64,360,0,0,4,73,3,3,0,10,0,0,0,0,0,2688,2816,2688,2816,4128,2208,9228,1483,0,0,0,0,100,51,36,30,33,44,47,51,0,0,76,0,0,0,0,0,0,14724,1096,979,0,904,75,342,342,100,3,1,0,999,999,40,0,25,0,0,0,0,0,0,0,0,0,0,100,2688,2816,100,0,0,0,0,0,0,0,0,0,0,0,0,0,0,0,0,0,0,0,0,160,765,765,1,1,24,15,50,1,7470,765,2202,2041,0,0,0,11414,0,11661,0,0,0,0,11,3,6,152,0,241,15,272,0,0,689,8013,1
381040,2283,996,82,46,9999,0,0,393,0,0,0,4157,1633,0,0,62,0,3,3,1651,456,2000,1,0,4,73,72,35557,13626,298,648,121,64,389,0,0,3,72,3,3,0,10,0,0,0,0,0,2688,2816,2688,2816,4128,2208,9985,1471,0,0,0,0,100,51,32,34,32,43,51,45,0,0,78,0,0,0,0,0,0,14724,1096,979,0,904,75,342,342,100,2,1,0,999,999,40,0,25,0,0,0,0,0,0,0,0,0,0,100,2688,2816,100,0,0,0,0,0,0,0,0,0,0,0,0,0,0,0,0,0,0,0,0,160,765,765,1,1,24,14,50,1,7435,765,2202,2040,0,0,0,18620,0,19181,0,0,3,6,11,3,6,178,0,242,15,272,76,6,691,8013,1
382039,2283,996,82,46,9999,0,0,424,0,0,0,4157,1762,0,0,62,0,2,4,1651,456,2000,1,0,4,72,72,37691,13697,319,664,142,65,396,0,0,4,73,3,3,0,10,0,0,0,0,0,2688,2816,2688,2816,4128,2208,8668,1317,0,0,0,0,100,61,42,37,45,61,48,58,0,0,77,0,0,0,0,0,0,14724,1096,979,0,904,75,342,342,100,1,1,0,999,999,40,0,25,0,0,0,0,0,0,0,0,0,0,100,2688,2816,100,0,0,0,0,0,0,0,0,0,0,0,0,0,0,0,0,0,0,0,0,160,765,765,1,1,24,16,50,1,7468,765,2202,2042,0,0,0,16873,0,17358,0,0,0,0,11,3,6,159,0,241,15,272,0,0,689,8013,1
383040,2283,996,82,46,9999,0,0,398,0,0,0,4157,1654,0,0,62,0,2,3,1382,545,2000,1,0,4,71,72,37293,13601,312,682,111,64,370,0,0,6,73,3,3,0,10,0,0,0,0,0,2688,2816,2688,2816,4128,2208,8704,1401,0,0,0,0,100,49,33,34,36,46,49,44,0,0,74,0,0,0,0,0,0,14724,1096,979,0,904,75,342,342,100,4,1,0,999,999,40,0,25,0,0,0,0,0,0,0,0,0,0,100,2688,2816,100,0,0,0,0,0,0,0,0,0,0,0,0,0,0,0,0,0,0,0,0,160,765,765,1,1,24,20,50,1,7437,765,2202,2046,0,0,0,15984,0,16286,0,0,2,5,11,3,6,177,0,242,15,272,71,5,691,8013,1
384039,2283,996,82,46,9999,0,0,554,0,0,0,4157,2302,0,0,62,0,3,3,1382,545,2000,1,0,4,73,72,38949,13615,321,620,109,65,370,0,0,0,73,3,3,0,10,0,0,0,0,0,2688,2816,2688,2816,4128,2208,9286,1390,0,0,0,0,100,56,41,35,39,50,56,55,0,0,77,0,0,0,0,0,0,14724,1096,979,0,904,75,342,342,100,0,0,0,999,999,40,0,25,0,0,0,0,0,0,0,0,0,0,100,2688,2816,100,0,0,0,0,0,0,0,0,0,0,0,0,0,0,0,0,0,0,0,0,160,765,765,1,1,21,20,50,1,7437,765,2199,2046,0,0,0,16126,0,16536,0,0,0,5,11,3,6,172,0,241,15,272,23,5,690,8013,1
385039,2283,996,82,46,9999,0,0,358,0,0,0,4157,1488,0,0,62,0,2,3,1382,545,2000,1,0,4,72,72,37748,13747,338,844,228,65,389,0,0,4,73,3,3,0,10,0,0,0,0,0,2688,2816,2688,2816,4128,2208,9436,1456,0,0,0,0,100,56,37,35,35,50,50,56,0,0,79,0,0,0,0,0,0,14724,1096,979,0,904,75,342,342,100,2,1,0,999,999,40,0,25,0,0,0,0,0,0,0,0,0,0,100,2688,2816,100,0,0,0,0,0,0,0,0,0,0,0,0,0,0,0,0,0,0,0,0,160,765,765,1,1,24,17,50,1,7474,765,2202,2043,0,0,0,10982,0,11416,0,0,0,4,11,3,6,152,0,241,15,272,19,4,689,8013,1
386039,2283,996,82,46,9999,0,0,406,0,0,0,4157,1687,0,0,62,0,2,4,1382,545,2000,1,0,4,73,72,38594,13839,351,815,149,66,361,0,0,0,72,3,3,0,10,0,0,0,0,0,2688,2816,2688,2816,4128,2208,8613,1353,0,0,0,0,100,55,31,37,37,53,55,51,0,0,77,0,0,0,0,0,0,14724,1096,979,0,904,75,342,342,100,0,0,0,999,999,40,0,25,0,0,0,0,0,0,0,0,0,0,100,2688,2816,100,0,0,0,0,0,0,0,0,0,0,0,0,0,0,0,0,0,0,0,0,160,765,765,1,1,24,18,50,1,7438,765,2202,2044,0,0,0,15427,0,15828,0,0,0,0,11,3,6,152,0,241,15,272,0,0,689,8013,1
387039,2283,996,82,46,9999,0,0,517,0,0,0,4157,2149,0,0,62,0,2,3,1382,545,2000,1,0,4,72,72,38371,13690,295,718,102,65,352,0,0,6,72,3,3,0,10,0,0,0,0,0,2688,2816,2688,2816,4128,2208,8594,1386,0,0,0,0,100,56,36,36,33,53,56,45,0,0,75,0,0,0,0,0,0,14724,1096,979,0,904,75,342,342,100,2,1,0,999,999,40,0,25,0,0,0,0,0,0,0,0,0,0,100,2688,2816,100,0,0,0,0,0,0,0,0,0,0,0,0,0,0,0,0,0,0,0,0,160,766,766,1,1,24,17,50,1,7475,766,2202,2043,0,0,0,9822,0,10094,0,0,2,1,11,3,6,171,0,241,15,272,52,1,690,8013,1
388040,2283,996,82,46,9999,0,0,352,0,0,0,4157,1463,0,0,62,0,3,5,1382,545,2000,1,0,4,73,72,37968,13554,264,680,101,65,362,0,0,0,73,3,3,0,10,0,0,0,0,0,2688,2816,2688,2816,4128,2208,7842,1214,0,0,0,0,100,58,34,37,34,50,58,49,0,0,72,0,0,0,0,0,0,14724,1096,979,0,904,75,342,342,100,0,0,0,999,999,40,0,25,0,0,0,0,0,0,0,0,0,0,100,2688,2816,100,0,0,0,0,0,0,0,0,0,0,0,0,0,0,0,0,0,0,0,0,160,766,766,1,1,24,16,50,1,7442,766,2201,2041,0,0,0,17479,0,17952,0,0,0,0,11,3,6,165,0,241,15,272,0,0,690,8013,1
389041,2283,996,82,46,9999,0,0,516,0,0,0,4155,2143,0,0,62,0,2,4,1382,545,2000,1,0,4,70,72,37691,13688,381,800,148,65,351,0,2,5,73,3,3,0,10,0,0,0,0,0,2688,2816,2688,2816,4128,2208,8672,1302,0,0,0,0,100,57,44,40,43,56,57,53,0,0,70,0,0,0,0,0,0,14724,1096,979,0,904,75,342,342,100,2,1,0,999,999,40,0,25,0,0,0,0,0,0,0,0,0,0,100,2688,2816,100,0,0,0,0,0,0,0,0,0,0,0,0,0,0,0,0,0,0,0,0,160,766,766,1,1,24,14,50,1,7473,766,2202,2040,0,0,0,15850,0,16199,0,0,2,1,11,3,6,166,0,241,15,272,52,1,690,8013,1
390040,2283,996,82,46,9999,0,0,722,0,0,0,4155,2999,0,0,62,0,3,5,1382,545,2000,1,0,4,73,72,33021,13524,328,656,122,64,361,0,0,6,73,3,3,0,10,0,0,0,0,0,2688,2816,2688,2816,4128,2208,7926,1334,0,0,0,0,100,49,34,28,33,43,49,41,0,0,69,0,0,0,0,0,0,14724,1096,979,0,904,75,342,342,100,1,1,0,999,999,40,0,25,0,0,0,0,0,0,0,0,0,0,100,2688,2816,100,0,0,0,0,0,0,0,0,0,0,0,0,0,0,0,0,0,0,0,0,160,766,766,1,1,24,18,50,1,7459,766,2202,2044,0,0,0,7177,0,7449,0,0,0,0,11,3,6,175,0,242,15,272,0,0,692,8013,1
391040,2283,996,82,46,9999,0,0,284,0,0,0,4155,1180,0,0,62,0,2,4,1382,545,2000,1,0,4,69,72,38730,13459,282,602,112,63,366,0,2,11,73,3,3,0,10,0,0,0,0,0,2688,2816,2688,2816,4128,2208,7875,1385,0,0,0,0,100,58,50,45,51,58,56,55,0,0,69,0,0,0,0,0,0,14724,1096,979,0,904,75,342,342,100,3,1,0,999,999,40,0,25,0,0,0,0,0,0,0,0,0,0,100,2688,2816,100,0,0,0,0,0,0,0,0,0,0,0,0,0,0,0,0,0,0,0,0,160,766,766,1,1,24,17,50,1,7430,766,2202,2044,0,0,0,16127,0,16481,0,0,0,0,11,3,6,177,0,241,15,272,0,0,690,8013,1
392040,2283,996,82,46,9999,0,0,393,0,0,0,4155,1632,0,0,62,0,2,3,1382,545,2000,1,0,4,72,72,34606,13452,326,577,119,65,339,0,0,4,73,3,3,0,10,0,0,0,0,0,2688,2816,2688,2816,4128,2208,8396,1382,0,0,0,0,100,50,52,50,49,50,49,48,0,0,70,0,0,0,0,0,0,14724,1096,979,0,904,75,342,342,100,2,1,0,999,999,40,0,25,0,0,0,0,0,0,0,0,0,0,100,2688,2816,100,0,0,0,0,0,0,0,0,0,0,0,0,0,0,0,0,0,0,0,0,160,767,767,1,1,24,16,50,1,7467,767,2202,2042,0,0,0,8099,0,8334,0,0,2,1,11,3,6,176,0,241,15,272,52,1,691,8013,1
393042,2283,996,82,46,9999,0,0,72,0,0,0,4155,299,0,0,62,0,3,3,1382,492,2000,1,0,4,71,72,36417,13598,329,601,171,64,364,0,0,3,73,3,3,0,10,0,0,0,0,0,2688,2816,2688,2816,4128,2208,8535,1520,0,0,0,0,100,57,45,48,46,57,55,55,0,0,74,0,0,0,0,0,0,14724,1096,979,0,904,75,342,342,100,1,1,0,999,999,40,0,25,0,0,0,0,0,0,0,0,0,0,100,2688,2816,100,0,0,0,0,0,0,0,0,0,0,0,0,0,0,0,0,0,0,0,0,160,767,767,1,1,24,20,50,1,7432,767,2202,2046,0,0,0,8103,0,8350,0,0,0,0,11,3,6,177,0,236,15,272,0,0,688,8013,0
394041,2283,996,82,46,9999,0,0,337,0,0,0,4155,1400,0,0,62,0,2,3,1382,492,2000,1,0,4,72,72,35138,13779,254,867,151,64,364,0,0,1,73,3,3,0,10,0,0,0,0,0,2688,2816,2688,2816,4128,2208,8549,1521,0,0,0,0,100,51,37,40,38,45,51,41,0,0,74,0,0,0,0,0,0,14724,1096,979,0,904,75,342,342,100,1,1,0,999,999,40,0,25,0,0,0,0,0,0,0,0,0,0,100,2688,2816,100,0,0,0,0,0,0,0,0,0,0,0,0,0,0,0,0,0,0,0,0,160,767,767,1,1,24,19,50,1,7468,767,2202,2046,0,0,0,18249,0,18644,0,0,0,0,11,3,6,177,0,236,15,272,0,0,688,8013,0
395041,2283,996,82,46,9999,0,0,470,0,0,0,4155,1952,0,0,62,0,2,2,1382,492,2000,1,0,4,73,72,34500,13627,320,740,145,64,359,0,0,4,72,3,3,0,10,0,0,0,0,0,2688,2816,2688,2816,4128,2208,8930,1464,0,0,0,0,100,48,37,32,35,48,46,45,0,0,74,0,0,0,0,0,0,14724,1096,979,0,904,75,342,342,100,1,1,0,999,999,40,0,25,0,0,0,0,0,0,0,0,0,0,100,2688,2816,100,0,0,0,0,0,0,0,0,0,0,0,0,0,0,0,0,0,0,0,0,160,767,767,1,1,24,17,50,1,7433,767,2202,2043,0,0,0,15359,0,15756,0,0,0,0,11,3,6,179,0,236,15,272,0,0,688,8013,0
396041,2283,996,82,46,9999,0,0,380,0,0,0,4155,1578,0,0,62,0,3,2,1382,492,2000,1,0,4,72,72,36188,13649,273,707,155,64,385,0,0,3,73,3,3,0,10,0,0,0,0,0,2688,2816,2688,2816,4128,2208,9104,1590,0,0,0,0,100,56,40,41,45,56,54,50,0,0,78,0,0,0,0,0,0,14724,1096,979,0,904,75,342,342,100,2,1,0,999,999,40,0,25,0,0,0,0,0,0,0,0,0,0,100,2688,2816,100,0,0,0,0,0,0,0,0,0,0,0,0,0,0,0,0,0,0,0,0,160,767,767,1,1,24,17,50,1,7446,767,2202,2043,0,0,0,11320,0,11543,0,0,0,0,11,3,6,178,0,236,15,272,0,0,687,8013,0
397041,2283,996,82,46,9999,0,0,435,0,0,0,4155,1807,0,0,62,0,3,2,1382,492,2000,1,0,4,72,72,36080,13646,255,638,116,65,377,0,0,2,72,3,3,0,10,0,0,0,0,0,2688,2816,2688,2816,4128,2208,8587,1597,0,0,0,0,100,50,43,39,37,47,50,47,0,0,79,0,0,0,0,0,0,14724,1096,979,0,904,75,342,342,100,1,1,0,999,999,40,0,25,0,0,0,0,0,0,0,0,0,0,100,2688,2816,100,0,0,0,0,0,0,0,0,0,0,0,0,0,0,0,0,0,0,0,0,160,767,767,1,1,21,15,50,1,7436,767,2199,2042,0,0,0,10619,0,10999,0,0,0,0,11,3,6,178,0,232,15,272,0,0,676,8013,0
398041,2283,996,82,46,9999,0,0,360,0,0,0,4155,1495,0,0,62,0,3,2,1382,492,2000,1,0,4,73,72,34960,13608,329,602,123,65,388,0,0,3,72,3,3,0,10,0,0,0,0,0,2688,2816,2688,2816,4128,2208,9200,1646,0,0,0,0,100,47,40,39,38,47,42,46,0,0,81,0,0,0,0,0,0,14724,1096,979,0,904,75,342,342,100,3,1,0,999,999,40,0,25,0,0,0,0,0,0,0,0,0,0,100,2688,2816,100,0,0,0,0,0,0,0,0,0,0,0,0,0,0,0,0,0,0,0,0,160,767,767,1,1,21,19,50,1,7436,767,2199,2045,0,0,0,14359,0,14624,0,0,0,0,11,3,6,174,0,236,15,272,0,0,687,8013,0
399081,2247,997,82,46,9999,0,0,792,0,0,0,4143,3281,0,0,62,0,3,5,1382,492,2000,1,0,4,72,72,35052,13732,279,620,120,66,402,0,0,2,73,3,3,0,10,0,0,0,0,0,2688,2816,2688,2816,4128,2208,7430,1514,0,0,0,0,100,52,39,42,42,52,50,48,0,0,78,0,0,0,0,0,0,14725,1100,979,0,908,70,343,343,100,1,1,0,999,999,40,0,25,0,0,0,0,0,0,0,0,0,0,100,2688,2816,100,0,0,0,0,0,0,0,0,0,0,0,0,0,0,0,0,0,0,0,0,160,767,767,1,1,21,14,50,1,7470,767,2198,2040,0,0,0,18691,0,18982,0,0,0,2,11,3,6,177,0,221,15,272,9,2,644,8013,0
400041,2247,997,82,46,9999,0,0,307,0,0,0,4143,1271,0,0,62,0,2,4,1382,492,2000,1,0,4,71,72,36411,13657,296,750,142,65,380,0,0,5,72,3,3,0,10,0,0,0,0,0,2688,2816,2688,2816,4128,2208,7459,1333,0,0,0,0,100,53,41,38,44,53,51,47,0,0,67,0,0,0,0,0,0,14725,1100,979,0,908,70,343,343,100,3,1,0,999,999,40,0,25,0,0,0,0,0,0,0,0,0,0,100,2688,2816,100,0,0,0,0,0,0,0,0,0,0,0,0,0,0,0,0,0,0,0,0,160,767,767,1,1,21,18,50,1,7439,767,2199,2044,0,0,0,19083,0,19443,0,0,0,0,11,3,6,179,0,216,15,272,0,0,628,8013,0
401041,2247,997,82,46,9999,0,0,372,0,0,0,4143,1541,0,0,62,0,2,3,1382,492,2000,1,0,4,72,72,33839,13712,368,750,129,64,333,0,0,3,73,3,3,0,10,0,0,0,0,0,2688,2816,2688,2816,4128,2208,7259,1395,0,0,0,0,100,50,41,38,40,49,50,48,0,0,66,0,0,0,0,0,0,14725,1100,979,0,908,70,343,343,100,2,1,0,999,999,40,0,25,0,0,0,0,0,0,0,0,0,0,100,2688,2816,100,0,0,0,0,0,0,0,0,0,0,0,0,0,0,0,0,0,0,0,0,160,767,767,1,1,20,15,50,1,7472,767,2198,2041,0,0,0,13480,0,13719,0,0,0,0,11,3,6,173,0,235,15,272,0,0,686,8013,0
402041,2247,997,82,46,9999,0,0,377,0,0,0,4143,1561,0,0,62,0,3,3,1382,492,2000,1,0,4,73,72,35802,13715,317,668,155,66,396,0,0,2,73,3,3,0,10,0,0,0,0,0,2688,2816,2688,2816,4128,2208,8959,1608,0,0,0,0,100,54,42,38,42,51,54,46,0,0,72,0,0,0,0,0,0,14725,1100,979,0,908,70,343,343,100,1,1,0,999,999,40,0,25,0,0,0,0,0,0,0,0,0,0,100,2688,2816,100,0,0,0,0,0,0,0,0,0,0,0,0,0,0,0,0,0,0,0,0,160,767,767,1,1,20,19,50,1,7438,767,2198,2046,0,0,0,17301,0,17702,0,0,0,0,11,3,6,174,0,235,15,272,0,0,686,8013,0
403041,2247,997,82,46,9999,0,0,325,0,0,0,4143,1346,0,0,62,0,2,3,1651,492,2000,1,0,4,71,72,36840,13707,349,683,141,67,378,0,0,3,73,3,3,0,10,0,0,0,0,0,2688,2816,2688,2816,4128,2208,9725,1595,0,0,0,0,100,50,43,43,45,50,47,47,0,0,77,0,0,0,0,0,0,14725,1100,979,0,908,70,343,343,100,2,1,0,999,999,40,0,25,0,0,0,0,0,0,0,0,0,0,100,2688,2816,100,0,0,0,0,0,0,0,0,0,0,0,0,0,0,0,0,0,0,0,0,160,764,764,1,1,24,19,50,1,7459,764,2202,2045,0,0,0,17324,0,17806,0,0,0,0,11,3,6,176,0,235,15,272,0,0,686,8013,0
404041,2247,997,82,46,9999,0,0,480,0,0,0,4143,1988,0,0,62,0,3,3,1651,492,2000,1,0,4,73,72,35795,13882,363,709,151,66,381,0,0,2,72,3,3,0,10,0,0,0,0,0,2688,2816,2688,2816,4128,2208,8526,1539,0,0,0,0,100,50,37,36,34,45,50,47,0,0,77,0,0,0,0,0,0,14725,1100,979,0,908,70,343,343,100,1,1,0,999,999,40,0,25,0,0,0,0,0,0,0,0,0,0,100,2688,2816,100,0,0,0,0,0,0,0,0,0,0,0,0,0,0,0,0,0,0,0,0,160,764,764,1,1,24,17,50,1,7437,764,2202,2043,0,0,0,7587,0,7813,0,0,0,0,11,3,6,158,0,237,15,272,0,0,690,8013,0
405042,2247,997,82,46,9999,0,0,402,0,0,0,4143,1665,0,0,62,0,2,3,1651,492,2000,1,0,4,73,72,38044,13932,306,814,264,66,383,0,0,2,73,3,3,0,10,0,0,0,0,0,2688,2816,2688,2816,4128,2208,8470,1542,0,0,0,0,100,53,39,35,38,53,46,47,0,0,77,0,0,0,0,0,0,14725,1100,979,0,908,70,343,343,100,1,1,0,999,999,40,0,25,0,0,0,0,0,0,0,0,0,0,100,2688,2816,100,0,0,0,0,0,0,0,0,0,0,0,0,0,0,0,0,0,0,0,0,160,764,764,1,1,24,17,50,1,7438,764,2201,2042,0,0,0,7903,0,8375,0,0,2,1,11,3,6,145,0,247,15,272,51,1,693,8013,2
406041,2247,997,82,46,9999,0,0,213,0,0,0,4143,882,0,0,62,0,2,3,1651,492,2000,1,0,4,73,72,35021,13827,363,773,192,66,385,0,0,1,72,3,3,0,10,0,0,0,0,0,2688,2816,2688,2816,4128,2208,8617,1449,0,0,0,0,100,51,39,37,36,46,48,51,0,0,80,0,0,0,0,0,0,14725,1100,979,0,908,70,343,343,100,1,1,0,999,999,40,0,25,0,0,0,0,0,0,0,0,0,0,100,2688,2816,100,0,0,0,0,0,0,0,0,0,0,0,0,0,0,0,0,0,0,0,0,160,764,764,1,1,24,17,50,1,7467,764,2202,2043,0,0,0,13055,0,13615,0,0,0,0,11,3,6,160,0,247,15,272,0,0,693,8013,2
407043,2247,997,82,46,9999,0,0,453,0,0,0,4143,1876,0,0,62,0,2,3,1651,492,2000,1,0,4,72,72,36809,13655,340,668,136,65,382,0,0,1,73,3,3,0,10,0,0,0,0,0,2688,2816,2688,2816,4128,2208,9682,1343,0,0,0,0,100,60,42,43,43,60,54,56,0,0,78,0,0,0,0,0,0,14725,1100,979,0,908,70,343,343,100,1,1,0,999,999,40,0,25,0,0,0,0,0,0,0,0,0,0,100,2688,2816,100,0,0,0,0,0,0,0,0,0,0,0,0,0,0,0,0,0,0,0,0,160,765,765,1,1,24,19,50,1,7438,765,2201,2044,0,0,0,17304,0,17713,0,0,0,0,11,3,6,175,0,248,15,272,0,0,695,8013,2
408041,2247,997,82,46,9999,0,0,416,0,0,0,4143,1723,0,0,62,0,3,4,1651,492,2000,1,0,4,71,72,37289,13680,308,695,107,65,361,0,2,7,72,3,3,0,10,0,0,0,0,0,2688,2816,2688,2816,4128,2208,8025,1189,0,0,0,0,100,51,37,33,36,51,50,49,0,0,72,0,0,0,0,0,0,14725,1100,979,0,908,70,343,343,100,5,1,0,999,999,40,0,25,0,0,0,0,0,0,0,0,0,0,100,2688,2816,100,0,0,0,0,0,0,0,0,0,0,0,0,0,0,0,0,0,0,0,0,160,765,765,1,1,24,19,50,1,7473,765,2201,2044,0,0,0,16019,0,16379,0,0,0,0,11,3,6,147,0,244,15,272,0,0,688,8013,2
409042,2247,997,82,46,9999,0,0,247,0,0,0,4157,1026,0,0,62,0,3,3,1651,492,2000,1,0,4,72,72,37287,13530,309,688,108,66,389,0,0,2,72,3,3,0,10,0,0,0,0,0,2688,2816,2688,2816,4128,2208,9762,1272,0,0,0,0,100,56,42,43,44,56,46,49,0,0,74,0,0,0,0,0,0,14725,1100,979,0,908,70,343,343,100,2,1,0,999,999,40,0,25,0,0,0,0,0,0,0,0,0,0,100,2688,2816,100,0,0,0,0,0,0,0,0,0,0,0,0,0,0,0,0,0,0,0,0,160,765,765,1,1,24,17,50,1,7444,765,2202,2043,0,0,0,11891,0,12386,0,0,0,0,11,3,6,148,0,243,15,272,0,0,687,8013,2
410042,2247,997,82,46,9999,0,0,507,0,0,0,4157,2107,0,0,62,0,2,3,1651,492,2000,1,0,4,73,72,35822,13657,362,675,165,65,410,0,0,4,73,3,3,0,10,0,0,0,0,0,2688,2816,2688,2816,4128,2208,9819,1292,0,0,0,0,100,50,41,32,40,50,47,43,0,0,76,0,0,0,0,0,0,14725,1100,979,0,908,70,343,343,100,2,1,0,999,999,40,0,25,0,0,0,0,0,0,0,0,0,0,100,2688,2816,100,0,0,0,0,0,0,0,0,0,0,0,0,0,0,0,0,0,0,0,0,160,766,766,1,1,24,16,50,1,7478,766,2202,2042,0,0,0,12330,0,12671,0,0,0,0,11,3,6,173,0,240,15,272,0,0,689,8013,1
411042,2247,997,82,46,9999,0,0,581,0,0,0,4157,2415,0,0,62,0,3,3,1651,492,2000,1,0,4,72,72,36101,13603,324,577,162,65,382,0,0,1,73,3,3,0,10,0,0,0,0,0,2688,2816,2688,2816,4128,2208,9168,1494,0,0,0,0,100,48,41,36,39,45,45,48,0,0,78,0,0,0,0,0,0,14725,1100,979,0,908,70,343,343,100,1,1,0,999,999,40,0,25,0,0,0,0,0,0,0,0,0,0,100,2688,2816,100,0,0,0,0,0,0,0,0,0,0,0,0,0,0,0,0,0,0,0,0,160,766,766,1,1,24,16,50,1,7474,766,2202,2043,0,0,0,11683,0,12055,0,0,2,1,11,3,6,180,0,242,15,272,52,1,691,8013,1
412042,2247,997,82,46,9999,0,0,669,0,0,0,4157,2781,0,0,62,0,3,3,1651,492,2000,1,0,4,71,72,37132,13603,648,613,120,64,363,0,0,3,73,3,3,0,10,0,0,0,0,0,2688,2816,2688,2816,4128,2208,8698,1498,0,0,0,0,100,56,45,49,51,56,52,51,0,0,76,0,0,0,0,0,0,14725,1100,979,0,908,70,343,343,100,3,1,0,999,999,40,0,25,0,0,0,0,0,0,0,0,0,0,100,2688,2816,100,0,0,0,0,0,0,0,0,0,0,0,0,0,0,0,0,0,0,0,0,160,766,766,1,1,24,15,50,1,7464,766,2202,2042,0,0,0,10414,0,10686,0,0,2,1,11,3,6,173,0,241,15,272,52,1,690,8013,1
413043,2247,997,82,46,9999,0,0,347,0,0,0,4157,1442,0,0,62,0,2,3,1382,492,2000,1,0,4,72,72,35499,13583,324,625,105,66,384,0,0,2,73,3,3,0,10,0,0,0,0,0,2688,2816,2688,2816,4128,2208,8807,1487,0,0,0,0,100,48,53,49,48,48,48,45,0,0,76,0,0,0,0,0,0,14725,1100,979,0,908,70,343,343,100,2,1,0,999,999,40,0,25,0,0,0,0,0,0,0,0,0,0,100,2688,2816,100,0,0,0,0,0,0,0,0,0,0,0,0,0,0,0,0,0,0,0,0,160,766,766,1,1,24,19,50,1,7483,766,2202,2046,0,0,0,8910,0,9160,0,0,2,1,11,3,6,176,0,235,15,272,51,1,686,8013,0
414042,2247,997,82,46,9999,0,0,234,0,0,0,4157,972,0,0,62,0,2,2,1382,492,2000,1,0,4,73,72,36785,13733,307,700,144,65,356,0,0,4,73,3,3,0,10,0,0,0,0,0,2688,2816,2688,2816,4128,2208,9572,1546,0,0,0,0,100,56,45,43,46,56,50,56,0,0,76,0,0,0,0,0,0,14725,1100,979,0,908,70,343,343,100,1,1,0,999,999,40,0,25,0,0,0,0,0,0,0,0,0,0,100,2688,2816,100,0,0,0,0,0,0,0,0,0,0,0,0,0,0,0,0,0,0,0,0,160,767,767,1,1,24,15,50,1,7448,767,2202,2041,0,0,0,18656,0,19056,0,0,0,0,11,3,6,176,0,235,15,272,0,0,686,8013,0
415042,2247,997,82,46,9999,0,0,384,0,0,0,4157,1596,0,0,62,0,2,2,1382,492,2000,1,0,4,72,72,36347,13696,307,711,138,65,386,0,0,2,72,3,3,0,10,0,0,0,0,0,2688,2816,2688,2816,4128,2208,8978,1542,0,0,0,0,100,51,40,39,39,51,51,51,0,0,77,0,0,0,0,0,0,14725,1100,979,0,908,70,343,343,100,1,1,0,999,999,40,0,25,0,0,0,0,0,0,0,0,0,0,100,2688,2816,100,0,0,0,0,0,0,0,0,0,0,0,0,0,0,0,0,0,0,0,0,160,767,767,1,1,24,19,50,1,7482,767,2201,2045,0,0,0,13827,0,14064,0,0,0,0,11,3,6,176,0,235,15,272,0,0,686,8013,0
416042,2247,997,82,46,9999,0,0,146,0,0,0,4157,606,0,0,62,0,2,2,1382,492,2000,1,0,4,72,72,35399,13751,369,656,144,65,400,0,0,3,72,3,3,0,10,0,0,0,0,0,2688,2816,2688,2816,4128,2208,8950,1548,0,0,0,0,100,52,38,41,41,50,52,51,0,0,78,0,0,0,0,0,0,14725,1100,979,0,908,70,343,343,100,1,1,0,999,999,40,0,25,0,0,0,0,0,0,0,0,0,0,100,2688,2816,100,0,0,0,0,0,0,0,0,0,0,0,0,0,0,0,0,0,0,0,0,160,767,767,1,1,24,18,50,1,7448,767,2201,2044,0,0,0,16503,0,16865,0,0,0,0,11,3,6,176,0,235,15,272,0,0,686,8013,0
417042,2247,997,82,46,9999,0,0,368,0,0,0,4157,1529,0,0,62,0,2,2,1382,492,2000,1,0,4,72,72,37141,13758,303,674,153,66,372,0,0,4,73,3,3,0,10,0,0,0,0,0,2688,2816,2688,2816,4128,2208,8902,1550,0,0,0,0,100,54,41,44,41,48,50,54,0,0,77,0,0,0,0,0,0,14725,1100,979,0,908,70,343,343,100,3,1,0,999,999,40,0,25,0,0,0,0,0,0,0,0,0,0,100,2688,2816,100,0,0,0,0,0,0,0,0,0,0,0,0,0,0,0,0,0,0,0,0,160,767,767,1,1,24,18,50,1,7472,767,2202,2044,0,0,0,7225,0,7497,0,0,0,0,11,3,6,177,0,236,15,272,0,0,688,8013,0
418043,2247,997,82,46,9999,0,0,309,0,0,0,4157,1284,0,0,62,0,3,3,1382,492,2000,1,0,4,73,72,36983,13766,341,717,192,92,392,0,0,0,73,3,3,0,10,0,0,0,0,0,2688,2816,2688,2816,4128,2208,8887,1510,0,0,0,0,100,54,43,43,44,50,50,54,0,0,77,0,0,0,0,0,0,14725,1100,979,0,908,70,343,343,100,0,0,0,999,999,40,0,25,0,0,0,0,0,0,0,0,0,0,100,2688,2816,100,0,0,0,0,0,0,0,0,0,0,0,0,0,0,0,0,0,0,0,0,160,767,767,1,1,24,16,50,1,7451,767,2202,2042,0,0,0,13065,0,13326,0,0,0,0,11,3,6,179,0,207,15,272,0,0,600,8013,0
419078,2265,1000,82,46,9999,0,0,400,0,0,0,4155,1662,0,0,62,0,2,3,1382,492,2000,1,0,4,71,72,38186,13795,504,747,131,66,397,0,0,5,73,3,3,0,10,0,0,0,0,0,2688,2816,2688,2816,4128,2208,8355,1557,0,0,0,0,100,57,48,45,45,51,52,57,0,0,75,0,0,0,0,0,0,14741,1100,983,0,908,75,343,343,100,3,1,0,999,999,40,0,25,0,0,0,0,0,0,0,0,0,0,100,2688,2816,100,0,0,0,0,0,0,0,0,0,0,0,0,0,0,0,0,0,0,0,0,160,767,767,1,1,21,15,50,1,7451,767,2199,2042,0,0,0,14211,0,14598,0,0,0,0,11,3,6,180,0,236,15,272,0,0,688,8013,0
420042,2265,1000,82,46,9999,0,0,301,0,0,0,4155,1250,0,0,62,0,2,2,1382,492,2000,1,0,4,73,72,34044,13868,322,747,142,64,372,0,0,3,72,3,3,0,10,0,0,0,0,0,2688,2816,2688,2816,4128,2208,9735,1557,0,0,0,0,100,49,38,36,38,46,43,49,0,0,75,0,0,0,0,0,0,14741,1100,983,0,908,75,343,343,100,1,1,0,999,999,40,0,25,0,0,0,0,0,0,0,0,0,0,100,2688,2816,100,0,0,0,0,0,0,0,0,0,0,0,0,0,0,0,0,0,0,0,0,160,767,767,1,1,21,18,50,1,7483,767,2199,2045,0,0,0,16737,0,17073,0,0,0,0,11,3,6,178,0,236,15,272,0,0,688,8013,0
421043,2265,1000,82,46,9999,0,0,220,0,0,0,4155,914,0,0,62,0,3,2,1382,492,2000,1,0,4,72,72,36730,13628,326,653,148,64,376,0,0,3,73,3,3,0,10,0,0,0,0,0,2688,2816,2688,2816,4128,2208,8914,1554,0,0,0,0,100,60,45,44,43,60,48,55,0,0,77,0,0,0,0,0,0,14741,1100,983,0,908,75,343,343,100,2,1,0,999,999,40,0,25,0,0,0,0,0,0,0,0,0,0,100,2688,2816,100,0,0,0,0,0,0,0,0,0,0,0,0,0,0,0,0,0,0,0,0,160,767,767,1,1,21,18,50,1,7448,767,2199,2045,0,0,0,9421,0,9652,0,0,2,1,11,3,6,178,0,236,15,272,51,1,688,8013,0
422043,2265,1000,82,46,9999,0,0,365,0,0,0,4155,1516,0,0,62,0,2,2,1382,492,2000,1,0,4,73,72,35593,13755,357,663,173,65,402,0,0,0,73,3,3,0,10,0,0,0,0,0,2688,2816,2688,2816,4128,2208,8961,1526,0,0,0,0,100,48,37,37,37,48,44,44,0,0,78,0,0,0,0,0,0,14741,1100,983,0,908,75,343,343,100,0,0,0,999,999,40,0,25,0,0,0,0,0,0,0,0,0,0,100,2688,2816,100,0,0,0,0,0,0,0,0,0,0,0,0,0,0,0,0,0,0,0,0,160,768,768,1,1,24,17,50,1,7479,768,2202,2044,0,0,0,9706,0,10102,0,0,0,0,11,3,6,180,0,236,15,272,0,0,688,8013,0
423043,2265,1000,82,46,9999,0,0,347,0,0,0,4155,1441,0,0,62,0,3,2,1382,456,2000,1,0,4,72,72,35502,13685,312,618,120,65,384,0,0,2,73,3,3,0,10,0,0,0,0,0,2688,2816,2688,2816,4128,2208,8843,1533,0,0,0,0,100,57,41,41,46,51,57,44,0,0,77,0,0,0,0,0,0,14741,1100,983,0,908,75,343,343,100,1,1,0,999,999,40,0,25,0,0,0,0,0,0,0,0,0,0,100,2688,2816,100,0,0,0,0,0,0,0,0,0,0,0,0,0,0,0,0,0,0,0,0,160,768,768,1,1,24,18,50,1,7446,768,2202,2044,0,0,0,17378,0,17892,0,0,0,0,11,3,6,178,0,236,15,272,0,0,688,8013,0
424045,2265,1000,82,46,9999,0,0,85,0,0,0,4155,353,0,0,62,0,2,2,1382,456,2000,1,0,4,71,72,35979,13592,254,659,91,65,390,0,0,4,73,3,3,0,10,0,0,0,0,0,2688,2816,2688,2816,4128,2208,8121,1537,0,0,0,0,100,51,40,37,39,42,51,43,0,0,77,0,0,0,0,0,0,14741,1100,983,0,908,75,343,343,100,2,1,0,999,999,40,0,25,0,0,0,0,0,0,0,0,0,0,100,2688,2816,100,0,0,0,0,0,0,0,0,0,0,0,0,0,0,0,0,0,0,0,0,160,768,768,1,1,24,17,50,1,7449,768,2202,2043,0,0,0,17692,0,18096,0,0,0,0,11,3,6,175,0,247,15,272,0,0,695,8013,2
425045,2265,1000,82,46,9999,0,0,223,0,0,0,4155,926,0,0,62,0,3,2,1382,456,2000,1,0,4,72,72,35042,13539,303,598,112,65,387,0,0,5,72,3,3,0,10,0,0,0,0,0,2688,2816,2688,2816,4128,2208,9042,1564,0,0,0,0,100,50,37,34,36,36,50,44,0,0,77,0,0,0,0,0,0,14741,1100,983,0,908,75,343,343,100,4,1,0,999,999,40,0,25,0,0,0,0,0,0,0,0,0,0,100,2688,2816,100,0,0,0,0,0,0,0,0,0,0,0,0,0,0,0,0,0,0,0,0,160,768,768,1,1,21,21,50,1,7454,768,2199,2047,0,0,0,14266,0,14570,0,0,0,0,11,3,6,174,0,247,15,272,0,0,695,8013,2
426044,2265,1000,82,46,9999,0,0,190,0,0,0,4155,789,0,0,62,0,2,2,1382,456,2000,1,0,4,73,72,36840,13608,296,545,98,67,403,0,0,2,73,3,3,0,10,0,0,0,0,0,2688,2816,2688,2816,4128,2208,9189,1558,0,0,0,0,100,54,41,38,41,54,54,45,0,0,78,0,0,0,0,0,0,14741,1100,983,0,908,75,343,343,100,1,1,0,999,999,40,0,25,0,0,0,0,0,0,0,0,0,0,100,2688,2816,100,0,0,0,0,0,0,0,0,0,0,0,0,0,0,0,0,0,0,0,0,160,768,768,1,1,24,19,50,1,7434,768,2201,2045,0,0,0,13012,0,13533,0,0,0,1,11,3,6,179,0,242,15,272,17,1,692,8013,1
427044,2265,1000,82,46,9999,0,0,385,0,0,0,4155,1599,0,0,62,0,2,2,1382,456,2000,1,0,4,72,72,36267,13588,277,601,115,65,393,0,0,2,73,3,3,0,10,0,0,0,0,0,2688,2816,2688,2816,4128,2208,9013,1502,0,0,0,0,100,50,41,39,41,49,50,50,0,0,77,0,0,0,0,0,0,14741,1100,983,0,908,75,343,343,100,2,1,0,999,999,40,0,25,0,0,0,0,0,0,0,0,0,0,100,2688,2816,100,0,0,0,0,0,0,0,0,0,0,0,0,0,0,0,0,0,0,0,0,160,768,768,1,1,24,17,50,1,7472,768,2201,2043,0,0,0,17862,0,18397,0,0,0,1,11,3,6,179,0,242,15,272,17,1,692,8013,1
428044,2265,1000,82,46,9999,0,0,398,0,0,0,4155,1653,0,0,62,0,3,2,1382,456,2000,1,0,4,72,72,37289,13644,314,665,116,66,400,0,0,3,73,3,3,0,10,0,0,0,0,0,2688,2816,2688,2816,4128,2208,8909,1499,0,0,0,0,100,57,44,42,46,52,57,52,0,0,77,0,0,0,0,0,0,14741,1100,983,0,908,75,343,343,100,2,1,0,999,999,40,0,25,0,0,0,0,0,0,0,0,0,0,100,2688,2816,100,0,0,0,0,0,0,0,0,0,0,0,0,0,0,0,0,0,0,0,0,160,769,769,1,1,21,17,50,1,7437,769,2199,2044,0,0,0,6480,0,6728,0,0,0,1,11,3,6,179,0,242,15,272,17,1,692,8013,1
429044,2265,1000,82,46,9999,0,0,394,0,0,0,4151,1635,0,0,62,0,2,2,1382,456,2000,1,0,4,72,72,35031,13666,288,637,107,65,397,0,0,4,72,3,3,0,10,0,0,0,0,0,2688,2816,2688,2816,4128,2208,8989,1495,0,0,0,0,100,50,38,38,38,47,49,50,0,0,78,0,0,0,0,0,0,14741,1100,983,0,908,75,343,343,100,2,1,0,999,999,40,0,25,0,0,0,0,0,0,0,0,0,0,100,2688,2816,100,0,0,0,0,0,0,0,0,0,0,0,0,0,0,0,0,0,0,0,0,160,769,769,1,1,21,17,50,1,7468,769,2199,2044,0,0,0,13946,0,14174,0,0,0,1,11,3,6,180,0,236,15,272,17,1,688,8013,0
430044,2265,1000,82,46,9999,0,0,312,0,0,0,4151,1295,0,0,62,0,3,2,1382,456,2000,1,0,4,73,72,36284,13576,290,577,113,64,414,0,0,3,73,3,3,0,10,0,0,0,0,0,2688,2816,2688,2816,4128,2208,8849,1522,0,0,0,0,100,58,37,41,36,52,58,48,0,0,77,0,0,0,0,0,0,14741,1100,983,0,908,75,343,343,100,2,1,0,999,999,40,0,25,0,0,0,0,0,0,0,0,0,0,100,2688,2816,100,0,0,0,0,0,0,0,0,0,0,0,0,0,0,0,0,0,0,0,0,160,769,769,1,1,21,15,50,1,7436,769,2199,2042,0,0,0,13516,0,14106,0,0,0,0,11,3,6,178,0,236,15,272,0,0,688,8013,0
431044,2265,1000,82,46,9999,0,0,235,0,0,0,4151,975,0,0,62,0,2,2,1382,456,2000,1,0,4,72,72,35372,13608,339,642,103,65,376,0,0,2,72,3,3,0,10,0,0,0,0,0,2688,2816,2688,2816,4128,2208,8430,1519,0,0,0,0,100,44,33,37,32,39,43,44,0,0,79,0,0,0,0,0,0,14741,1100,983,0,908,75,343,343,100,2,1,0,999,999,40,0,25,0,0,0,0,0,0,0,0,0,0,100,2688,2816,100,0,0,0,0,0,0,0,0,0,0,0,0,0,0,0,0,0,0,0,0,160,769,769,1,1,24,16,50,1,7440,769,2202,2042,0,0,0,18914,0,19478,0,0,0,1,11,3,6,176,0,235,15,272,17,1,686,8013,0
432044,2265,1000,82,46,9999,0,0,402,0,0,0,4151,1668,0,0,62,0,3,2,1382,456,2000,1,0,4,72,72,35548,13659,581,548,114,65,367,0,0,2,72,3,3,0,10,0,0,0,0,0,2688,2816,2688,2816,4128,2208,8862,1583,0,0,0,0,100,50,36,43,42,50,49,50,0,0,77,0,0,0,0,0,0,14741,1100,983,0,908,75,343,343,100,2,1,0,999,999,40,0,25,0,0,0,0,0,0,0,0,0,0,100,2688,2816,100,0,0,0,0,0,0,0,0,0,0,0,0,0,0,0,0,0,0,0,0,160,769,769,1,1,24,18,50,1,7447,769,2202,2045,0,0,0,11489,0,11691,0,0,1,4,11,3,6,178,0,236,15,272,30,4,688,8013,0
433044,2265,1000,82,46,9999,0,0,475,0,0,0,4151,1971,0,0,62,0,2,2,1651,456,2000,1,0,4,73,72,34580,13655,328,642,166,64,387,0,0,2,73,3,3,0,10,0,0,0,0,0,2688,2816,2688,2816,4128,2208,8418,1575,0,0,0,0,100,47,38,34,37,47,47,43,0,0,75,0,0,0,0,0,0,14741,1100,983,0,908,75,343,343,100,1,1,0,999,999,40,0,25,0,0,0,0,0,0,0,0,0,0,100,2688,2816,100,0,0,0,0,0,0,0,0,0,0,0,0,0,0,0,0,0,0,0,0,160,770,770,1,1,24,18,50,1,7465,770,2202,2045,0,0,0,11942,0,12210,0,0,0,0,11,3,6,178,0,236,15,272,0,0,688,8013,0
434044,2265,1000,82,46,9999,0,0,273,0,0,0,4151,1133,0,0,62,0,2,2,1651,456,2000,1,0,4,73,72,36003,13755,357,613,129,65,389,0,0,3,72,3,3,0,10,0,0,0,0,0,2688,2816,2688,2816,4128,2208,8273,1570,0,0,0,0,100,54,50,48,47,47,54,44,0,0,76,0,0,0,0,0,0,14741,1100,983,0,908,75,343,343,100,1,1,0,999,999,40,0,25,0,0,0,0,0,0,0,0,0,0,100,2688,2816,100,0,0,0,0,0,0,0,0,0,0,0,0,0,0,0,0,0,0,0,0,160,770,770,1,1,24,17,50,1,7474,770,2202,2044,0,0,0,17529,0,17860,0,0,0,2,11,3,6,180,0,236,15,272,9,2,688,8013,0
435045,2265,1000,82,46,9999,0,0,249,0,0,0,4151,1033,0,0,62,0,3,2,1651,456,2000,1,0,4,71,72,37632,13752,291,704,168,66,384,0,0,3,73,3,3,0,10,0,0,0,0,0,2688,2816,2688,2816,4128,2208,8860,1567,0,0,0,0,100,57,46,45,46,57,53,52,0,0,74,0,0,0,0,0,0,14741,1100,983,0,908,75,343,343,100,2,1,0,999,999,40,0,25,0,0,0,0,0,0,0,0,0,0,100,2688,2816,100,0,0,0,0,0,0,0,0,0,0,0,0,0,0,0,0,0,0,0,0,160,770,770,1,1,24,17,50,1,7440,770,2201,2042,0,0,0,17453,0,17873,0,0,0,0,11,3,6,178,0,236,15,272,0,0,688,8013,0
436045,2265,1000,82,46,9999,0,0,414,0,0,0,4151,1718,0,0,62,0,2,2,1651,456,2000,1,0,4,72,72,34127,13730,301,732,120,65,392,0,0,1,73,3,3,0,10,0,0,0,0,0,2688,2816,2688,2816,4128,2208,8427,1530,0,0,0,0,100,47,32,36,33,44,41,47,0,0,74,0,0,0,0,0,0,14741,1100,983,0,908,75,343,343,100,1,1,0,999,999,40,0,25,0,0,0,0,0,0,0,0,0,0,100,2688,2816,100,0,0,0,0,0,0,0,0,0,0,0,0,0,0,0,0,0,0,0,0,160,770,770,1,1,24,16,50,1,7472,770,2202,2043,0,0,0,16278,0,16673,0,0,0,0,11,3,6,172,0,235,15,272,0,0,685,8013,0
437044,2265,1000,82,46,9999,0,0,493,0,0,0,4151,2046,0,0,62,0,2,4,1651,456,2000,1,0,4,71,72,35305,13696,312,641,114,65,402,0,0,3,73,3,3,0,10,0,0,0,0,0,2688,2816,2688,2816,4128,2208,11032,1595,0,0,0,0,100,60,37,42,43,60,50,49,0,0,79,0,0,0,0,0,0,14741,1100,983,0,908,75,343,343,100,2,1,0,999,999,40,0,25,0,0,0,0,0,0,0,0,0,0,100,2688,2816,100,0,0,0,0,0,0,0,0,0,0,0,0,0,0,0,0,0,0,0,0,160,770,770,1,1,21,18,50,1,7440,770,2199,2045,0,0,0,6726,0,7012,0,0,0,0,11,3,6,148,0,247,15,272,0,0,693,8013,2
438045,2265,1000,82,46,9999,0,0,564,0,0,0,4151,2341,0,0,62,0,3,4,1651,456,2000,1,0,4,71,72,37350,13738,304,722,124,66,390,0,2,3,72,3,3,0,10,0,0,0,0,0,2688,2816,2688,2816,4128,2208,8124,1336,0,0,0,0,100,59,45,45,50,52,54,59,0,0,77,0,0,0,0,0,0,14741,1100,983,0,908,75,343,343,100,2,1,0,999,999,40,0,25,0,0,0,0,0,0,0,0,0,0,100,2688,2816,100,0,0,0,0,0,0,0,0,0,0,0,0,0,0,0,0,0,0,0,0,160,770,770,1,1,21,16,50,1,7443,770,2198,2041,0,0,0,14281,0,14754,0,0,0,0,11,3,6,97,0,242,15,272,0,0,684,8013,2
439086,2242,1000,82,46,9999,0,0,234,0,0,0,4140,968,0,0,62,0,2,4,1651,456,2000,1,0,4,73,72,34562,13600,304,767,109,64,339,0,0,1,73,3,3,0,10,0,0,0,0,0,2688,2816,2688,2816,4128,2208,8687,1267,0,0,0,0,100,45,35,35,30,45,41,41,0,0,76,0,0,0,0,0,0,14723,1102,982,0,910,71,342,342,100,1,1,0,999,999,40,0,25,0,0,0,0,0,0,0,0,0,0,100,2688,2816,100,0,0,0,0,0,0,0,0,0,0,0,0,0,0,0,0,0,0,0,0,160,770,770,1,1,21,16,50,1,7449,770,2198,2042,0,0,0,10762,0,11007,0,0,0,0,11,3,6,85,0,241,15,272,0,0,682,8013,2
440045,2242,1000,82,46,9999,0,0,378,0,0,0,4140,1564,0,0,62,0,2,3,1651,456,2000,1,0,4,72,72,33330,13475,329,570,103,66,460,0,0,0,73,3,3,0,10,0,0,0,0,0,2688,2816,2688,2816,4128,2208,8080,1341,0,0,0,0,100,46,38,32,40,46,40,36,0,0,74,0,0,0,0,0,0,14723,1102,982,0,910,71,342,342,100,0,0,0,999,999,40,0,25,0,0,0,0,0,0,0,0,0,0,100,2688,2816,100,0,0,0,0,0,0,0,0,0,0,0,0,0,0,0,0,0,0,0,0,160,771,771,1,1,21,20,50,1,7443,771,2199,2047,0,0,0,9063,0,9333,0,0,0,0,11,3,6,165,0,248,15,272,0,0,696,8013,2
441045,2242,1000,82,46,9999,0,0,517,0,0,0,4140,2140,0,0,62,0,2,2,1651,456,2000,1,0,4,71,72,36508,13578,336,567,115,64,393,0,1,7,73,3,3,0,10,0,0,0,0,0,2688,2816,2688,2816,4128,2208,9292,1572,0,0,0,0,100,55,40,37,41,51,46,55,0,0,74,0,0,0,0,0,0,14723,1102,982,0,910,71,342,342,100,4,1,0,999,999,40,0,25,0,0,0,0,0,0,0,0,0,0,100,2688,2816,100,0,0,0,0,0,0,0,0,0,0,0,0,0,0,0,0,0,0,0,0,160,768,768,1,1,21,16,50,1,7476,768,2199,2043,0,0,0,15582,0,15966,0,0,0,0,11,3,6,179,0,236,15,272,0,0,688,8013,0
442046,2242,1000,82,46,9999,0,0,246,0,0,0,4140,1018,0,0,62,0,3,4,1651,456,2000,1,0,4,73,72,37757,13724,347,745,269,67,443,0,0,3,73,3,3,0,10,0,0,0,0,0,2688,2816,2688,2816,4128,2208,8756,1348,0,0,0,0,100,53,40,37,40,50,53,51,0,0,76,0,0,0,0,0,0,14723,1102,982,0,910,71,342,342,100,2,1,0,999,999,40,0,25,0,0,0,0,0,0,0,0,0,0,100,2688,2816,100,0,0,0,0,0,0,0,0,0,0,0,0,0,0,0,0,0,0,0,0,160,768,768,1,1,21,18,50,1,7441,768,2199,2045,0,0,0,20788,0,21138,0,0,0,2,11,3,6,177,0,247,15,272,9,2,695,8013,2
443045,2242,1000,82,46,9999,0,0,651,0,0,0,4140,2695,0,0,62,0,2,3,1651,545,2000,1,0,4,72,72,35152,13775,305,867,159,65,355,0,0,3,72,3,3,0,10,0,0,0,0,0,2688,2816,2688,2816,4128,2208,9304,1453,0,0,0,0,100,47,32,30,33,41,41,47,0,0,77,0,0,0,0,0,0,14723,1102,982,0,910,71,342,342,100,2,1,0,999,999,40,0,25,0,0,0,0,0,0,0,0,0,0,100,2688,2816,100,0,0,0,0,0,0,0,0,0,0,0,0,0,0,0,0,0,0,0,0,160,768,768,1,1,24,19,50,1,7478,768,2202,2045,0,0,0,17724,0,18111,0,0,0,0,11,3,6,180,0,236,15,272,0,0,688,8013,0
444045,2242,1000,82,46,9999,0,0,456,0,0,0,4146,1890,0,0,62,0,3,3,1651,545,2000,1,0,4,72,72,36884,13721,320,703,265,64,352,1,0,2,73,3,3,0,10,0,0,0,0,0,2688,2816,2688,2816,4128,2208,8606,1458,0,0,0,0,100,56,44,37,46,56,56,56,0,0,76,0,0,0,0,0,0,14723,1102,982,0,910,71,342,342,100,1,1,0,999,999,40,0,25,0,0,0,0,0,0,0,0,0,0,100,2688,2816,100,0,0,0,0,0,0,0,0,0,0,0,0,0,0,0,0,0,0,0,0,160,769,769,1,1,24,16,50,1,7444,769,2201,2042,0,0,0,16866,0,17208,0,0,0,0,11,3,6,180,0,236,15,272,0,0,688,8013,0
445045,2242,1000,81,46,9999,0,0,399,0,0,0,4146,1654,0,0,62,0,2,3,1651,545,2000,1,0,4,73,72,35546,14186,290,1026,359,65,383,0,0,0,72,3,3,0,10,0,0,0,0,0,2688,2816,2688,2816,4128,2208,8771,1450,0,0,0,0,100,46,41,32,32,40,41,46,0,0,75,0,0,0,0,0,0,14723,1102,982,0,910,71,342,342,100,0,0,0,999,999,40,0,25,0,0,0,0,0,0,0,0,0,0,100,2688,2816,100,0,0,0,0,0,0,0,0,0,0,0,0,0,0,0,0,0,0,0,0,160,769,769,1,1,24,17,50,1,7447,769,2202,2043,0,0,0,8853,0,9109,0,0,1,6,11,3,6,180,0,236,15,272,28,6,688,8013,0
446045,2242,1000,81,46,9999,0,0,446,0,0,0,4146,1849,0,0,62,0,3,3,1651,545,2000,1,0,4,73,72,34928,13899,317,802,205,65,365,0,0,2,72,3,3,0,10,0,0,0,0,0,2688,2816,2688,2816,4128,2208,8804,1457,0,0,0,0,100,50,35,28,35,50,43,50,0,0,75,0,0,0,0,0,0,14723,1102,982,0,910,71,342,342,100,1,1,0,999,999,40,0,25,0,0,0,0,0,0,0,0,0,0,100,2688,2816,100,0,0,0,0,0,0,0,0,0,0,0,0,0,0,0,0,0,0,0,0,160,769,769,1,1,21,16,50,1,7478,769,2199,2043,0,0,0,14328,0,14821,0,0,1,6,11,3,6,180,0,236,15,272,28,6,688,8013,0
447046,2242,1000,81,46,9999,0,0,532,0,0,0,4146,2205,0,0,62,0,2,3,1651,545,2000,1,0,4,72,72,35407,13751,320,688,149,66,388,0,0,4,73,3,3,0,10,0,0,0,0,0,2688,2816,2688,2816,4128,2208,8667,1445,0,0,0,0,100,54,42,41,41,54,50,47,0,0,75,0,0,0,0,0,0,14723,1102,982,0,910,71,342,342,100,3,1,0,999,999,40,0,25,0,0,0,0,0,0,0,0,0,0,100,2688,2816,100,0,0,0,0,0,0,0,0,0,0,0,0,0,0,0,0,0,0,0,0,160,769,769,1,1,21,20,50,1,7445,769,2199,2047,0,0,0,18134,0,18578,0,0,0,0,11,3,6,180,0,236,15,272,0,0,688,8013,0
448046,2242,1000,81,46,9999,0,0,233,0,0,0,4146,966,0,0,62,0,2,3,1651,545,2000,1,0,4,72,72,35120,13600,316,623,123,65,397,0,0,3,73,3,3,0,10,0,0,0,0,0,2688,2816,2688,2816,4128,2208,9197,1434,0,0,0,0,100,54,41,42,43,50,54,53,0,0,75,0,0,0,0,0,0,14723,1102,982,0,910,71,342,342,100,1,1,0,999,999,40,0,25,0,0,0,0,0,0,0,0,0,0,100,2688,2816,100,0,0,0,0,0,0,0,0,0,0,0,0,0,0,0,0,0,0,0,0,160,769,769,1,1,21,21,50,1,7478,769,2199,2047,0,0,0,7787,0,8046,0,0,1,6,11,3,6,180,0,206,15,272,28,6,598,8013,0
449046,2242,1000,81,46,9999,0,0,509,0,0,0,4149,2111,0,0,62,0,2,2,1651,545,2000,1,0,4,72,72,37082,13659,386,594,123,66,395,0,0,0,73,3,3,0,10,0,0,0,0,0,2688,2816,2688,2816,4128,2208,9767,1542,0,0,0,0,100,54,37,40,41,53,54,50,0,0,77,0,0,0,0,0,0,14723,1102,982,0,910,71,342,342,100,0,0,0,999,999,40,0,25,0,0,0,0,0,0,0,0,0,0,100,2688,2816,100,0,0,0,0,0,0,0,0,0,0,0,0,0,0,0,0,0,0,0,0,160,770,770,1,1,24,17,50,1,7447,770,2202,2044,0,0,0,9967,0,10243,0,0,0,0,11,3,6,179,0,236,15,272,0,0,688,8013,0
450046,2242,1000,81,46,9999,0,0,311,0,0,0,4149,1290,0,0,62,0,2,2,1651,545,2000,1,0,4,73,72,36861,13784,288,639,128,65,406,0,0,1,73,3,3,0,10,0,0,0,0,0,2688,2816,2688,2816,4128,2208,10353,1572,0,0,0,0,100,55,41,40,42,48,48,55,0,0,80,0,0,0,0,0,0,14723,1102,982,0,910,71,342,342,100,1,1,0,999,999,40,0,25,0,0,0,0,0,0,0,0,0,0,100,2688,2816,100,0,0,0,0,0,0,0,0,0,0,0,0,0,0,0,0,0,0,0,0,160,770,770,1,1,24,18,50,1,7480,770,2202,2045,0,0,0,12801,0,13077,0,0,1,6,11,3,6,173,0,247,15,272,28,6,694,8013,2
451046,2242,1000,81,46,9999,0,0,282,0,0,0,4149,1170,0,0,62,0,3,3,1651,545,2000,1,0,4,73,72,37279,13617,254,641,110,66,392,0,0,3,73,3,3,0,10,0,0,0,0,0,2688,2816,2688,2816,4128,2208,8516,1496,0,0,0,0,100,56,37,33,41,52,56,48,0,0,79,0,0,0,0,0,0,14723,1102,982,0,910,71,342,342,100,1,1,0,999,999,40,0,25,0,0,0,0,0,0,0,0,0,0,100,2688,2816,100,0,0,0,0,0,0,0,0,0,0,0,0,0,0,0,0,0,0,0,0,160,770,770,1,1,24,15,50,1,7446,770,2202,2042,0,0,0,14133,0,14371,0,0,0,0,11,3,6,175,0,247,15,272,0,0,694,8013,2
452046,2242,1000,81,46,9999,0,0,275,0,0,0,4149,1140,0,0,62,0,2,3,1651,545,2000,1,0,4,73,72,34657,13777,632,669,116,64,365,0,0,1,72,3,3,0,10,0,0,0,0,0,2688,2816,2688,2816,4128,2208,8497,1494,0,0,0,0,100,50,32,32,34,50,50,44,0,0,76,0,0,0,0,0,0,14723,1102,982,0,910,71,342,342,100,1,1,0,999,999,40,0,25,0,0,0,0,0,0,0,0,0,0,100,2688,2816,100,0,0,0,0,0,0,0,0,0,0,0,0,0,0,0,0,0,0,0,0,160,770,770,1,1,24,16,50,1,7446,770,2201,2042,0,0,0,20113,0,20507,0,0,0,0,11,3,6,173,0,236,15,272,0,0,687,8013,0
453046,2242,1000,81,46,9999,0,0,113,0,0,0,4149,468,0,0,62,0,2,2,1382,492,2000,1,0,4,72,72,35853,13659,304,605,118,65,374,0,0,2,73,3,3,0,10,0,0,0,0,0,2688,2816,2688,2816,4128,2208,8318,1570,0,0,0,0,100,58,42,34,41,58,53,48,0,0,73,0,0,0,0,0,0,14723,1102,982,0,910,71,342,342,100,1,1,0,999,999,40,0,25,0,0,0,0,0,0,0,0,0,0,100,2688,2816,100,0,0,0,0,0,0,0,0,0,0,0,0,0,0,0,0,0,0,0,0,160,770,770,1,1,24,14,50,1,7480,770,2202,2041,0,0,0,16445,0,16693,0,0,0,0,11,3,6,172,0,236,15,272,0,0,687,8013,0
454046,2242,1000,81,46,9999,0,0,477,0,0,0,4149,1979,0,0,62,0,3,2,1382,492,2000,1,0,4,72,72,35453,13605,244,630,107,65,393,0,0,1,73,3,3,0,10,0,0,0,0,0,2688,2816,2688,2816,4128,2208,8029,1534,0,0,0,0,100,47,31,30,33,47,45,41,0,0,73,0,0,0,0,0,0,14723,1102,982,0,910,71,342,342,100,1,1,0,999,999,40,0,25,0,0,0,0,0,0,0,0,0,0,100,2688,2816,100,0,0,0,0,0,0,0,0,0,0,0,0,0,0,0,0,0,0,0,0,160,771,771,1,1,24,18,50,1,7478,771,2202,2045,0,0,0,13248,0,13699,0,0,2,1,11,3,6,173,0,236,15,272,51,1,687,8013,0
455046,2242,1000,81,46,9999,0,0,534,0,0,0,4149,2215,0,0,62,0,2,2,1382,492,2000,1,0,4,73,72,33877,13588,292,578,127,65,409,0,0,4,72,3,3,0,10,0,0,0,0,0,2688,2816,2688,2816,4128,2208,8435,1579,0,0,0,0,100,47,45,45,43,46,47,44,0,0,73,0,0,0,0,0,0,14723,1102,982,0,910,71,342,342,100,1,1,0,999,999,40,0,25,0,0,0,0,0,0,0,0,0,0,100,2688,2816,100,0,0,0,0,0,0,0,0,0,0,0,0,0,0,0,0,0,0,0,0,160,771,771,1,1,23,17,50,1,7486,771,2200,2043,0,0,0,12711,0,12930,0,0,2,1,11,3,6,182,0,238,15,272,51,1,691,8013,0
456046,2242,1000,81,46,9999,0,0,305,0,0,0,4149,1265,0,0,62,0,3,2,1382,492,2000,1,0,4,72,72,36667,13876,345,739,293,65,395,0,0,4,73,3,3,0,10,0,0,0,0,0,2688,2816,2688,2816,4128,2208,8664,1647,0,0,0,0,100,59,48,44,48,59,54,47,0,0,75,0,0,0,0,0,0,14723,1102,982,0,910,71,342,342,100,2,1,0,999,999,40,0,25,0,0,0,0,0,0,0,0,0,0,100,2688,2816,100,0,0,0,0,0,0,0,0,0,0,0,0,0,0,0,0,0,0,0,0,160,771,771,1,1,24,16,50,1,7450,771,2202,2043,0,0,0,14895,0,15137,0,0,0,0,11,3,6,173,0,235,15,272,0,0,686,8013,0
457047,2242,1000,81,46,9999,0,0,295,0,0,0,4149,1223,0,0,62,0,2,2,1382,492,2000,1,0,4,72,72,34908,13876,385,787,197,65,379,0,0,4,72,3,3,0,10,0,0,0,0,0,2688,2816,2688,2816,4128,2208,8527,1638,0,0,0,0,100,49,31,34,34,48,49,44,0,0,75,0,0,0,0,0,0,14723,1102,982,0,910,71,342,342,100,1,1,0,999,999,40,0,25,0,0,0,0,0,0,0,0,0,0,100,2688,2816,100,0,0,0,0,0,0,0,0,0,0,0,0,0,0,0,0,0,0,0,0,160,771,771,1,1,24,20,50,1,7488,771,2202,2047,0,0,0,11062,0,11421,0,0,1,6,11,3,6,173,0,235,15,272,28,6,686,8013,0
458046,2242,1000,81,46,9999,0,0,558,0,0,0,4160,2321,0,0,62,0,3,2,1382,492,2000,1,0,4,72,72,37173,13972,364,730,158,65,361,0,2,6,73,3,3,0,10,0,0,0,0,0,2688,2816,2688,2816,4128,2208,8839,1633,0,0,0,0,100,61,42,45,47,61,55,55,0,0,75,0,0,0,0,0,0,14723,1102,982,0,910,71,342,342,100,3,1,0,999,999,40,0,25,0,0,0,0,0,0,0,0,0,0,100,2688,2816,100,0,0,0,0,0,0,0,0,0,0,0,0,0,0,0,0,0,0,0,0,160,771,771,1,1,24,19,50,1,7453,771,2202,2046,0,0,0,14913,0,15407,0,0,0,0,11,3,6,171,0,235,15,272,0,0,685,8013,0
459084,2268,1004,81,46,9999,0,0,286,0,0,0,4148,1186,0,0,62,0,2,2,1382,492,2000,1,0,4,72,72,35512,14043,580,866,185,65,372,0,0,2,72,3,3,0,10,0,0,0,0,0,2688,2816,2688,2816,4128,2208,8403,1594,0,0,0,0,100,43,38,33,37,43,43,43,0,0,74,0,0,0,0,0,0,14741,1104,988,0,912,75,343,343,100,2,1,0,999,999,40,0,25,0,0,0,0,0,0,0,0,0,0,100,2688,2816,100,0,0,0,0,0,0,0,0,0,0,0,0,0,0,0,0,0,0,0,0,160,771,771,1,1,24,18,50,1,7453,771,2202,2045,0,0,0,17448,0,17821,0,0,1,6,11,3,6,172,0,235,15,272,28,6,685,8013,0
460046,2268,1004,81,46,9999,0,0,352,0,0,0,4148,1460,0,0,62,0,2,2,1382,492,2000,1,0,4,72,72,35303,13749,324,697,154,65,380,0,0,5,73,3,3,0,10,0,0,0,0,0,2688,2816,2688,2816,4128,2208,8466,1590,0,0,0,0,100,52,42,40,45,50,52,51,0,0,73,0,0,0,0,0,0,14741,1104,988,0,912,75,343,343,100,2,1,0,999,999,40,0,25,0,0,0,0,0,0,0,0,0,0,100,2688,2816,100,0,0,0,0,0,0,0,0,0,0,0,0,0,0,0,0,0,0,0,0,160,772,772,1,1,24,18,50,1,7498,772,2202,2045,0,0,0,15542,0,15837,0,0,1,6,11,3,6,171,0,235,15,272,28,6,685,8013,0
461046,2268,1004,81,46,9999,0,0,485,0,0,0,4148,2011,0,0,62,0,3,2,1382,492,2000,1,0,4,72,72,36187,13824,357,702,170,66,386,0,0,0,72,3,3,0,10,0,0,0,0,0,2688,2816,2688,2816,4128,2208,8320,1599,0,0,0,0,100,51,50,50,50,50,50,51,0,0,73,0,0,0,0,0,0,14741,1104,988,0,912,75,343,343,100,0,0,0,999,999,40,0,25,0,0,0,0,0,0,0,0,0,0,100,2688,2816,100,0,0,0,0,0,0,0,0,0,0,0,0,0,0,0,0,0,0,0,0,160,771,771,1,1,21,17,50,1,7462,771,2199,2044,0,0,0,19393,0,19820,0,0,0,1,11,3,6,182,0,238,15,272,4,1,691,8013,0
462047,2268,1004,81,46,9999,0,0,443,0,0,0,4148,1837,0,0,62,0,2,2,1382,492,2000,1,0,4,73,72,34856,13744,284,667,127,64,396,0,0,3,73,3,3,0,10,0,0,0,0,0,2688,2816,2688,2816,4128,2208,8668,1649,0,0,0,0,100,55,40,32,35,50,55,47,0,0,75,0,0,0,0,0,0,14741,1104,988,0,912,75,343,343,100,2,1,0,999,999,40,0,25,0,0,0,0,0,0,0,0,0,0,100,2688,2816,100,0,0,0,0,0,0,0,0,0,0,0,0,0,0,0,0,0,0,0,0,160,771,771,1,1,21,20,50,1,7497,771,2199,2047,0,0,0,10629,0,11045,0,0,0,0,11,3,6,173,0,235,15,272,0,0,685,8013,0
463047,2268,1004,81,46,9999,0,0,250,0,0,0,4148,1037,0,0,62,0,2,2,1382,456,2000,1,0,4,73,72,35261,13667,243,649,130,65,417,0,0,1,72,3,3,0,10,0,0,0,0,0,2688,2816,2688,2816,4128,2208,8449,1607,0,0,0,0,100,55,39,35,40,55,50,52,0,0,75,0,0,0,0,0,0,14741,1104,988,0,912,75,343,343,100,1,1,0,999,999,40,0,25,0,0,0,0,0,0,0,0,0,0,100,2688,2816,100,0,0,0,0,0,0,0,0,0,0,0,0,0,0,0,0,0,0,0,0,160,772,772,1,1,21,20,50,1,7463,772,2198,2046,0,0,0,9870,0,10089,0,0,0,0,11,3,6,162,0,195,15,272,0,0,564,8013,0
464047,2268,1004,81,46,9999,0,0,443,0,0,0,4148,1837,0,0,62,0,2,2,1382,456,2000,1,0,4,73,72,36236,14146,470,1000,462,65,371,1,0,1,73,3,3,0,10,0,0,0,0,0,2688,2816,2688,2816,4128,2208,7870,1520,0,0,0,0,100,52,34,28,32,43,52,46,0,0,72,0,0,0,0,0,0,14741,1104,988,0,912,75,343,343,100,1,1,0,999,999,40,0,25,0,0,0,0,0,0,0,0,0,0,100,2688,2816,100,0,0,0,0,0,0,0,0,0,0,0,0,0,0,0,0,0,0,0,0,160,772,772,1,1,21,17,50,1,7497,772,2199,2044,0,0,0,8145,0,8396,0,0,0,0,11,3,6,172,0,235,15,272,0,0,685,8013,0
465047,2268,1004,81,46,9999,0,0,394,0,0,0,4148,1634,0,0,62,0,3,2,1382,456,2000,1,0,4,73,72,36101,14107,326,953,291,65,386,0,0,2,73,3,3,0,10,0,0,0,0,0,2688,2816,2688,2816,4128,2208,8063,1532,0,0,0,0,100,56,48,41,47,56,54,56,0,0,72,0,0,0,0,0,0,14741,1104,988,0,912,75,343,343,100,1,1,0,999,999,40,0,25,0,0,0,0,0,0,0,0,0,0,100,2688,2816,100,0,0,0,0,0,0,0,0,0,0,0,0,0,0,0,0,0,0,0,0,160,772,772,1,1,21,18,50,1,7469,772,2199,2045,0,0,0,17386,0,17770,0,0,0,3,11,3,6,174,0,236,15,272,13,3,687,8013,0
466047,2268,1004,81,46,9999,0,0,179,0,0,0,4148,742,0,0,62,0,2,2,1382,456,2000,1,0,4,73,72,35982,13874,315,919,119,65,378,0,0,1,72,3,3,0,10,0,0,0,0,0,2688,2816,2688,2816,4128,2208,8203,1542,0,0,0,0,100,47,37,35,36,43,47,42,0,0,72,0,0,0,0,0,0,14741,1104,988,0,912,75,343,343,100,1,1,0,999,999,40,0,25,0,0,0,0,0,0,0,0,0,0,100,2688,2816,100,0,0,0,0,0,0,0,0,0,0,0,0,0,0,0,0,0,0,0,0,160,772,772,1,1,21,17,50,1,7468,772,2199,2044,0,0,0,9607,0,9875,0,0,0,0,11,3,6,180,0,244,15,272,0,0,695,8013,1
467048,2268,1004,81,46,9999,0,0,519,0,0,0,4148,2152,0,0,62,0,2,2,1382,456,2000,1,0,4,72,72,34439,13737,291,690,119,65,403,0,0,2,72,3,3,0,10,0,0,0,0,0,2688,2816,2688,2816,4128,2208,8030,1645,0,0,0,0,100,50,33,34,33,42,46,50,0,0,74,0,0,0,0,0,0,14741,1104,988,0,912,75,343,343,100,1,1,0,999,999,40,0,25,0,0,0,0,0,0,0,0,0,0,100,2688,2816,100,0,0,0,0,0,0,0,0,0,0,0,0,0,0,0,0,0,0,0,0,160,772,772,1,1,21,18,50,1,7511,772,2199,2045,0,0,0,8201,0,8495,0,0,0,0,11,3,6,181,0,250,15,272,0,0,700,8013,2
468048,2268,1004,81,46,9999,0,0,356,0,0,0,4148,1476,0,0,62,0,3,2,1382,456,2000,1,0,4,72,72,37826,13786,261,693,123,65,380,0,0,5,73,3,3,0,10,0,0,0,0,0,2688,2816,2688,2816,4128,2208,8771,1659,0,0,0,0,100,62,44,45,53,61,62,55,0,0,75,0,0,0,0,0,0,14741,1104,988,0,912,75,343,343,100,2,1,0,999,999,40,0,25,0,0,0,0,0,0,0,0,0,0,100,2688,2816,100,0,0,0,0,0,0,0,0,0,0,0,0,0,0,0,0,0,0,0,0,160,771,771,1,1,21,16,50,1,7471,771,2199,2038,0,0,0,15500,0,15873,0,0,0,0,11,3,6,191,0,245,15,272,0,0,698,8013,1
469047,2268,1004,81,46,9999,0,0,335,0,0,0,4151,1390,0,0,62,0,2,2,1382,456,2000,1,0,4,71,72,35823,13772,280,736,107,64,381,0,0,1,73,3,3,0,10,0,0,0,0,0,2688,2816,2688,2816,4128,2208,9386,1661,0,0,0,0,100,45,34,29,32,41,45,39,0,0,76,0,0,0,0,0,0,14741,1104,988,0,912,75,343,343,100,1,1,0,999,999,40,0,25,0,0,0,0,0,0,0,0,0,0,100,2688,2816,100,0,0,0,0,0,0,0,0,0,0,0,0,0,0,0,0,0,0,0,0,160,771,771,1,1,21,19,50,1,7508,771,2199,2042,0,0,0,13276,0,13788,0,0,2,1,11,3,6,187,0,238,15,272,51,1,692,8013,0
470048,2268,1004,81,46,9999,0,0,525,0,0,0,4151,2179,0,0,62,0,3,2,1382,456,2000,1,0,4,73,72,35719,13889,393,775,218,65,393,0,0,2,73,3,3,0,10,0,0,0,0,0,2688,2816,2688,2816,4128,2208,8717,1661,0,0,0,0,100,58,45,44,48,50,46,58,0,0,76,0,0,0,0,0,0,14741,1104,988,0,912,75,343,343,100,1,1,0,999,999,40,0,25,0,0,0,0,0,0,0,0,0,0,100,2688,2816,100,0,0,0,0,0,0,0,0,0,0,0,0,0,0,0,0,0,0,0,0,160,771,771,1,1,24,20,50,1,7473,771,2202,2042,0,0,0,16594,0,16957,0,0,0,0,11,3,6,173,0,241,15,272,0,0,689,8013,1
471048,2268,1004,81,46,9999,0,0,395,0,0,0,4151,1639,0,0,62,0,2,2,1382,456,2000,1,0,4,72,72,35099,13931,301,792,190,65,390,0,0,4,73,3,3,0,10,0,0,0,0,0,2688,2816,2688,2816,4128,2208,8591,1623,0,0,0,0,100,52,38,35,39,52,42,48,0,0,75,0,0,0,0,0,0,14741,1104,988,0,912,75,343,343,100,2,1,0,999,999,40,0,25,0,0,0,0,0,0,0,0,0,0,100,2688,2816,100,0,0,0,0,0,0,0,0,0,0,0,0,0,0,0,0,0,0,0,0,160,771,771,1,1,24,19,50,1,7506,771,2202,2041,0,0,0,12893,0,13199,0,0,0,0,11,3,6,190,0,245,15,272,0,0,696,8013,1
472048,2268,1004,81,46,9999,0,0,319,0,0,0,4151,1324,0,0,62,0,3,2,1382,456,2000,1,0,4,72,72,35895,13823,687,727,113,66,391,0,0,1,73,3,3,0,10,0,0,0,0,0,2688,2816,2688,2816,4128,2208,8694,1672,0,0,0,0,100,53,39,36,40,48,53,53,0,0,76,0,0,0,0,0,0,14741,1104,988,0,912,75,343,343,100,1,1,0,999,999,40,0,25,0,0,0,0,0,0,0,0,0,0,100,2688,2816,100,0,0,0,0,0,0,0,0,0,0,0,0,0,0,0,0,0,0,0,0,160,772,772,1,1,24,17,50,1,7474,772,2202,2040,0,0,0,10814,0,11059,0,0,0,0,11,3,6,180,0,246,15,272,0,0,698,8013,1
473048,2268,1004,81,46,9999,0,0,281,0,0,0,4151,1166,0,0,62,0,2,2,1651,456,2000,1,0,4,72,72,34891,13786,305,692,104,65,395,0,0,0,73,3,3,0,10,0,0,0,0,0,2688,2816,2688,2816,4128,2208,8545,1650,0,0,0,0,100,48,33,32,32,40,48,39,0,0,77,0,0,0,0,0,0,14741,1104,988,0,912,75,343,343,100,0,0,0,999,999,40,0,25,0,0,0,0,0,0,0,0,0,0,100,2688,2816,100,0,0,0,0,0,0,0,0,0,0,0,0,0,0,0,0,0,0,0,0,160,772,772,1,1,24,15,50,1,7473,772,2202,2037,0,0,0,10847,0,11363,0,0,0,0,11,3,6,174,0,245,15,272,0,0,698,8013,1
474048,2268,1004,81,46,9999,0,0,416,0,0,0,4151,1726,0,0,62,0,2,2,1651,456,2000,1,0,4,72,72,35506,13786,305,692,104,65,395,0,0,0,73,3,3,0,10,0,0,0,0,0,2688,2816,2688,2816,4128,2208,8656,1647,0,0,0,0,100,57,39,38,43,57,52,49,0,0,77,0,0,0,0,0,0,14741,1104,988,0,912,75,343,343,100,0,0,0,999,999,40,0,25,0,0,0,0,0,0,0,0,0,0,100,2688,2816,100,0,0,0,0,0,0,0,0,0,0,0,0,0,0,0,0,0,0,0,0,160,772,772,1,1,24,16,50,1,7508,772,2202,2038,0,0,0,12705,0,13247,0,0,0,0,11,3,6,177,0,245,15,272,0,0,698,8013,1
475048,2268,1004,81,46,9999,0,0,818,0,0,0,4151,3395,0,0,62,0,3,3,1651,456,2000,1,0,4,72,72,35947,13792,319,619,126,65,385,0,0,3,72,3,3,0,10,0,0,0,0,0,2688,2816,2688,2816,4128,2208,10007,1634,0,0,0,0,100,50,36,31,31,43,50,40,0,0,78,0,0,0,0,0,0,14741,1104,988,0,912,75,343,343,100,1,1,0,999,999,40,0,25,0,0,0,0,0,0,0,0,0,0,100,2688,2816,100,0,0,0,0,0,0,0,0,0,0,0,0,0,0,0,0,0,0,0,0,160,772,772,1,1,24,15,50,1,7503,772,2202,2037,0,0,0,13050,0,13521,0,0,0,0,11,3,6,181,0,249,15,272,0,0,697,8013,2
476048,2268,1004,81,46,9999,0,0,1013,0,0,0,4151,4204,0,0,62,0,2,5,1651,456,2000,1,0,4,72,72,36797,13779,355,687,139,66,397,0,0,2,72,3,3,0,10,0,0,0,0,0,2688,2816,2688,2816,4128,2208,7809,1362,0,0,0,0,100,55,46,43,45,46,50,55,0,0,78,0,0,0,0,0,0,14741,1104,988,0,912,75,343,343,100,2,1,0,999,999,40,0,25,0,0,0,0,0,0,0,0,0,0,100,2688,2816,100,0,0,0,0,0,0,0,0,0,0,0,0,0,0,0,0,0,0,0,0,160,772,772,1,1,24,14,50,1,7510,772,2202,2036,0,0,0,16913,0,17441,0,0,2,1,11,3,6,174,0,247,15,272,53,1,695,8013,2
477048,2268,1004,81,46,9999,0,0,602,0,0,0,4151,2498,0,0,62,0,3,4,1651,456,2000,1,0,4,72,72,38036,13779,355,687,139,66,397,0,0,2,72,3,3,0,10,0,0,0,0,0,2688,2816,2688,2816,4128,2208,9192,1328,0,0,0,0,100,55,46,43,45,46,50,55,0,0,71,0,0,0,0,0,0,14741,1104,988,0,912,75,343,343,100,2,1,0,999,999,40,0,25,0,0,0,0,0,0,0,0,0,0,100,2688,2816,100,0,0,0,0,0,0,0,0,0,0,0,0,0,0,0,0,0,0,0,0,160,773,773,1,1,24,17,50,1,7478,773,2202,2040,0,0,0,10914,0,11184,0,0,2,1,11,3,6,131,0,235,15,272,53,1,655,8013,2
478049,2268,1004,81,46,9999,0,0,276,0,0,0,4151,1145,0,0,62,0,2,4,1651,456,2000,1,0,4,72,72,36162,13780,324,814,159,66,318,0,0,5,73,3,3,0,10,0,0,0,0,0,2688,2816,2688,2816,4128,2208,8054,1363,0,0,0,0,100,60,51,50,55,60,53,58,0,0,75,0,0,0,0,0,0,14741,1104,988,0,912,75,343,343,100,2,1,0,999,999,40,0,25,0,0,0,0,0,0,0,0,0,0,100,2688,2816,100,0,0,0,0,0,0,0,0,0,0,0,0,0,0,0,0,0,0,0,0,160,772,772,1,1,21,17,50,1,7485,772,2198,2038,0,0,0,15584,0,15858,0,0,2,1,11,3,6,129,0,179,15,272,53,1,490,8013,2
479087,2255,1001,81,46,9999,0,0,561,0,0,0,4135,2319,0,0,62,0,2,3,1651,456,2000,1,0,4,73,72,37515,13697,330,740,119,65,358,0,0,0,73,3,3,0,10,0,0,0,0,0,2688,2816,2688,2816,4128,2208,9017,1469,0,0,0,0,100,54,46,46,46,54,52,54,0,0,76,0,0,0,0,0,0,14741,1102,985,0,910,74,344,344,100,0,0,0,999,999,40,0,25,0,0,0,0,0,0,0,0,0,0,100,2688,2816,100,0,0,0,0,0,0,0,0,0,0,0,0,0,0,0,0,0,0,0,0,160,770,770,1,1,21,17,50,1,7480,770,2199,2040,0,0,0,20570,0,20951,0,0,2,1,11,3,6,109,0,145,15,272,53,1,384,8013,2
480049,2255,1001,81,46,9999,0,0,391,0,0,0,4135,1616,0,0,62,0,2,2,1651,456,2000,1,0,4,71,72,39679,13530,297,589,103,65,386,0,1,2,72,3,3,0,10,0,0,0,0,0,2688,2816,2688,2816,4128,2208,8350,1552,0,0,0,0,100,58,43,35,40,58,57,56,0,0,73,0,0,0,0,0,0,14741,1102,985,0,910,74,344,344,100,1,1,0,999,999,40,0,25,0,0,0,0,0,0,0,0,0,0,100,2688,2816,100,0,0,0,0,0,0,0,0,0,0,0,0,0,0,0,0,0,0,0,0,160,770,770,1,1,24,14,50,1,7479,770,2202,2036,0,0,0,13351,0,13641,0,0,2,1,11,3,6,100,0,115,15,272,53,1,295,8013,2
481049,2255,1001,81,46,9999,0,0,421,0,0,0,4135,1740,0,0,62,0,2,2,1651,456,2000,1,0,4,73,72,36591,13730,297,637,142,65,392,0,4,3,73,3,3,0,10,0,0,0,0,0,2688,2816,2688,2816,4128,2208,8080,1494,0,0,0,0,100,57,42,40,43,52,52,57,0,0,74,0,0,0,0,0,0,14741,1102,985,0,910,74,344,344,100,1,1,0,999,999,40,0,25,0,0,0,0,0,0,0,0,0,0,100,2688,2816,100,0,0,0,0,0,0,0,0,0,0,0,0,0,0,0,0,0,0,0,0,160,770,770,1,1,24,14,50,1,7511,770,2202,2036,0,0,0,20523,0,20872,0,0,2,1,11,3,6,105,0,104,15,272,53,1,263,8013,2
482049,2255,1001,81,46,9999,0,0,455,0,0,0,4135,1881,0,0,62,0,3,2,1651,456,2000,1,0,4,71,72,37546,13671,304,725,121,65,418,0,0,3,72,3,3,0,10,0,0,0,0,0,2688,2816,2688,2816,4128,2208,9097,1591,0,0,0,0,100,51,35,37,37,51,49,51,0,0,75,0,0,0,0,0,0,14741,1102,985,0,910,74,344,344,100,1,1,0,999,999,40,0,25,0,0,0,0,0,0,0,0,0,0,100,2688,2816,100,0,0,0,0,0,0,0,0,0,0,0,0,0,0,0,0,0,0,0,0,160,769,769,1,1,23,18,50,1,7478,769,2201,2040,0,0,0,17409,0,17781,0,0,2,1,11,3,6,114,0,109,15,272,54,1,289,8013,1
483049,2255,1001,81,46,9999,0,0,434,0,0,0,4135,1794,0,0,62,0,2,2,1651,456,2000,1,0,4,73,72,35740,13814,310,764,135,65,518,0,5,4,73,3,3,0,10,0,0,0,0,0,2688,2816,2688,2816,4128,2208,9423,1622,0,0,0,0,100,51,42,41,41,51,50,47,0,0,77,0,0,0,0,0,0,14741,1102,985,0,910,74,344,344,100,3,1,0,999,999,40,0,25,0,0,0,0,0,0,0,0,0,0,100,2688,2816,100,0,0,0,0,0,0,0,0,0,0,0,0,0,0,0,0,0,0,0,0,160,770,770,1,1,21,17,50,1,7513,770,2198,2039,0,0,0,14238,0,14493,0,0,2,1,11,3,6,114,0,112,15,272,54,1,299,8013,1
484049,2255,1001,81,46,9999,0,0,229,0,0,0,4135,946,0,0,62,0,3,2,1651,456,2000,1,0,4,72,72,36687,13836,274,766,120,65,533,0,0,2,72,3,3,0,10,0,0,0,0,0,2688,2816,2688,2816,4128,2208,8896,1625,0,0,0,0,100,50,39,41,43,50,50,50,0,0,78,0,0,0,0,0,0,14741,1102,985,0,910,74,344,344,100,1,1,0,999,999,40,0,25,0,0,0,0,0,0,0,0,0,0,100,2688,2816,100,0,0,0,0,0,0,0,0,0,0,0,0,0,0,0,0,0,0,0,0,160,769,769,1,1,21,16,50,1,7479,769,2198,2037,0,0,0,12763,0,12999,0,0,2,1,11,3,6,115,0,112,15,272,54,1,298,8013,1
485050,2255,1001,81,46,9999,0,0,637,0,0,0,4135,2633,0,0,62,0,2,2,1651,456,2000,1,0,4,73,72,34676,13735,289,747,125,66,498,0,0,4,72,3,3,0,10,0,0,0,0,0,2688,2816,2688,2816,4128,2208,8995,1596,0,0,0,0,100,57,43,37,39,50,57,49,0,0,78,0,0,0,0,0,0,14741,1102,985,0,910,74,344,344,100,3,1,0,999,999,40,0,25,0,0,0,0,0,0,0,0,0,0,100,2688,2816,100,0,0,0,0,0,0,0,0,0,0,0,0,0,0,0,0,0,0,0,0,160,770,770,1,1,21,15,50,1,7485,770,2198,2036,0,0,0,11755,0,12036,0,0,2,1,11,3,6,115,0,134,15,272,54,1,364,8013,1
486050,2255,1001,81,46,9999,0,0,433,0,0,0,4135,1790,0,0,62,0,2,4,1651,456,2000,1,0,4,73,72,35840,13776,325,677,111,147,457,0,0,0,73,3,3,0,10,0,0,0,0,0,2688,2816,2688,2816,4128,2208,8728,1485,0,0,0,0,100,40,41,30,34,40,37,36,0,0,80,0,0,0,0,0,0,14741,1102,985,0,910,74,344,344,100,0,0,0,999,999,40,0,25,0,0,0,0,0,0,0,0,0,0,100,2688,2816,100,0,0,0,0,0,0,0,0,0,0,0,0,0,0,0,0,0,0,0,0,160,770,770,1,1,21,18,50,1,7480,770,2199,2040,0,0,0,15983,0,16253,0,0,2,1,11,3,6,111,0,134,15,272,54,1,364,8013,1
487050,2255,1001,81,46,9999,0,0,517,0,0,0,4135,2137,0,0,62,0,2,4,1651,456,2000,1,0,4,72,72,35252,13722,285,604,127,73,455,0,0,1,73,3,3,0,10,0,0,0,0,0,2688,2816,2688,2816,4128,2208,8084,1394,0,0,0,0,100,55,45,38,45,53,55,43,0,0,74,0,0,0,0,0,0,14741,1102,985,0,910,74,344,344,100,1,1,0,999,999,40,0,25,0,0,0,0,0,0,0,0,0,0,100,2688,2816,100,0,0,0,0,0,0,0,0,0,0,0,0,0,0,0,0,0,0,0,0,160,770,770,1,1,24,17,50,1,7481,770,2202,2039,0,0,0,13521,0,13913,0,0,2,1,11,3,6,152,0,245,15,272,54,1,686,8013,2
488050,2255,1001,81,46,9999,0,0,923,0,0,0,4135,3816,0,0,62,0,3,5,1651,456,2000,1,0,4,72,72,39259,13582,237,726,164,65,459,0,2,4,73,3,3,0,10,0,0,0,0,0,2688,2816,2688,2816,4128,2208,9159,1509,0,0,0,0,100,50,36,39,36,48,42,50,0,0,76,0,0,0,0,0,0,14741,1102,985,0,910,74,344,344,100,2,1,0,999,999,40,0,25,0,0,0,0,0,0,0,0,0,0,100,2688,2816,100,0,0,0,0,0,0,0,0,0,0,0,0,0,0,0,0,0,0,0,0,160,770,770,1,1,24,15,50,1,7518,770,2202,2037,0,0,0,11024,0,11222,0,0,0,0,11,3,6,151,0,212,15,272,0,0,589,8013,2
489049,2255,1001,81,46,9999,0,0,535,0,0,0,4132,2210,0,0,62,0,4,5,1651,456,2000,1,0,4,72,72,32874,13786,290,799,152,64,472,0,2,4,73,3,3,0,10,0,0,0,0,0,2688,2816,2688,2816,4128,2208,7280,1306,0,0,0,0,100,64,45,47,49,60,64,56,0,0,69,0,0,0,0,0,0,14741,1102,985,0,910,74,344,344,100,1,1,0,999,999,40,0,25,0,0,0,0,0,0,0,0,0,0,100,2688,2816,100,0,0,0,0,0,0,0,0,0,0,0,0,0,0,0,0,0,0,0,0,160,770,770,1,1,24,19,50,1,7483,770,2202,2041,0,0,0,13903,0,14131,0,0,0,5,11,3,6,149,0,204,15,272,23,5,578,8013,1
490050,2255,1001,81,46,9999,0,0,248,0,0,0,4132,1024,0,0,62,0,3,4,1651,456,2000,1,0,4,73,72,31616,13787,265,924,153,63,337,0,0,0,73,3,3,0,10,0,0,0,0,0,2688,2816,2688,2816,4128,2208,7706,1452,0,0,0,0,100,48,41,39,35,48,45,47,0,0,68,0,0,0,0,0,0,14741,1102,985,0,910,74,344,344,100,0,0,0,999,999,40,0,25,0,0,0,0,0,0,0,0,0,0,100,2688,2816,100,0,0,0,0,0,0,0,0,0,0,0,0,0,0,0,0,0,0,0,0,160,770,770,1,1,23,15,50,1,7519,770,2201,2038,0,0,0,18576,0,18938,0,0,0,0,11,3,6,177,0,126,15,272,0,0,356,8013,0
491050,2255,1001,81,46,9999,0,0,373,0,0,0,4132,1541,0,0,62,0,2,3,1651,456,2000,1,0,4,72,72,32483,13580,264,679,124,64,339,0,0,1,72,3,3,0,10,0,0,0,0,0,2688,2816,2688,2816,4128,2208,6732,1537,0,0,0,0,100,47,36,35,34,37,47,39,0,0,66,0,0,0,0,0,0,14741,1102,985,0,910,74,344,344,100,1,1,0,999,999,40,0,25,0,0,0,0,0,0,0,0,0,0,100,2688,2816,100,0,0,0,0,0,0,0,0,0,0,0,0,0,0,0,0,0,0,0,0,160,771,771,1,1,23,19,50,1,7480,771,2200,2040,0,0,0,7655,0,7952,0,0,0,0,11,3,6,113,0,128,15,272,0,0,361,8013,0
492050,2255,1001,81,46,9999,0,0,722,0,0,0,4132,2983,0,0,62,0,3,4,1651,456,2000,1,0,4,72,72,32483,13581,315,592,117,64,406,0,0,2,73,3,3,0,10,0,0,0,0,0,2688,2816,2688,2816,4128,2208,8724,1611,0,0,0,0,100,52,35,35,43,52,51,50,0,0,73,0,0,0,0,0,0,14741,1102,985,0,910,74,344,344,100,1,1,0,999,999,40,0,25,0,0,0,0,0,0,0,0,0,0,100,2688,2816,100,0,0,0,0,0,0,0,0,0,0,0,0,0,0,0,0,0,0,0,0,160,771,771,1,1,21,19,50,1,7513,771,2199,2041,0,0,0,12257,0,12630,0,0,0,0,11,3,6,148,0,196,15,272,0,0,556,8013,1
493050,2255,1001,81,46,9999,0,0,537,0,0,0,4132,2218,0,0,62,0,4,4,1651,545,2000,1,0,4,73,72,35676,13799,518,672,179,66,447,0,0,4,73,3,3,0,10,0,0,0,0,0,2688,2816,2688,2816,4128,2208,6577,1339,0,0,0,0,100,50,41,39,39,50,47,49,0,0,70,0,0,0,0,0,0,14741,1102,985,0,910,74,344,344,100,1,1,0,999,999,40,0,25,0,0,0,0,0,0,0,0,0,0,100,2688,2816,100,0,0,0,0,0,0,0,0,0,0,0,0,0,0,0,0,0,0,0,0,160,771,771,1,1,21,18,50,1,7479,771,2199,2040,0,0,0,16649,0,16953,0,0,0,0,11,3,6,180,0,126,15,272,0,0,356,8013,0
494050,2255,1001,81,46,9999,0,0,783,0,0,0,4135,3237,0,0,62,0,3,4,1651,545,2000,1,0,4,72,72,34471,13647,247,795,139,65,440,0,0,2,72,3,3,0,10,0,0,0,0,0,2688,2816,2688,2816,4128,2208,6782,1367,0,0,0,0,100,52,42,39,42,52,45,43,0,0,64,0,0,0,0,0,0,14741,1102,985,0,910,74,344,344,100,2,1,0,999,999,40,0,25,0,0,0,0,0,0,0,0,0,0,100,2688,2816,100,0,0,0,0,0,0,0,0,0,0,0,0,0,0,0,0,0,0,0,0,160,771,771,1,1,21,14,50,1,7480,771,2199,2037,0,0,0,13634,0,13944,0,0,0,0,11,3,6,147,0,149,15,272,0,0,428,8013,0
495050,2255,1001,81,46,9999,0,0,398,0,0,0,4135,1645,0,0,62,0,2,3,1651,545,2000,1,0,4,72,72,31338,13563,307,709,160,63,359,0,0,1,72,3,3,0,10,0,0,0,0,0,2688,2816,2688,2816,4128,2208,7805,1709,0,0,0,0,100,43,36,33,33,39,43,40,0,0,66,0,0,0,0,0,0,14741,1102,985,0,910,74,344,344,100,1,1,0,999,999,40,0,25,0,0,0,0,0,0,0,0,0,0,100,2688,2816,100,0,0,0,0,0,0,0,0,0,0,0,0,0,0,0,0,0,0,0,0,160,771,771,1,1,21,19,50,1,7485,771,2199,2041,0,0,0,6858,0,7092,0,0,1,6,11,3,6,139,0,147,15,272,28,6,421,8013,0
496050,2255,1001,81,46,9999,0,0,450,0,0,0,4135,1860,0,0,62,0,3,2,1651,545,2000,1,0,4,73,72,32815,13715,304,561,120,65,429,0,0,2,73,3,3,0,10,0,0,0,0,0,2688,2816,2688,2816,4128,2208,8443,1840,0,0,0,0,100,60,42,41,50,60,50,58,0,0,73,0,0,0,0,0,0,14741,1102,985,0,910,74,344,344,100,1,1,0,999,999,40,0,25,0,0,0,0,0,0,0,0,0,0,100,2688,2816,100,0,0,0,0,0,0,0,0,0,0,0,0,0,0,0,0,0,0,0,0,160,771,771,1,1,21,19,50,1,7467,771,2199,2042,0,0,0,16097,0,16372,0,0,0,0,11,3,6,179,0,126,15,272,0,0,356,8013,0
497050,2255,1001,81,46,9999,0,0,1197,0,0,0,4135,4949,0,0,62,0,2,2,1651,545,2000,1,0,4,72,72,35212,13826,367,643,105,66,428,0,0,1,73,3,3,0,10,0,0,0,0,0,2688,2816,2688,2816,4128,2208,7961,1686,0,0,0,0,100,49,42,36,39,45,47,49,0,0,73,0,0,0,0,0,0,14741,1102,985,0,910,74,344,344,100,1,1,0,999,999,40,0,25,0,0,0,0,0,0,0,0,0,0,100,2688,2816,100,0,0,0,0,0,0,0,0,0,0,0,0,0,0,0,0,0,0,0,0,160,771,771,1,1,21,17,50,1,7525,771,2199,2039,0,0,0,14413,0,15113,0,0,0,0,11,3,6,121,0,118,15,272,0,0,333,8013,0
498050,2255,1001,81,46,9999,0,0,416,0,0,0,4135,1720,0,0,62,0,3,2,1651,545,2000,1,0,4,71,72,34561,13911,341,707,141,65,394,0,0,5,72,3,3,0,10,0,0,0,0,0,2688,2816,2688,2816,4128,2208,8585,1835,0,0,0,0,100,52,49,45,47,52,48,45,0,0,73,0,0,0,0,0,0,14741,1102,985,0,910,74,344,344,100,2,1,0,999,999,40,0,25,0,0,0,0,0,0,0,0,0,0,100,2688,2816,100,0,0,0,0,0,0,0,0,0,0,0,0,0,0,0,0,0,0,0,0,160,772,772,1,1,21,18,50,1,7465,772,2199,2040,0,0,0,15391,0,15653,0,0,0,0,11,3,6,177,0,126,15,272,0,0,356,8013,0
499096,2265,1002,81,46,9999,0,0,301,0,0,0,4145,1247,0,0,62,0,2,2,1651,545,2000,1,0,4,72,72,42614,13911,372,706,104,65,427,0,17,7,73,3,3,0,10,0,0,0,0,0,2688,2816,2688,2816,4128,2208,8058,1686,0,0,0,0,100,68,62,65,67,68,62,61,0,0,74,0,0,0,0,0,0,14741,1104,984,0,912,72,344,344,100,4,1,0,999,999,40,0,25,0,0,0,0,0,0,0,0,0,0,100,2688,2816,100,0,0,0,0,0,0,0,0,0,0,0,0,0,0,0,0,0,0,0,0,160,772,772,1,1,21,17,50,1,7488,772,2199,2040,0,0,0,13584,0,13897,0,0,1,4,11,3,6,185,0,126,15,272,31,4,357,8013,0
500050,2265,1002,81,46,9999,0,0,640,0,0,0,4145,2652,0,0,62,0,3,2,1651,545,2000,1,0,4,72,72,35512,13839,365,720,110,67,468,0,0,0,72,3,3,0,10,0,0,0,0,0,2688,2816,2688,2816,4128,2208,8205,1582,0,0,0,0,100,49,41,36,38,45,49,45,0,0,73,0,0,0,0,0,0,14741,1104,984,0,912,72,344,344,100,0,0,0,999,999,40,0,25,0,0,0,0,0,0,0,0,0,0,100,2688,2816,100,0,0,0,0,0,0,0,0,0,0,0,0,0,0,0,0,0,0,0,0,160,772,772,1,1,21,16,50,1,7465,772,2199,2038,0,0,0,12185,0,12389,0,0,1,6,11,3,6,185,0,126,15,272,28,6,357,8013,0
501051,2265,1002,81,46,9999,0,0,305,0,0,0,4145,1264,0,0,62,0,2,2,1651,545,2000,1,0,4,73,72,35461,13994,374,826,275,65,384,0,0,3,73,3,3,0,10,0,0,0,0,0,2688,2816,2688,2816,4128,2208,8158,1573,0,0,0,0,100,57,43,42,44,52,57,50,0,0,72,0,0,0,0,0,0,14741,1104,984,0,912,72,344,344,100,1,1,0,999,999,40,0,25,0,0,0,0,0,0,0,0,0,0,100,2688,2816,100,0,0,0,0,0,0,0,0,0,0,0,0,0,0,0,0,0,0,0,0,160,772,772,1,1,24,16,50,1,7464,772,2202,2038,0,0,0,12513,0,12915,0,0,1,6,11,3,6,185,0,126,15,272,28,6,357,8013,0
502050,2265,1002,81,46,9999,0,0,401,0,0,0,4145,1662,0,0,62,0,2,2,1651,545,2000,1,0,4,72,72,34648,14072,312,915,247,66,414,0,0,2,72,3,3,0,10,0,0,0,0,0,2688,2816,2688,2816,4128,2208,8039,1555,0,0,0,0,100,50,42,36,39,47,44,50,0,0,72,0,0,0,0,0,0,14741,1104,984,0,912,72,344,344,100,1,1,0,999,999,40,0,25,0,0,0,0,0,0,0,0,0,0,100,2688,2816,100,0,0,0,0,0,0,0,0,0,0,0,0,0,0,0,0,0,0,0,0,160,772,772,1,1,24,20,50,1,7501,772,2202,2043,0,0,0,15948,0,16338,0,0,1,6,11,3,6,188,0,127,15,272,28,6,358,8013,0
503051,2265,1002,81,46,9999,0,0,588,0,0,0,4145,2437,0,0,62,0,3,2,1228,456,2000,1,0,4,72,72,34839,13788,369,695,154,65,419,0,0,3,73,3,3,0,10,0,0,0,0,0,2688,2816,2688,2816,4128,2208,8161,1528,0,0,0,0,100,55,41,41,39,52,55,53,0,0,72,0,0,0,0,0,0,14741,1104,984,0,912,72,344,344,100,1,1,0,999,999,40,0,25,0,0,0,0,0,0,0,0,0,0,100,2688,2816,100,0,0,0,0,0,0,0,0,0,0,0,0,0,0,0,0,0,0,0,0,160,773,773,1,1,24,16,50,1,7468,773,2202,2039,0,0,0,15900,0,16257,0,0,0,0,11,3,6,182,0,126,15,272,0,0,356,8013,0
504051,2265,1002,81,46,9999,0,0,303,0,0,0,4145,1255,0,0,62,0,2,2,1228,456,2000,1,0,4,73,72,34943,13844,371,717,114,65,387,0,0,1,73,3,3,0,10,0,0,0,0,0,2688,2816,2688,2816,4128,2208,8327,1599,0,0,0,0,100,47,40,38,38,46,47,43,0,0,73,0,0,0,0,0,0,14741,1104,984,0,912,72,344,344,100,1,1,0,999,999,40,0,25,0,0,0,0,0,0,0,0,0,0,100,2688,2816,100,0,0,0,0,0,0,0,0,0,0,0,0,0,0,0,0,0,0,0,0,160,772,772,1,1,21,18,50,1,7503,772,2198,2040,0,0,0,7166,0,7395,0,0,2,1,11,3,6,183,0,126,15,272,51,1,357,8013,0
505051,2265,1002,81,46,9999,0,0,392,0,0,0,4145,1624,0,0,62,0,2,2,1228,456,2000,1,0,4,73,72,35812,13758,304,628,106,65,420,0,0,4,73,3,3,0,10,0,0,0,0,0,2688,2816,2688,2816,4128,2208,8264,1591,0,0,0,0,100,52,39,39,38,50,52,52,0,0,73,0,0,0,0,0,0,14741,1104,984,0,912,72,344,344,100,2,1,0,999,999,40,0,25,0,0,0,0,0,0,0,0,0,0,100,2688,2816,100,0,0,0,0,0,0,0,0,0,0,0,0,0,0,0,0,0,0,0,0,160,772,772,1,1,24,14,50,1,7469,772,2202,2037,0,0,0,11700,0,11987,0,0,0,0,11,3,6,182,0,126,15,272,0,0,356,8013,0
506052,2265,1002,81,46,9999,0,0,240,0,0,0,4145,994,0,0,62,0,2,2,1228,456,2000,1,0,4,72,72,36682,13654,283,621,107,66,470,0,0,2,73,3,3,0,10,0,0,0,0,0,2688,2816,2688,2816,4128,2208,8269,1601,0,0,0,0,100,56,36,39,39,50,56,51,0,0,73,0,0,0,0,0,0,14741,1104,984,0,912,72,344,344,100,2,1,0,999,999,40,0,25,0,0,0,0,0,0,0,0,0,0,100,2688,2816,100,0,0,0,0,0,0,0,0,0,0,0,0,0,0,0,0,0,0,0,0,160,772,772,1,1,24,18,50,1,7472,772,2202,2041,0,0,0,15965,0,16447,0,0,1,6,11,3,6,182,0,126,15,272,28,6,356,8013,0
507051,2265,1002,81,46,9999,0,0,480,0,0,0,4145,1989,0,0,62,0,3,2,1228,456,2000,1,0,4,73,72,37739,14094,293,861,252,67,410,0,0,3,73,3,3,0,10,0,0,0,0,0,2688,2816,2688,2816,4128,2208,8236,1609,0,0,0,0,100,53,36,37,35,48,50,53,0,0,73,0,0,0,0,0,0,14741,1104,984,0,912,72,344,344,100,1,1,0,999,999,40,0,25,0,0,0,0,0,0,0,0,0,0,100,2688,2816,100,0,0,0,0,0,0,0,0,0,0,0,0,0,0,0,0,0,0,0,0,160,772,772,1,1,23,19,50,1,7473,772,2201,2041,0,0,0,17660,0,18002,0,0,0,0,11,3,6,180,0,126,15,272,0,0,356,8013,0
508052,2265,1002,81,46,9999,0,0,284,0,0,0,4145,1177,0,0,62,0,2,2,1228,456,2000,1,0,4,72,72,37768,13913,295,870,202,66,394,0,0,1,73,3,3,0,10,0,0,0,0,0,2688,2816,2688,2816,4128,2208,8435,1604,0,0,0,0,100,58,38,40,42,50,58,49,0,0,73,0,0,0,0,0,0,14741,1104,984,0,912,72,344,344,100,1,1,0,999,999,40,0,25,0,0,0,0,0,0,0,0,0,0,100,2688,2816,100,0,0,0,0,0,0,0,0,0,0,0,0,0,0,0,0,0,0,0,0,160,773,773,1,1,24,18,50,1,7472,773,2201,2041,0,0,0,12131,0,12375,0,0,0,3,11,3,6,180,0,126,15,272,13,3,356,8013,0
509052,2265,1002,81,46,9999,0,0,559,0,0,0,4148,2318,0,0,62,0,2,2,1228,456,2000,1,0,4,72,72,34997,13829,274,853,175,64,366,0,0,2,72,3,3,0,10,0,0,0,0,0,2688,2816,2688,2816,4128,2208,8323,1601,0,0,0,0,100,54,40,42,45,53,54,50,0,0,74,0,0,0,0,0,0,14741,1104,984,0,912,72,344,344,100,1,1,0,999,999,40,0,25,0,0,0,0,0,0,0,0,0,0,100,2688,2816,100,0,0,0,0,0,0,0,0,0,0,0,0,0,0,0,0,0,0,0,0,160,772,772,1,1,21,18,50,1,7507,772,2199,2040,0,0,0,12771,0,13014,0,0,0,0,11,3,6,180,0,126,15,272,0,0,356,8013,0
510051,2265,1002,81,46,9999,0,0,484,0,0,0,4148,2007,0,0,62,0,3,2,1228,456,2000,1,0,4,73,72,35066,13800,324,741,202,64,370,0,0,6,73,3,3,0,10,0,0,0,0,0,2688,2816,2688,2816,4128,2208,8157,1629,0,0,0,0,100,54,41,40,44,54,53,48,0,0,73,0,0,0,0,0,0,14741,1104,984,0,912,72,344,344,100,2,1,0,999,999,40,0,25,0,0,0,0,0,0,0,0,0,0,100,2688,2816,100,0,0,0,0,0,0,0,0,0,0,0,0,0,0,0,0,0,0,0,0,160,772,772,1,1,21,16,50,1,7469,772,2199,2038,0,0,0,15549,0,15907,0,0,2,1,11,3,6,101,0,188,15,272,51,1,513,8013,2
511051,2265,1002,81,46,9999,0,0,487,0,0,0,4148,2020,0,0,62,0,2,4,1228,456,2000,1,0,4,73,72,35968,14018,288,951,113,66,430,0,0,1,73,3,3,0,10,0,0,0,0,0,2688,2816,2688,2816,4128,2208,9558,1355,0,0,0,0,100,48,37,32,40,47,48,46,0,0,77,0,0,0,0,0,0,14741,1104,984,0,912,72,344,344,100,1,1,0,999,999,40,0,25,0,0,0,0,0,0,0,0,0,0,100,2688,2816,100,0,0,0,0,0,0,0,0,0,0,0,0,0,0,0,0,0,0,0,0,160,772,772,1,1,21,16,50,1,7504,772,2199,2038,0,0,0,10638,0,10899,0,0,2,1,11,3,6,99,0,187,15,272,54,1,511,8013,2
512051,2265,1002,81,46,9999,0,0,426,0,0,0,4148,1767,0,0,62,0,3,4,1228,456,2000,1,0,4,71,72,35012,13827,293,962,122,64,444,0,0,4,72,3,3,0,10,0,0,0,0,0,2688,2816,2688,2816,4128,2208,8410,1334,0,0,0,0,100,48,36,32,33,39,48,46,0,0,74,0,0,0,0,0,0,14741,1104,984,0,912,72,344,344,100,2,1,0,999,999,40,0,25,0,0,0,0,0,0,0,0,0,0,100,2688,2816,100,0,0,0,0,0,0,0,0,0,0,0,0,0,0,0,0,0,0,0,0,160,773,773,1,1,24,15,50,1,7472,773,2201,2038,0,0,0,11119,0,11345,0,0,0,0,11,3,6,115,0,194,15,272,0,0,535,8013,2
513052,2265,1002,81,46,9999,0,0,381,0,0,0,4148,1580,0,0,62,0,2,4,1651,492,2000,1,0,4,72,72,35383,13747,653,802,121,65,377,0,0,4,72,3,3,0,10,0,0,0,0,0,2688,2816,2688,2816,4128,2208,10358,1509,0,0,0,0,100,53,37,37,39,53,51,48,0,0,77,0,0,0,0,0,0,14741,1104,984,0,912,72,344,344,100,2,1,0,999,999,40,0,25,0,0,0,0,0,0,0,0,0,0,100,2688,2816,100,0,0,0,0,0,0,0,0,0,0,0,0,0,0,0,0,0,0,0,0,160,773,773,1,1,24,20,50,1,7475,773,2201,2042,0,0,0,11160,0,11433,0,0,0,0,11,3,6,177,0,126,15,272,0,0,356,8013,0
514052,2265,1002,81,46,9999,0,0,368,0,0,0,4148,1526,0,0,62,0,3,4,1651,492,2000,1,0,4,72,72,36141,13657,284,632,98,65,360,0,0,3,73,3,3,0,10,0,0,0,0,0,2688,2816,2688,2816,4128,2208,6966,1404,0,0,0,0,100,57,38,33,35,45,45,57,0,0,70,0,0,0,0,0,0,14741,1104,984,0,912,72,344,344,100,3,1,0,999,999,40,0,25,0,0,0,0,0,0,0,0,0,0,100,2688,2816,100,0,0,0,0,0,0,0,0,0,0,0,0,0,0,0,0,0,0,0,0,160,773,773,1,1,23,20,50,1,7481,773,2201,2042,0,0,0,15933,0,16338,0,0,0,0,11,3,6,151,0,218,15,272,0,0,620,8013,1
515052,2265,1002,81,46,9999,0,0,498,0,0,0,4148,2065,0,0,62,0,2,3,1651,492,2000,1,0,4,71,72,35435,13642,311,707,141,65,384,0,2,4,72,3,3,0,10,0,0,0,0,0,2688,2816,2688,2816,4128,2208,8604,1557,0,0,0,0,100,49,39,36,40,48,49,47,0,0,71,0,0,0,0,0,0,14741,1104,984,0,912,72,344,344,100,3,1,0,999,999,40,0,25,0,0,0,0,0,0,0,0,0,0,100,2688,2816,100,0,0,0,0,0,0,0,0,0,0,0,0,0,0,0,0,0,0,0,0,160,773,773,1,1,24,16,50,1,7470,773,2201,2038,0,0,0,12237,0,12471,0,0,2,1,11,3,6,135,0,206,15,272,54,1,581,8013,1
516052,2265,1002,81,46,9999,0,0,440,0,0,0,4148,1825,0,0,62,0,2,3,1651,492,2000,1,0,4,72,72,33691,13785,306,768,144,65,377,0,0,2,73,3,3,0,10,0,0,0,0,0,2688,2816,2688,2816,4128,2208,9191,1649,0,0,0,0,100,47,37,34,35,38,47,44,0,0,75,0,0,0,0,0,0,14741,1104,984,0,912,72,344,344,100,1,1,0,999,999,40,0,25,0,0,0,0,0,0,0,0,0,0,100,2688,2816,100,0,0,0,0,0,0,0,0,0,0,0,0,0,0,0,0,0,0,0,0,160,771,771,1,1,24,16,50,1,7500,771,2201,2038,0,0,0,13151,0,13395,0,0,2,1,11,3,6,111,0,134,15,272,54,1,365,8013,1
517052,2265,1002,81,46,9999,0,0,389,0,0,0,4148,1613,0,0,62,0,2,3,1651,492,2000,1,0,4,73,72,34360,13784,291,674,113,65,365,0,0,2,72,3,3,0,10,0,0,0,0,0,2688,2816,2688,2816,4128,2208,9556,1740,0,0,0,0,100,53,40,37,44,53,42,42,0,0,75,0,0,0,0,0,0,14741,1104,984,0,912,72,344,344,100,2,1,0,999,999,40,0,25,0,0,0,0,0,0,0,0,0,0,100,2688,2816,100,0,0,0,0,0,0,0,0,0,0,0,0,0,0,0,0,0,0,0,0,160,771,771,1,1,24,16,50,1,7470,771,2202,2038,0,0,0,14037,0,14313,0,0,0,0,11,3,6,112,0,134,15,272,0,0,365,8013,1
518053,2265,1002,81,46,9999,0,0,810,0,0,0,4148,3359,0,0,62,0,3,3,1651,492,2000,1,0,4,70,72,35950,13798,597,685,147,64,379,0,2,8,73,3,3,0,10,0,0,0,0,0,2688,2816,2688,2816,4128,2208,8198,1629,0,0,0,0,100,48,41,36,37,43,47,48,0,0,73,0,0,0,0,0,0,14741,1104,984,0,912,72,344,344,100,5,1,0,999,999,40,0,25,0,0,0,0,0,0,0,0,0,0,100,2688,2816,100,0,0,0,0,0,0,0,0,0,0,0,0,0,0,0,0,0,0,0,0,160,771,771,1,1,24,15,50,1,7534,771,2202,2038,0,0,0,9401,0,9941,0,0,0,0,11,3,6,151,0,206,15,272,0,0,584,8013,1
519087,2270,1004,81,46,9999,0,0,535,0,0,0,4110,2198,0,0,62,0,3,3,1651,492,2000,1,0,4,71,72,38504,13897,296,809,134,66,388,0,3,1,72,3,3,0,10,0,0,0,0,0,2688,2816,2688,2816,4128,2208,8016,1593,0,0,0,0,100,54,46,43,46,51,54,48,0,0,73,0,0,0,0,0,0,14741,1105,987,0,912,74,344,344,100,1,1,0,999,999,40,0,25,0,0,0,0,0,0,0,0,0,0,100,2688,2816,100,0,0,0,0,0,0,0,0,0,0,0,0,0,0,0,0,0,0,0,0,160,771,771,1,1,24,14,50,1,7474,771,2202,2037,0,0,0,11981,0,12200,0,0,0,0,11,3,6,180,0,126,15,272,0,0,356,8013,0
520053,2270,1004,81,46,9999,0,0,399,0,0,0,4110,1639,0,0,62,0,2,3,1651,492,2000,1,0,4,70,72,35177,13856,246,759,119,66,380,0,0,4,72,3,3,0,10,0,0,0,0,0,2688,2816,2688,2816,4128,2208,7485,1495,0,0,0,0,100,55,53,53,55,55,51,53,0,0,72,0,0,0,0,0,0,14741,1105,987,0,912,74,344,344,100,2,1,0,999,999,40,0,25,0,0,0,0,0,0,0,0,0,0,100,2688,2816,100,0,0,0,0,0,0,0,0,0,0,0,0,0,0,0,0,0,0,0,0,160,771,771,1,1,24,20,50,1,7471,771,2202,2042,0,0,0,8594,0,8814,0,0,0,0,11,3,6,183,0,142,15,272,0,0,406,8013,0
521053,2270,1004,81,46,9999,0,0,485,0,0,0,4110,1993,0,0,62,0,2,2,1651,492,2000,1,0,4,72,72,35231,13798,342,841,131,65,351,0,0,2,73,3,3,0,10,0,0,0,0,0,2688,2816,2688,2816,4128,2208,9405,1551,0,0,0,0,100,50,41,35,37,43,50,50,0,0,71,0,0,0,0,0,0,14741,1105,987,0,912,74,344,344,100,1,1,0,999,999,40,0,25,0,0,0,0,0,0,0,0,0,0,100,2688,2816,100,0,0,0,0,0,0,0,0,0,0,0,0,0,0,0,0,0,0,0,0,160,771,771,1,1,21,17,50,1,7506,771,2199,2040,0,0,0,10279,0,10517,0,0,1,6,11,3,6,180,0,236,15,272,28,6,688,8013,0
522053,2270,1004,81,46,9999,0,0,430,0,0,0,4110,1767,0,0,62,0,3,2,1651,492,2000,1,0,4,71,72,36120,13783,330,729,122,65,347,0,0,4,73,3,3,0,10,0,0,0,0,0,2688,2816,2688,2816,4128,2208,9132,1585,0,0,0,0,100,55,40,36,44,52,50,55,0,0,74,0,0,0,0,0,0,14741,1105,987,0,912,74,344,344,100,1,1,0,999,999,40,0,25,0,0,0,0,0,0,0,0,0,0,100,2688,2816,100,0,0,0,0,0,0,0,0,0,0,0,0,0,0,0,0,0,0,0,0,160,771,771,1,1,24,17,50,1,7471,771,2201,2039,0,0,0,10808,0,11288,0,0,0,0,11,3,6,181,0,131,15,272,0,0,361,8013,1
523053,2270,1004,81,46,9999,0,0,314,0,0,0,4110,1290,0,0,62,0,2,2,1382,456,2000,1,0,4,72,72,34561,13854,317,748,138,65,387,0,0,3,73,3,3,0,10,0,0,0,0,0,2688,2816,2688,2816,4128,2208,8034,1584,0,0,0,0,100,47,37,41,35,42,47,42,0,0,73,0,0,0,0,0,0,14741,1105,987,0,912,74,344,344,100,2,1,0,999,999,40,0,25,0,0,0,0,0,0,0,0,0,0,100,2688,2816,100,0,0,0,0,0,0,0,0,0,0,0,0,0,0,0,0,0,0,0,0,160,772,772,1,1,24,16,50,1,7506,772,2202,2038,0,0,0,18214,0,18599,0,0,2,1,11,3,6,175,0,131,15,272,51,1,358,8013,1
524053,2270,1004,81,46,9999,0,0,346,0,0,0,4110,1422,0,0,62,0,3,2,1382,456,2000,1,0,4,72,72,35726,13711,335,690,141,66,441,0,0,6,73,3,3,0,10,0,0,0,0,0,2688,2816,2688,2816,4128,2208,8019,1637,0,0,0,0,100,58,39,40,47,58,53,53,0,0,73,0,0,0,0,0,0,14741,1105,987,0,912,74,344,344,100,3,1,0,999,999,40,0,25,0,0,0,0,0,0,0,0,0,0,100,2688,2816,100,0,0,0,0,0,0,0,0,0,0,0,0,0,0,0,0,0,0,0,0,160,772,772,1,1,24,19,50,1,7473,772,2202,2042,0,0,0,10560,0,10814,0,0,2,1,11,3,6,175,0,131,15,272,51,1,358,8013,1
525053,2270,1004,81,46,9999,0,0,364,0,0,0,4110,1496,0,0,62,0,2,2,1382,456,2000,1,0,4,71,72,34892,13824,291,748,122,64,383,0,0,0,73,3,3,0,10,0,0,0,0,0,2688,2816,2688,2816,4128,2208,7721,1638,0,0,0,0,100,51,43,35,32,42,51,39,0,0,73,0,0,0,0,0,0,14741,1105,987,0,912,74,344,344,100,0,0,0,999,999,40,0,25,0,0,0,0,0,0,0,0,0,0,100,2688,2816,100,0,0,0,0,0,0,0,0,0,0,0,0,0,0,0,0,0,0,0,0,160,772,772,1,1,21,15,50,1,7503,772,2199,2038,0,0,0,13851,0,14106,0,0,0,0,11,3,6,173,0,235,15,272,0,0,685,8013,0
526054,2270,1004,81,46,9999,0,0,333,0,0,0,4110,1368,0,0,62,0,3,2,1382,456,2000,1,0,4,73,72,36682,13794,294,674,94,65,368,0,0,5,72,3,3,0,10,0,0,0,0,0,2688,2816,2688,2816,4128,2208,9222,1640,0,0,0,0,100,59,37,41,40,59,51,49,0,0,76,0,0,0,0,0,0,14741,1105,987,0,912,74,344,344,100,3,1,0,999,999,40,0,25,0,0,0,0,0,0,0,0,0,0,100,2688,2816,100,0,0,0,0,0,0,0,0,0,0,0,0,0,0,0,0,0,0,0,0,160,772,772,1,1,21,19,50,1,7470,772,2199,2042,0,0,0,11303,0,11705,0,0,0,0,11,3,6,181,0,229,15,272,0,0,667,8013,0
527053,2270,1004,81,46,9999,0,0,392,0,0,0,4110,1611,0,0,62,0,2,2,1382,456,2000,1,0,4,72,72,36315,13665,267,688,144,66,392,0,0,2,73,3,3,0,10,0,0,0,0,0,2688,2816,2688,2816,4128,2208,8875,1599,0,0,0,0,100,50,37,34,33,50,50,43,0,0,77,0,0,0,0,0,0,14741,1105,987,0,912,74,344,344,100,1,1,0,999,999,40,0,25,0,0,0,0,0,0,0,0,0,0,100,2688,2816,100,0,0,0,0,0,0,0,0,0,0,0,0,0,0,0,0,0,0,0,0,160,772,772,1,1,21,19,50,1,7475,772,2199,2042,0,0,0,7821,0,8056,0,0,0,0,11,3,6,166,0,240,15,272,0,0,689,8013,1
528053,2270,1004,81,46,9999,0,0,287,0,0,0,4110,1179,0,0,62,0,3,4,1382,456,2000,1,0,4,72,72,35947,13881,358,746,157,65,378,0,0,3,73,3,3,0,10,0,0,0,0,0,2688,2816,2688,2816,4128,2208,8425,1405,0,0,0,0,100,51,34,34,33,44,51,51,0,0,72,0,0,0,0,0,0,14741,1105,987,0,912,74,344,344,100,1,1,0,999,999,40,0,25,0,0,0,0,0,0,0,0,0,0,100,2688,2816,100,0,0,0,0,0,0,0,0,0,0,0,0,0,0,0,0,0,0,0,0,160,772,772,1,1,21,17,50,1,7508,772,2199,2039,0,0,0,13121,0,13552,0,0,2,1,11,3,6,178,0,126,15,272,51,1,356,8013,0
529053,2270,1004,81,46,9999,0,0,435,0,0,0,4147,1803,0,0,62,0,2,3,1382,456,2000,1,0,4,71,72,37065,13733,291,822,96,65,360,0,1,4,73,3,3,0,10,0,0,0,0,0,2688,2816,2688,2816,4128,2208,7323,1501,0,0,0,0,100,57,47,42,50,57,56,53,0,0,67,0,0,0,0,0,0,14741,1105,987,0,912,74,344,344,100,2,1,0,999,999,40,0,25,0,0,0,0,0,0,0,0,0,0,100,2688,2816,100,0,0,0,0,0,0,0,0,0,0,0,0,0,0,0,0,0,0,0,0,160,772,772,1,1,21,18,50,1,7479,772,2199,2041,0,0,0,9191,0,9438,0,0,2,1,11,3,6,135,0,205,15,272,51,1,581,8013,1
530053,2270,1004,81,46,9999,0,0,488,0,0,0,4147,2023,0,0,62,0,2,3,1382,456,2000,1,0,4,72,72,34227,13604,287,644,135,64,413,0,0,4,73,3,3,0,10,0,0,0,0,0,2688,2816,2688,2816,4128,2208,9970,1638,0,0,0,0,100,49,35,36,37,44,47,49,0,0,74,0,0,0,0,0,0,14741,1105,987,0,912,74,344,344,100,2,1,0,999,999,40,0,25,0,0,0,0,0,0,0,0,0,0,100,2688,2816,100,0,0,0,0,0,0,0,0,0,0,0,0,0,0,0,0,0,0,0,0,160,773,773,1,1,21,16,50,1,7514,773,2199,2039,0,0,0,12236,0,12758,0,0,0,0,11,3,6,147,0,201,15,272,0,0,584,8013,0
531053,2270,1004,81,46,9999,0,0,209,0,0,0,4147,866,0,0,62,0,2,2,1382,456,2000,1,0,4,72,72,35914,13700,308,661,172,65,396,0,0,0,73,3,3,0,10,0,0,0,0,0,2688,2816,2688,2816,4128,2208,8576,1809,0,0,0,0,100,60,38,40,46,60,53,45,0,0,75,0,0,0,0,0,0,14741,1105,987,0,912,74,344,344,100,0,0,0,999,999,40,0,25,0,0,0,0,0,0,0,0,0,0,100,2688,2816,100,0,0,0,0,0,0,0,0,0,0,0,0,0,0,0,0,0,0,0,0,160,773,773,1,1,21,16,50,1,7478,773,2199,2039,0,0,0,11591,0,11850,0,0,2,1,11,3,6,139,0,196,15,272,51,1,567,8013,0
532054,2270,1004,81,46,9999,0,0,424,0,0,0,4147,1758,0,0,62,0,2,2,1382,456,2000,1,0,4,72,72,35986,13869,246,732,194,65,398,0,0,4,72,3,3,0,10,0,0,0,0,0,2688,2816,2688,2816,4128,2208,8919,1806,0,0,0,0,100,53,37,35,39,48,53,50,0,0,76,0,0,0,0,0,0,14741,1105,987,0,912,74,344,344,100,2,1,0,999,999,40,0,25,0,0,0,0,0,0,0,0,0,0,100,2688,2816,100,0,0,0,0,0,0,0,0,0,0,0,0,0,0,0,0,0,0,0,0,160,773,773,1,1,23,16,50,1,7510,773,2201,2039,0,0,0,9417,0,9649,0,0,0,0,11,3,6,177,0,126,15,272,0,0,356,8013,0
533053,2270,1004,81,46,9999,0,0,373,0,0,0,4147,1546,0,0,62,0,2,2,1382,456,1708,1,0,4,71,72,36987,13959,689,770,118,65,363,0,0,3,72,3,3,0,10,0,0,0,0,0,2688,2816,2688,2816,4128,2208,8691,1797,0,0,0,0,100,50,32,37,32,48,50,47,0,0,75,0,0,0,0,0,0,14741,1105,987,0,912,74,344,344,100,2,1,0,999,999,40,0,25,0,0,0,0,0,0,0,0,0,0,100,2688,2816,100,0,0,0,0,0,0,0,0,0,0,0,0,0,0,0,0,0,0,0,0,160,773,773,1,1,23,18,50,1,7479,773,2201,2041,0,0,0,11195,0,11436,0,0,0,5,11,3,6,145,0,204,15,272,23,5,594,8013,0
534055,2270,1004,81,46,9999,0,0,296,0,0,0,4147,1227,0,0,62,0,2,2,1382,456,1708,1,0,4,72,72,35820,13942,308,718,151,66,383,0,0,0,73,3,3,0,10,0,0,0,0,0,2688,2816,2688,2816,4128,2208,8440,1813,0,0,0,0,100,54,41,37,40,47,51,54,0,0,78,0,0,0,0,0,0,14741,1105,987,0,912,74,344,344,100,0,0,0,999,999,40,0,25,0,0,0,0,0,0,0,0,0,0,100,2688,2816,100,0,0,0,0,0,0,0,0,0,0,0,0,0,0,0,0,0,0,0,0,160,773,773,1,1,23,19,50,1,7481,773,2201,2041,0,0,0,12027,0,12272,0,0,0,0,11,3,6,151,0,237,15,272,0,0,689,8013,0
535054,2270,1004,81,46,9999,0,0,330,0,0,0,4147,1368,0,0,62,0,2,2,1382,456,1708,1,0,4,72,72,36379,13857,266,698,134,65,389,0,0,2,73,3,3,0,10,0,0,0,0,0,2688,2816,2688,2816,4128,2208,10251,1795,0,0,0,0,100,52,35,30,31,47,52,44,0,0,77,0,0,0,0,0,0,14741,1105,987,0,912,74,344,344,100,1,1,0,999,999,40,0,25,0,0,0,0,0,0,0,0,0,0,100,2688,2816,100,0,0,0,0,0,0,0,0,0,0,0,0,0,0,0,0,0,0,0,0,160,773,773,1,1,23,17,50,1,7511,773,2201,2040,0,0,0,11816,0,12104,0,0,2,1,11,3,6,177,0,126,15,272,51,1,356,8013,0
536054,2270,1004,81,46,9999,0,0,503,0,0,0,4147,2085,0,0,62,0,2,3,1382,456,1708,1,0,4,73,72,36643,13851,348,798,198,66,404,0,0,2,73,3,3,0,10,0,0,0,0,0,2688,2816,2688,2816,4128,2208,8397,1544,0,0,0,0,100,52,33,33,39,52,50,49,0,0,72,0,0,0,0,0,0,14741,1105,987,0,912,74,344,344,100,1,1,0,999,999,40,0,25,0,0,0,0,0,0,0,0,0,0,100,2688,2816,100,0,0,0,0,0,0,0,0,0,0,0,0,0,0,0,0,0,0,0,0,160,773,773,1,1,21,17,50,1,7478,773,2199,2040,0,0,0,15343,0,15700,0,0,0,0,11,3,6,112,0,142,15,272,0,0,387,8013,1
537054,2270,1004,81,46,9999,0,0,442,0,0,0,4147,1832,0,0,62,0,2,2,1382,456,1708,1,0,4,72,72,36517,13895,314,812,121,65,355,0,0,1,72,3,3,0,10,0,0,0,0,0,2688,2816,2688,2816,4128,2208,8160,1707,0,0,0,0,100,52,35,31,39,47,49,52,0,0,75,0,0,0,0,0,0,14741,1105,987,0,912,74,344,344,100,1,1,0,999,999,40,0,25,0,0,0,0,0,0,0,0,0,0,100,2688,2816,100,0,0,0,0,0,0,0,0,0,0,0,0,0,0,0,0,0,0,0,0,160,773,773,1,1,23,17,50,1,7517,773,2201,2040,0,0,0,10151,0,10407,0,0,2,3,11,3,6,107,0,149,15,272,63,3,411,8013,1
538054,2270,1004,81,46,9999,0,0,441,0,0,0,4147,1828,0,0,62,0,3,2,1382,456,1708,1,0,4,72,72,35080,13809,274,642,121,64,413,0,0,3,73,3,3,0,10,0,0,0,0,0,2688,2816,2688,2816,4128,2208,8880,1727,0,0,0,0,100,60,44,40,49,55,60,49,0,0,75,0,0,0,0,0,0,14741,1105,987,0,912,74,344,344,100,1,1,0,999,999,40,0,25,0,0,0,0,0,0,0,0,0,0,100,2688,2816,100,0,0,0,0,0,0,0,0,0,0,0,0,0,0,0,0,0,0,0,0,160,773,773,1,1,23,14,50,1,7481,773,2201,2037,0,0,0,18645,0,19043,0,0,0,0,11,3,6,107,0,149,15,272,0,0,411,8013,1
539094,2022,1003,81,46,9999,0,0,824,0,0,0,4135,3407,0,0,62,0,2,2,1382,456,1708,1,0,4,71,72,38790,13756,314,679,117,66,383,0,1,1,73,3,3,0,10,0,0,0,0,0,2688,2816,2688,2816,4128,2208,8581,1738,0,0,0,0,100,52,41,39,35,50,49,52,0,0,77,0,0,0,0,0,0,14741,1106,985,0,914,70,344,344,100,1,1,0,999,999,40,0,25,0,0,0,0,0,0,0,0,0,0,100,2688,2816,100,0,0,0,0,0,0,0,0,0,0,0,0,0,0,0,0,0,0,0,0,160,773,773,1,1,23,20,50,1,7547,773,2201,2043,0,0,0,10001,0,10260,0,0,0,0,11,3,6,107,0,149,15,272,0,0,411,8013,1
540054,2022,1003,81,46,9999,0,0,713,0,0,0,4135,2948,0,0,62,0,3,2,1382,456,1708,1,0,4,73,72,36709,13803,308,651,125,66,415,0,0,3,72,3,3,0,10,0,0,0,0,0,2688,2816,2688,2816,4128,2208,8694,1769,0,0,0,0,100,58,44,47,44,55,55,58,0,0,77,0,0,0,0,0,0,14741,1106,985,0,914,70,344,344,100,1,1,0,999,999,40,0,25,0,0,0,0,0,0,0,0,0,0,100,2688,2816,100,0,0,0,0,0,0,0,0,0,0,0,0,0,0,0,0,0,0,0,0,160,773,773,1,1,23,18,50,1,7484,773,2201,2041,0,0,0,19395,0,19884,0,0,0,0,11,3,6,106,0,166,15,272,0,0,462,8013,1
541054,2022,1003,81,46,9999,0,0,450,0,0,0,4135,1860,0,0,62,0,3,2,1382,456,1708,1,0,4,72,72,36362,13880,306,652,131,66,418,0,0,4,73,3,3,0,10,0,0,0,0,0,2688,2816,2688,2816,4128,2208,8653,1775,0,0,0,0,100,50,53,50,49,50,50,49,0,0,77,0,0,0,0,0,0,14741,1106,985,0,914,70,344,344,100,2,1,0,999,999,40,0,25,0,0,0,0,0,0,0,0,0,0,100,2688,2816,100,0,0,0,0,0,0,0,0,0,0,0,0,0,0,0,0,0,0,0,0,160,774,774,1,1,23,17,50,1,7483,774,2201,2040,0,0,0,6601,0,6851,0,0,0,0,11,3,6,107,0,149,15,272,0,0,411,8013,1
542054,2022,1003,81,46,9999,0,0,518,0,0,0,4135,2141,0,0,62,0,3,3,1382,456,1708,1,0,4,72,72,36541,13789,286,700,103,65,416,0,0,3,72,3,3,0,10,0,0,0,0,0,2688,2816,2688,2816,4128,2208,8726,1764,0,0,0,0,100,52,39,35,35,44,52,42,0,0,76,0,0,0,0,0,0,14741,1106,985,0,914,70,344,344,100,2,1,0,999,999,40,0,25,0,0,0,0,0,0,0,0,0,0,100,2688,2816,100,0,0,0,0,0,0,0,0,0,0,0,0,0,0,0,0,0,0,0,0,160,774,774,1,1,23,18,50,1,7518,774,2201,2041,0,0,0,7526,0,7934,0,0,0,0,11,3,6,111,0,150,15,272,0,0,411,8013,1
543055,2022,1003,81,46,9999,0,0,170,0,0,0,4135,702,0,0,62,0,2,3,1651,492,2000,1,0,4,70,72,38167,13718,308,684,112,64,376,0,1,5,73,3,3,0,10,0,0,0,0,0,2688,2816,2688,2816,4128,2208,7443,1646,0,0,0,0,100,54,41,35,42,54,53,48,0,0,72,0,0,0,0,0,0,14741,1106,985,0,914,70,344,344,100,3,1,0,999,999,40,0,25,0,0,0,0,0,0,0,0,0,0,100,2688,2816,100,0,0,0,0,0,0,0,0,0,0,0,0,0,0,0,0,0,0,0,0,160,774,774,1,1,23,16,50,1,7483,774,2201,2039,0,0,0,10386,0,10637,0,0,2,1,11,3,6,111,0,150,15,272,54,1,411,8013,1
544054,2022,1003,81,46,9999,0,0,348,0,0,0,4135,1438,0,0,62,0,2,2,1651,492,2000,1,0,4,72,72,36348,13783,277,641,112,65,399,0,0,4,73,3,3,0,10,0,0,0,0,0,2688,2816,2688,2816,4128,2208,8525,1756,0,0,0,0,100,49,36,33,37,49,47,49,0,0,74,0,0,0,0,0,0,14741,1106,985,0,914,70,344,344,100,2,1,0,999,999,40,0,25,0,0,0,0,0,0,0,0,0,0,100,2688,2816,100,0,0,0,0,0,0,0,0,0,0,0,0,0,0,0,0,0,0,0,0,160,774,774,1,1,23,16,50,1,7516,774,2201,2039,0,0,0,9677,0,9977,0,0,2,3,11,3,6,109,0,150,15,272,63,3,411,8013,1
545055,2022,1003,81,46,9999,0,0,391,0,0,0,4135,1616,0,0,62,0,2,2,1651,492,2000,1,0,4,71,72,39107,13729,288,647,127,64,380,0,2,2,73,3,3,0,10,0,0,0,0,0,2688,2816,2688,2816,4128,2208,8672,1756,0,0,0,0,100,58,37,36,43,57,58,55,0,0,75,0,0,0,0,0,0,14741,1106,985,0,914,70,344,344,100,1,1,0,999,999,40,0,25,0,0,0,0,0,0,0,0,0,0,100,2688,2816,100,0,0,0,0,0,0,0,0,0,0,0,0,0,0,0,0,0,0,0,0,160,774,774,1,1,23,18,50,1,7480,774,2200,2040,0,0,0,22857,0,23202,0,0,3,6,11,3,6,107,0,149,15,272,77,6,411,8013,1
546054,2022,1003,81,46,9999,0,0,516,0,0,0,4135,2133,0,0,62,0,2,2,1651,492,2000,1,0,4,71,72,38767,13869,291,750,139,65,382,0,0,3,72,3,3,0,10,0,0,0,0,0,2688,2816,2688,2816,4128,2208,9217,1760,0,0,0,0,100,51,33,35,36,47,48,51,0,0,76,0,0,0,0,0,0,14741,1106,985,0,914,70,344,344,100,2,1,0,999,999,40,0,25,0,0,0,0,0,0,0,0,0,0,100,2688,2816,100,0,0,0,0,0,0,0,0,0,0,0,0,0,0,0,0,0,0,0,0,160,774,774,1,1,23,18,50,1,7515,774,2200,2040,0,0,0,13726,0,13986,0,0,0,0,11,3,6,153,0,243,15,272,0,0,694,8013,1
547055,2022,1003,81,46,9999,0,0,468,0,0,0,4135,1935,0,0,62,0,3,2,1651,492,2000,1,0,4,72,72,37251,13825,262,677,106,66,394,0,0,3,72,3,3,0,10,0,0,0,0,0,2688,2816,2688,2816,4128,2208,9765,1790,0,0,0,0,100,58,39,32,37,58,50,53,0,0,81,0,0,0,0,0,0,14741,1106,985,0,914,70,344,344,100,2,1,0,999,999,40,0,25,0,0,0,0,0,0,0,0,0,0,100,2688,2816,100,0,0,0,0,0,0,0,0,0,0,0,0,0,0,0,0,0,0,0,0,160,775,775,1,1,24,18,50,1,7485,775,2201,2040,0,0,0,12812,0,13074,0,0,2,1,11,3,6,152,0,241,15,272,54,1,689,8013,1
548055,2022,1003,81,46,9999,0,0,316,0,0,0,4135,1306,0,0,62,0,2,4,1651,492,2000,1,0,4,73,72,36048,13832,353,745,107,66,358,0,0,0,73,3,3,0,10,0,0,0,0,0,2688,2816,2688,2816,4128,2208,8604,1510,0,0,0,0,100,46,38,39,35,46,34,41,0,0,78,0,0,0,0,0,0,14741,1106,985,0,914,70,344,344,100,0,0,0,999,999,40,0,25,0,0,0,0,0,0,0,0,0,0,100,2688,2816,100,0,0,0,0,0,0,0,0,0,0,0,0,0,0,0,0,0,0,0,0,160,775,775,1,1,24,16,50,1,7488,775,2202,2039,0,0,0,16581,0,17295,0,0,2,1,11,3,6,177,0,126,15,272,51,1,356,8013,0
549055,2022,1003,81,46,9999,0,0,444,0,0,0,4123,1830,0,0,62,0,3,3,1651,492,2000,1,0,4,71,72,34457,13745,343,699,133,64,352,0,1,5,72,3,3,0,10,0,0,0,0,0,2688,2816,2688,2816,4128,2208,7397,1576,0,0,0,0,100,57,36,39,39,44,57,51,0,0,70,0,0,0,0,0,0,14741,1106,985,0,914,70,344,344,100,3,1,0,999,999,40,0,25,0,0,0,0,0,0,0,0,0,0,100,2688,2816,100,0,0,0,0,0,0,0,0,0,0,0,0,0,0,0,0,0,0,0,0,160,775,775,1,1,24,16,50,1,7522,775,2202,2039,0,0,0,7776,0,8019,0,0,0,0,11,3,6,177,0,126,15,272,0,0,356,8013,0
550055,2022,1003,81,46,9999,0,0,268,0,0,0,4123,1104,0,0,62,0,2,3,1651,492,2000,1,0,4,73,72,35113,13735,294,671,118,66,395,0,0,2,73,3,3,0,10,0,0,0,0,0,2688,2816,2688,2816,4128,2208,7389,1543,0,0,0,0,100,51,38,37,43,51,45,51,0,0,68,0,0,0,0,0,0,14741,1106,985,0,914,70,344,344,100,2,1,0,999,999,40,0,25,0,0,0,0,0,0,0,0,0,0,100,2688,2816,100,0,0,0,0,0,0,0,0,0,0,0,0,0,0,0,0,0,0,0,0,160,775,775,1,1,24,15,50,1,7485,775,2201,2038,0,0,0,11893,0,12302,0,0,0,0,11,3,6,177,0,126,15,272,0,0,356,8013,0
551055,2022,1003,81,46,9999,0,0,303,0,0,0,4123,1249,0,0,62,0,2,2,1651,492,2000,1,0,4,72,72,33523,13660,336,633,113,65,435,0,0,2,72,3,3,0,10,0,0,0,0,0,2688,2816,2688,2816,4128,2208,7992,1642,0,0,0,0,100,54,38,37,39,43,54,47,0,0,68,0,0,0,0,0,0,14741,1106,985,0,914,70,344,344,100,1,1,0,999,999,40,0,25,0,0,0,0,0,0,0,0,0,0,100,2688,2816,100,0,0,0,0,0,0,0,0,0,0,0,0,0,0,0,0,0,0,0,0,160,775,775,1,1,23,19,50,1,7523,775,2201,2042,0,0,0,16029,0,16327,0,0,0,0,11,3,6,177,0,126,15,272,0,0,356,8013,0
552055,2022,1003,81,46,9999,0,0,303,0,0,0,4123,1249,0,0,62,0,3,2,1651,492,2000,1,0,4,73,72,36429,13749,371,614,133,66,390,0,0,4,73,3,3,0,10,0,0,0,0,0,2688,2816,2688,2816,4128,2208,7858,1624,0,0,0,0,100,57,43,40,45,57,52,56,0,0,70,0,0,0,0,0,0,14741,1106,985,0,914,70,344,344,100,1,1,0,999,999,40,0,25,0,0,0,0,0,0,0,0,0,0,100,2688,2816,100,0,0,0,0,0,0,0,0,0,0,0,0,0,0,0,0,0,0,0,0,160,775,775,1,1,23,20,50,1,7488,775,2201,2043,0,0,0,14932,0,15364,0,0,0,0,11,3,6,177,0,126,15,272,0,0,356,8013,0
553055,2022,1003,81,46,9999,0,0,374,0,0,0,4123,1542,0,0,62,0,2,2,1651,456,2000,1,0,4,72,72,34424,13919,503,732,158,65,415,0,0,3,72,3,3,0,10,0,0,0,0,0,2688,2816,2688,2816,4128,2208,7985,1623,0,0,0,0,100,50,38,32,37,42,50,44,0,0,70,0,0,0,0,0,0,14741,1106,985,0,914,70,344,344,100,2,1,0,999,999,40,0,25,0,0,0,0,0,0,0,0,0,0,100,2688,2816,100,0,0,0,0,0,0,0,0,0,0,0,0,0,0,0,0,0,0,0,0,160,775,775,1,1,23,17,50,1,7525,775,2201,2040,0,0,0,16078,0,16415,0,0,0,0,11,3,6,177,0,126,15,272,0,0,356,8013,0
554055,2022,1003,81,46,9999,0,0,365,0,0,0,4123,1504,0,0,62,0,3,2,1651,456,2000,1,0,4,72,72,35122,13781,353,692,121,65,420,0,0,4,73,3,3,0,10,0,0,0,0,0,2688,2816,2688,2816,4128,2208,7875,1628,0,0,0,0,100,56,41,40,45,56,56,50,0,0,71,0,0,0,0,0,0,14741,1106,985,0,914,70,344,344,100,1,1,0,999,999,40,0,25,0,0,0,0,0,0,0,0,0,0,100,2688,2816,100,0,0,0,0,0,0,0,0,0,0,0,0,0,0,0,0,0,0,0,0,160,773,773,1,1,23,18,50,1,7487,773,2201,2041,0,0,0,10894,0,11295,0,0,0,0,11,3,6,177,0,126,15,272,0,0,356,8013,0
555055,2022,1003,81,46,9999,0,0,407,0,0,0,4123,1678,0,0,62,0,2,2,1651,456,2000,1,0,4,72,72,35363,13774,345,686,103,65,392,0,0,2,73,3,3,0,10,0,0,0,0,0,2688,2816,2688,2816,4128,2208,7944,1629,0,0,0,0,100,47,35,39,41,43,43,47,0,0,71,0,0,0,0,0,0,14741,1106,985,0,914,70,344,344,100,1,1,0,999,999,40,0,25,0,0,0,0,0,0,0,0,0,0,100,2688,2816,100,0,0,0,0,0,0,0,0,0,0,0,0,0,0,0,0,0,0,0,0,160,773,773,1,1,23,16,50,1,7484,773,2201,2040,0,0,0,11488,0,11726,0,0,0,3,11,3,6,176,0,126,15,272,13,3,356,8013,0
556055,2022,1003,81,46,9999,0,0,226,0,0,0,4123,931,0,0,62,0,2,2,1651,456,2000,1,0,4,72,72,34523,13760,310,593,113,65,402,0,0,2,72,3,3,0,10,0,0,0,0,0,2688,2816,2688,2816,4128,2208,8060,1660,0,0,0,0,100,49,37,34,36,47,49,46,0,0,71,0,0,0,0,0,0,14741,1106,985,0,914,70,344,344,100,1,1,0,999,999,40,0,25,0,0,0,0,0,0,0,0,0,0,100,2688,2816,100,0,0,0,0,0,0,0,0,0,0,0,0,0,0,0,0,0,0,0,0,160,773,773,1,1,23,16,50,1,7519,773,2201,2039,0,0,0,12389,0,12760,0,0,0,0,11,3,6,176,0,126,15,272,0,0,356,8013,0
557055,2022,1003,81,46,9999,0,0,553,0,0,0,4123,2280,0,0,62,0,3,2,1651,456,2000,1,0,4,72,72,34820,13617,287,592,109,65,407,0,0,2,73,3,3,0,10,0,0,0,0,0,2688,2816,2688,2816,4128,2208,7955,1664,0,0,0,0,100,50,38,36,42,50,50,50,0,0,72,0,0,0,0,0,0,14741,1106,985,0,914,70,344,344,100,2,1,0,999,999,40,0,25,0,0,0,0,0,0,0,0,0,0,100,2688,2816,100,0,0,0,0,0,0,0,0,0,0,0,0,0,0,0,0,0,0,0,0,160,773,773,1,1,23,16,50,1,7467,773,2201,2039,0,0,0,17213,0,17560,0,0,0,0,11,3,6,105,0,143,15,272,0,0,406,8013,0
558055,2022,1003,81,46,9999,0,0,398,0,0,0,4123,1640,0,0,62,0,3,3,1651,456,2000,1,0,4,72,72,34452,13875,646,611,158,65,436,0,0,5,73,3,3,0,10,0,0,0,0,0,2688,2816,2688,2816,4128,2208,8511,1596,0,0,0,0,100,57,46,47,48,55,57,56,0,0,75,0,0,0,0,0,0,14741,1106,985,0,914,70,344,344,100,2,1,0,999,999,40,0,25,0,0,0,0,0,0,0,0,0,0,100,2688,2816,100,0,0,0,0,0,0,0,0,0,0,0,0,0,0,0,0,0,0,0,0,160,773,773,1,1,23,19,50,1,7506,773,2201,2042,0,0,0,17570,0,17958,0,0,0,0,11,3,6,112,0,142,15,272,0,0,387,8013,1
559098,2218,1005,81,46,9999,0,0,305,0,0,0,4143,1263,0,0,62,0,2,2,1651,456,2000,1,0,4,73,72,36059,13812,297,738,131,65,357,0,0,0,72,3,3,0,10,0,0,0,0,0,2688,2816,2688,2816,4128,2208,8386,1512,0,0,0,0,100,50,37,30,41,50,48,41,0,0,73,0,0,0,0,0,0,14741,1106,989,0,914,74,344,344,100,0,0,0,999,999,40,0,25,0,0,0,0,0,0,0,0,0,0,100,2688,2816,100,0,0,0,0,0,0,0,0,0,0,0,0,0,0,0,0,0,0,0,0,160,773,773,1,1,23,18,50,1,7469,773,2201,2041,0,0,0,9979,0,10222,0,0,3,6,11,3,6,110,0,150,15,272,77,6,411,8013,1
560056,2218,1005,81,46,9999,0,0,556,0,0,0,4143,2303,0,0,62,0,2,2,1651,456,2000,1,0,4,72,72,35480,13610,294,590,126,64,419,0,0,6,73,3,3,0,10,0,0,0,0,0,2688,2816,2688,2816,4128,2208,9367,1627,0,0,0,0,100,56,40,36,41,50,44,56,0,0,77,0,0,0,0,0,0,14741,1106,989,0,914,74,344,344,100,3,1,0,999,999,40,0,25,0,0,0,0,0,0,0,0,0,0,100,2688,2816,100,0,0,0,0,0,0,0,0,0,0,0,0,0,0,0,0,0,0,0,0,160,773,773,1,1,23,17,50,1,7519,773,2201,2040,0,0,0,12571,0,12849,0,0,0,0,11,3,6,101,0,150,15,272,0,0,398,8013,2
561056,2218,1005,81,46,9999,0,0,909,0,0,0,4143,3765,0,0,62,0,3,2,1651,456,2000,1,0,4,70,72,40911,13672,308,593,126,65,428,0,7,7,73,3,3,0,10,0,0,0,0,0,2688,2816,2688,2816,4128,2208,9276,1512,0,0,0,0,100,58,46,43,50,58,54,55,0,0,76,0,0,0,0,0,0,14741,1106,989,0,914,74,344,344,100,3,1,0,999,999,40,0,25,0,0,0,0,0,0,0,0,0,0,100,2688,2816,100,0,0,0,0,0,0,0,0,0,0,0,0,0,0,0,0,0,0,0,0,160,773,773,1,1,23,16,50,1,7496,773,2200,2038,0,0,0,14611,0,15134,0,0,2,1,11,3,6,96,0,185,15,272,54,1,504,8013,2
562056,2218,1005,81,46,9999,0,0,269,0,0,0,4143,1114,0,0,62,0,2,2,1651,456,2000,1,0,4,70,72,38313,13735,289,753,150,65,530,0,0,1,72,3,3,0,10,0,0,0,0,0,2688,2816,2688,2816,4128,2208,9803,1396,0,0,0,0,100,51,44,45,43,51,43,37,0,0,80,0,0,0,0,0,0,14741,1106,989,0,914,74,344,344,100,1,1,0,999,999,40,0,25,0,0,0,0,0,0,0,0,0,0,100,2688,2816,100,0,0,0,0,0,0,0,0,0,0,0,0,0,0,0,0,0,0,0,0,160,773,773,1,1,23,16,50,1,7471,773,2201,2039,0,0,0,9925,0,10183,0,0,2,4,11,3,6,99,0,185,15,272,68,4,505,8013,2
563056,2218,1005,81,46,9999,0,0,375,0,0,0,4143,1553,0,0,62,0,2,3,1382,492,2000,1,0,4,72,72,37510,13690,281,788,140,65,516,0,1,2,72,3,3,0,10,0,0,0,0,0,2688,2816,2688,2816,4128,2208,8667,1320,0,0,0,0,100,54,38,42,37,48,54,49,0,0,78,0,0,0,0,0,0,14741,1106,989,0,914,74,344,344,100,2,1,0,999,999,40,0,25,0,0,0,0,0,0,0,0,0,0,100,2688,2816,100,0,0,0,0,0,0,0,0,0,0,0,0,0,0,0,0,0,0,0,0,160,774,774,1,1,23,17,50,1,7507,774,2201,2041,0,0,0,12633,0,12876,0,0,0,0,11,3,6,96,0,192,15,272,0,0,525,8013,2
564056,2218,1005,81,46,9999,0,0,445,0,0,0,4143,1843,0,0,62,0,3,3,1382,492,2000,1,0,4,72,72,38036,13606,329,733,93,64,406,0,0,4,72,3,3,0,10,0,0,0,0,0,2688,2816,2688,2816,4128,2208,9243,1335,0,0,0,0,100,52,42,40,44,50,52,50,0,0,79,0,0,0,0,0,0,14741,1106,989,0,914,74,344,344,100,1,1,0,999,999,40,0,25,0,0,0,0,0,0,0,0,0,0,100,2688,2816,100,0,0,0,0,0,0,0,0,0,0,0,0,0,0,0,0,0,0,0,0,160,773,773,1,1,21,18,50,1,7472,773,2199,2041,0,0,0,11518,0,11770,0,0,2,4,11,3,6,100,0,187,15,272,68,4,511,8013,2
565056,2218,1005,81,46,9999,0,0,424,0,0,0,4143,1756,0,0,62,0,2,3,1382,492,2000,1,0,4,73,72,35657,13580,291,604,108,64,416,0,0,3,73,3,3,0,10,0,0,0,0,0,2688,2816,2688,2816,4128,2208,8939,1384,0,0,0,0,100,48,41,36,34,47,45,48,0,0,78,0,0,0,0,0,0,14741,1106,989,0,914,74,344,344,100,1,1,0,999,999,40,0,25,0,0,0,0,0,0,0,0,0,0,100,2688,2816,100,0,0,0,0,0,0,0,0,0,0,0,0,0,0,0,0,0,0,0,0,160,774,774,1,1,23,16,50,1,7505,774,2200,2039,0,0,0,14073,0,14299,0,0,2,1,11,3,6,117,0,188,15,272,51,1,515,8013,2
566056,2218,1005,81,46,9999,0,0,641,0,0,0,4143,2655,0,0,62,0,3,3,1382,492,2000,1,0,4,70,72,37525,13518,284,609,131,65,387,0,2,5,73,3,3,0,10,0,0,0,0,0,2688,2816,2688,2816,4128,2208,8759,1334,0,0,0,0,100,56,43,37,42,49,56,45,0,0,77,0,0,0,0,0,0,14741,1106,989,0,914,74,344,344,100,2,1,0,999,999,40,0,25,0,0,0,0,0,0,0,0,0,0,100,2688,2816,100,0,0,0,0,0,0,0,0,0,0,0,0,0,0,0,0,0,0,0,0,160,774,774,1,1,23,16,50,1,7456,774,2201,2040,0,0,0,17112,0,17469,0,0,2,5,11,3,6,145,0,247,15,272,73,5,693,8013,2
567056,2218,1005,81,46,9999,0,0,679,0,0,0,4143,2813,0,0,62,0,3,4,1382,492,2000,1,0,4,72,72,34995,13669,369,723,127,65,439,0,0,2,73,3,3,0,10,0,0,0,0,0,2688,2816,2688,2816,4128,2208,9684,1285,0,0,0,0,100,53,38,36,41,43,53,46,0,0,80,0,0,0,0,0,0,14741,1106,989,0,914,74,344,344,100,1,1,0,999,999,40,0,25,0,0,0,0,0,0,0,0,0,0,100,2688,2816,100,0,0,0,0,0,0,0,0,0,0,0,0,0,0,0,0,0,0,0,0,160,774,774,1,1,23,16,50,1,7494,774,2201,2039,0,0,0,19418,0,19439,0,0,2,2,11,3,6,150,0,249,15,272,71,2,698,8013,2
568056,2218,1005,81,46,9999,0,0,562,0,0,0,4143,2328,0,0,62,0,3,5,1382,492,2000,1,0,4,70,72,37767,13701,313,636,164,64,368,0,1,5,73,3,3,0,10,0,0,0,0,0,2688,2816,2688,2816,4128,2208,8172,1289,0,0,0,0,100,63,47,49,51,63,62,53,0,0,76,0,0,0,0,0,0,14741,1106,989,0,914,74,344,344,100,2,1,0,999,999,40,0,25,0,0,0,0,0,0,0,0,0,0,100,2688,2816,100,0,0,0,0,0,0,0,0,0,0,0,0,0,0,0,0,0,0,0,0,160,773,773,1,1,23,19,50,1,7458,773,2201,2043,0,0,0,13126,0,13361,0,0,3,6,11,3,6,122,0,206,15,272,77,6,581,8013,1
569056,2218,1005,81,46,9999,0,0,598,0,0,0,4135,2472,0,0,62,0,2,4,1382,492,2000,1,0,4,72,72,35778,13570,282,782,98,63,343,0,0,1,72,3,3,0,10,0,0,0,0,0,2688,2816,2688,2816,4128,2208,8426,1240,0,0,0,0,100,43,38,36,33,41,41,43,0,0,71,0,0,0,0,0,0,14741,1106,989,0,914,74,344,344,100,1,1,0,999,999,40,0,25,0,0,0,0,0,0,0,0,0,0,100,2688,2816,100,0,0,0,0,0,0,0,0,0,0,0,0,0,0,0,0,0,0,0,0,160,774,774,1,1,23,19,50,1,7460,774,2200,2041,0,0,0,13476,0,14042,0,0,2,1,11,3,6,150,0,240,15,272,54,1,688,8013,1
570056,2218,1005,81,46,9999,0,0,319,0,0,0,4135,1319,0,0,62,0,2,4,1382,492,2000,1,0,4,71,72,36131,13519,317,590,99,65,351,0,0,4,73,3,3,0,10,0,0,0,0,0,2688,2816,2688,2816,4128,2208,8608,1433,0,0,0,0,100,56,41,41,43,56,54,46,0,0,76,0,0,0,0,0,0,14741,1106,989,0,914,74,344,344,100,3,1,0,999,999,40,0,25,0,0,0,0,0,0,0,0,0,0,100,2688,2816,100,0,0,0,0,0,0,0,0,0,0,0,0,0,0,0,0,0,0,0,0,160,774,774,1,1,23,18,50,1,7493,774,2200,2040,0,0,0,16954,0,17336,0,0,0,0,11,3,6,181,0,201,15,272,0,0,570,8013,1
571058,2218,1005,81,46,9999,0,0,396,0,0,0,4135,1637,0,0,62,0,3,3,1382,492,2000,1,0,4,72,72,36484,13884,311,814,192,65,362,0,0,4,73,3,3,0,10,0,0,0,0,0,2688,2816,2688,2816,4128,2208,8201,1418,0,0,0,0,100,53,41,37,41,50,53,45,0,0,75,0,0,0,0,0,0,14741,1106,989,0,914,74,344,344,100,3,1,0,999,999,40,0,25,0,0,0,0,0,0,0,0,0,0,100,2688,2816,100,0,0,0,0,0,0,0,0,0,0,0,0,0,0,0,0,0,0,0,0,160,774,774,1,1,23,16,50,1,7458,774,2201,2040,0,0,0,18156,0,18526,0,0,0,5,11,3,6,176,0,195,15,272,23,5,565,8013,0
572057,2218,1005,81,46,9999,0,0,436,0,0,0,4135,1802,0,0,62,0,2,3,1382,492,2000,1,0,4,72,72,34762,13726,312,735,112,65,381,0,0,2,72,3,3,0,10,0,0,0,0,0,2688,2816,2688,2816,4128,2208,8916,1531,0,0,0,0,100,49,34,36,34,43,49,43,0,0,76,0,0,0,0,0,0,14741,1106,989,0,914,74,344,344,100,1,1,0,999,999,40,0,25,0,0,0,0,0,0,0,0,0,0,100,2688,2816,100,0,0,0,0,0,0,0,0,0,0,0,0,0,0,0,0,0,0,0,0,160,774,774,1,1,23,16,50,1,7496,774,2201,2040,0,0,0,8888,0,9112,0,0,0,0,11,3,6,176,0,195,15,272,0,0,565,8013,0
573057,2218,1005,81,46,9999,0,0,489,0,0,0,4135,2022,0,0,62,0,3,3,1382,492,2000,1,0,4,73,72,37028,13773,644,669,147,65,409,0,0,2,73,3,3,0,10,0,0,0,0,0,2688,2816,2688,2816,4128,2208,8852,1520,0,0,0,0,100,60,46,42,48,60,50,56,0,0,77,0,0,0,0,0,0,14741,1106,989,0,914,74,344,344,100,1,1,0,999,999,40,0,25,0,0,0,0,0,0,0,0,0,0,100,2688,2816,100,0,0,0,0,0,0,0,0,0,0,0,0,0,0,0,0,0,0,0,0,160,775,775,1,1,23,19,50,1,7460,775,2201,2042,0,0,0,17401,0,17814,0,0,1,6,11,3,6,176,0,195,15,272,28,6,565,8013,0
574059,2218,1005,81,46,9999,0,0,410,0,0,0,4135,1695,0,0,62,0,2,3,1382,492,2000,1,0,4,72,72,35490,13783,308,716,106,66,370,0,0,2,72,3,3,0,10,0,0,0,0,0,2688,2816,2688,2816,4128,2208,8947,1517,0,0,0,0,100,48,35,39,40,38,48,46,0,0,77,0,0,0,0,0,0,14741,1106,989,0,914,74,344,344,100,2,1,0,999,999,40,0,25,0,0,0,0,0,0,0,0,0,0,100,2688,2816,100,0,0,0,0,0,0,0,0,0,0,0,0,0,0,0,0,0,0,0,0,160,775,775,1,1,21,18,50,1,7494,775,2198,2041,0,0,0,18404,0,18858,0,0,0,5,11,3,6,176,0,195,15,272,23,5,565,8013,0
575057,2218,1005,81,46,9999,0,0,406,0,0,0,4135,1678,0,0,62,0,2,3,1382,492,2000,1,0,4,72,72,35546,13578,273,578,112,65,353,0,0,1,73,3,3,0,10,0,0,0,0,0,2688,2816,2688,2816,4128,2208,9387,1521,0,0,0,0,100,58,43,37,42,58,55,52,0,0,77,0,0,0,0,0,0,14741,1106,989,0,914,74,344,344,100,1,1,0,999,999,40,0,25,0,0,0,0,0,0,0,0,0,0,100,2688,2816,100,0,0,0,0,0,0,0,0,0,0,0,0,0,0,0,0,0,0,0,0,160,775,775,1,1,23,17,50,1,7461,775,2201,2041,0,0,0,8281,0,8605,0,0,0,0,11,3,6,176,0,195,15,272,0,0,565,8013,0
576057,2218,1005,81,46,9999,0,0,272,0,0,0,4135,1124,0,0,62,0,2,3,1382,492,2000,1,0,4,73,72,36872,13613,337,586,105,65,377,0,0,3,73,3,3,0,10,0,0,0,0,0,2688,2816,2688,2816,4128,2208,8204,1574,0,0,0,0,100,53,42,42,43,50,50,53,0,0,78,0,0,0,0,0,0,14741,1106,989,0,914,74,344,344,100,2,1,0,999,999,40,0,25,0,0,0,0,0,0,0,0,0,0,100,2688,2816,100,0,0,0,0,0,0,0,0,0,0,0,0,0,0,0,0,0,0,0,0,160,775,775,1,1,23,17,50,1,7460,775,2201,2041,0,0,0,9119,0,9354,0,0,0,0,11,3,6,176,0,195,15,272,0,0,565,8013,0
577057,2218,1005,81,46,9999,0,0,473,0,0,0,4135,1955,0,0,62,0,2,3,1382,492,2000,1,0,4,71,72,36719,13691,266,663,105,66,369,0,0,0,72,3,3,0,10,0,0,0,0,0,2688,2816,2688,2816,4128,2208,8728,1513,0,0,0,0,100,52,39,35,36,44,49,52,0,0,77,0,0,0,0,0,0,14741,1106,989,0,914,74,344,344,100,0,0,0,999,999,40,0,25,0,0,0,0,0,0,0,0,0,0,100,2688,2816,100,0,0,0,0,0,0,0,0,0,0,0,0,0,0,0,0,0,0,0,0,160,775,775,1,1,23,16,50,1,7500,775,2200,2038,0,0,0,12313,0,12545,0,0,0,0,11,3,6,176,0,195,15,272,0,0,565,8013,0
578057,2218,1005,81,46,9999,0,0,379,0,0,0,4148,1572,0,0,62,0,3,3,1382,492,2000,1,0,4,72,72,35905,13603,268,616,105,66,373,0,0,3,73,3,3,0,10,0,0,0,0,0,2688,2816,2688,2816,4128,2208,8836,1511,0,0,0,0,100,55,43,42,44,55,51,43,0,0,76,0,0,0,0,0,0,14741,1106,989,0,914,74,344,344,100,2,1,0,999,999,40,0,25,0,0,0,0,0,0,0,0,0,0,100,2688,2816,100,0,0,0,0,0,0,0,0,0,0,0,0,0,0,0,0,0,0,0,0,160,775,775,1,1,24,16,50,1,7464,775,2201,2038,0,0,0,14562,0,14830,0,0,0,0,11,3,6,176,0,195,15,272,0,0,565,8013,0
579094,2188,1005,81,46,9999,0,0,433,0,0,0,4138,1791,0,0,62,0,2,3,1382,492,2000,1,0,4,72,72,33787,13540,316,569,117,66,383,0,0,3,72,3,3,0,10,0,0,0,0,0,2688,2816,2688,2816,4128,2208,8838,1513,0,0,0,0,100,44,42,41,39,44,37,42,0,0,77,0,0,0,0,0,0,14741,1108,987,0,916,70,343,343,100,3,1,0,999,999,40,0,25,0,0,0,0,0,0,0,0,0,0,100,2688,2816,100,0,0,0,0,0,0,0,0,0,0,0,0,0,0,0,0,0,0,0,0,160,775,775,1,1,24,20,50,1,7500,775,2202,2043,0,0,0,17659,0,17993,0,0,0,0,11,3,6,176,0,195,15,272,0,0,565,8013,0
580058,2188,1005,81,46,9999,0,0,389,0,0,0,4138,1609,0,0,62,0,3,3,1382,492,2000,1,0,4,72,72,35575,13657,315,550,114,64,370,0,0,1,73,3,3,0,10,0,0,0,0,0,2688,2816,2688,2816,4128,2208,8729,1540,0,0,0,0,100,52,44,42,46,52,47,50,0,0,77,0,0,0,0,0,0,14741,1108,987,0,916,70,343,343,100,1,1,0,999,999,40,0,25,0,0,0,0,0,0,0,0,0,0,100,2688,2816,100,0,0,0,0,0,0,0,0,0,0,0,0,0,0,0,0,0,0,0,0,160,775,775,1,1,23,19,50,1,7463,775,2201,2043,0,0,0,10514,0,10760,0,0,0,0,11,3,6,176,0,195,15,272,0,0,565,8013,0
581066,2188,1005,81,46,9999,0,0,644,0,0,0,4138,2664,0,0,62,0,2,3,1382,492,2000,1,0,4,72,72,34586,13562,288,559,106,65,374,0,0,4,73,3,3,0,10,0,0,0,0,0,2688,2816,2688,2816,4128,2208,8086,1547,0,0,0,0,100,49,38,37,37,49,49,46,0,0,77,0,0,0,0,0,0,14741,1108,987,0,916,70,343,343,100,3,1,0,999,999,40,0,25,0,0,0,0,0,0,0,0,0,0,100,2688,2816,100,0,0,0,0,0,0,0,0,0,0,0,0,0,0,0,0,0,0,0,0,160,776,776,1,1,22,17,50,1,7496,776,2200,2040,0,0,0,16768,0,17396,0,0,2,1,11,3,6,176,0,195,15,272,51,1,565,8013,0
582058,2188,1005,81,46,9999,0,0,734,0,0,0,4138,3037,0,0,62,0,3,3,1382,492,2000,1,0,4,73,72,36637,13652,369,575,134,65,370,0,0,2,73,3,3,0,10,0,0,0,0,0,2688,2816,2688,2816,4128,2208,8730,1550,0,0,0,0,100,49,38,37,37,49,49,46,0,0,76,0,0,0,0,0,0,14741,1108,987,0,916,70,343,343,100,1,1,0,999,999,40,0,25,0,0,0,0,0,0,0,0,0,0,100,2688,2816,100,0,0,0,0,0,0,0,0,0,0,0,0,0,0,0,0,0,0,0,0,160,775,775,1,1,21,17,50,1,7491,775,2199,2040,0,0,0,15007,0,15254,0,0,0,0,11,3,6,178,0,195,15,272,0,0,565,8013,0
583058,2188,1005,81,46,9999,0,0,422,0,0,0,4138,1746,0,0,62,0,2,3,1651,492,2000,1,0,4,72,72,35549,13787,319,640,117,66,345,0,0,0,73,3,3,0,10,0,0,0,0,0,2688,2816,2688,2816,4128,2208,8601,1562,0,0,0,0,100,58,46,43,48,55,58,51,0,0,76,0,0,0,0,0,0,14741,1108,987,0,916,70,343,343,100,0,0,0,999,999,40,0,25,0,0,0,0,0,0,0,0,0,0,100,2688,2816,100,0,0,0,0,0,0,0,0,0,0,0,0,0,0,0,0,0,0,0,0,160,775,775,1,1,22,16,50,1,7467,775,2199,2039,0,0,0,9815,0,10074,0,0,0,0,11,3,6,177,0,195,15,272,0,0,565,8013,0
584058,2188,1005,81,46,9999,0,0,423,0,0,0,4138,1750,0,0,62,0,2,2,1651,492,2000,1,0,4,71,72,35923,13655,311,615,127,65,411,0,0,6,73,3,3,0,10,0,0,0,0,0,2688,2816,2688,2816,4128,2208,8588,1656,0,0,0,0,100,49,52,49,49,41,49,41,0,0,76,0,0,0,0,0,0,14741,1108,987,0,916,70,343,343,100,2,1,0,999,999,40,0,25,0,0,0,0,0,0,0,0,0,0,100,2688,2816,100,0,0,0,0,0,0,0,0,0,0,0,0,0,0,0,0,0,0,0,0,160,776,776,1,1,22,20,50,1,7504,776,2199,2043,0,0,0,10597,0,10826,0,0,1,6,11,3,6,177,0,195,15,272,28,6,565,8013,0
585058,2188,1005,81,46,9999,0,0,374,0,0,0,4138,1547,0,0,62,0,3,3,1651,492,2000,1,0,4,72,72,36701,14078,305,923,213,64,387,0,0,2,73,3,3,0,10,0,0,0,0,0,2688,2816,2688,2816,4128,2208,9291,1534,0,0,0,0,100,52,43,46,45,52,50,48,0,0,77,0,0,0,0,0,0,14741,1108,987,0,916,70,343,343,100,2,1,0,999,999,40,0,25,0,0,0,0,0,0,0,0,0,0,100,2688,2816,100,0,0,0,0,0,0,0,0,0,0,0,0,0,0,0,0,0,0,0,0,160,776,776,1,1,22,19,50,1,7466,776,2199,2042,0,0,0,9291,0,9554,0,0,0,0,11,3,6,176,0,195,15,272,0,0,565,8013,0
586059,2188,1005,81,46,9999,0,0,183,0,0,0,4138,757,0,0,62,0,2,3,1651,492,2000,1,0,4,72,72,34829,13891,272,816,138,64,369,0,0,4,72,3,3,0,10,0,0,0,0,0,2688,2816,2688,2816,4128,2208,8137,1535,0,0,0,0,100,50,38,43,41,48,50,50,0,0,77,0,0,0,0,0,0,14741,1108,987,0,916,70,343,343,100,1,1,0,999,999,40,0,25,0,0,0,0,0,0,0,0,0,0,100,2688,2816,100,0,0,0,0,0,0,0,0,0,0,0,0,0,0,0,0,0,0,0,0,160,775,775,1,1,21,17,50,1,7500,775,2199,2040,0,0,0,15434,0,15825,0,0,0,0,11,3,6,176,0,195,15,272,0,0,565,8013,0
587058,2188,1005,81,46,9999,0,0,542,0,0,0,4138,2242,0,0,62,0,2,2,1651,492,2000,1,0,4,73,72,37222,13641,298,650,110,66,386,0,0,3,72,3,3,0,10,0,0,0,0,0,2688,2816,2688,2816,4128,2208,8705,1556,0,0,0,0,100,51,39,36,35,44,51,48,0,0,76,0,0,0,0,0,0,14741,1108,987,0,916,70,343,343,100,2,1,0,999,999,40,0,25,0,0,0,0,0,0,0,0,0,0,100,2688,2816,100,0,0,0,0,0,0,0,0,0,0,0,0,0,0,0,0,0,0,0,0,160,775,775,1,1,21,17,50,1,7467,775,2199,2040,0,0,0,16475,0,16860,0,0,0,0,11,3,6,176,0,195,15,272,0,0,565,8013,0
588059,2188,1005,81,46,9999,0,0,502,0,0,0,4138,2077,0,0,62,0,3,3,1651,492,2000,1,0,4,71,72,37470,13816,361,680,177,66,397,0,0,6,73,3,3,0,10,0,0,0,0,0,2688,2816,2688,2816,4128,2208,8731,1536,0,0,0,0,100,57,37,40,42,48,52,57,0,0,77,0,0,0,0,0,0,14741,1108,987,0,916,70,343,343,100,4,1,0,999,999,40,0,25,0,0,0,0,0,0,0,0,0,0,100,2688,2816,100,0,0,0,0,0,0,0,0,0,0,0,0,0,0,0,0,0,0,0,0,160,776,776,1,1,22,16,50,1,7501,776,2199,2040,0,0,0,16397,0,16781,0,0,0,5,11,3,6,176,0,195,15,272,23,5,565,8013,0
589059,2188,1005,81,46,9999,0,0,174,0,0,0,4136,719,0,0,62,0,3,3,1651,492,2000,1,0,4,73,72,36891,13863,331,732,140,65,380,0,0,3,73,3,3,0,10,0,0,0,0,0,2688,2816,2688,2816,4128,2208,8643,1539,0,0,0,0,100,59,45,45,46,59,55,55,0,0,76,0,0,0,0,0,0,14741,1108,987,0,916,70,343,343,100,1,1,0,999,999,40,0,25,0,0,0,0,0,0,0,0,0,0,100,2688,2816,100,0,0,0,0,0,0,0,0,0,0,0,0,0,0,0,0,0,0,0,0,160,776,776,1,1,21,20,50,1,7477,776,2199,2042,0,0,0,13742,0,14127,0,0,0,0,11,3,6,176,0,195,15,272,0,0,565,8013,0
590059,2188,1005,81,47,9999,0,0,495,0,0,0,4136,2047,0,0,62,0,2,3,1651,492,2000,1,0,4,73,72,35324,13671,251,719,114,64,396,0,0,1,72,3,3,0,10,0,0,0,0,0,2688,2816,2688,2816,4128,2208,8025,1531,0,0,0,0,100,50,38,34,38,50,50,42,0,0,76,0,0,0,0,0,0,14741,1108,987,0,916,70,343,343,100,1,1,0,999,999,40,0,25,0,0,0,0,0,0,0,0,0,0,100,2688,2816,100,0,0,0,0,0,0,0,0,0,0,0,0,0,0,0,0,0,0,0,0,160,776,776,1,1,21,19,50,1,7470,776,2199,2042,0,0,0,17126,0,17479,0,0,0,0,11,3,6,152,0,250,15,272,0,0,699,8013,2
591059,2188,1005,81,47,9999,0,0,467,0,0,0,4136,1931,0,0,62,0,2,4,1651,492,2000,1,0,4,72,72,34917,13671,251,719,114,64,396,0,0,1,72,3,3,0,10,0,0,0,0,0,2688,2816,2688,2816,4128,2208,8859,1386,0,0,0,0,100,47,40,41,39,47,47,43,0,0,78,0,0,0,0,0,0,14741,1108,987,0,916,70,343,343,100,1,1,0,999,999,40,0,25,0,0,0,0,0,0,0,0,0,0,100,2688,2816,100,0,0,0,0,0,0,0,0,0,0,0,0,0,0,0,0,0,0,0,0,160,776,776,1,1,21,17,50,1,7502,776,2199,2040,0,0,0,24368,0,24710,0,0,0,0,11,3,6,178,0,212,15,272,0,0,602,8013,1
592059,2188,1005,81,47,9999,0,0,385,0,0,0,4136,1592,0,0,62,0,3,3,1651,492,2000,1,0,4,72,72,36002,13657,288,680,124,64,387,0,0,2,73,3,3,0,10,0,0,0,0,0,2688,2816,2688,2816,4128,2208,8091,1407,0,0,0,0,100,56,40,44,48,56,55,54,0,0,74,0,0,0,0,0,0,14741,1108,987,0,916,70,343,343,100,1,1,0,999,999,40,0,25,0,0,0,0,0,0,0,0,0,0,100,2688,2816,100,0,0,0,0,0,0,0,0,0,0,0,0,0,0,0,0,0,0,0,0,160,773,773,1,1,21,16,50,1,7466,773,2199,2040,0,0,0,9820,0,10094,0,0,0,0,11,3,6,178,0,212,15,272,0,0,602,8013,1
593059,2188,1005,81,47,9999,0,0,419,0,0,0,4136,1732,0,0,62,0,2,2,1382,492,2000,1,0,4,73,72,35404,13746,659,752,109,65,364,0,0,4,73,3,3,0,10,0,0,0,0,0,2688,2816,2688,2816,4128,2208,8788,1486,0,0,0,0,100,51,40,34,32,48,51,36,0,0,76,0,0,0,0,0,0,14741,1108,987,0,916,70,343,343,100,2,1,0,999,999,40,0,25,0,0,0,0,0,0,0,0,0,0,100,2688,2816,100,0,0,0,0,0,0,0,0,0,0,0,0,0,0,0,0,0,0,0,0,160,773,773,1,1,21,17,50,1,7503,773,2199,2040,0,0,0,14188,0,14632,0,0,0,0,11,3,6,105,0,186,15,272,0,0,510,8013,2
594059,2188,1005,81,47,9999,0,0,448,0,0,0,4136,1852,0,0,62,0,3,4,1382,492,2000,1,0,4,72,72,37180,13621,259,665,144,65,380,0,0,0,73,3,3,0,10,0,0,0,0,0,2688,2816,2688,2816,4128,2208,7962,1352,0,0,0,0,100,50,38,31,33,37,50,49,0,0,75,0,0,0,0,0,0,14741,1108,987,0,916,70,343,343,100,0,0,0,999,999,40,0,25,0,0,0,0,0,0,0,0,0,0,100,2688,2816,100,0,0,0,0,0,0,0,0,0,0,0,0,0,0,0,0,0,0,0,0,160,774,774,1,1,21,16,50,1,7469,774,2199,2039,0,0,0,16087,0,16503,0,0,3,7,11,3,6,102,0,186,15,272,82,7,510,8013,2
595059,2188,1005,81,47,9999,0,0,307,0,0,0,4136,1269,0,0,62,0,2,3,1382,492,2000,1,0,4,72,72,33714,13658,291,746,158,65,361,0,0,2,73,3,3,0,10,0,0,0,0,0,2688,2816,2688,2816,4128,2208,9071,1448,0,0,0,0,100,52,41,38,41,52,50,44,0,0,74,0,0,0,0,0,0,14741,1108,987,0,916,70,343,343,100,1,1,0,999,999,40,0,25,0,0,0,0,0,0,0,0,0,0,100,2688,2816,100,0,0,0,0,0,0,0,0,0,0,0,0,0,0,0,0,0,0,0,0,160,774,774,1,1,21,16,50,1,7498,774,2199,2039,0,0,0,15476,0,15838,0,0,0,0,11,3,6,106,0,164,15,272,0,0,454,8013,1
596059,2188,1005,81,47,9999,0,0,577,0,0,0,4136,2386,0,0,62,0,3,2,1382,492,2000,1,0,4,71,72,37752,13597,291,654,145,64,394,0,0,3,72,3,3,0,10,0,0,0,0,0,2688,2816,2688,2816,4128,2208,8717,1599,0,0,0,0,100,50,41,36,37,48,50,47,0,0,76,0,0,0,0,0,0,14741,1108,987,0,916,70,343,343,100,1,1,0,999,999,40,0,25,0,0,0,0,0,0,0,0,0,0,100,2688,2816,100,0,0,0,0,0,0,0,0,0,0,0,0,0,0,0,0,0,0,0,0,160,774,774,1,1,21,18,50,1,7468,774,2199,2042,0,0,0,10114,0,10348,0,0,2,1,11,3,6,104,0,164,15,272,54,1,454,8013,1
597059,2188,1005,81,47,9999,0,0,428,0,0,0,4136,1770,0,0,62,0,3,2,1382,492,2000,1,0,4,72,72,35387,13569,242,569,125,65,420,0,0,3,73,3,3,0,10,0,0,0,0,0,2688,2816,2688,2816,4128,2208,9066,1574,0,0,0,0,100,57,38,38,39,57,53,51,0,0,79,0,0,0,0,0,0,14741,1108,987,0,916,70,343,343,100,1,1,0,999,999,40,0,25,0,0,0,0,0,0,0,0,0,0,100,2688,2816,100,0,0,0,0,0,0,0,0,0,0,0,0,0,0,0,0,0,0,0,0,160,774,774,1,1,21,18,50,1,7470,774,2199,2042,0,0,0,15965,0,16334,0,0,0,0,11,3,6,111,0,134,15,272,0,0,365,8013,1
598060,2188,1005,81,47,9999,0,0,240,0,0,0,4136,992,0,0,62,0,2,2,1382,492,2000,1,0,4,73,72,34790,13707,330,699,116,65,426,0,0,1,73,3,3,0,10,0,0,0,0,0,2688,2816,2688,2816,4128,2208,9623,1656,0,0,0,0,100,50,39,35,35,42,50,47,0,0,79,0,0,0,0,0,0,14741,1108,987,0,916,70,343,343,100,1,1,0,999,999,40,0,25,0,0,0,0,0,0,0,0,0,0,100,2688,2816,100,0,0,0,0,0,0,0,0,0,0,0,0,0,0,0,0,0,0,0,0,160,774,774,1,1,21,18,50,1,7504,774,2199,2041,0,0,0,17423,0,17854,0,0,0,0,11,3,6,151,0,198,15,272,0,0,560,8013,1
599097,2217,1007,81,47,9999,0,0,494,0,0,0,4131,2040,0,0,62,0,2,3,1382,492,2000,1,0,4,72,72,36840,13611,285,577,134,65,415,0,0,2,72,3,3,0,10,0,0,0,0,0,2688,2816,2688,2816,4128,2208,8533,1554,0,0,0,0,100,61,48,43,50,61,52,56,0,0,77,0,0,0,0,0,0,14742,1107,990,0,915,74,344,344,100,1,1,0,999,999,40,0,25,0,0,0,0,0,0,0,0,0,0,100,2688,2816,100,0,0,0,0,0,0,0,0,0,0,0,0,0,0,0,0,0,0,0,0,160,774,774,1,1,21,17,50,1,7471,774,2199,2041,0,0,0,10548,0,10865,0,0,0,0,11,3,6,178,0,173,15,272,0,0,499,8013,0
600060,2217,1007,81,47,9999,0,0,364,0,0,0,4131,1503,0,0,62,0,2,2,1382,492,2000,1,0,4,72,72,37332,13780,239,842,150,64,385,0,0,2,73,3,3,0,10,0,0,0,0,0,2688,2816,2688,2816,4128,2208,8724,1638,0,0,0,0,100,51,37,37,36,46,51,44,0,0,74,0,0,0,0,0,0,14742,1107,990,0,915,74,344,344,100,1,1,0,999,999,40,0,25,0,0,0,0,0,0,0,0,0,0,100,2688,2816,100,0,0,0,0,0,0,0,0,0,0,0,0,0,0,0,0,0,0,0,0,160,774,774,1,1,21,16,50,1,7501,774,2199,2039,0,0,0,10945,0,11204,0,0,0,0,11,3,6,175,0,131,15,272,0,0,360,8013,1
601060,2217,1007,81,47,9999,0,0,357,0,0,0,4131,1474,0,0,62,0,3,2,1382,492,2000,1,0,4,73,72,37190,14050,338,845,178,65,403,0,0,1,73,3,3,0,10,0,0,0,0,0,2688,2816,2688,2816,4128,2208,8177,1599,0,0,0,0,100,56,42,38,42,53,56,48,0,0,75,0,0,0,0,0,0,14742,1107,990,0,915,74,344,344,100,1,1,0,999,999,40,0,25,0,0,0,0,0,0,0,0,0,0,100,2688,2816,100,0,0,0,0,0,0,0,0,0,0,0,0,0,0,0,0,0,0,0,0,160,774,774,1,1,21,17,50,1,7467,774,2199,2041,0,0,0,11161,0,11391,0,0,0,0,11,3,6,183,0,187,15,272,0,0,525,8013,1
602060,2217,1007,81,47,9999,0,0,395,0,0,0,4131,1631,0,0,62,0,2,2,1382,492,2000,1,0,4,71,72,34312,13824,306,701,124,65,411,0,0,3,73,3,3,0,10,0,0,0,0,0,2688,2816,2688,2816,4128,2208,8261,1671,0,0,0,0,100,55,45,35,40,55,47,50,0,0,75,0,0,0,0,0,0,14742,1107,990,0,915,74,344,344,100,1,1,0,999,999,40,0,25,0,0,0,0,0,0,0,0,0,0,100,2688,2816,100,0,0,0,0,0,0,0,0,0,0,0,0,0,0,0,0,0,0,0,0,160,775,775,1,1,21,16,50,1,7500,775,2199,2039,0,0,0,16704,0,17170,0,0,0,0,11,3,6,176,0,131,15,272,0,0,360,8013,1
603061,2217,1007,81,47,9999,0,0,505,0,0,0,4131,2086,0,0,62,0,2,2,1382,456,2000,1,0,4,73,72,35936,13738,287,658,112,65,391,0,0,2,73,3,3,0,10,0,0,0,0,0,2688,2816,2688,2816,4128,2208,7265,1631,0,0,0,0,100,52,40,34,34,43,44,52,0,0,72,0,0,0,0,0,0,14742,1107,990,0,915,74,344,344,100,1,1,0,999,999,40,0,25,0,0,0,0,0,0,0,0,0,0,100,2688,2816,100,0,0,0,0,0,0,0,0,0,0,0,0,0,0,0,0,0,0,0,0,160,775,775,1,1,21,16,50,1,7497,775,2199,2040,0,0,0,7465,0,7730,0,0,0,0,11,3,6,171,0,124,15,272,0,0,353,8013,0
604060,2217,1007,81,47,9999,0,0,723,0,0,0,4131,2986,0,0,62,0,2,2,1382,456,2000,1,0,4,73,72,35005,13775,350,661,163,64,396,0,0,0,73,3,3,0,10,0,0,0,0,0,2688,2816,2688,2816,4128,2208,7274,1622,0,0,0,0,100,61,50,48,49,61,56,52,0,0,69,0,0,0,0,0,0,14742,1107,990,0,915,74,344,344,100,0,0,0,999,999,40,0,25,0,0,0,0,0,0,0,0,0,0,100,2688,2816,100,0,0,0,0,0,0,0,0,0,0,0,0,0,0,0,0,0,0,0,0,160,775,775,1,1,21,15,50,1,7498,775,2199,2038,0,0,0,9517,0,9824,0,0,0,5,11,3,6,157,0,133,15,272,23,5,362,8013,1
605061,2217,1007,81,47,9999,0,0,239,0,0,0,4131,987,0,0,62,0,2,2,1382,456,2000,1,0,4,73,72,36255,13813,289,720,114,65,404,0,0,3,72,3,3,0,10,0,0,0,0,0,2688,2816,2688,2816,4128,2208,10397,1646,0,0,0,0,100,51,49,46,46,50,51,47,0,0,75,0,0,0,0,0,0,14742,1107,990,0,915,74,344,344,100,1,1,0,999,999,40,0,25,0,0,0,0,0,0,0,0,0,0,100,2688,2816,100,0,0,0,0,0,0,0,0,0,0,0,0,0,0,0,0,0,0,0,0,160,775,775,1,1,21,19,50,1,7502,775,2199,2042,0,0,0,14183,0,14791,0,0,0,5,11,3,6,156,0,129,15,272,23,5,356,8013,1
606061,2217,1007,81,47,9999,0,0,378,0,0,0,4131,1561,0,0,62,0,2,2,1382,456,2000,1,0,4,73,72,36813,13713,264,637,130,66,371,0,0,1,73,3,3,0,10,0,0,0,0,0,2688,2816,2688,2816,4128,2208,7435,1630,0,0,0,0,100,60,48,51,53,55,60,52,0,0,74,0,0,0,0,0,0,14742,1107,990,0,915,74,344,344,100,1,1,0,999,999,40,0,25,0,0,0,0,0,0,0,0,0,0,100,2688,2816,100,0,0,0,0,0,0,0,0,0,0,0,0,0,0,0,0,0,0,0,0,160,775,775,1,1,21,18,50,1,7467,775,2198,2041,0,0,0,12250,0,12815,0,0,0,5,11,3,6,157,0,130,15,272,23,5,357,8013,1
607065,2217,1007,81,47,9999,0,0,385,0,0,0,4131,1590,0,0,62,0,2,2,1382,456,2000,1,0,4,71,72,36727,13819,389,773,180,65,415,0,1,3,73,3,3,0,10,0,0,0,0,0,2688,2816,2688,2816,4128,2208,8300,1672,0,0,0,0,100,53,38,38,42,50,53,51,0,0,73,0,0,0,0,0,0,14742,1107,990,0,915,74,344,344,100,3,1,0,999,999,40,0,25,0,0,0,0,0,0,0,0,0,0,100,2688,2816,100,0,0,0,0,0,0,0,0,0,0,0,0,0,0,0,0,0,0,0,0,160,776,776,1,1,21,16,50,1,7508,776,2199,2040,0,0,0,9698,0,9944,0,0,2,8,11,3,6,129,0,82,15,272,71,8,214,8013,1
608061,2217,1007,81,47,9999,0,0,469,0,0,0,4131,1937,0,0,62,0,2,2,1382,456,2000,1,0,4,73,72,36076,14034,309,893,120,65,387,0,0,0,72,3,3,0,10,0,0,0,0,0,2688,2816,2688,2816,4128,2208,6779,1532,0,0,0,0,100,49,28,35,32,49,49,47,0,0,68,0,0,0,0,0,0,14742,1107,990,0,915,74,344,344,100,0,0,0,999,999,40,0,25,0,0,0,0,0,0,0,0,0,0,100,2688,2816,100,0,0,0,0,0,0,0,0,0,0,0,0,0,0,0,0,0,0,0,0,160,776,776,1,1,21,16,50,1,7471,776,2199,2039,0,0,0,15087,0,15351,0,0,0,0,11,3,6,153,0,132,15,272,0,0,362,8013,1
609063,2217,1007,81,47,9999,0,0,188,0,0,0,4152,780,0,0,62,0,2,2,1382,456,2000,1,0,4,72,72,35589,13815,336,795,91,65,394,0,0,1,73,3,3,0,10,0,0,0,0,0,2688,2816,2688,2816,4128,2208,8331,1671,0,0,0,0,100,63,49,45,50,63,58,55,0,0,70,0,0,0,0,0,0,14742,1107,990,0,915,74,344,344,100,1,1,0,999,999,40,0,25,0,0,0,0,0,0,0,0,0,0,100,2688,2816,100,0,0,0,0,0,0,0,0,0,0,0,0,0,0,0,0,0,0,0,0,160,776,776,1,1,22,16,50,1,7476,776,2199,2039,0,0,0,13195,0,13612,0,0,0,0,11,3,6,198,0,230,15,272,0,0,654,8013,1
610063,2217,1007,81,46,9999,0,0,546,0,0,0,4152,2266,0,0,62,0,3,3,1382,456,2000,1,0,4,73,72,35572,14131,333,892,337,66,410,1,0,1,73,3,3,0,10,0,0,0,0,0,2688,2816,2688,2816,4128,2208,9814,1561,0,0,0,0,100,49,38,38,38,43,49,46,0,0,78,0,0,0,0,0,0,14742,1107,990,0,915,74,344,344,100,1,1,0,999,999,40,0,25,0,0,0,0,0,0,0,0,0,0,100,2688,2816,100,0,0,0,0,0,0,0,0,0,0,0,0,0,0,0,0,0,0,0,0,160,776,776,1,1,22,16,50,1,7476,776,2199,2039,0,0,0,16578,0,17050,0,0,0,5,11,3,6,185,0,246,15,272,23,5,699,8013,1
611063,2217,1007,81,46,9999,0,0,421,0,0,0,4152,1747,0,0,62,0,2,3,1382,456,2000,1,0,4,72,72,36461,13982,316,854,250,144,389,0,0,3,73,3,3,0,10,0,0,0,0,0,2688,2816,2688,2816,4128,2208,8401,1560,0,0,0,0,100,48,39,41,40,48,46,42,0,0,78,0,0,0,0,0,0,14742,1107,990,0,915,74,344,344,100,3,1,0,999,999,40,0,25,0,0,0,0,0,0,0,0,0,0,100,2688,2816,100,0,0,0,0,0,0,0,0,0,0,0,0,0,0,0,0,0,0,0,0,160,776,776,1,1,22,18,50,1,7470,776,2200,2041,0,0,0,12438,0,12779,0,0,0,0,11,3,6,196,0,247,15,272,0,0,701,8013,1
612063,2217,1007,81,46,9999,0,0,219,0,0,0,4152,909,0,0,62,0,2,4,1382,456,2000,1,0,4,72,72,36341,13769,298,730,163,65,392,0,0,1,73,3,3,0,10,0,0,0,0,0,2688,2816,2688,2816,4128,2208,8785,1337,0,0,0,0,100,52,36,29,31,41,52,42,0,0,78,0,0,0,0,0,0,14742,1107,990,0,915,74,344,344,100,1,1,0,999,999,40,0,25,0,0,0,0,0,0,0,0,0,0,100,2688,2816,100,0,0,0,0,0,0,0,0,0,0,0,0,0,0,0,0,0,0,0,0,160,776,776,1,1,21,19,50,1,7505,776,2199,2043,0,0,0,6522,0,6752,0,0,0,0,11,3,6,240,0,250,15,272,0,0,707,8013,1
613063,2217,1007,81,46,9999,0,0,247,0,0,0,4152,1025,0,0,62,0,3,4,1651,545,2000,1,0,4,72,72,37047,13757,487,716,122,66,391,0,0,2,73,3,3,0,10,0,0,0,0,0,2688,2816,2688,2816,4128,2208,8846,1120,0,0,0,0,100,59,41,38,46,59,53,50,0,0,75,0,0,0,0,0,0,14742,1107,990,0,915,74,344,344,100,2,1,0,999,999,40,0,25,0,0,0,0,0,0,0,0,0,0,100,2688,2816,100,0,0,0,0,0,0,0,0,0,0,0,0,0,0,0,0,0,0,0,0,160,776,776,1,1,21,17,50,1,7470,776,2199,2041,0,0,0,17343,0,17731,0,0,0,0,11,3,6,222,0,254,15,272,0,0,708,8013,2
614063,2217,1007,81,46,9999,0,0,612,0,0,0,4127,2525,0,0,62,0,2,5,1651,545,2000,1,0,4,73,72,35717,13717,366,787,107,66,359,0,0,0,73,3,3,0,10,0,0,0,0,0,2688,2816,2688,2816,4128,2208,10788,1203,0,0,0,0,100,47,36,32,30,43,47,41,0,0,78,0,0,0,0,0,0,14742,1107,990,0,915,74,344,344,100,0,0,0,999,999,40,0,25,0,0,0,0,0,0,0,0,0,0,100,2688,2816,100,0,0,0,0,0,0,0,0,0,0,0,0,0,0,0,0,0,0,0,0,160,777,777,1,1,21,16,50,1,7508,777,2199,2040,0,0,0,8971,0,9199,0,0,0,0,11,3,6,241,0,250,15,272,0,0,707,8013,1
615064,2217,1007,81,46,9999,0,0,397,0,0,0,4127,1638,0,0,62,0,3,4,1651,545,2000,1,0,4,71,72,37283,13517,311,646,110,65,359,0,0,2,73,3,3,0,10,0,0,0,0,0,2688,2816,2688,2816,4128,2208,7103,1184,0,0,0,0,100,52,35,32,32,46,50,52,0,0,69,0,0,0,0,0,0,14742,1107,990,0,915,74,344,344,100,1,1,0,999,999,40,0,25,0,0,0,0,0,0,0,0,0,0,100,2688,2816,100,0,0,0,0,0,0,0,0,0,0,0,0,0,0,0,0,0,0,0,0,160,777,777,1,1,23,15,50,1,7472,777,2200,2038,0,0,0,12613,0,12860,0,0,0,0,11,3,6,234,0,250,15,272,0,0,707,8013,1
616063,2217,1007,81,46,9999,0,0,554,0,0,0,4127,2286,0,0,62,0,2,3,1651,545,2000,1,0,4,72,72,33459,13513,307,721,113,65,357,0,2,6,73,3,3,0,10,0,0,0,0,0,2688,2816,2688,2816,4128,2208,7895,1274,0,0,0,0,100,55,43,40,44,55,54,50,0,0,68,0,0,0,0,0,0,14742,1107,990,0,915,74,344,344,100,4,1,0,999,999,40,0,25,0,0,0,0,0,0,0,0,0,0,100,2688,2816,100,0,0,0,0,0,0,0,0,0,0,0,0,0,0,0,0,0,0,0,0,160,777,777,1,1,23,19,50,1,7473,777,2201,2043,0,0,0,11539,0,12093,0,0,0,0,11,3,6,239,0,256,15,272,0,0,711,8013,2
617063,2217,1007,81,46,9999,0,0,498,0,0,0,4127,2055,0,0,62,0,2,5,1651,545,2000,1,0,4,73,72,35941,13645,357,646,138,65,400,0,0,4,73,3,3,0,10,0,0,0,0,0,2688,2816,2688,2816,4128,2208,8947,1334,0,0,0,0,100,51,40,32,35,51,51,39,0,0,76,0,0,0,0,0,0,14742,1107,990,0,915,74,344,344,100,2,1,0,999,999,40,0,25,0,0,0,0,0,0,0,0,0,0,100,2688,2816,100,0,0,0,0,0,0,0,0,0,0,0,0,0,0,0,0,0,0,0,0,160,777,777,1,1,23,18,50,1,7511,777,2200,2041,0,0,0,11280,0,11671,0,0,0,3,11,3,6,237,0,257,15,272,13,3,712,8013,2
618063,2217,1007,81,46,9999,0,0,547,0,0,0,4127,2257,0,0,62,0,3,4,1651,545,2000,1,0,4,72,72,35787,13689,297,687,134,65,386,0,0,4,73,3,3,0,10,0,0,0,0,0,2688,2816,2688,2816,4128,2208,8036,1151,0,0,0,0,100,56,40,35,44,53,56,52,0,0,71,0,0,0,0,0,0,14742,1107,990,0,915,74,344,344,100,1,1,0,999,999,40,0,25,0,0,0,0,0,0,0,0,0,0,100,2688,2816,100,0,0,0,0,0,0,0,0,0,0,0,0,0,0,0,0,0,0,0,0,160,778,778,1,1,23,16,50,1,7477,778,2201,2040,0,0,0,12361,0,12613,0,0,0,5,11,3,6,237,0,257,15,272,23,5,712,8013,2
619097,2180,1007,81,46,9999,0,0,424,0,0,0,4145,1757,0,0,62,0,2,4,1651,545,2000,1,0,4,72,72,35492,13630,358,732,123,65,382,0,0,1,72,3,3,0,10,0,0,0,0,0,2688,2816,2688,2816,4128,2208,8461,1250,0,0,0,0,100,55,46,42,46,55,51,54,0,0,72,0,0,0,0,0,0,14742,1111,989,0,918,70,344,344,100,1,1,0,999,999,40,0,25,0,0,0,0,0,0,0,0,0,0,100,2688,2816,100,0,0,0,0,0,0,0,0,0,0,0,0,0,0,0,0,0,0,0,0,160,777,777,1,1,21,16,50,1,7509,777,2199,2040,0,0,0,11999,0,12238,0,0,0,0,11,3,6,234,0,257,15,272,0,0,711,8013,2
620064,2180,1007,81,46,9999,0,0,414,0,0,0,4145,1716,0,0,62,0,3,4,1651,545,2000,1,0,4,72,72,36821,13586,388,644,114,65,359,0,0,6,72,3,3,0,10,0,0,0,0,0,2688,2816,2688,2816,4128,2208,8613,1230,0,0,0,0,100,58,39,33,39,58,49,51,0,0,72,0,0,0,0,0,0,14742,1111,989,0,918,70,344,344,100,1,1,0,999,999,40,0,25,0,0,0,0,0,0,0,0,0,0,100,2688,2816,100,0,0,0,0,0,0,0,0,0,0,0,0,0,0,0,0,0,0,0,0,160,777,777,1,1,21,15,50,1,7455,777,2199,2039,0,0,0,15974,0,16368,0,0,1,6,11,3,6,233,0,257,15,272,28,6,711,8013,2
621064,2180,1007,81,46,9999,0,0,469,0,0,0,4145,1944,0,0,62,0,2,3,1651,545,2000,1,0,4,72,72,35574,13875,315,926,271,66,413,0,0,2,73,3,3,0,10,0,0,0,0,0,2688,2816,2688,2816,4128,2208,9474,1305,0,0,0,0,100,50,41,35,40,43,47,50,0,0,75,0,0,0,0,0,0,14742,1111,989,0,918,70,344,344,100,3,1,0,999,999,40,0,25,0,0,0,0,0,0,0,0,0,0,100,2688,2816,100,0,0,0,0,0,0,0,0,0,0,0,0,0,0,0,0,0,0,0,0,160,777,777,1,1,21,19,50,1,7490,777,2199,2043,0,0,0,8941,0,9259,0,0,0,0,11,3,6,233,0,257,15,272,0,0,711,8013,2
622064,2180,1007,81,46,9999,0,0,221,0,0,0,4145,916,0,0,62,0,3,4,1651,545,2000,1,0,4,73,72,36460,13708,361,744,135,66,375,0,0,3,73,3,3,0,10,0,0,0,0,0,2688,2816,2688,2816,4128,2208,9397,1254,0,0,0,0,100,57,37,41,43,50,51,57,0,0,77,0,0,0,0,0,0,14742,1111,989,0,918,70,344,344,100,2,1,0,999,999,40,0,25,0,0,0,0,0,0,0,0,0,0,100,2688,2816,100,0,0,0,0,0,0,0,0,0,0,0,0,0,0,0,0,0,0,0,0,160,777,777,1,1,21,18,50,1,7455,777,2198,2042,0,0,0,15445,0,15853,0,0,0,0,11,3,6,234,0,257,15,272,0,0,712,8013,2
623064,2180,1007,81,46,9999,0,0,343,0,0,0,4145,1421,0,0,62,0,2,3,1651,545,2000,1,0,4,72,72,34097,13653,367,702,103,65,361,0,0,4,73,3,3,0,10,0,0,0,0,0,2688,2816,2688,2816,4128,2208,8353,1293,0,0,0,0,100,53,36,34,38,49,53,50,0,0,74,0,0,0,0,0,0,14742,1111,989,0,918,70,344,344,100,2,1,0,999,999,40,0,25,0,0,0,0,0,0,0,0,0,0,100,2688,2816,100,0,0,0,0,0,0,0,0,0,0,0,0,0,0,0,0,0,0,0,0,160,777,777,1,1,21,16,50,1,7455,777,2199,2041,0,0,0,8475,0,8711,0,0,0,0,11,3,6,234,0,257,15,272,0,0,712,8013,2
624064,2180,1007,81,46,9999,0,0,473,0,0,0,4145,1960,0,0,62,0,2,3,1651,545,2000,1,0,4,71,72,37055,13600,315,597,117,65,361,0,0,1,72,3,3,0,10,0,0,0,0,0,2688,2816,2688,2816,4128,2208,9884,1357,0,0,0,0,100,49,33,34,33,47,49,47,0,0,76,0,0,0,0,0,0,14742,1111,989,0,918,70,344,344,100,1,1,0,999,999,40,0,25,0,0,0,0,0,0,0,0,0,0,100,2688,2816,100,0,0,0,0,0,0,0,0,0,0,0,0,0,0,0,0,0,0,0,0,160,777,777,1,1,21,18,50,1,7491,777,2198,2041,0,0,0,16730,0,17077,0,0,0,0,11,3,6,230,0,258,15,272,0,0,715,8013,2
625064,2180,1007,81,46,9999,0,0,758,0,0,0,4145,3141,0,0,62,0,3,3,1651,545,2000,1,0,4,72,72,37038,13530,337,652,235,65,436,0,0,4,73,3,3,0,10,0,0,0,0,0,2688,2816,2688,2816,4128,2208,8950,1388,0,0,0,0,100,56,39,37,41,55,56,52,0,0,79,0,0,0,0,0,0,14742,1111,989,0,918,70,344,344,100,2,1,0,999,999,40,0,25,0,0,0,0,0,0,0,0,0,0,100,2688,2816,100,0,0,0,0,0,0,0,0,0,0,0,0,0,0,0,0,0,0,0,0,160,777,777,1,1,21,15,50,1,7484,777,2198,2039,0,0,0,11824,0,12155,0,0,0,0,11,3,6,222,0,257,15,272,0,0,712,8013,2
626064,2180,1007,81,46,9999,0,0,611,0,0,0,4145,2532,0,0,62,0,2,3,1651,545,2000,1,0,4,72,72,36237,13812,294,807,204,66,385,0,0,2,72,3,3,0,10,0,0,0,0,0,2688,2816,2688,2816,4128,2208,9785,1473,0,0,0,0,100,51,43,40,39,41,43,51,0,0,79,0,0,0,0,0,0,14742,1111,989,0,918,70,344,344,100,2,1,0,999,999,40,0,25,0,0,0,0,0,0,0,0,0,0,100,2688,2816,100,0,0,0,0,0,0,0,0,0,0,0,0,0,0,0,0,0,0,0,0,160,777,777,1,1,21,19,50,1,7493,777,2199,2044,0,0,0,10693,0,10929,0,0,0,0,11,3,6,221,0,257,15,272,0,0,712,8013,2
627064,2180,1007,81,46,9999,0,0,495,0,0,0,4145,2051,0,0,62,0,3,5,1651,545,2000,1,0,4,73,72,37135,13728,312,665,137,66,355,0,0,4,72,3,3,0,10,0,0,0,0,0,2688,2816,2688,2816,4128,2208,7978,1248,0,0,0,0,100,56,45,51,52,53,56,55,0,0,72,0,0,0,0,0,0,14742,1111,989,0,918,70,344,344,100,2,1,0,999,999,40,0,25,0,0,0,0,0,0,0,0,0,0,100,2688,2816,100,0,0,0,0,0,0,0,0,0,0,0,0,0,0,0,0,0,0,0,0,160,777,777,1,1,21,19,50,1,7459,777,2199,2043,0,0,0,7145,0,7402,0,0,0,0,11,3,6,250,0,257,15,272,0,0,714,8013,2
628064,2180,1007,81,46,9999,0,0,327,0,0,0,4145,1355,0,0,62,0,2,4,1651,545,2000,1,0,4,72,72,33747,13672,347,787,104,64,314,0,0,2,73,3,3,0,10,0,0,0,0,0,2688,2816,2688,2816,4128,2208,7521,1268,0,0,0,0,100,52,36,38,42,52,50,48,0,0,69,0,0,0,0,0,0,14742,1111,989,0,918,70,344,344,100,1,1,0,999,999,40,0,25,0,0,0,0,0,0,0,0,0,0,100,2688,2816,100,0,0,0,0,0,0,0,0,0,0,0,0,0,0,0,0,0,0,0,0,160,777,777,1,1,21,18,50,1,7492,777,2199,2043,0,0,0,12607,0,13152,0,0,0,0,11,3,6,241,0,256,15,272,0,0,712,8013,2
629064,2180,1007,81,46,9999,0,0,405,0,0,0,4133,1673,0,0,62,0,3,5,1651,545,2000,1,0,4,73,72,35553,13564,375,610,109,65,346,0,0,2,72,3,3,0,10,0,0,0,0,0,2688,2816,2688,2816,4128,2208,8769,1288,0,0,0,0,100,56,35,36,38,45,49,56,0,0,71,0,0,0,0,0,0,14742,1111,989,0,918,70,344,344,100,1,1,0,999,999,40,0,25,0,0,0,0,0,0,0,0,0,0,100,2688,2816,100,0,0,0,0,0,0,0,0,0,0,0,0,0,0,0,0,0,0,0,0,160,774,774,1,1,21,17,50,1,7456,774,2199,2041,0,0,0,16028,0,16397,0,0,0,0,11,3,6,178,0,250,15,272,0,0,701,8013,2
630065,2180,1007,81,47,9999,0,0,361,0,0,0,4133,1492,0,0,62,0,4,4,1651,545,2000,1,0,4,72,72,33975,13666,317,677,143,65,387,0,0,7,73,3,3,0,10,0,0,0,0,0,2688,2816,2688,2816,4128,2208,7493,1213,0,0,0,0,100,53,33,37,35,53,48,46,0,0,66,0,0,0,0,0,0,14742,1111,989,0,918,70,344,344,100,1,1,0,999,999,40,0,25,0,0,0,0,0,0,0,0,0,0,100,2688,2816,100,0,0,0,0,0,0,0,0,0,0,0,0,0,0,0,0,0,0,0,0,160,774,774,1,1,21,15,50,1,7455,774,2199,2040,0,0,0,14358,0,14658,0,0,1,6,11,3,6,125,0,148,15,272,28,6,394,8013,2
631065,2180,1007,81,47,9999,0,0,251,0,0,0,4133,1037,0,0,62,0,3,3,1651,545,2000,1,0,4,72,72,31508,13450,321,649,114,65,354,0,0,3,72,3,3,0,10,0,0,0,0,0,2688,2816,2688,2816,4128,2208,7830,1242,0,0,0,0,100,49,37,39,39,45,49,45,0,0,65,0,0,0,0,0,0,14742,1111,989,0,918,70,344,344,100,3,1,0,999,999,40,0,25,0,0,0,0,0,0,0,0,0,0,100,2688,2816,100,0,0,0,0,0,0,0,0,0,0,0,0,0,0,0,0,0,0,0,0,160,775,775,1,1,21,19,50,1,7488,775,2199,2043,0,0,0,8104,0,8347,0,0,0,0,11,3,6,105,0,138,15,272,0,0,365,8013,2
632065,2180,1007,81,47,9999,0,0,422,0,0,0,4133,1744,0,0,62,0,2,3,1651,545,2000,1,0,4,73,72,32838,13592,347,674,201,64,409,0,0,0,73,3,3,0,10,0,0,0,0,0,2688,2816,2688,2816,4128,2208,7961,1381,0,0,0,0,100,47,35,30,35,47,43,42,0,0,70,0,0,0,0,0,0,14742,1111,989,0,918,70,344,344,100,0,0,0,999,999,40,0,25,0,0,0,0,0,0,0,0,0,0,100,2688,2816,100,0,0,0,0,0,0,0,0,0,0,0,0,0,0,0,0,0,0,0,0,160,774,774,1,1,20,19,50,1,7453,774,2198,2044,0,0,0,15010,0,15331,0,0,0,0,11,3,6,104,0,140,15,272,0,0,369,8013,2
633065,2180,1007,81,47,9999,0,0,380,0,0,0,4133,1570,0,0,62,0,2,2,1382,456,2000,1,0,4,72,72,35093,13770,465,818,159,64,396,0,0,3,72,3,3,0,10,0,0,0,0,0,2688,2816,2688,2816,4128,2208,8206,1483,0,0,0,0,100,45,38,32,33,44,45,45,0,0,74,0,0,0,0,0,0,14742,1111,989,0,918,70,344,344,100,1,1,0,999,999,40,0,25,0,0,0,0,0,0,0,0,0,0,100,2688,2816,100,0,0,0,0,0,0,0,0,0,0,0,0,0,0,0,0,0,0,0,0,160,775,775,1,1,21,17,50,1,7491,775,2198,2040,0,0,0,18345,0,18682,0,0,0,0,11,3,6,113,0,170,15,272,0,0,460,8013,2
634065,2180,1007,81,47,9999,0,0,359,0,0,0,4133,1483,0,0,62,0,3,3,1382,456,2000,1,0,4,69,72,37733,13751,359,706,129,65,430,0,0,6,72,3,3,0,10,0,0,0,0,0,2688,2816,2688,2816,4128,2208,8762,1555,0,0,0,0,100,59,49,40,45,59,53,55,0,0,75,0,0,0,0,0,0,14742,1111,989,0,918,70,344,344,100,2,1,0,999,999,40,0,25,0,0,0,0,0,0,0,0,0,0,100,2688,2816,100,0,0,0,0,0,0,0,0,0,0,0,0,0,0,0,0,0,0,0,0,160,775,775,1,1,21,18,50,1,7458,775,2199,2042,0,0,0,16055,0,16419,0,0,0,0,11,3,6,104,0,140,15,272,0,0,370,8013,2
635067,2180,1007,81,47,9999,0,0,512,0,0,0,4133,2116,0,0,62,0,2,3,1382,456,2000,1,0,4,72,72,34844,13876,311,761,139,65,374,0,0,2,73,3,3,0,10,0,0,0,0,0,2688,2816,2688,2816,4128,2208,9496,1473,0,0,0,0,100,48,37,30,27,36,48,39,0,0,77,0,0,0,0,0,0,14742,1111,989,0,918,70,344,344,100,4,1,0,999,999,40,0,25,0,0,0,0,0,0,0,0,0,0,100,2688,2816,100,0,0,0,0,0,0,0,0,0,0,0,0,0,0,0,0,0,0,0,0,160,775,775,1,1,21,15,50,1,7489,775,2199,2040,0,0,0,6969,0,7284,0,0,0,0,11,3,6,111,0,140,15,272,0,0,369,8013,2
636065,2180,1007,81,47,9999,0,0,378,0,0,0,4139,1564,0,0,62,0,3,3,1382,456,2000,1,0,4,73,72,36455,13666,290,682,134,66,381,0,0,1,73,3,3,0,10,0,0,0,0,0,2688,2816,2688,2816,4128,2208,8095,1465,0,0,0,0,100,50,37,29,30,47,43,50,0,0,76,0,0,0,0,0,0,14742,1111,989,0,918,70,344,344,100,1,1,0,999,999,40,0,25,0,0,0,0,0,0,0,0,0,0,100,2688,2816,100,0,0,0,0,0,0,0,0,0,0,0,0,0,0,0,0,0,0,0,0,160,775,775,1,1,21,19,50,1,7456,775,2199,2043,0,0,0,17802,0,18219,0,0,0,0,11,3,6,111,0,141,15,272,0,0,370,8013,2
637065,2180,1007,81,47,9999,0,0,314,0,0,0,4139,1299,0,0,62,0,2,3,1382,456,2000,1,0,4,72,72,34419,13619,302,676,147,66,372,0,1,3,73,3,3,0,10,0,0,0,0,0,2688,2816,2688,2816,4128,2208,8860,1476,0,0,0,0,100,60,46,42,47,53,51,60,0,0,76,0,0,0,0,0,0,14742,1111,989,0,918,70,344,344,100,1,1,0,999,999,40,0,25,0,0,0,0,0,0,0,0,0,0,100,2688,2816,100,0,0,0,0,0,0,0,0,0,0,0,0,0,0,0,0,0,0,0,0,160,776,776,1,1,21,15,50,1,7458,776,2198,2039,0,0,0,17980,0,18388,0,0,0,0,11,3,6,110,0,141,15,272,0,0,370,8013,2
638065,2180,1007,81,47,9999,0,0,565,0,0,0,4139,2338,0,0,62,0,2,3,1382,456,2000,1,0,4,72,72,33734,13558,283,652,142,65,356,0,0,1,72,3,3,0,10,0,0,0,0,0,2688,2816,2688,2816,4128,2208,8827,1494,0,0,0,0,100,50,38,36,37,50,40,48,0,0,76,0,0,0,0,0,0,14742,1111,989,0,918,70,344,344,100,1,1,0,999,999,40,0,25,0,0,0,0,0,0,0,0,0,0,100,2688,2816,100,0,0,0,0,0,0,0,0,0,0,0,0,0,0,0,0,0,0,0,0,160,776,776,1,1,21,19,50,1,7495,776,2199,2043,0,0,0,8802,0,9023,0,0,0,0,11,3,6,113,0,140,15,272,0,0,369,8013,2
639101,2227,1007,81,47,9999,0,0,476,0,0,0,4128,1964,0,0,62,0,3,3,1382,456,2000,1,0,4,72,72,33979,13652,278,655,110,65,406,0,0,5,73,3,3,0,10,0,0,0,0,0,2688,2816,2688,2816,4128,2208,9075,1443,0,0,0,0,100,54,41,41,45,54,52,50,0,0,78,0,0,0,0,0,0,14741,1108,991,0,916,74,344,344,100,2,1,0,999,999,40,0,25,0,0,0,0,0,0,0,0,0,0,100,2688,2816,100,0,0,0,0,0,0,0,0,0,0,0,0,0,0,0,0,0,0,0,0,160,775,775,1,1,21,17,50,1,7462,775,2198,2040,0,0,0,16511,0,16872,0,0,2,1,11,3,6,108,0,140,15,272,54,1,369,8013,2
640065,2227,1007,81,47,9999,0,0,287,0,0,0,4128,1184,0,0,62,0,2,5,1382,456,2000,1,0,4,72,72,33948,13666,319,719,137,65,427,0,0,0,73,3,3,0,10,0,0,0,0,0,2688,2816,2688,2816,4128,2208,7648,1212,0,0,0,0,100,46,39,32,36,46,41,44,0,0,74,0,0,0,0,0,0,14741,1108,991,0,916,74,344,344,100,0,0,0,999,999,40,0,25,0,0,0,0,0,0,0,0,0,0,100,2688,2816,100,0,0,0,0,0,0,0,0,0,0,0,0,0,0,0,0,0,0,0,0,160,776,776,1,1,21,17,50,1,7494,776,2198,2040,0,0,0,10737,0,11038,0,0,0,0,11,3,6,107,0,140,15,272,0,0,369,8013,2
641065,2227,1007,81,47,9999,0,0,728,0,0,0,4128,3005,0,0,62,0,3,4,1382,456,2000,1,0,4,72,72,33948,13644,331,814,128,64,380,0,0,2,73,3,3,0,10,0,0,0,0,0,2688,2816,2688,2816,4128,2208,8277,1303,0,0,0,0,100,51,47,42,47,47,51,46,0,0,70,0,0,0,0,0,0,14741,1108,991,0,916,74,344,344,100,1,1,0,999,999,40,0,25,0,0,0,0,0,0,0,0,0,0,100,2688,2816,100,0,0,0,0,0,0,0,0,0,0,0,0,0,0,0,0,0,0,0,0,160,776,776,1,1,21,16,50,1,7461,776,2199,2041,0,0,0,14423,0,14664,0,0,0,0,11,3,6,108,0,141,15,272,0,0,370,8013,2
642066,2227,1007,81,47,9999,0,0,518,0,0,0,4128,2138,0,0,62,0,2,3,1382,456,2000,1,0,4,73,72,33815,13711,267,853,119,64,397,0,0,3,72,3,3,0,10,0,0,0,0,0,2688,2816,2688,2816,4128,2208,9344,1440,0,0,0,0,100,48,36,35,36,40,48,43,0,0,73,0,0,0,0,0,0,14741,1108,991,0,916,74,344,344,100,2,1,0,999,999,40,0,25,0,0,0,0,0,0,0,0,0,0,100,2688,2816,100,0,0,0,0,0,0,0,0,0,0,0,0,0,0,0,0,0,0,0,0,160,776,776,1,1,21,20,50,1,7495,776,2199,2044,0,0,0,7526,0,7850,0,0,0,0,11,3,6,107,0,141,15,272,0,0,370,8013,2
643065,2227,1007,81,47,9999,0,0,389,0,0,0,4128,1605,0,0,62,0,3,4,1382,492,2000,1,0,4,71,72,34938,13585,286,676,95,66,410,0,0,0,73,3,3,0,10,0,0,0,0,0,2688,2816,2688,2816,4128,2208,9230,1417,0,0,0,0,100,47,38,34,36,47,44,46,0,0,77,0,0,0,0,0,0,14741,1108,991,0,916,74,344,344,100,0,0,0,999,999,40,0,25,0,0,0,0,0,0,0,0,0,0,100,2688,2816,100,0,0,0,0,0,0,0,0,0,0,0,0,0,0,0,0,0,0,0,0,160,776,776,1,1,21,19,50,1,7461,776,2199,2043,0,0,0,13400,0,14011,0,0,0,0,11,3,6,101,0,138,15,272,0,0,365,8013,2
644066,2227,1007,81,47,9999,0,0,420,0,0,0,4128,1733,0,0,62,0,2,3,1382,492,2000,1,0,4,71,72,37960,13845,364,799,177,66,405,0,0,5,72,3,3,0,10,0,0,0,0,0,2688,2816,2688,2816,4128,2208,7940,1234,0,0,0,0,100,53,36,34,39,53,49,49,0,0,73,0,0,0,0,0,0,14741,1108,991,0,916,74,344,344,100,4,1,0,999,999,40,0,25,0,0,0,0,0,0,0,0,0,0,100,2688,2816,100,0,0,0,0,0,0,0,0,0,0,0,0,0,0,0,0,0,0,0,0,160,776,776,1,1,21,16,50,1,7463,776,2199,2041,0,0,0,8134,0,8581,0,0,0,0,11,3,6,97,0,138,15,272,0,0,365,8013,2
645066,2227,1007,81,47,9999,0,0,364,0,0,0,4128,1502,0,0,62,0,2,3,1382,492,2000,1,0,4,72,72,33927,13683,298,746,136,65,428,0,0,2,72,3,3,0,10,0,0,0,0,0,2688,2816,2688,2816,4128,2208,8934,1308,0,0,0,0,100,46,39,32,39,43,46,43,0,0,72,0,0,0,0,0,0,14741,1108,991,0,916,74,344,344,100,1,1,0,999,999,40,0,25,0,0,0,0,0,0,0,0,0,0,100,2688,2816,100,0,0,0,0,0,0,0,0,0,0,0,0,0,0,0,0,0,0,0,0,160,776,776,1,1,21,17,50,1,7497,776,2199,2040,0,0,0,13317,0,13831,0,0,0,0,11,3,6,92,0,138,15,272,0,0,364,8013,2
646067,2227,1007,81,47,9999,0,0,698,0,0,0,4128,2881,0,0,62,0,2,2,1382,492,2000,1,0,4,72,72,36664,13669,346,725,158,66,395,0,7,4,73,3,3,0,10,0,0,0,0,0,2688,2816,2688,2816,4128,2208,8795,1351,0,0,0,0,100,56,45,43,47,56,56,56,0,0,73,0,0,0,0,0,0,14741,1108,991,0,916,74,344,344,100,2,1,0,999,999,40,0,25,0,0,0,0,0,0,0,0,0,0,100,2688,2816,100,0,0,0,0,0,0,0,0,0,0,0,0,0,0,0,0,0,0,0,0,160,777,777,1,1,21,15,50,1,7491,777,2199,2039,0,0,0,9287,0,9591,0,0,0,0,11,3,6,98,0,138,15,272,0,0,365,8013,2
647066,2227,1007,81,47,9999,0,0,778,0,0,0,4128,3211,0,0,62,0,2,2,1382,492,2000,1,0,4,72,72,38456,13675,332,695,100,65,412,0,0,1,72,3,3,0,10,0,0,0,0,0,2688,2816,2688,2816,4128,2208,8833,1353,0,0,0,0,100,54,41,39,44,45,41,54,0,0,75,0,0,0,0,0,0,14741,1108,991,0,916,74,344,344,100,1,1,0,999,999,40,0,25,0,0,0,0,0,0,0,0,0,0,100,2688,2816,100,0,0,0,0,0,0,0,0,0,0,0,0,0,0,0,0,0,0,0,0,160,777,777,1,1,21,16,50,1,7502,777,2199,2040,0,0,0,18402,0,18721,0,0,0,0,11,3,6,98,0,138,15,272,0,0,365,8013,2
648066,2227,1007,81,47,9999,0,0,307,0,0,0,4128,1267,0,0,62,0,3,2,1382,492,2000,1,0,4,73,72,35272,13639,295,611,110,65,423,0,0,8,73,3,3,0,10,0,0,0,0,0,2688,2816,2688,2816,4128,2208,9588,1341,0,0,0,0,100,61,55,54,57,61,59,60,0,0,75,0,0,0,0,0,0,14741,1108,991,0,916,74,344,344,100,3,1,0,999,999,40,0,25,0,0,0,0,0,0,0,0,0,0,100,2688,2816,100,0,0,0,0,0,0,0,0,0,0,0,0,0,0,0,0,0,0,0,0,160,777,777,1,1,21,16,50,1,7468,777,2199,2039,0,0,0,7799,0,8036,0,0,0,0,11,3,6,97,0,138,15,272,0,0,365,8013,2
649066,2227,1007,81,47,9999,0,0,218,0,0,0,4148,904,0,0,62,0,2,2,1382,492,2000,1,0,4,71,72,37995,13635,323,746,107,65,396,0,1,2,73,3,3,0,10,0,0,0,0,0,2688,2816,2688,2816,4128,2208,8631,1407,0,0,0,0,100,48,43,38,41,48,41,45,0,0,75,0,0,0,0,0,0,14741,1108,991,0,916,74,344,344,100,2,1,0,999,999,40,0,25,0,0,0,0,0,0,0,0,0,0,100,2688,2816,100,0,0,0,0,0,0,0,0,0,0,0,0,0,0,0,0,0,0,0,0,160,777,777,1,1,21,20,50,1,7485,777,2199,2044,0,0,0,17085,0,17579,0,0,0,0,11,3,6,91,0,138,15,272,0,0,365,8013,2
650066,2227,1007,81,47,9999,0,0,717,0,0,0,4148,2974,0,0,62,0,2,2,1382,492,2000,1,0,4,71,72,35752,13631,323,665,116,64,424,0,0,3,73,3,3,0,10,0,0,0,0,0,2688,2816,2688,2816,4128,2208,8834,1410,0,0,0,0,100,49,40,36,37,43,49,45,0,0,75,0,0,0,0,0,0,14741,1108,991,0,916,74,344,344,100,2,1,0,999,999,40,0,25,0,0,0,0,0,0,0,0,0,0,100,2688,2816,100,0,0,0,0,0,0,0,0,0,0,0,0,0,0,0,0,0,0,0,0,160,777,777,1,1,21,19,50,1,7475,777,2199,2044,0,0,0,17777,0,18221,0,0,0,0,11,3,6,153,0,248,15,272,0,0,696,8013,2
651066,2227,1007,81,47,9999,0,0,576,0,0,0,4148,2389,0,0,62,0,3,5,1382,492,2000,1,0,4,72,72,36434,13741,300,656,137,65,417,0,1,3,73,3,3,0,10,0,0,0,0,0,2688,2816,2688,2816,4128,2208,8269,1442,0,0,0,0,100,55,45,42,47,49,55,52,0,0,78,0,0,0,0,0,0,14741,1108,991,0,916,74,344,344,100,1,1,0,999,999,40,0,25,0,0,0,0,0,0,0,0,0,0,100,2688,2816,100,0,0,0,0,0,0,0,0,0,0,0,0,0,0,0,0,0,0,0,0,160,777,777,1,1,21,18,50,1,7472,777,2199,2042,0,0,0,8911,0,9117,0,0,3,7,11,3,6,154,0,249,15,272,82,7,697,8013,2
652066,2227,1007,81,47,9999,0,0,400,0,0,0,4148,1659,0,0,62,0,2,4,1382,492,2000,1,0,4,71,72,37062,13740,304,831,104,64,343,0,0,0,73,3,3,0,10,0,0,0,0,0,2688,2816,2688,2816,4128,2208,8652,1444,0,0,0,0,100,50,40,38,40,50,50,46,0,0,73,0,0,0,0,0,0,14741,1108,991,0,916,74,344,344,100,0,0,0,999,999,40,0,25,0,0,0,0,0,0,0,0,0,0,100,2688,2816,100,0,0,0,0,0,0,0,0,0,0,0,0,0,0,0,0,0,0,0,0,160,778,778,1,1,21,19,50,1,7508,778,2199,2043,0,0,0,13938,0,14271,0,0,0,0,11,3,6,160,0,227,15,272,0,0,662,8013,0
653066,2227,1007,81,47,9999,0,0,458,0,0,0,4148,1899,0,0,62,0,3,5,1651,599,2000,1,0,4,72,72,33566,13695,447,693,132,65,334,0,1,7,73,3,3,0,10,0,0,0,0,0,2688,2816,2688,2816,4128,2208,6953,1321,0,0,0,0,100,55,40,38,42,55,54,45,0,0,67,0,0,0,0,0,0,14741,1108,991,0,916,74,344,344,100,3,1,0,999,999,40,0,25,0,0,0,0,0,0,0,0,0,0,100,2688,2816,100,0,0,0,0,0,0,0,0,0,0,0,0,0,0,0,0,0,0,0,0,160,778,778,1,1,21,17,50,1,7474,778,2199,2041,0,0,0,12950,0,13210,0,0,0,0,11,3,6,169,0,233,15,272,0,0,667,8013,1
654066,2227,1007,81,47,9999,0,0,576,0,0,0,4148,2389,0,0,62,0,2,4,1651,599,2000,1,0,4,73,72,35507,13702,297,765,153,64,330,0,0,2,72,3,3,0,10,0,0,0,0,0,2688,2816,2688,2816,4128,2208,7632,1414,0,0,0,0,100,50,41,35,38,48,50,46,0,0,67,0,0,0,0,0,0,14741,1108,991,0,916,74,344,344,100,1,1,0,999,999,40,0,25,0,0,0,0,0,0,0,0,0,0,100,2688,2816,100,0,0,0,0,0,0,0,0,0,0,0,0,0,0,0,0,0,0,0,0,160,777,777,1,1,21,20,50,1,7508,777,2199,2044,0,0,0,17642,0,17981,0,0,2,1,11,3,6,174,0,240,15,272,51,1,689,8013,1
655067,2227,1007,81,47,9999,0,0,281,0,0,0,4148,1165,0,0,62,0,3,3,1651,599,2000,1,0,4,72,72,34447,13598,321,663,136,65,342,0,0,8,73,3,3,0,10,0,0,0,0,0,2688,2816,2688,2816,4128,2208,8034,1402,0,0,0,0,100,55,35,40,43,55,54,44,0,0,70,0,0,0,0,0,0,14741,1108,991,0,916,74,344,344,100,4,1,0,999,999,40,0,25,0,0,0,0,0,0,0,0,0,0,100,2688,2816,100,0,0,0,0,0,0,0,0,0,0,0,0,0,0,0,0,0,0,0,0,160,777,777,1,1,21,17,50,1,7473,777,2199,2042,0,0,0,9035,0,9286,0,0,0,0,11,3,6,179,0,243,15,272,0,0,695,8013,1
656067,2227,1007,81,47,9999,0,0,276,0,0,0,4148,1144,0,0,62,0,2,2,1651,599,2000,1,0,4,72,72,36088,13725,622,636,114,65,379,0,0,0,73,3,3,0,10,0,0,0,0,0,2688,2816,2688,2816,4128,2208,7900,1546,0,0,0,0,100,52,37,34,35,38,52,39,0,0,72,0,0,0,0,0,0,14741,1108,991,0,916,74,344,344,100,0,0,0,999,999,40,0,25,0,0,0,0,0,0,0,0,0,0,100,2688,2816,100,0,0,0,0,0,0,0,0,0,0,0,0,0,0,0,0,0,0,0,0,160,777,777,1,1,21,16,50,1,7475,777,2199,2041,0,0,0,20648,0,21100,0,0,0,0,11,3,6,182,0,251,15,272,0,0,702,8013,2
657067,2227,1007,81,47,9999,0,0,410,0,0,0,4148,1700,0,0,62,0,2,2,1651,599,2000,1,0,4,72,72,34387,13623,287,585,113,65,415,0,0,2,73,3,3,0,10,0,0,0,0,0,2688,2816,2688,2816,4128,2208,8366,1608,0,0,0,0,100,54,41,38,45,53,52,54,0,0,74,0,0,0,0,0,0,14741,1108,991,0,916,74,344,344,100,1,1,0,999,999,40,0,25,0,0,0,0,0,0,0,0,0,0,100,2688,2816,100,0,0,0,0,0,0,0,0,0,0,0,0,0,0,0,0,0,0,0,0,160,777,777,1,1,21,16,50,1,7509,777,2198,2040,0,0,0,18170,0,18639,0,0,0,0,11,3,6,180,0,243,15,272,0,0,695,8013,1
658067,2227,1007,81,47,9999,0,0,507,0,0,0,4148,2103,0,0,62,0,3,2,1651,599,2000,1,0,4,72,72,36191,13659,238,706,144,65,391,0,0,4,73,3,3,0,10,0,0,0,0,0,2688,2816,2688,2816,4128,2208,8353,1686,0,0,0,0,100,56,42,44,47,52,56,55,0,0,76,0,0,0,0,0,0,14741,1108,991,0,916,74,344,344,100,2,1,0,999,999,40,0,25,0,0,0,0,0,0,0,0,0,0,100,2688,2816,100,0,0,0,0,0,0,0,0,0,0,0,0,0,0,0,0,0,0,0,0,160,778,778,1,1,21,16,50,1,7474,778,2199,2040,0,0,0,9681,0,9922,0,0,0,4,11,3,6,180,0,243,15,272,19,4,695,8013,1
659104,2177,1008,81,47,9999,0,0,422,0,0,0,4128,1742,0,0,62,0,2,2,1651,599,2000,1,0,4,72,72,35298,13661,291,676,144,64,404,0,0,2,72,3,3,0,10,0,0,0,0,0,2688,2816,2688,2816,4128,2208,8456,1673,0,0,0,0,100,52,37,37,40,41,52,48,0,0,75,0,0,0,0,0,0,14742,1112,990,0,920,70,345,345,100,2,1,0,999,999,40,0,25,0,0,0,0,0,0,0,0,0,0,100,2688,2816,100,0,0,0,0,0,0,0,0,0,0,0,0,0,0,0,0,0,0,0,0,160,778,778,1,1,21,16,50,1,7510,778,2199,2041,0,0,0,12082,0,12718,0,0,0,0,11,3,6,178,0,243,15,272,0,0,695,8013,1
660067,2177,1008,81,47,9999,0,0,48,0,0,0,4128,198,0,0,62,0,2,2,1651,599,2000,1,0,4,71,72,35091,13712,303,681,163,65,372,0,0,3,73,3,3,0,10,0,0,0,0,0,2688,2816,2688,2816,4128,2208,9035,1655,0,0,0,0,100,59,46,45,51,59,57,55,0,0,74,0,0,0,0,0,0,14742,1112,990,0,920,70,345,345,100,1,1,0,999,999,40,0,25,0,0,0,0,0,0,0,0,0,0,100,2688,2816,100,0,0,0,0,0,0,0,0,0,0,0,0,0,0,0,0,0,0,0,0,160,778,778,1,1,21,18,50,1,7475,778,2199,2043,0,0,0,23575,0,24040,0,0,0,0,11,3,6,179,0,244,15,272,0,0,695,8013,1
661067,2177,1008,81,47,9999,0,0,286,0,0,0,4128,1180,0,0,62,0,2,2,1651,599,2000,1,0,4,72,72,37709,13782,268,759,105,65,380,0,0,1,72,3,3,0,10,0,0,0,0,0,2688,2816,2688,2816,4128,2208,8390,1656,0,0,0,0,100,52,40,39,40,49,52,48,0,0,75,0,0,0,0,0,0,14742,1112,990,0,920,70,345,345,100,1,1,0,999,999,40,0,25,0,0,0,0,0,0,0,0,0,0,100,2688,2816,100,0,0,0,0,0,0,0,0,0,0,0,0,0,0,0,0,0,0,0,0,160,779,779,1,1,23,19,50,1,7511,779,2200,2043,0,0,0,9905,0,10539,0,0,0,0,11,3,6,172,0,232,15,272,0,0,665,8013,1
662067,2177,1008,81,47,9999,0,0,129,0,0,0,4128,532,0,0,62,0,3,2,1651,599,2000,1,0,4,73,72,36921,13741,299,693,129,65,400,0,0,4,73,3,3,0,10,0,0,0,0,0,2688,2816,2688,2816,4128,2208,8081,1653,0,0,0,0,100,60,44,40,44,60,59,51,0,0,74,0,0,0,0,0,0,14742,1112,990,0,920,70,345,345,100,2,1,0,999,999,40,0,25,0,0,0,0,0,0,0,0,0,0,100,2688,2816,100,0,0,0,0,0,0,0,0,0,0,0,0,0,0,0,0,0,0,0,0,160,779,779,1,1,23,17,50,1,7475,779,2201,2041,0,0,0,13240,0,13467,0,0,2,1,11,3,6,175,0,239,15,272,51,1,670,8013,2
663067,2177,1008,81,47,9999,0,0,247,0,0,0,4128,1019,0,0,62,0,2,2,1651,456,2000,1,0,4,73,72,36592,13801,288,734,108,65,374,0,0,1,73,3,3,0,10,0,0,0,0,0,2688,2816,2688,2816,4128,2208,8196,1639,0,0,0,0,100,50,40,38,39,43,45,50,0,0,73,0,0,0,0,0,0,14742,1112,990,0,920,70,345,345,100,1,1,0,999,999,40,0,25,0,0,0,0,0,0,0,0,0,0,100,2688,2816,100,0,0,0,0,0,0,0,0,0,0,0,0,0,0,0,0,0,0,0,0,160,779,779,1,1,23,16,50,1,7476,779,2200,2040,0,0,0,19422,0,19938,0,0,1,6,11,3,6,173,0,238,15,272,28,6,669,8013,2
664067,2177,1008,81,47,9999,0,0,217,0,0,0,4128,895,0,0,62,0,2,2,1651,456,2000,1,0,4,72,72,34364,13621,290,623,115,65,403,0,1,4,72,3,3,0,10,0,0,0,0,0,2688,2816,2688,2816,4128,2208,8210,1650,0,0,0,0,100,50,39,35,37,46,50,49,0,0,73,0,0,0,0,0,0,14742,1112,990,0,920,70,345,345,100,2,1,0,999,999,40,0,25,0,0,0,0,0,0,0,0,0,0,100,2688,2816,100,0,0,0,0,0,0,0,0,0,0,0,0,0,0,0,0,0,0,0,0,160,779,779,1,1,23,16,50,1,7507,779,2201,2041,0,0,0,13834,0,14078,0,0,0,0,11,3,6,176,0,242,15,272,0,0,692,8013,1
665067,2177,1008,81,47,9999,0,0,275,0,0,0,4128,1135,0,0,62,0,3,2,1651,456,2000,1,0,4,72,72,36273,13731,357,614,164,66,380,0,0,1,73,3,3,0,10,0,0,0,0,0,2688,2816,2688,2816,4128,2208,8381,1652,0,0,0,0,100,48,40,36,41,48,48,47,0,0,73,0,0,0,0,0,0,14742,1112,990,0,920,70,345,345,100,1,1,0,999,999,40,0,25,0,0,0,0,0,0,0,0,0,0,100,2688,2816,100,0,0,0,0,0,0,0,0,0,0,0,0,0,0,0,0,0,0,0,0,160,779,779,1,1,23,20,50,1,7474,779,2200,2044,0,0,0,15350,0,15709,0,0,0,0,11,3,6,177,0,242,15,272,0,0,693,8013,1
666067,2177,1008,81,47,9999,0,0,292,0,0,0,4128,1205,0,0,62,0,2,2,1651,456,2000,1,0,4,72,72,34392,13900,312,731,221,64,380,0,0,3,73,3,3,0,10,0,0,0,0,0,2688,2816,2688,2816,4128,2208,8420,1648,0,0,0,0,100,53,39,34,36,50,53,48,0,0,74,0,0,0,0,0,0,14742,1112,990,0,920,70,345,345,100,1,1,0,999,999,40,0,25,0,0,0,0,0,0,0,0,0,0,100,2688,2816,100,0,0,0,0,0,0,0,0,0,0,0,0,0,0,0,0,0,0,0,0,160,779,779,1,1,23,20,50,1,7510,779,2201,2045,0,0,0,12978,0,13235,0,0,0,0,11,3,6,177,0,242,15,272,0,0,693,8013,1
667067,2177,1008,81,47,9999,0,0,864,0,0,0,4128,3566,0,0,62,0,2,2,1651,456,2000,1,0,4,73,72,36259,13709,325,636,147,65,374,0,0,1,73,3,3,0,10,0,0,0,0,0,2688,2816,2688,2816,4128,2208,8376,1652,0,0,0,0,100,54,40,36,42,52,54,54,0,0,74,0,0,0,0,0,0,14742,1112,990,0,920,70,345,345,100,1,1,0,999,999,40,0,25,0,0,0,0,0,0,0,0,0,0,100,2688,2816,100,0,0,0,0,0,0,0,0,0,0,0,0,0,0,0,0,0,0,0,0,160,776,776,1,1,23,17,50,1,7506,776,2200,2041,0,0,0,7049,0,7272,0,0,0,0,11,3,6,182,0,239,15,272,0,0,692,8013,0
668067,2177,1008,81,47,9999,0,0,1284,0,0,0,4128,5300,0,0,62,0,3,2,1651,456,2000,1,0,4,71,72,36287,13715,312,619,144,65,415,0,1,6,73,3,3,0,10,0,0,0,0,0,2688,2816,2688,2816,4128,2208,9061,1651,0,0,0,0,100,59,47,48,47,53,59,57,0,0,76,0,0,0,0,0,0,14742,1112,990,0,920,70,345,345,100,2,1,0,999,999,40,0,25,0,0,0,0,0,0,0,0,0,0,100,2688,2816,100,0,0,0,0,0,0,0,0,0,0,0,0,0,0,0,0,0,0,0,0,160,777,777,1,1,23,17,50,1,7543,777,2201,2042,0,0,0,12375,0,12834,0,0,2,1,11,3,6,177,0,239,15,272,51,1,693,8013,0
669068,2177,1008,81,47,9999,0,0,365,0,0,0,4135,1509,0,0,62,0,4,3,1651,456,2000,1,0,4,72,72,36270,13796,275,748,174,65,373,0,0,2,73,3,3,0,10,0,0,0,0,0,2688,2816,2688,2816,4128,2208,8448,1537,0,0,0,0,100,57,53,48,55,57,51,46,0,0,75,0,0,0,0,0,0,14742,1112,990,0,920,70,345,345,100,1,1,0,999,999,40,0,25,0,0,0,0,0,0,0,0,0,0,100,2688,2816,100,0,0,0,0,0,0,0,0,0,0,0,0,0,0,0,0,0,0,0,0,160,777,777,1,1,23,15,50,1,7478,777,2200,2039,0,0,0,16086,0,16375,0,0,0,0,11,3,6,158,0,237,15,272,0,0,690,8013,0
670068,2177,1008,81,47,9999,0,0,314,0,0,0,4135,1298,0,0,62,0,3,4,1651,456,2000,1,0,4,73,72,35383,13707,290,771,123,65,407,0,0,0,72,3,3,0,10,0,0,0,0,0,2688,2816,2688,2816,4128,2208,7274,1501,0,0,0,0,100,42,39,40,37,33,36,42,0,0,73,0,0,0,0,0,0,14742,1112,990,0,920,70,345,345,100,0,0,0,999,999,40,0,25,0,0,0,0,0,0,0,0,0,0,100,2688,2816,100,0,0,0,0,0,0,0,0,0,0,0,0,0,0,0,0,0,0,0,0,160,777,777,1,1,23,19,50,1,7478,777,2200,2042,0,0,0,13098,0,13323,0,0,0,0,11,3,6,142,0,214,15,272,0,0,593,8013,2
671068,2177,1008,81,47,9999,0,0,511,0,0,0,4135,2112,0,0,62,0,2,4,1651,456,2000,1,0,4,72,72,33005,13708,330,739,111,64,350,0,0,1,73,3,3,0,10,0,0,0,0,0,2688,2816,2688,2816,4128,2208,8541,1386,0,0,0,0,100,39,34,35,28,38,38,39,0,0,73,0,0,0,0,0,0,14742,1112,990,0,920,70,345,345,100,1,1,0,999,999,40,0,25,0,0,0,0,0,0,0,0,0,0,100,2688,2816,100,0,0,0,0,0,0,0,0,0,0,0,0,0,0,0,0,0,0,0,0,160,777,777,1,1,23,17,50,1,7514,777,2200,2041,0,0,0,12472,0,12730,0,0,0,0,11,3,6,97,0,140,15,272,0,0,369,8013,2
672068,2177,1008,81,47,9999,0,0,411,0,0,0,4135,1699,0,0,62,0,2,3,1651,456,2000,1,0,4,73,72,33316,13612,272,748,248,65,363,0,0,0,73,3,3,0,10,0,0,0,0,0,2688,2816,2688,2816,4128,2208,8217,1377,0,0,0,0,100,46,44,36,43,46,42,40,0,0,72,0,0,0,0,0,0,14742,1112,990,0,920,70,345,345,100,0,0,0,999,999,40,0,25,0,0,0,0,0,0,0,0,0,0,100,2688,2816,100,0,0,0,0,0,0,0,0,0,0,0,0,0,0,0,0,0,0,0,0,160,777,777,1,1,23,19,50,1,7478,777,2201,2044,0,0,0,19314,0,19661,0,0,0,0,11,3,6,122,0,212,15,272,0,0,586,8013,2
673068,2177,1008,81,47,9999,0,0,443,0,0,0,4135,1831,0,0,62,0,2,2,1382,492,2000,1,0,4,73,72,34258,13634,424,672,149,65,400,0,0,5,72,3,3,0,10,0,0,0,0,0,2688,2816,2688,2816,4128,2208,8943,1483,0,0,0,0,100,53,38,34,37,53,46,48,0,0,74,0,0,0,0,0,0,14742,1112,990,0,920,70,345,345,100,2,1,0,999,999,40,0,25,0,0,0,0,0,0,0,0,0,0,100,2688,2816,100,0,0,0,0,0,0,0,0,0,0,0,0,0,0,0,0,0,0,0,0,160,777,777,1,1,23,17,50,1,7514,777,2201,2041,0,0,0,20590,0,21055,0,0,0,0,11,3,6,124,0,212,15,272,0,0,586,8013,2
674068,2177,1008,81,47,9999,0,0,517,0,0,0,4135,2137,0,0,62,0,2,2,1382,492,2000,1,0,4,71,72,37370,13586,290,599,123,65,408,0,0,1,73,3,3,0,10,0,0,0,0,0,2688,2816,2688,2816,4128,2208,9656,1579,0,0,0,0,100,59,37,37,41,59,46,51,0,0,80,0,0,0,0,0,0,14742,1112,990,0,920,70,345,345,100,1,1,0,999,999,40,0,25,0,0,0,0,0,0,0,0,0,0,100,2688,2816,100,0,0,0,0,0,0,0,0,0,0,0,0,0,0,0,0,0,0,0,0,160,777,777,1,1,23,19,50,1,7478,777,2201,2044,0,0,0,12748,0,12983,0,0,2,1,11,3,6,104,0,140,15,272,54,1,370,8013,2
675068,2177,1008,81,47,9999,0,0,177,0,0,0,4135,731,0,0,62,0,3,4,1382,492,2000,1,0,4,70,72,38747,13801,276,783,148,65,417,0,0,6,73,3,3,0,10,0,0,0,0,0,2688,2816,2688,2816,4128,2208,7720,1344,0,0,0,0,100,53,40,41,41,45,53,52,0,0,74,0,0,0,0,0,0,14742,1112,990,0,920,70,345,345,100,3,1,0,999,999,40,0,25,0,0,0,0,0,0,0,0,0,0,100,2688,2816,100,0,0,0,0,0,0,0,0,0,0,0,0,0,0,0,0,0,0,0,0,160,777,777,1,1,21,17,50,1,7513,777,2199,2041,0,0,0,22727,0,23001,0,0,2,1,11,3,6,109,0,140,15,272,54,1,369,8013,2
676068,2177,1008,81,47,9999,0,0,431,0,0,0,4135,1782,0,0,62,0,3,3,1382,492,2000,1,0,4,72,72,36433,13659,274,770,131,64,380,0,1,6,72,3,3,0,10,0,0,0,0,0,2688,2816,2688,2816,4128,2208,8461,1415,0,0,0,0,100,52,39,39,44,52,46,51,0,0,70,0,0,0,0,0,0,14742,1112,990,0,920,70,345,345,100,3,1,0,999,999,40,0,25,0,0,0,0,0,0,0,0,0,0,100,2688,2816,100,0,0,0,0,0,0,0,0,0,0,0,0,0,0,0,0,0,0,0,0,160,777,777,1,1,23,16,50,1,7480,777,2201,2041,0,0,0,15073,0,15379,0,0,0,0,11,3,6,103,0,140,15,272,0,0,370,8013,2
677068,2177,1008,81,47,9999,0,0,410,0,0,0,4135,1695,0,0,62,0,2,3,1382,492,2000,1,0,4,71,72,35857,13585,325,673,94,65,397,0,0,0,72,3,3,0,10,0,0,0,0,0,2688,2816,2688,2816,4128,2208,7987,1402,0,0,0,0,100,48,39,34,35,40,43,48,0,0,70,0,0,0,0,0,0,14742,1112,990,0,920,70,345,345,100,0,0,0,999,999,40,0,25,0,0,0,0,0,0,0,0,0,0,100,2688,2816,100,0,0,0,0,0,0,0,0,0,0,0,0,0,0,0,0,0,0,0,0,160,777,777,1,1,23,16,50,1,7485,777,2201,2041,0,0,0,15934,0,16278,0,0,0,0,11,3,6,109,0,141,15,272,0,0,370,8013,2
678068,2177,1008,81,47,9999,0,0,374,0,0,0,4135,1546,0,0,62,0,3,3,1382,492,2000,1,0,4,72,72,34850,13626,305,580,90,65,388,0,0,8,73,3,3,0,10,0,0,0,0,0,2688,2816,2688,2816,4128,2208,8464,1482,0,0,0,0,100,58,48,44,46,58,51,53,0,0,71,0,0,0,0,0,0,14742,1112,990,0,920,70,345,345,100,2,1,0,999,999,40,0,25,0,0,0,0,0,0,0,0,0,0,100,2688,2816,100,0,0,0,0,0,0,0,0,0,0,0,0,0,0,0,0,0,0,0,0,160,777,777,1,1,23,15,50,1,7517,777,2200,2039,0,0,0,8784,0,9031,0,0,0,0,11,3,6,110,0,141,15,272,0,0,370,8013,2
679101,2103,1009,81,47,9999,0,0,423,0,0,0,4140,1751,0,0,62,0,4,3,1382,492,2000,1,0,4,70,72,36003,13717,322,762,175,64,442,0,0,1,73,3,3,0,10,0,0,0,0,0,2688,2816,2688,2816,4128,2208,8945,1437,0,0,0,0,100,44,37,33,33,37,43,44,0,0,73,0,0,0,0,0,0,14741,1110,993,0,918,74,344,344,100,1,1,0,999,999,40,0,25,0,0,0,0,0,0,0,0,0,0,100,2688,2816,100,0,0,0,0,0,0,0,0,0,0,0,0,0,0,0,0,0,0,0,0,160,777,777,1,1,23,16,50,1,7482,777,2201,2041,0,0,0,11379,0,11614,0,0,1,6,11,3,6,114,0,178,15,272,28,6,483,8013,2
680069,2103,1009,81,47,9999,0,0,369,0,0,0,4140,1527,0,0,62,0,3,4,1382,492,2000,1,0,4,72,72,33859,13651,334,718,123,65,367,0,0,1,73,3,3,0,10,0,0,0,0,0,2688,2816,2688,2816,4128,2208,7899,1352,0,0,0,0,100,42,41,29,36,39,40,42,0,0,70,0,0,0,0,0,0,14741,1110,993,0,918,74,344,344,100,1,1,0,999,999,40,0,25,0,0,0,0,0,0,0,0,0,0,100,2688,2816,100,0,0,0,0,0,0,0,0,0,0,0,0,0,0,0,0,0,0,0,0,160,777,777,1,1,23,18,50,1,7518,777,2201,2043,0,0,0,13160,0,13465,0,0,0,0,11,3,6,152,0,250,15,272,0,0,699,8013,2
681068,2103,1009,81,47,9999,0,0,622,0,0,0,4140,2575,0,0,62,0,2,5,1382,492,2000,1,0,4,73,72,33170,13593,318,590,120,64,365,0,0,5,73,3,3,0,10,0,0,0,0,0,2688,2816,2688,2816,4128,2208,8733,1370,0,0,0,0,100,60,45,40,45,60,58,49,0,0,75,0,0,0,0,0,0,14741,1110,993,0,918,74,344,344,100,2,1,0,999,999,40,0,25,0,0,0,0,0,0,0,0,0,0,100,2688,2816,100,0,0,0,0,0,0,0,0,0,0,0,0,0,0,0,0,0,0,0,0,160,778,778,1,1,23,18,50,1,7485,778,2200,2042,0,0,0,13976,0,14287,0,0,0,0,11,3,6,149,0,247,15,272,0,0,694,8013,2
682069,2103,1009,81,47,9999,0,0,522,0,0,0,4140,2161,0,0,62,0,3,4,1382,492,2000,1,0,4,71,72,38982,13650,282,769,134,65,326,0,1,2,73,3,3,0,10,0,0,0,0,0,2688,2816,2688,2816,4128,2208,8786,1359,0,0,0,0,100,55,38,37,36,43,55,50,0,0,73,0,0,0,0,0,0,14741,1110,993,0,918,74,344,344,100,2,1,0,999,999,40,0,25,0,0,0,0,0,0,0,0,0,0,100,2688,2816,100,0,0,0,0,0,0,0,0,0,0,0,0,0,0,0,0,0,0,0,0,160,778,778,1,1,23,16,50,1,7519,778,2200,2040,0,0,0,11515,0,11833,0,0,2,1,11,3,6,181,0,209,15,272,54,1,592,8013,1
683069,2103,1009,81,47,9999,0,0,558,0,0,0,4140,2310,0,0,62,0,2,4,1651,545,2000,1,0,4,73,72,34850,13623,355,654,138,64,363,0,0,1,73,3,3,0,10,0,0,0,0,0,2688,2816,2688,2816,4128,2208,9037,1387,0,0,0,0,100,52,39,41,45,44,52,47,0,0,76,0,0,0,0,0,0,14741,1110,993,0,918,74,344,344,100,1,1,0,999,999,40,0,25,0,0,0,0,0,0,0,0,0,0,100,2688,2816,100,0,0,0,0,0,0,0,0,0,0,0,0,0,0,0,0,0,0,0,0,160,778,778,1,1,23,17,50,1,7486,778,2201,2042,0,0,0,10254,0,10567,0,0,0,0,11,3,6,150,0,247,15,272,0,0,694,8013,2
684069,2103,1009,81,47,9999,0,0,225,0,0,0,4140,931,0,0,62,0,2,4,1651,545,2000,1,0,4,72,72,35046,13737,345,766,252,65,372,0,0,4,72,3,3,0,10,0,0,0,0,0,2688,2816,2688,2816,4128,2208,8396,1381,0,0,0,0,100,55,39,38,38,52,53,55,0,0,76,0,0,0,0,0,0,14741,1110,993,0,918,74,344,344,100,2,1,0,999,999,40,0,25,0,0,0,0,0,0,0,0,0,0,100,2688,2816,100,0,0,0,0,0,0,0,0,0,0,0,0,0,0,0,0,0,0,0,0,160,778,778,1,1,23,17,50,1,7483,778,2200,2041,0,0,0,17315,0,17682,0,0,2,1,11,3,6,177,0,214,15,272,51,1,596,8013,2
685069,2103,1009,81,47,9999,0,0,269,0,0,0,4140,1113,0,0,62,0,2,4,1651,545,2000,1,0,4,71,72,36276,13884,344,905,252,66,370,0,0,2,73,3,3,0,10,0,0,0,0,0,2688,2816,2688,2816,4128,2208,8466,1330,0,0,0,0,100,50,36,35,38,43,50,48,0,0,76,0,0,0,0,0,0,14741,1110,993,0,918,74,344,344,100,1,1,0,999,999,40,0,25,0,0,0,0,0,0,0,0,0,0,100,2688,2816,100,0,0,0,0,0,0,0,0,0,0,0,0,0,0,0,0,0,0,0,0,160,778,778,1,1,21,17,50,1,7498,778,2199,2042,0,0,0,15162,0,15559,0,0,0,0,11,3,6,176,0,203,15,272,0,0,587,8013,0
686069,2103,1009,81,47,9999,0,0,431,0,0,0,4140,1784,0,0,62,0,2,3,1651,545,2000,1,0,4,73,72,36455,13729,336,721,128,66,386,0,0,0,73,3,3,0,10,0,0,0,0,0,2688,2816,2688,2816,4128,2208,9223,1479,0,0,0,0,100,56,41,34,40,52,54,56,0,0,78,0,0,0,0,0,0,14741,1110,993,0,918,74,344,344,100,0,0,0,999,999,40,0,25,0,0,0,0,0,0,0,0,0,0,100,2688,2816,100,0,0,0,0,0,0,0,0,0,0,0,0,0,0,0,0,0,0,0,0,160,779,779,1,1,23,17,50,1,7465,779,2201,2042,0,0,0,12483,0,12722,0,0,0,0,11,3,6,178,0,236,15,272,0,0,688,8013,0
687069,2103,1009,81,47,9999,0,0,579,0,0,0,4140,2397,0,0,62,0,2,4,1651,545,2000,1,0,4,73,72,37624,13738,330,713,124,66,371,0,0,2,73,3,3,0,10,0,0,0,0,0,2688,2816,2688,2816,4128,2208,7994,1371,0,0,0,0,100,55,41,39,43,47,53,55,0,0,75,0,0,0,0,0,0,14741,1110,993,0,918,74,344,344,100,1,1,0,999,999,40,0,25,0,0,0,0,0,0,0,0,0,0,100,2688,2816,100,0,0,0,0,0,0,0,0,0,0,0,0,0,0,0,0,0,0,0,0,160,779,779,1,1,23,20,50,1,7504,779,2201,2045,0,0,0,16615,0,16954,0,0,0,0,11,3,6,178,0,236,15,272,0,0,688,8013,0
688070,2103,1009,81,47,9999,0,0,296,0,0,0,4140,1225,0,0,62,0,3,3,1651,545,2000,1,0,4,72,72,36462,13608,267,671,111,65,344,0,1,6,73,3,3,0,10,0,0,0,0,0,2688,2816,2688,2816,4128,2208,8273,1544,0,0,0,0,100,60,43,41,46,60,59,52,0,0,72,0,0,0,0,0,0,14741,1110,993,0,918,74,344,344,100,4,1,0,999,999,40,0,25,0,0,0,0,0,0,0,0,0,0,100,2688,2816,100,0,0,0,0,0,0,0,0,0,0,0,0,0,0,0,0,0,0,0,0,160,779,779,1,1,23,20,50,1,7468,779,2201,2045,0,0,0,17745,0,18094,0,0,0,0,11,3,6,173,0,235,15,272,0,0,686,8013,0
689070,2103,1009,81,47,9999,0,0,700,0,0,0,4113,2879,0,0,62,0,2,2,1651,545,2000,1,0,4,72,72,36558,13650,312,624,115,65,385,0,0,3,72,3,3,0,10,0,0,0,0,0,2688,2816,2688,2816,4128,2208,8934,1688,0,0,0,0,100,45,35,37,37,44,44,45,0,0,73,0,0,0,0,0,0,14741,1110,993,0,918,74,344,344,100,3,1,0,999,999,40,0,25,0,0,0,0,0,0,0,0,0,0,100,2688,2816,100,0,0,0,0,0,0,0,0,0,0,0,0,0,0,0,0,0,0,0,0,160,778,778,1,1,21,17,50,1,7521,778,2198,2041,0,0,0,13325,0,13639,0,0,0,1,11,3,6,177,0,236,15,272,5,1,688,8013,0
690069,2103,1009,81,47,9999,0,0,320,0,0,0,4113,1316,0,0,62,0,3,2,1651,545,2000,1,0,4,71,72,35468,13822,311,581,155,65,408,0,0,2,73,3,3,0,10,0,0,0,0,0,2688,2816,2688,2816,4128,2208,8945,1672,0,0,0,0,100,61,59,56,61,61,56,58,0,0,78,0,0,0,0,0,0,14741,1110,993,0,918,74,344,344,100,2,1,0,999,999,40,0,25,0,0,0,0,0,0,0,0,0,0,100,2688,2816,100,0,0,0,0,0,0,0,0,0,0,0,0,0,0,0,0,0,0,0,0,160,778,778,1,1,23,18,50,1,7469,778,2201,2043,0,0,0,20701,0,21132,0,0,0,0,11,3,6,178,0,236,15,272,0,0,688,8013,0
691069,2103,1009,81,47,9999,0,0,389,0,0,0,4113,1599,0,0,62,0,2,2,1651,545,2000,1,0,4,73,72,38013,13769,254,774,116,65,424,0,0,1,72,3,3,0,10,0,0,0,0,0,2688,2816,2688,2816,4128,2208,8381,1640,0,0,0,0,100,44,38,34,40,42,44,42,0,0,79,0,0,0,0,0,0,14741,1110,993,0,918,74,344,344,100,1,1,0,999,999,40,0,25,0,0,0,0,0,0,0,0,0,0,100,2688,2816,100,0,0,0,0,0,0,0,0,0,0,0,0,0,0,0,0,0,0,0,0,160,779,779,1,1,23,17,50,1,7469,779,2201,2042,0,0,0,10921,0,11171,0,0,1,6,11,3,6,178,0,236,15,272,28,6,688,8013,0
692069,2103,1009,81,47,9999,0,0,345,0,0,0,4113,1418,0,0,62,0,2,2,1651,545,2000,1,0,4,72,72,35004,13706,296,663,98,65,387,0,0,1,72,3,3,0,10,0,0,0,0,0,2688,2816,2688,2816,4128,2208,8398,1630,0,0,0,0,100,52,38,38,38,47,50,52,0,0,79,0,0,0,0,0,0,14741,1110,993,0,918,74,344,344,100,1,1,0,999,999,40,0,25,0,0,0,0,0,0,0,0,0,0,100,2688,2816,100,0,0,0,0,0,0,0,0,0,0,0,0,0,0,0,0,0,0,0,0,160,779,779,1,1,23,16,50,1,7506,779,2200,2041,0,0,0,13014,0,13303,0,0,0,0,11,3,6,178,0,236,15,272,0,0,688,8013,0
693069,2103,1009,81,47,9999,0,0,392,0,0,0,4113,1612,0,0,62,0,3,2,1651,456,2000,1,0,4,73,72,36360,13725,301,633,108,64,388,0,0,4,73,3,3,0,10,0,0,0,0,0,2688,2816,2688,2816,4128,2208,9070,1634,0,0,0,0,100,50,42,39,42,50,49,48,0,0,78,0,0,0,0,0,0,14741,1110,993,0,918,74,344,344,100,3,1,0,999,999,40,0,25,0,0,0,0,0,0,0,0,0,0,100,2688,2816,100,0,0,0,0,0,0,0,0,0,0,0,0,0,0,0,0,0,0,0,0,160,779,779,1,1,23,15,50,1,7470,779,2201,2040,0,0,0,16070,0,16473,0,0,0,0,11,3,6,176,0,236,15,272,0,0,687,8013,0
694069,2103,1009,81,47,9999,0,0,306,0,0,0,4113,1258,0,0,62,0,2,2,1651,456,2000,1,0,4,73,72,34739,13643,243,581,117,65,412,0,0,3,73,3,3,0,10,0,0,0,0,0,2688,2816,2688,2816,4128,2208,9019,1652,0,0,0,0,100,52,36,32,32,41,52,45,0,0,79,0,0,0,0,0,0,14741,1110,993,0,918,74,344,344,100,2,1,0,999,999,40,0,25,0,0,0,0,0,0,0,0,0,0,100,2688,2816,100,0,0,0,0,0,0,0,0,0,0,0,0,0,0,0,0,0,0,0,0,160,779,779,1,1,23,18,50,1,7500,779,2200,2042,0,0,0,10835,0,11093,0,0,0,0,11,3,6,160,0,235,15,272,0,0,685,8013,0
695070,2103,1009,81,47,9999,0,0,303,0,0,0,4113,1246,0,0,62,0,3,2,1651,456,2000,1,0,4,72,72,35681,13643,243,581,117,65,412,0,0,3,73,3,3,0,10,0,0,0,0,0,2688,2816,2688,2816,4128,2208,8985,1699,0,0,0,0,100,52,36,32,32,41,52,45,0,0,78,0,0,0,0,0,0,14741,1110,993,0,918,74,344,344,100,2,1,0,999,999,40,0,25,0,0,0,0,0,0,0,0,0,0,100,2688,2816,100,0,0,0,0,0,0,0,0,0,0,0,0,0,0,0,0,0,0,0,0,160,779,779,1,1,23,19,50,1,7469,779,2200,2043,0,0,0,12078,0,12345,0,0,0,0,11,3,6,155,0,237,15,272,0,0,689,8013,0
696071,2103,1009,81,47,9999,0,0,386,0,0,0,4113,1587,0,0,62,0,2,2,1651,456,2000,1,0,4,71,72,37105,13739,393,667,171,65,402,0,0,5,73,3,3,0,10,0,0,0,0,0,2688,2816,2688,2816,4128,2208,7990,1667,0,0,0,0,100,53,39,37,39,53,51,47,0,0,78,0,0,0,0,0,0,14741,1110,993,0,918,74,344,344,100,2,1,0,999,999,40,0,25,0,0,0,0,0,0,0,0,0,0,100,2688,2816,100,0,0,0,0,0,0,0,0,0,0,0,0,0,0,0,0,0,0,0,0,160,780,780,1,1,23,17,50,1,7472,780,2200,2041,0,0,0,20089,0,20392,0,0,0,0,11,3,6,160,0,235,15,272,0,0,685,8013,0
697070,2103,1009,81,47,9999,0,0,385,0,0,0,4113,1583,0,0,62,0,2,2,1651,456,2000,1,0,4,71,72,35786,14005,457,786,119,65,389,0,0,2,72,3,3,0,10,0,0,0,0,0,2688,2816,2688,2816,4128,2208,9247,1715,0,0,0,0,100,52,36,36,37,46,47,52,0,0,77,0,0,0,0,0,0,14741,1110,993,0,918,74,344,344,100,1,1,0,999,999,40,0,25,0,0,0,0,0,0,0,0,0,0,100,2688,2816,100,0,0,0,0,0,0,0,0,0,0,0,0,0,0,0,0,0,0,0,0,160,780,780,1,1,23,16,50,1,7507,780,2201,2041,0,0,0,15841,0,16291,0,0,0,0,11,3,6,156,0,236,15,272,0,0,688,8013,0
698070,2103,1009,81,47,9999,0,0,359,0,0,0,4148,1489,0,0,62,0,3,2,1651,456,2000,1,0,4,71,72,38509,13810,338,644,133,65,388,0,0,6,73,3,3,0,10,0,0,0,0,0,2688,2816,2688,2816,4128,2208,9593,1701,0,0,0,0,100,57,40,36,43,57,51,45,0,0,79,0,0,0,0,0,0,14741,1110,993,0,918,74,344,344,100,2,1,0,999,999,40,0,25,0,0,0,0,0,0,0,0,0,0,100,2688,2816,100,0,0,0,0,0,0,0,0,0,0,0,0,0,0,0,0,0,0,0,0,160,780,780,1,1,21,16,50,1,7472,780,2199,2041,0,0,0,9579,0,9840,0,0,0,0,11,3,6,174,0,236,15,272,0,0,687,8013,0
699113,2079,1010,81,47,9999,0,0,377,0,0,0,4140,1560,0,0,62,0,2,2,1651,456,2000,1,0,4,72,72,35032,13831,361,661,130,67,381,0,0,0,73,3,3,0,10,0,0,0,0,0,2688,2816,2688,2816,4128,2208,8465,1691,0,0,0,0,100,53,40,38,40,45,53,48,0,0,80,0,0,0,0,0,0,14742,1114,992,0,921,70,345,345,100,0,0,0,999,999,40,0,25,0,0,0,0,0,0,0,0,0,0,100,2688,2816,100,0,0,0,0,0,0,0,0,0,0,0,0,0,0,0,0,0,0,0,0,160,780,780,1,1,21,18,50,1,7505,780,2198,2043,0,0,0,12170,0,12458,0,0,0,4,11,3,6,174,0,236,15,272,18,4,687,8013,0
700070,2079,1010,81,47,9999,0,0,204,0,0,0,4140,844,0,0,62,0,2,2,1651,456,2000,1,0,4,73,72,38592,13810,308,650,114,65,417,0,0,3,72,3,3,0,10,0,0,0,0,0,2688,2816,2688,2816,4128,2208,9858,1683,0,0,0,0,100,53,39,32,40,50,53,52,0,0,80,0,0,0,0,0,0,14742,1114,992,0,921,70,345,345,100,1,1,0,999,999,40,0,25,0,0,0,0,0,0,0,0,0,0,100,2688,2816,100,0,0,0,0,0,0,0,0,0,0,0,0,0,0,0,0,0,0,0,0,160,780,780,1,1,21,19,50,1,7472,780,2198,2043,0,0,0,13325,0,13595,0,0,0,1,11,3,6,174,0,236,15,272,5,1,687,8013,0
701070,2079,1010,81,47,9999,0,0,314,0,0,0,4140,1299,0,0,62,0,2,2,1651,456,2000,1,0,4,73,72,37428,13956,369,865,237,66,373,0,0,2,73,3,3,0,10,0,0,0,0,0,2688,2816,2688,2816,4128,2208,9146,1678,0,0,0,0,100,60,43,40,45,47,60,48,0,0,80,0,0,0,0,0,0,14742,1114,992,0,921,70,345,345,100,1,1,0,999,999,40,0,25,0,0,0,0,0,0,0,0,0,0,100,2688,2816,100,0,0,0,0,0,0,0,0,0,0,0,0,0,0,0,0,0,0,0,0,160,780,780,1,1,21,14,50,1,7509,780,2198,2038,0,0,0,13648,0,14072,0,0,0,1,11,3,6,174,0,236,15,272,17,1,687,8013,0
702070,2079,1010,81,47,9999,0,0,265,0,0,0,4140,1097,0,0,62,0,2,2,1651,456,2000,1,0,4,73,72,36583,13980,367,819,148,65,366,0,0,1,73,3,3,0,10,0,0,0,0,0,2688,2816,2688,2816,4128,2208,9103,1673,0,0,0,0,100,52,37,30,35,45,45,52,0,0,80,0,0,0,0,0,0,14742,1114,992,0,921,70,345,345,100,1,1,0,999,999,40,0,25,0,0,0,0,0,0,0,0,0,0,100,2688,2816,100,0,0,0,0,0,0,0,0,0,0,0,0,0,0,0,0,0,0,0,0,160,781,781,1,1,22,15,50,1,7474,781,2200,2040,0,0,0,14275,0,14526,0,0,0,1,11,3,6,174,0,236,15,272,16,1,687,8013,0
703070,2079,1010,81,47,9999,0,0,287,0,0,0,4140,1188,0,0,62,0,2,4,1382,456,2000,1,0,4,72,72,35005,13858,303,688,122,65,397,0,0,0,73,3,3,0,10,0,0,0,0,0,2688,2816,2688,2816,4128,2208,9216,1644,0,0,0,0,100,52,43,41,46,52,43,45,0,0,79,0,0,0,0,0,0,14742,1114,992,0,921,70,345,345,100,0,0,0,999,999,40,0,25,0,0,0,0,0,0,0,0,0,0,100,2688,2816,100,0,0,0,0,0,0,0,0,0,0,0,0,0,0,0,0,0,0,0,0,160,780,780,1,1,20,18,50,1,7474,780,2198,2044,0,0,0,13561,0,13973,0,0,0,0,11,3,6,174,0,236,15,272,0,0,687,8013,0
704070,2079,1010,81,47,9999,0,0,444,0,0,0,4140,1838,0,0,62,0,2,4,1382,456,2000,1,0,4,71,72,36883,13749,301,647,113,65,388,0,0,5,73,3,3,0,10,0,0,0,0,0,2688,2816,2688,2816,4128,2208,7835,1437,0,0,0,0,100,43,33,33,37,40,43,41,0,0,73,0,0,0,0,0,0,14742,1114,992,0,921,70,345,345,100,5,1,0,999,999,40,0,25,0,0,0,0,0,0,0,0,0,0,100,2688,2816,100,0,0,0,0,0,0,0,0,0,0,0,0,0,0,0,0,0,0,0,0,160,777,777,1,1,21,18,50,1,7504,777,2199,2044,0,0,0,12970,0,13189,0,0,0,0,11,3,6,174,0,236,15,272,0,0,687,8013,0
705070,2079,1010,81,47,9999,0,0,389,0,0,0,4140,1610,0,0,62,0,3,3,1382,456,2000,1,0,4,72,72,35274,13640,306,725,106,65,343,0,0,3,73,3,3,0,10,0,0,0,0,0,2688,2816,2688,2816,4128,2208,8450,1567,0,0,0,0,100,56,39,32,44,56,52,50,0,0,73,0,0,0,0,0,0,14742,1114,992,0,921,70,345,345,100,2,1,0,999,999,40,0,25,0,0,0,0,0,0,0,0,0,0,100,2688,2816,100,0,0,0,0,0,0,0,0,0,0,0,0,0,0,0,0,0,0,0,0,160,778,778,1,1,23,18,50,1,7470,778,2201,2043,0,0,0,13774,0,14037,0,0,0,1,11,3,6,174,0,236,15,272,17,1,687,8013,0
706071,2079,1010,81,47,9999,0,0,449,0,0,0,4140,1858,0,0,62,0,2,3,1382,456,2000,1,0,4,73,72,34222,13747,322,661,141,64,377,0,0,1,73,3,3,0,10,0,0,0,0,0,2688,2816,2688,2816,4128,2208,8536,1590,0,0,0,0,100,48,39,31,35,48,47,48,0,0,75,0,0,0,0,0,0,14742,1114,992,0,921,70,345,345,100,1,1,0,999,999,40,0,25,0,0,0,0,0,0,0,0,0,0,100,2688,2816,100,0,0,0,0,0,0,0,0,0,0,0,0,0,0,0,0,0,0,0,0,160,778,778,1,1,21,18,50,1,7505,778,2198,2042,0,0,0,16835,0,17188,0,0,0,0,11,3,6,175,0,236,15,272,0,0,687,8013,0
707071,2079,1010,81,47,9999,0,0,690,0,0,0,4140,2856,0,0,62,0,3,4,1382,456,2000,1,0,4,73,72,36006,13716,280,683,120,65,372,0,0,1,73,3,3,0,10,0,0,0,0,0,2688,2816,2688,2816,4128,2208,7735,1405,0,0,0,0,100,51,33,32,32,40,48,51,0,0,73,0,0,0,0,0,0,14742,1114,992,0,921,70,345,345,100,1,1,0,999,999,40,0,25,0,0,0,0,0,0,0,0,0,0,100,2688,2816,100,0,0,0,0,0,0,0,0,0,0,0,0,0,0,0,0,0,0,0,0,160,778,778,1,1,23,17,50,1,7485,778,2201,2042,0,0,0,12758,0,13174,0,0,0,0,11,3,6,179,0,202,15,272,0,0,584,8013,0
708071,2079,1010,81,47,9999,0,0,294,0,0,0,4140,1217,0,0,62,0,3,3,1382,456,2000,1,0,4,72,72,34915,13780,395,834,182,66,387,0,0,6,73,3,3,0,10,0,0,0,0,0,2688,2816,2688,2816,4128,2208,7783,1566,0,0,0,0,100,55,39,35,37,55,50,45,0,0,70,0,0,0,0,0,0,14742,1114,992,0,921,70,345,345,100,2,1,0,999,999,40,0,25,0,0,0,0,0,0,0,0,0,0,100,2688,2816,100,0,0,0,0,0,0,0,0,0,0,0,0,0,0,0,0,0,0,0,0,160,778,778,1,1,23,15,50,1,7523,778,2200,2039,0,0,0,22679,0,23074,0,0,0,0,11,3,6,161,0,183,15,272,0,0,527,8013,0
709070,2079,1010,81,47,9999,0,0,448,0,0,0,4143,1856,0,0,62,0,3,3,1382,456,2000,1,0,4,73,72,34624,13787,354,729,153,65,459,0,0,4,73,3,3,0,10,0,0,0,0,0,2688,2816,2688,2816,4128,2208,7708,1595,0,0,0,0,100,54,42,39,44,51,54,54,0,0,72,0,0,0,0,0,0,14742,1114,992,0,921,70,345,345,100,3,1,0,999,999,40,0,25,0,0,0,0,0,0,0,0,0,0,100,2688,2816,100,0,0,0,0,0,0,0,0,0,0,0,0,0,0,0,0,0,0,0,0,160,778,778,1,1,23,21,50,1,7492,778,2201,2046,0,0,0,10695,0,10906,0,0,0,0,11,3,6,179,0,239,15,272,0,0,694,8013,0
710071,2079,1010,81,47,9999,0,0,553,0,0,0,4143,2291,0,0,62,0,2,3,1382,456,2000,1,0,4,72,72,35644,13751,282,746,174,65,354,0,0,4,73,3,3,0,10,0,0,0,0,0,2688,2816,2688,2816,4128,2208,9893,1553,0,0,0,0,100,53,36,32,38,52,53,44,0,0,75,0,0,0,0,0,0,14742,1114,992,0,921,70,345,345,100,2,1,0,999,999,40,0,25,0,0,0,0,0,0,0,0,0,0,100,2688,2816,100,0,0,0,0,0,0,0,0,0,0,0,0,0,0,0,0,0,0,0,0,160,778,778,1,1,23,18,50,1,7521,778,2201,2043,0,0,0,11280,0,11564,0,0,0,3,11,3,6,173,0,235,15,272,14,3,685,8013,0
711071,2079,1010,81,47,9999,0,0,276,0,0,0,4143,1143,0,0,62,0,2,3,1382,456,2000,1,0,4,72,72,35191,13745,314,750,121,64,351,0,0,3,72,3,3,0,10,0,0,0,0,0,2688,2816,2688,2816,4128,2208,9799,1586,0,0,0,0,100,48,36,38,41,43,48,42,0,0,79,0,0,0,0,0,0,14742,1114,992,0,921,70,345,345,100,1,1,0,999,999,40,0,25,0,0,0,0,0,0,0,0,0,0,100,2688,2816,100,0,0,0,0,0,0,0,0,0,0,0,0,0,0,0,0,0,0,0,0,160,778,778,1,1,21,17,50,1,7525,778,2198,2042,0,0,0,13561,0,13963,0,0,0,0,11,3,6,173,0,197,15,272,0,0,572,8013,0
712071,2079,1010,81,47,9999,0,0,228,0,0,0,4143,944,0,0,62,0,3,3,1382,456,2000,1,0,4,73,72,38123,13707,322,588,117,65,377,0,0,2,72,3,3,0,10,0,0,0,0,0,2688,2816,2688,2816,4128,2208,7971,1513,0,0,0,0,100,62,55,53,60,60,58,62,0,0,76,0,0,0,0,0,0,14742,1114,992,0,921,70,345,345,100,2,1,0,999,999,40,0,25,0,0,0,0,0,0,0,0,0,0,100,2688,2816,100,0,0,0,0,0,0,0,0,0,0,0,0,0,0,0,0,0,0,0,0,160,778,778,1,1,21,17,50,1,7494,778,2199,2042,0,0,0,16216,0,16595,0,0,0,3,11,3,6,127,0,86,15,272,14,3,240,8013,0
713071,2079,1010,81,47,9999,0,0,420,0,0,0,4143,1740,0,0,62,0,2,2,1382,492,2000,1,0,4,71,72,34017,13709,288,747,141,65,339,0,0,0,72,3,3,0,10,0,0,0,0,0,2688,2816,2688,2816,4128,2208,7576,1616,0,0,0,0,100,50,44,38,41,44,50,41,0,0,69,0,0,0,0,0,0,14742,1114,992,0,921,70,345,345,100,0,0,0,999,999,40,0,25,0,0,0,0,0,0,0,0,0,0,100,2688,2816,100,0,0,0,0,0,0,0,0,0,0,0,0,0,0,0,0,0,0,0,0,160,778,778,1,1,21,17,50,1,7530,778,2198,2041,0,0,0,9741,0,9960,0,0,0,0,11,3,6,196,0,237,15,272,0,0,690,8013,0
714071,2079,1010,81,47,9999,0,0,307,0,0,0,4143,1271,0,0,62,0,3,2,1382,492,2000,1,0,4,73,72,35122,13830,377,776,128,65,385,0,0,3,73,3,3,0,10,0,0,0,0,0,2688,2816,2688,2816,4128,2208,9281,1690,0,0,0,0,100,52,35,33,37,43,52,42,0,0,74,0,0,0,0,0,0,14742,1114,992,0,921,70,345,345,100,2,1,0,999,999,40,0,25,0,0,0,0,0,0,0,0,0,0,100,2688,2816,100,0,0,0,0,0,0,0,0,0,0,0,0,0,0,0,0,0,0,0,0,160,778,778,1,1,21,18,50,1,7493,778,2199,2043,0,0,0,12847,0,13100,0,0,0,0,11,3,6,195,0,237,15,272,0,0,690,8013,0
715072,2079,1010,81,47,9999,0,0,201,0,0,0,4143,832,0,0,62,0,2,2,1382,492,2000,1,0,4,72,72,36001,13982,307,796,152,67,448,0,0,2,73,3,3,0,10,0,0,0,0,0,2688,2816,2688,2816,4128,2208,8088,1598,0,0,0,0,100,54,40,33,42,54,53,50,0,0,76,0,0,0,0,0,0,14742,1114,992,0,921,70,345,345,100,1,1,0,999,999,40,0,25,0,0,0,0,0,0,0,0,0,0,100,2688,2816,100,0,0,0,0,0,0,0,0,0,0,0,0,0,0,0,0,0,0,0,0,160,778,778,1,1,23,15,50,1,7528,778,2201,2041,0,0,0,11704,0,12215,0,0,0,3,11,3,6,178,0,127,15,272,19,3,359,8013,0
716072,2079,1010,81,47,9999,0,0,192,0,0,0,4143,795,0,0,62,0,2,2,1382,492,2000,1,0,4,73,72,35089,13896,340,809,154,65,396,0,0,1,72,3,3,0,10,0,0,0,0,0,2688,2816,2688,2816,4128,2208,7192,1621,0,0,0,0,100,47,34,37,32,47,47,46,0,0,72,0,0,0,0,0,0,14742,1114,992,0,921,70,345,345,100,1,1,0,999,999,40,0,25,0,0,0,0,0,0,0,0,0,0,100,2688,2816,100,0,0,0,0,0,0,0,0,0,0,0,0,0,0,0,0,0,0,0,0,160,779,779,1,1,23,21,50,1,7498,779,2201,2046,0,0,0,10305,0,10604,0,0,0,0,11,3,6,168,0,126,15,272,0,0,357,8013,0
717073,2079,1010,81,47,9999,0,0,117,0,0,0,4143,484,0,0,62,0,2,2,1382,492,2000,1,0,4,73,72,36344,13797,363,701,119,65,400,0,0,1,73,3,3,0,10,0,0,0,0,0,2688,2816,2688,2816,4128,2208,7072,1607,0,0,0,0,100,60,41,40,39,60,52,53,0,0,67,0,0,0,0,0,0,14742,1114,992,0,921,70,345,345,100,1,1,0,999,999,40,0,25,0,0,0,0,0,0,0,0,0,0,100,2688,2816,100,0,0,0,0,0,0,0,0,0,0,0,0,0,0,0,0,0,0,0,0,160,782,782,1,1,23,16,50,1,7506,782,2200,2040,0,0,0,6798,0,7038,0,0,0,0,11,3,6,147,0,125,15,272,0,0,356,8013,0
718072,2079,1010,81,47,9999,0,0,268,0,0,0,4143,1110,0,0,62,0,2,2,1382,492,2000,1,0,4,69,72,36349,13758,346,661,111,65,382,0,0,3,73,3,3,0,10,0,0,0,0,0,2688,2816,2688,2816,4128,2208,6737,1625,0,0,0,0,100,59,41,36,45,51,50,59,0,0,62,0,0,0,0,0,0,14742,1114,992,0,921,70,345,345,100,2,1,0,999,999,40,0,25,0,0,0,0,0,0,0,0,0,0,100,2688,2816,100,0,0,0,0,0,0,0,0,0,0,0,0,0,0,0,0,0,0,0,0,160,782,782,1,1,23,19,50,1,7541,782,2200,2044,0,0,0,14379,0,14723,0,0,0,0,11,3,6,160,0,126,15,272,0,0,358,8013,0
719106,2082,1016,81,47,9999,0,0,231,0,0,0,4150,958,0,0,62,0,3,2,1382,492,2000,1,0,4,72,72,35418,13717,319,628,115,64,389,0,21,6,72,3,3,0,10,0,0,0,0,0,2688,2816,2688,2816,4128,2208,6867,1628,0,0,0,0,100,61,43,41,46,61,47,51,0,0,63,0,0,0,0,0,0,14742,1117,999,0,921,77,345,345,100,5,4,0,999,999,40,0,25,0,0,0,0,0,0,0,0,0,0,100,2688,2816,100,0,0,0,0,0,0,0,0,0,0,0,0,0,0,0,0,0,0,0,0,160,782,782,1,1,23,19,50,1,7502,782,2201,2045,0,0,0,13098,0,13518,0,0,0,0,11,3,6,194,0,129,15,272,0,0,362,8013,0
720072,2082,1016,81,47,9999,0,0,267,0,0,0,4150,1108,0,0,62,0,3,2,1382,492,2000,1,0,4,72,72,32816,13712,348,670,102,65,431,0,0,2,73,3,3,0,10,0,0,0,0,0,2688,2816,2688,2816,4128,2208,6779,1665,0,0,0,0,100,49,37,35,33,41,49,44,0,0,64,0,0,0,0,0,0,14742,1117,999,0,921,77,345,345,100,1,1,0,999,999,40,0,25,0,0,0,0,0,0,0,0,0,0,100,2688,2816,100,0,0,0,0,0,0,0,0,0,0,0,0,0,0,0,0,0,0,0,0,160,782,782,1,1,23,17,50,1,7532,782,2201,2042,0,0,0,16752,0,17130,0,0,0,0,11,3,6,178,0,133,15,272,0,0,364,8013,1
721072,2082,1016,81,47,9999,0,0,166,0,0,0,4150,688,0,0,62,0,2,2,1382,492,2000,1,0,4,73,72,33343,13737,357,633,115,65,381,0,0,6,73,3,3,0,10,0,0,0,0,0,2688,2816,2688,2816,4128,2208,7886,1635,0,0,0,0,100,52,43,38,42,46,50,52,0,0,67,0,0,0,0,0,0,14742,1117,999,0,921,77,345,345,100,2,1,0,999,999,40,0,25,0,0,0,0,0,0,0,0,0,0,100,2688,2816,100,0,0,0,0,0,0,0,0,0,0,0,0,0,0,0,0,0,0,0,0,160,783,783,1,1,23,17,50,1,7501,783,2201,2042,0,0,0,16536,0,16974,0,0,0,0,11,3,6,169,0,134,15,272,0,0,365,8013,1
722073,2082,1016,81,47,9999,0,0,274,0,0,0,4150,1137,0,0,62,0,2,2,1382,492,2000,1,0,4,73,72,34183,13735,307,605,115,65,412,0,0,4,73,3,3,0,10,0,0,0,0,0,2688,2816,2688,2816,4128,2208,6967,1724,0,0,0,0,100,49,37,39,37,49,47,44,0,0,67,0,0,0,0,0,0,14742,1117,999,0,921,77,345,345,100,1,1,0,999,999,40,0,25,0,0,0,0,0,0,0,0,0,0,100,2688,2816,100,0,0,0,0,0,0,0,0,0,0,0,0,0,0,0,0,0,0,0,0,160,783,783,1,1,23,16,50,1,7535,783,2201,2042,0,0,0,9136,0,9389,0,0,1,1,11,3,6,176,0,245,15,272,49,1,698,8013,1
723072,2082,1016,81,47,9999,0,0,169,0,0,0,4150,701,0,0,62,0,4,4,1651,456,2000,1,0,4,69,72,36363,13720,340,681,156,65,364,0,0,10,73,3,3,0,10,0,0,0,0,0,2688,2816,2688,2816,4128,2208,7743,1492,0,0,0,0,100,52,35,32,37,50,45,52,0,0,68,0,0,0,0,0,0,14742,1117,999,0,921,77,345,345,100,3,1,0,999,999,40,0,25,0,0,0,0,0,0,0,0,0,0,100,2688,2816,100,0,0,0,0,0,0,0,0,0,0,0,0,0,0,0,0,0,0,0,0,160,783,783,1,1,23,20,50,1,7504,783,2201,2045,0,0,0,14357,0,14632,0,0,0,0,11,3,6,176,0,245,15,272,0,0,698,8013,1
724072,2082,1016,81,47,9999,0,0,247,0,0,0,4150,1025,0,0,62,0,3,4,1651,456,2000,1,0,4,72,72,35083,13929,341,791,86,65,338,0,2,5,72,3,3,0,10,0,0,0,0,0,2688,2816,2688,2816,4128,2208,7454,1481,0,0,0,0,100,51,41,40,43,51,49,48,0,0,67,0,0,0,0,0,0,14742,1117,999,0,921,77,345,345,100,5,1,0,999,999,40,0,25,0,0,0,0,0,0,0,0,0,0,100,2688,2816,100,0,0,0,0,0,0,0,0,0,0,0,0,0,0,0,0,0,0,0,0,160,783,783,1,1,23,20,50,1,7493,783,2200,2044,0,0,0,16268,0,16587,0,0,0,0,11,3,6,172,0,235,15,272,0,0,685,8013,0
725072,2082,1016,81,47,9999,0,0,110,0,0,0,4150,456,0,0,62,0,2,3,1651,456,2000,1,0,4,73,72,31710,13729,308,681,122,64,367,0,0,3,72,3,3,0,10,0,0,0,0,0,2688,2816,2688,2816,4128,2208,7636,1468,0,0,0,0,100,47,32,31,33,37,47,41,0,0,66,0,0,0,0,0,0,14742,1117,999,0,921,77,345,345,100,1,1,0,999,999,40,0,25,0,0,0,0,0,0,0,0,0,0,100,2688,2816,100,0,0,0,0,0,0,0,0,0,0,0,0,0,0,0,0,0,0,0,0,160,783,783,1,1,23,17,50,1,7526,783,2201,2043,0,0,0,7419,0,7630,0,0,0,0,11,3,6,173,0,224,15,272,0,0,653,8013,0
726073,2082,1016,81,47,9999,0,0,135,0,0,0,4150,560,0,0,62,0,3,3,1651,456,2000,1,0,4,73,72,33751,13603,347,636,144,65,441,0,0,2,73,3,3,0,10,0,0,0,0,0,2688,2816,2688,2816,4128,2208,7596,1587,0,0,0,0,100,49,38,38,40,49,48,47,0,0,68,0,0,0,0,0,0,14742,1117,999,0,921,77,345,345,100,1,1,0,999,999,40,0,25,0,0,0,0,0,0,0,0,0,0,100,2688,2816,100,0,0,0,0,0,0,0,0,0,0,0,0,0,0,0,0,0,0,0,0,160,784,784,1,1,23,18,50,1,7493,784,2201,2044,0,0,0,8819,0,9061,0,0,0,4,11,3,6,172,0,227,15,272,19,4,663,8013,0
727073,2082,1016,81,47,9999,0,0,271,0,0,0,4150,1124,0,0,62,0,2,2,1651,456,2000,1,0,4,72,72,33217,13775,320,647,120,65,372,0,0,2,73,3,3,0,10,0,0,0,0,0,2688,2816,2688,2816,4128,2208,7650,1598,0,0,0,0,100,49,40,33,38,49,48,48,0,0,68,0,0,0,0,0,0,14742,1117,999,0,921,77,345,345,100,2,1,0,999,999,40,0,25,0,0,0,0,0,0,0,0,0,0,100,2688,2816,100,0,0,0,0,0,0,0,0,0,0,0,0,0,0,0,0,0,0,0,0,160,784,784,1,1,23,17,50,1,7547,784,2201,2043,0,0,0,14653,0,15271,0,0,0,0,11,3,6,172,0,227,15,272,0,0,663,8013,0
728073,2082,1016,81,47,9999,0,0,359,0,0,0,4150,1489,0,0,62,0,3,2,1651,456,2000,1,0,4,73,72,35338,13697,274,604,129,66,392,0,0,2,72,3,3,0,10,0,0,0,0,0,2688,2816,2688,2816,4128,2208,8359,1697,0,0,0,0,100,56,48,45,53,56,51,55,0,0,72,0,0,0,0,0,0,14742,1117,999,0,921,77,345,345,100,1,1,0,999,999,40,0,25,0,0,0,0,0,0,0,0,0,0,100,2688,2816,100,0,0,0,0,0,0,0,0,0,0,0,0,0,0,0,0,0,0,0,0,160,784,784,1,1,23,18,50,1,7506,784,2200,2042,0,0,0,12743,0,13173,0,0,0,0,11,3,6,172,0,227,15,272,0,0,663,8013,0
729073,2082,1016,81,47,9999,0,0,294,0,0,0,4156,1221,0,0,62,0,2,2,1651,456,2000,1,0,4,72,72,33923,13955,394,794,253,65,385,0,0,1,73,3,3,0,10,0,0,0,0,0,2688,2816,2688,2816,4128,2208,8285,1702,0,0,0,0,100,56,63,65,95,56,56,54,0,0,74,0,0,0,0,0,0,14742,1117,999,0,921,77,345,345,100,1,1,0,999,999,40,0,25,0,0,0,0,0,0,0,0,0,0,100,2688,2816,100,0,0,0,0,0,0,0,0,0,0,0,0,0,0,0,0,0,0,0,0,160,784,784,1,1,23,18,50,1,7516,784,2200,2043,0,0,0,19469,0,19931,0,0,0,0,11,3,6,172,0,227,15,272,0,0,663,8013,0
730074,2082,1016,81,47,9999,0,0,218,0,0,0,4156,906,0,0,62,0,3,2,1651,456,2000,1,0,4,72,72,35067,13914,367,696,155,66,400,0,0,2,72,3,3,0,10,0,0,0,0,0,2688,2816,2688,2816,4128,2208,8293,1705,0,0,0,0,100,58,54,54,91,48,58,48,0,0,74,0,0,0,0,0,0,14742,1117,999,0,921,77,345,345,100,1,1,0,999,999,40,0,25,0,0,0,0,0,0,0,0,0,0,100,2688,2816,100,0,0,0,0,0,0,0,0,0,0,0,0,0,0,0,0,0,0,0,0,160,784,784,1,1,23,18,50,1,7508,784,2201,2043,0,0,0,10399,0,10612,0,0,0,0,11,3,6,172,0,227,15,272,0,0,663,8013,0
731074,2082,1016,81,47,9999,0,0,495,0,0,0,4156,2057,0,0,62,0,2,2,1651,456,2000,1,0,4,73,72,34974,13826,310,638,103,66,382,0,0,2,73,3,3,0,10,0,0,0,0,0,2688,2816,2688,2816,4128,2208,8249,1703,0,0,0,0,100,53,58,56,92,53,50,51,0,0,74,0,0,0,0,0,0,14742,1117,999,0,921,77,345,345,100,2,1,0,999,999,40,0,25,0,0,0,0,0,0,0,0,0,0,100,2688,2816,100,0,0,0,0,0,0,0,0,0,0,0,0,0,0,0,0,0,0,0,0,160,784,784,1,1,23,16,50,1,7534,784,2201,2041,0,0,0,14597,0,15170,0,0,0,4,11,3,6,172,0,227,15,272,19,4,663,8013,0
732075,2082,1016,81,47,9999,0,0,558,0,0,0,4156,2319,0,0,62,0,2,2,1651,456,2000,1,0,4,72,72,34974,13641,294,604,101,65,387,0,0,4,72,3,3,0,10,0,0,0,0,0,2688,2816,2688,2816,4128,2208,8229,1715,0,0,0,0,100,53,52,49,93,42,53,40,0,0,74,0,0,0,0,0,0,14742,1117,999,0,921,77,345,345,100,3,1,0,999,999,40,0,25,0,0,0,0,0,0,0,0,0,0,100,2688,2816,100,0,0,0,0,0,0,0,0,0,0,0,0,0,0,0,0,0,0,0,0,160,783,783,1,1,23,16,50,1,7438,783,2201,2042,0,0,0,12257,0,12700,0,0,0,0,11,3,6,172,0,227,15,272,0,0,663,8013,0
733074,2082,1016,81,47,9999,0,0,200,0,0,0,4156,831,0,0,62,0,3,2,1651,456,2000,1,0,4,72,72,39105,13801,355,608,169,66,372,0,1,8,73,3,3,0,10,0,0,0,0,0,2688,2816,2688,2816,4128,2208,8208,1716,0,0,0,0,100,69,74,72,92,69,65,63,0,0,74,0,0,0,0,0,0,14742,1117,999,0,921,77,345,345,100,3,1,0,999,999,40,0,25,0,0,0,0,0,0,0,0,0,0,100,2688,2816,100,0,0,0,0,0,0,0,0,0,0,0,0,0,0,0,0,0,0,0,0,160,783,783,1,1,23,16,50,1,7377,783,2201,2041,0,0,0,8518,0,8746,0,0,0,4,11,3,6,172,0,227,15,272,19,4,663,8013,0
734074,2082,1016,81,47,9999,0,0,308,0,0,0,4156,1280,0,0,62,0,2,2,1651,456,2000,1,0,4,72,72,34684,13870,256,770,120,66,401,0,1,0,73,3,3,0,10,0,0,0,0,0,2688,2816,2688,2816,4128,2208,8995,1702,0,0,0,0,100,47,50,44,44,42,44,47,0,0,74,0,0,0,0,0,0,14742,1117,999,0,921,77,345,345,100,0,0,0,999,999,40,0,25,0,0,0,0,0,0,0,0,0,0,100,2688,2816,100,0,0,0,0,0,0,0,0,0,0,0,0,0,0,0,0,0,0,0,0,160,784,784,1,1,23,19,50,1,7409,784,2201,2045,0,0,0,12367,0,12578,0,0,0,0,11,3,6,172,0,227,15,272,0,0,663,8013,0
735074,2082,1016,81,47,9999,0,0,289,0,0,0,4155,1200,0,0,62,0,3,2,1651,456,2000,1,0,4,73,72,35717,13747,335,690,110,65,377,0,0,0,72,3,3,0,10,0,0,0,0,0,2688,2816,2688,2816,4128,2208,8328,1706,0,0,0,0,100,58,40,38,38,41,58,47,0,0,75,0,0,0,0,0,0,14742,1117,999,0,921,77,345,345,100,0,0,0,999,999,40,0,25,0,0,0,0,0,0,0,0,0,0,100,2688,2816,100,0,0,0,0,0,0,0,0,0,0,0,0,0,0,0,0,0,0,0,0,160,784,784,1,1,23,20,50,1,7376,784,2201,2045,0,0,0,12796,0,13222,0,0,0,0,11,3,6,172,0,227,15,272,0,0,663,8013,0
736076,2082,1016,81,47,9999,0,0,245,0,0,0,4155,1017,0,0,62,0,2,2,1651,456,2000,1,0,4,72,72,34858,13787,354,650,106,64,399,0,0,4,73,3,3,0,10,0,0,0,0,0,2688,2816,2688,2816,4128,2208,8156,1702,0,0,0,0,100,53,47,43,45,53,52,50,0,0,74,0,0,0,0,0,0,14742,1117,999,0,921,77,345,345,100,3,1,0,999,999,40,0,25,0,0,0,0,0,0,0,0,0,0,100,2688,2816,100,0,0,0,0,0,0,0,0,0,0,0,0,0,0,0,0,0,0,0,0,160,784,784,1,1,23,18,50,1,7377,784,2201,2044,0,0,0,13170,0,13739,0,0,1,6,11,3,6,172,0,239,15,272,28,6,692,8013,0
737075,2082,1016,81,47,9999,0,0,435,0,0,0,4155,1807,0,0,62,0,2,2,1651,456,2000,1,0,4,73,72,35344,13715,295,634,159,64,388,0,0,2,73,3,3,0,10,0,0,0,0,0,2688,2816,2688,2816,4128,2208,8760,1689,0,0,0,0,100,50,37,35,35,42,50,50,0,0,76,0,0,0,0,0,0,14742,1117,999,0,921,77,345,345,100,1,1,0,999,999,40,0,25,0,0,0,0,0,0,0,0,0,0,100,2688,2816,100,0,0,0,0,0,0,0,0,0,0,0,0,0,0,0,0,0,0,0,0,160,784,784,1,1,23,18,50,1,7397,784,2201,2043,0,0,0,14503,0,14825,0,0,0,0,11,3,6,173,0,198,15,272,0,0,574,8013,0
738075,2082,1016,81,47,9999,0,0,275,0,0,0,4155,1142,0,0,62,0,4,2,1651,456,2000,1,0,4,73,72,36213,13836,350,716,151,64,403,0,0,3,72,3,3,0,10,0,0,0,0,0,2688,2816,2688,2816,4128,2208,8053,1687,0,0,0,0,100,51,37,39,43,50,51,51,0,0,75,0,0,0,0,0,0,14742,1117,999,0,921,77,345,345,100,1,1,0,999,999,40,0,25,0,0,0,0,0,0,0,0,0,0,100,2688,2816,100,0,0,0,0,0,0,0,0,0,0,0,0,0,0,0,0,0,0,0,0,160,784,784,1,1,23,17,50,1,7362,784,2201,2043,0,0,0,11714,0,11925,0,0,0,0,11,3,6,132,0,219,15,272,0,0,633,8013,0
739110,2407,1014,81,47,9999,0,0,173,0,0,0,4140,716,0,0,62,0,3,3,1651,456,2000,1,0,4,72,72,33344,13855,298,738,105,64,387,0,0,1,73,3,3,0,10,0,0,0,0,0,2688,2816,2688,2816,4128,2208,9829,1658,0,0,0,0,100,51,48,44,45,51,51,46,0,0,79,0,0,0,0,0,0,14742,1118,996,0,923,73,345,345,100,1,1,0,999,999,40,0,25,0,0,0,0,0,0,0,0,0,0,100,2688,2816,100,0,0,0,0,0,0,0,0,0,0,0,0,0,0,0,0,0,0,0,0,160,784,784,1,1,23,17,50,1,7394,784,2201,2043,0,0,0,10952,0,11184,0,0,1,6,11,3,6,118,0,164,15,272,28,6,454,8013,1
740075,2407,1014,81,47,9999,0,0,314,0,0,0,4140,1299,0,0,62,0,2,3,1651,456,2000,1,0,4,73,72,33189,13757,269,676,110,65,401,0,0,0,73,3,3,0,10,0,0,0,0,0,2688,2816,2688,2816,4128,2208,8476,1579,0,0,0,0,100,44,35,36,39,44,42,44,0,0,77,0,0,0,0,0,0,14742,1118,996,0,923,73,345,345,100,0,0,0,999,999,40,0,25,0,0,0,0,0,0,0,0,0,0,100,2688,2816,100,0,0,0,0,0,0,0,0,0,0,0,0,0,0,0,0,0,0,0,0,160,784,784,1,1,23,17,50,1,7361,784,2200,2042,0,0,0,18480,0,18897,0,0,0,0,11,3,6,107,0,132,15,272,0,0,361,8013,1
741075,2407,1014,81,47,9999,0,0,424,0,0,0,4140,1755,0,0,62,0,2,2,1651,456,2000,1,0,4,73,72,34497,13836,491,812,389,65,388,1,0,4,73,3,3,0,10,0,0,0,0,0,2688,2816,2688,2816,4128,2208,8039,1573,0,0,0,0,100,48,43,36,40,39,44,48,0,0,76,0,0,0,0,0,0,14742,1118,996,0,923,73,345,345,100,2,1,0,999,999,40,0,25,0,0,0,0,0,0,0,0,0,0,100,2688,2816,100,0,0,0,0,0,0,0,0,0,0,0,0,0,0,0,0,0,0,0,0,160,784,784,1,1,23,15,50,1,7392,784,2201,2040,0,0,0,20847,0,21241,0,0,0,1,11,3,6,110,0,116,15,272,5,1,311,8013,1
742075,2407,1014,81,47,9999,0,0,389,0,0,0,4140,1610,0,0,62,0,3,4,1651,456,2000,1,0,4,73,72,36473,14290,286,1056,408,66,418,0,0,0,73,3,3,0,10,0,0,0,0,0,2688,2816,2688,2816,4128,2208,9093,1477,0,0,0,0,100,47,38,41,42,45,45,47,0,0,79,0,0,0,0,0,0,14742,1118,996,0,923,73,345,345,100,0,0,0,999,999,40,0,25,0,0,0,0,0,0,0,0,0,0,100,2688,2816,100,0,0,0,0,0,0,0,0,0,0,0,0,0,0,0,0,0,0,0,0,160,782,782,1,1,23,21,50,1,7359,782,2201,2046,0,0,0,7835,0,8023,0,0,2,1,11,3,6,108,0,102,15,272,54,1,259,8013,2
743075,2407,1014,81,47,9999,0,0,495,0,0,0,4140,2049,0,0,62,0,4,4,1651,545,2000,1,0,4,73,72,35508,13961,324,960,163,65,383,0,0,4,73,3,3,0,10,0,0,0,0,0,2688,2816,2688,2816,4128,2208,7784,1290,0,0,0,0,100,50,38,36,40,45,44,50,0,0,71,0,0,0,0,0,0,14742,1118,996,0,923,73,345,345,100,2,1,0,999,999,40,0,25,0,0,0,0,0,0,0,0,0,0,100,2688,2816,100,0,0,0,0,0,0,0,0,0,0,0,0,0,0,0,0,0,0,0,0,160,782,782,1,1,23,18,50,1,7359,782,2201,2043,0,0,0,13377,0,13819,0,0,2,4,11,3,6,108,0,102,15,272,68,4,259,8013,2
744075,2407,1014,81,47,9999,0,0,370,0,0,0,4140,1531,0,0,62,0,3,3,1651,545,2000,1,0,4,72,72,33642,13700,353,834,154,66,376,0,0,4,72,3,3,0,10,0,0,0,0,0,2688,2816,2688,2816,4128,2208,8132,1370,0,0,0,0,100,49,39,39,39,44,49,48,0,0,70,0,0,0,0,0,0,14742,1118,996,0,923,73,345,345,100,4,1,0,999,999,40,0,25,0,0,0,0,0,0,0,0,0,0,100,2688,2816,100,0,0,0,0,0,0,0,0,0,0,0,0,0,0,0,0,0,0,0,0,160,782,782,1,1,23,18,50,1,7391,782,2201,2043,0,0,0,15003,0,15284,0,0,0,2,11,3,6,108,0,102,15,272,9,2,259,8013,2
745076,2407,1014,81,47,9999,0,0,233,0,0,0,4140,964,0,0,62,0,4,3,1651,545,2000,1,0,4,73,72,32797,13694,367,679,124,65,448,0,0,1,73,3,3,0,10,0,0,0,0,0,2688,2816,2688,2816,4128,2208,8757,1456,0,0,0,0,100,49,44,39,41,47,46,49,0,0,74,0,0,0,0,0,0,14742,1118,996,0,923,73,345,345,100,1,1,0,999,999,40,0,25,0,0,0,0,0,0,0,0,0,0,100,2688,2816,100,0,0,0,0,0,0,0,0,0,0,0,0,0,0,0,0,0,0,0,0,160,782,782,1,1,23,18,50,1,7356,782,2200,2042,0,0,0,11187,0,11455,0,0,0,0,11,3,6,107,0,104,15,272,0,0,265,8013,2
746076,2407,1014,81,47,9999,0,0,328,0,0,0,4140,1357,0,0,62,0,3,3,1651,545,2000,1,0,4,73,72,33223,13702,308,703,103,64,454,0,0,1,73,3,3,0,10,0,0,0,0,0,2688,2816,2688,2816,4128,2208,8806,1411,0,0,0,0,100,45,39,34,35,35,45,39,0,0,74,0,0,0,0,0,0,14742,1118,996,0,923,73,345,345,100,1,1,0,999,999,40,0,25,0,0,0,0,0,0,0,0,0,0,100,2688,2816,100,0,0,0,0,0,0,0,0,0,0,0,0,0,0,0,0,0,0,0,0,160,782,782,1,1,23,16,50,1,7393,782,2200,2041,0,0,0,8540,0,8779,0,0,0,0,11,3,6,142,0,183,15,272,0,0,498,8013,2
747076,2407,1014,81,47,9999,0,0,431,0,0,0,4140,1784,0,0,62,0,2,5,1651,545,2000,1,0,4,72,72,33864,13578,303,635,122,64,386,0,0,3,72,3,3,0,10,0,0,0,0,0,2688,2816,2688,2816,4128,2208,8318,1275,0,0,0,0,100,49,38,38,39,49,43,47,0,0,75,0,0,0,0,0,0,14742,1118,996,0,923,73,345,345,100,1,1,0,999,999,40,0,25,0,0,0,0,0,0,0,0,0,0,100,2688,2816,100,0,0,0,0,0,0,0,0,0,0,0,0,0,0,0,0,0,0,0,0,160,783,783,1,1,23,17,50,1,7361,783,2200,2041,0,0,0,13344,0,13634,0,0,2,1,11,3,6,127,0,174,15,272,54,1,474,8013,2
748076,2407,1014,81,47,9999,0,0,369,0,0,0,4140,1527,0,0,62,0,2,4,1651,545,2000,1,0,4,73,72,33828,13676,393,762,202,66,337,0,0,1,73,3,3,0,10,0,0,0,0,0,2688,2816,2688,2816,4128,2208,9080,1217,0,0,0,0,100,47,38,40,42,47,46,41,0,0,75,0,0,0,0,0,0,14742,1118,996,0,923,73,345,345,100,1,1,0,999,999,40,0,25,0,0,0,0,0,0,0,0,0,0,100,2688,2816,100,0,0,0,0,0,0,0,0,0,0,0,0,0,0,0,0,0,0,0,0,160,783,783,1,1,24,17,50,1,7395,783,2202,2043,0,0,0,14156,0,14422,0,0,1,6,11,3,6,115,0,174,15,272,28,6,474,8013,2
749076,2407,1014,81,47,9999,0,0,364,0,0,0,4142,1507,0,0,62,0,2,4,1651,545,2000,1,0,4,72,72,34646,13770,349,780,194,139,354,0,0,0,72,3,3,0,10,0,0,0,0,0,2688,2816,2688,2816,4128,2208,8540,1222,0,0,0,0,100,46,37,40,40,44,46,43,0,0,76,0,0,0,0,0,0,14742,1118,996,0,923,73,345,345,100,0,0,0,999,999,40,0,25,0,0,0,0,0,0,0,0,0,0,100,2688,2816,100,0,0,0,0,0,0,0,0,0,0,0,0,0,0,0,0,0,0,0,0,160,783,783,1,1,24,17,50,1,7360,783,2202,2042,0,0,0,9222,0,9477,0,0,0,1,11,3,6,153,0,178,15,272,5,1,485,8013,2
750076,2407,1014,81,47,9999,0,0,400,0,0,0,4142,1656,0,0,62,0,2,3,1651,545,2000,1,0,4,73,72,36253,13543,304,698,110,65,374,0,0,4,73,3,3,0,10,0,0,0,0,0,2688,2816,2688,2816,4128,2208,9286,1397,0,0,0,0,100,51,35,40,39,45,50,51,0,0,75,0,0,0,0,0,0,14742,1118,996,0,923,73,345,345,100,3,1,0,999,999,40,0,25,0,0,0,0,0,0,0,0,0,0,100,2688,2816,100,0,0,0,0,0,0,0,0,0,0,0,0,0,0,0,0,0,0,0,0,160,784,784,1,1,24,21,50,1,7363,784,2202,2047,0,0,0,9748,0,10049,0,0,0,0,11,3,6,177,0,236,15,272,0,0,687,8013,1
751077,2407,1014,81,47,9999,0,0,238,0,0,0,4142,985,0,0,62,0,2,4,1651,545,2000,1,0,4,73,72,37692,13558,309,700,119,66,389,0,0,4,73,3,3,0,10,0,0,0,0,0,2688,2816,2688,2816,4128,2208,7480,1440,0,0,0,0,100,52,41,42,37,49,52,52,0,0,75,0,0,0,0,0,0,14742,1118,996,0,923,73,345,345,100,3,1,0,999,999,40,0,25,0,0,0,0,0,0,0,0,0,0,100,2688,2816,100,0,0,0,0,0,0,0,0,0,0,0,0,0,0,0,0,0,0,0,0,160,783,783,1,1,23,20,50,1,7395,783,2201,2046,0,0,0,12930,0,13173,0,0,1,6,11,3,6,176,0,198,15,272,28,6,575,8013,0
752076,2407,1014,81,47,9999,0,0,534,0,0,0,4142,2211,0,0,62,0,2,3,1651,545,2000,1,0,4,72,72,36287,13811,343,738,206,65,361,0,0,1,73,3,3,0,10,0,0,0,0,0,2688,2816,2688,2816,4128,2208,7683,1600,0,0,0,0,100,56,36,40,42,47,56,50,0,0,70,0,0,0,0,0,0,14742,1118,996,0,923,73,345,345,100,1,1,0,999,999,40,0,25,0,0,0,0,0,0,0,0,0,0,100,2688,2816,100,0,0,0,0,0,0,0,0,0,0,0,0,0,0,0,0,0,0,0,0,160,784,784,1,1,23,18,50,1,7362,784,2201,2043,0,0,0,11920,0,12696,0,0,0,0,11,3,6,175,0,236,15,272,0,0,687,8013,0
753077,2407,1014,81,47,9999,0,0,543,0,0,0,4142,2249,0,0,62,0,2,4,1382,545,2000,1,0,4,73,72,36957,13898,329,781,138,65,407,0,0,4,72,3,3,0,10,0,0,0,0,0,2688,2816,2688,2816,4128,2208,7417,1416,0,0,0,0,100,50,34,36,33,49,49,50,0,0,72,0,0,0,0,0,0,14742,1118,996,0,923,73,345,345,100,2,1,0,999,999,40,0,25,0,0,0,0,0,0,0,0,0,0,100,2688,2816,100,0,0,0,0,0,0,0,0,0,0,0,0,0,0,0,0,0,0,0,0,160,784,784,1,1,23,18,50,1,7425,784,2200,2043,0,0,0,10624,0,11030,0,0,0,1,11,3,6,173,0,235,15,272,17,1,685,8013,0
754076,2407,1014,81,47,9999,0,0,128,0,0,0,4142,530,0,0,62,0,3,3,1382,545,2000,1,0,4,73,72,35772,13895,359,838,136,65,353,0,0,2,73,3,3,0,10,0,0,0,0,0,2688,2816,2688,2816,4128,2208,7729,1567,0,0,0,0,100,64,51,50,54,64,51,57,0,0,70,0,0,0,0,0,0,14742,1118,996,0,923,73,345,345,100,1,1,0,999,999,40,0,25,0,0,0,0,0,0,0,0,0,0,100,2688,2816,100,0,0,0,0,0,0,0,0,0,0,0,0,0,0,0,0,0,0,0,0,160,784,784,1,1,23,17,50,1,7364,784,2201,2043,0,0,0,10200,0,10438,0,0,0,0,11,3,6,179,0,237,15,272,0,0,690,8013,0
755076,2407,1014,81,47,9999,0,0,349,0,0,0,4142,1445,0,0,62,0,2,2,1382,545,2000,1,0,4,72,72,34120,13811,307,739,128,64,368,0,0,2,72,3,3,0,10,0,0,0,0,0,2688,2816,2688,2816,4128,2208,8084,1641,0,0,0,0,100,47,44,42,43,40,47,41,0,0,72,0,0,0,0,0,0,14742,1118,996,0,923,73,345,345,100,1,1,0,999,999,40,0,25,0,0,0,0,0,0,0,0,0,0,100,2688,2816,100,0,0,0,0,0,0,0,0,0,0,0,0,0,0,0,0,0,0,0,0,160,783,783,1,1,21,18,50,1,7399,783,2199,2044,0,0,0,12526,0,12789,0,0,0,0,11,3,6,171,0,238,15,272,0,0,692,8013,0
756076,2407,1014,81,47,9999,0,0,291,0,0,0,4142,1205,0,0,62,0,3,2,1382,545,2000,1,0,4,73,72,35559,13680,327,658,109,65,398,0,0,3,72,3,3,0,10,0,0,0,0,0,2688,2816,2688,2816,4128,2208,8342,1655,0,0,0,0,100,56,40,41,40,47,56,48,0,0,74,0,0,0,0,0,0,14742,1118,996,0,923,73,345,345,100,2,1,0,999,999,40,0,25,0,0,0,0,0,0,0,0,0,0,100,2688,2816,100,0,0,0,0,0,0,0,0,0,0,0,0,0,0,0,0,0,0,0,0,160,784,784,1,1,21,18,50,1,7365,784,2198,2043,0,0,0,13492,0,13955,0,0,0,0,11,3,6,174,0,236,15,272,0,0,686,8013,0
757076,2407,1014,81,47,9999,0,0,421,0,0,0,4142,1743,0,0,62,0,2,2,1382,545,2000,1,0,4,72,72,34012,13746,336,628,123,67,390,0,0,0,73,3,3,0,10,0,0,0,0,0,2688,2816,2688,2816,4128,2208,8273,1621,0,0,0,0,100,47,42,38,40,47,44,47,0,0,74,0,0,0,0,0,0,14742,1118,996,0,923,73,345,345,100,0,0,0,999,999,40,0,25,0,0,0,0,0,0,0,0,0,0,100,2688,2816,100,0,0,0,0,0,0,0,0,0,0,0,0,0,0,0,0,0,0,0,0,160,783,783,1,1,21,16,50,1,7366,783,2198,2041,0,0,0,13553,0,13867,0,0,0,1,11,3,6,175,0,241,15,272,10,1,691,8013,1
758076,2407,1014,81,47,9999,0,0,342,0,0,0,4142,1416,0,0,62,0,3,2,1382,545,2000,1,0,4,72,72,35970,13755,306,619,135,64,393,0,0,3,73,3,3,0,10,0,0,0,0,0,2688,2816,2688,2816,4128,2208,8380,1623,0,0,0,0,100,52,40,37,35,43,52,50,0,0,73,0,0,0,0,0,0,14742,1118,996,0,923,73,345,345,100,1,1,0,999,999,40,0,25,0,0,0,0,0,0,0,0,0,0,100,2688,2816,100,0,0,0,0,0,0,0,0,0,0,0,0,0,0,0,0,0,0,0,0,160,783,783,1,1,23,15,50,1,7402,783,2201,2040,0,0,0,11396,0,11644,0,0,0,1,11,3,6,177,0,241,15,272,10,1,691,8013,1
759120,2438,1016,81,47,9999,0,0,163,0,0,0,4145,675,0,0,62,0,3,2,1382,545,2000,1,0,4,72,72,35061,13798,364,748,173,66,390,0,0,7,73,3,3,0,10,0,0,0,0,0,2688,2816,2688,2816,4128,2208,8891,1620,0,0,0,0,100,56,45,44,46,56,52,56,0,0,74,0,0,0,0,0,0,14742,1116,999,0,922,77,344,344,100,3,1,0,999,999,40,0,25,0,0,0,0,0,0,0,0,0,0,100,2688,2816,100,0,0,0,0,0,0,0,0,0,0,0,0,0,0,0,0,0,0,0,0,160,784,784,1,1,23,20,50,1,7365,784,2201,2045,0,0,0,18192,0,18572,0,0,0,0,11,3,6,177,0,236,15,272,0,0,687,8013,0
760078,2438,1016,81,47,9999,0,0,145,0,0,0,4145,601,0,0,62,0,2,2,1382,545,2000,1,0,4,73,72,34581,13807,363,703,133,65,382,0,0,0,72,3,3,0,10,0,0,0,0,0,2688,2816,2688,2816,4128,2208,8338,1613,0,0,0,0,100,49,39,36,36,47,49,42,0,0,74,0,0,0,0,0,0,14742,1116,999,0,922,77,344,344,100,0,0,0,999,999,40,0,25,0,0,0,0,0,0,0,0,0,0,100,2688,2816,100,0,0,0,0,0,0,0,0,0,0,0,0,0,0,0,0,0,0,0,0,160,784,784,1,1,23,15,50,1,7400,784,2201,2041,0,0,0,15559,0,15805,0,0,0,0,11,3,6,177,0,236,15,272,0,0,687,8013,0
761077,2438,1016,81,47,9999,0,0,207,0,0,0,4145,858,0,0,62,0,2,2,1382,545,2000,1,0,4,72,72,34926,13755,292,640,118,65,393,0,0,2,73,3,3,0,10,0,0,0,0,0,2688,2816,2688,2816,4128,2208,9030,1610,0,0,0,0,100,57,43,41,48,54,57,50,0,0,73,0,0,0,0,0,0,14742,1116,999,0,922,77,344,344,100,1,1,0,999,999,40,0,25,0,0,0,0,0,0,0,0,0,0,100,2688,2816,100,0,0,0,0,0,0,0,0,0,0,0,0,0,0,0,0,0,0,0,0,160,784,784,1,1,23,19,50,1,7368,784,2200,2044,0,0,0,14815,0,15083,0,0,1,6,11,3,6,177,0,211,15,272,28,6,611,8013,0
762077,2438,1016,81,47,9999,0,0,317,0,0,0,4145,1313,0,0,62,0,2,2,1382,545,2000,1,0,4,72,72,35559,13638,281,671,129,65,414,0,0,3,73,3,3,0,10,0,0,0,0,0,2688,2816,2688,2816,4128,2208,8942,1621,0,0,0,0,100,52,40,39,38,52,49,48,0,0,75,0,0,0,0,0,0,14742,1116,999,0,922,77,344,344,100,1,1,0,999,999,40,0,25,0,0,0,0,0,0,0,0,0,0,100,2688,2816,100,0,0,0,0,0,0,0,0,0,0,0,0,0,0,0,0,0,0,0,0,160,784,784,1,1,23,18,50,1,7402,784,2201,2043,0,0,0,19445,0,19793,0,0,1,6,11,3,6,178,0,245,15,272,28,6,697,8013,1
763077,2438,1016,81,47,9999,0,0,237,0,0,0,4145,982,0,0,62,0,3,3,1382,456,2000,1,0,4,72,72,35559,13716,308,671,122,65,399,0,0,5,73,3,3,0,10,0,0,0,0,0,2688,2816,2688,2816,4128,2208,8670,1579,0,0,0,0,100,55,38,39,39,48,55,51,0,0,76,0,0,0,0,0,0,14742,1116,999,0,922,77,344,344,100,2,1,0,999,999,40,0,25,0,0,0,0,0,0,0,0,0,0,100,2688,2816,100,0,0,0,0,0,0,0,0,0,0,0,0,0,0,0,0,0,0,0,0,160,784,784,1,1,23,17,50,1,7370,784,2201,2043,0,0,0,11934,0,12202,0,0,0,0,11,3,6,181,0,245,15,272,0,0,697,8013,1
764077,2438,1016,81,47,9999,0,0,243,0,0,0,4145,1007,0,0,62,0,2,2,1382,456,2000,1,0,4,73,72,36281,13791,293,743,129,65,367,0,0,0,73,3,3,0,10,0,0,0,0,0,2688,2816,2688,2816,4128,2208,8711,1668,0,0,0,0,100,55,41,38,39,44,36,55,0,0,75,0,0,0,0,0,0,14742,1116,999,0,922,77,344,344,100,0,0,0,999,999,40,0,25,0,0,0,0,0,0,0,0,0,0,100,2688,2816,100,0,0,0,0,0,0,0,0,0,0,0,0,0,0,0,0,0,0,0,0,160,784,784,1,1,23,15,50,1,7367,784,2201,2041,0,0,0,22310,0,22774,0,0,0,0,11,3,6,190,0,209,15,272,0,0,589,8013,1
765077,2438,1016,81,47,9999,0,0,344,0,0,0,4145,1425,0,0,62,0,2,2,1382,456,2000,1,0,4,73,72,34409,13694,307,636,116,65,381,0,0,4,72,3,3,0,10,0,0,0,0,0,2688,2816,2688,2816,4128,2208,8415,1669,0,0,0,0,100,56,40,37,39,47,45,56,0,0,74,0,0,0,0,0,0,14742,1116,999,0,922,77,344,344,100,1,1,0,999,999,40,0,25,0,0,0,0,0,0,0,0,0,0,100,2688,2816,100,0,0,0,0,0,0,0,0,0,0,0,0,0,0,0,0,0,0,0,0,160,784,784,1,1,23,15,50,1,7401,784,2201,2041,0,0,0,15732,0,16116,0,0,0,0,11,3,6,179,0,206,15,272,0,0,582,8013,1
766078,2438,1016,81,47,9999,0,0,262,0,0,0,4145,1085,0,0,62,0,3,2,1382,456,2000,1,0,4,72,72,36657,13699,329,680,143,64,386,0,0,4,73,3,3,0,10,0,0,0,0,0,2688,2816,2688,2816,4128,2208,8553,1613,0,0,0,0,100,56,39,39,40,52,56,43,0,0,73,0,0,0,0,0,0,14742,1116,999,0,922,77,344,344,100,3,1,0,999,999,40,0,25,0,0,0,0,0,0,0,0,0,0,100,2688,2816,100,0,0,0,0,0,0,0,0,0,0,0,0,0,0,0,0,0,0,0,0,160,784,784,1,1,23,16,50,1,7369,784,2200,2040,0,0,0,9011,0,9258,0,0,0,0,11,3,6,179,0,230,15,272,0,0,653,8013,1
767077,2438,1016,81,47,9999,0,0,391,0,0,0,4145,1620,0,0,62,0,2,2,1382,456,2000,1,0,4,72,72,34307,13723,290,635,122,64,399,0,0,1,72,3,3,0,10,0,0,0,0,0,2688,2816,2688,2816,4128,2208,8702,1695,0,0,0,0,100,49,39,35,37,44,46,49,0,0,73,0,0,0,0,0,0,14742,1116,999,0,922,77,344,344,100,1,1,0,999,999,40,0,25,0,0,0,0,0,0,0,0,0,0,100,2688,2816,100,0,0,0,0,0,0,0,0,0,0,0,0,0,0,0,0,0,0,0,0,160,785,785,1,1,23,16,50,1,7408,785,2201,2042,0,0,0,8441,0,8655,0,0,0,1,11,3,6,179,0,236,15,272,10,1,669,8013,1
768077,2438,1016,81,47,9999,0,0,129,0,0,0,4145,534,0,0,62,0,3,3,1382,456,2000,1,0,4,73,72,34315,13704,300,646,129,66,401,0,0,6,73,3,3,0,10,0,0,0,0,0,2688,2816,2688,2816,4128,2208,8419,1580,0,0,0,0,100,61,46,50,51,61,58,59,0,0,74,0,0,0,0,0,0,14742,1116,999,0,922,77,344,344,100,2,1,0,999,999,40,0,25,0,0,0,0,0,0,0,0,0,0,100,2688,2816,100,0,0,0,0,0,0,0,0,0,0,0,0,0,0,0,0,0,0,0,0,160,785,785,1,1,23,20,50,1,7374,785,2201,2046,0,0,0,19007,0,19388,0,0,2,1,11,3,6,179,0,242,15,272,51,1,687,8013,1
769078,2438,1016,81,47,9999,0,0,258,0,0,0,4151,1070,0,0,62,0,2,2,1382,456,2000,1,0,4,71,72,36962,13843,373,752,135,64,357,0,0,2,72,3,3,0,10,0,0,0,0,0,2688,2816,2688,2816,4128,2208,8551,1688,0,0,0,0,100,49,39,40,36,46,49,46,0,0,75,0,0,0,0,0,0,14742,1116,999,0,922,77,344,344,100,2,1,0,999,999,40,0,25,0,0,0,0,0,0,0,0,0,0,100,2688,2816,100,0,0,0,0,0,0,0,0,0,0,0,0,0,0,0,0,0,0,0,0,160,785,785,1,1,23,15,50,1,7411,785,2201,2041,0,0,0,10624,0,10950,0,0,0,0,11,3,6,181,0,242,15,272,0,0,687,8013,1
770077,2438,1016,81,47,9999,0,0,341,0,0,0,4151,1415,0,0,62,0,3,2,1382,456,2000,1,0,4,71,72,36175,13861,303,654,173,65,440,0,0,3,73,3,3,0,10,0,0,0,0,0,2688,2816,2688,2816,4128,2208,9093,1692,0,0,0,0,100,64,38,42,42,55,64,50,0,0,77,0,0,0,0,0,0,14742,1116,999,0,922,77,344,344,100,1,1,0,999,999,40,0,25,0,0,0,0,0,0,0,0,0,0,100,2688,2816,100,0,0,0,0,0,0,0,0,0,0,0,0,0,0,0,0,0,0,0,0,160,785,785,1,1,23,19,50,1,7380,785,2200,2044,0,0,0,15079,0,15407,0,0,2,1,11,3,6,181,0,245,15,272,51,1,698,8013,1
771078,2438,1016,81,47,9999,0,0,235,0,0,0,4151,975,0,0,62,0,3,3,1382,456,2000,1,0,4,72,72,38479,13885,362,797,115,66,395,0,2,5,73,3,3,0,10,0,0,0,0,0,2688,2816,2688,2816,4128,2208,8598,1606,0,0,0,0,100,52,40,38,39,46,50,52,0,0,78,0,0,0,0,0,0,14742,1116,999,0,922,77,344,344,100,3,1,0,999,999,40,0,25,0,0,0,0,0,0,0,0,0,0,100,2688,2816,100,0,0,0,0,0,0,0,0,0,0,0,0,0,0,0,0,0,0,0,0,160,785,785,1,1,23,18,50,1,7378,785,2201,2044,0,0,0,10758,0,11001,0,0,0,0,11,3,6,176,0,243,15,272,0,0,694,8013,1
772077,2438,1016,81,47,9999,0,0,274,0,0,0,4151,1137,0,0,62,0,2,2,1382,456,2000,1,0,4,71,72,38942,13804,340,782,117,65,367,0,1,0,72,3,3,0,10,0,0,0,0,0,2688,2816,2688,2816,4128,2208,8867,1544,0,0,0,0,100,51,33,34,31,43,51,50,0,0,75,0,0,0,0,0,0,14742,1116,999,0,922,77,344,344,100,0,0,0,999,999,40,0,25,0,0,0,0,0,0,0,0,0,0,100,2688,2816,100,0,0,0,0,0,0,0,0,0,0,0,0,0,0,0,0,0,0,0,0,160,785,785,1,1,23,18,50,1,7413,785,2200,2043,0,0,0,16630,0,17001,0,0,0,5,11,3,6,124,0,191,15,272,23,5,534,8013,1
773078,2438,1016,81,47,9999,0,0,354,0,0,0,4151,1469,0,0,62,0,3,2,1651,456,2000,1,0,4,73,72,35827,13787,298,672,121,66,376,0,0,1,73,3,3,0,10,0,0,0,0,0,2688,2816,2688,2816,4128,2208,8706,1576,0,0,0,0,100,51,42,30,39,51,48,43,0,0,77,0,0,0,0,0,0,14742,1116,999,0,922,77,344,344,100,1,1,0,999,999,40,0,25,0,0,0,0,0,0,0,0,0,0,100,2688,2816,100,0,0,0,0,0,0,0,0,0,0,0,0,0,0,0,0,0,0,0,0,160,785,785,1,1,23,14,50,1,7381,785,2200,2039,0,0,0,17748,0,18250,0,0,0,0,11,3,6,105,0,188,15,272,0,0,513,8013,2
774079,2438,1016,81,47,9999,0,0,563,0,0,0,4151,2337,0,0,62,0,2,2,1651,456,2000,1,0,4,72,72,35361,13608,292,637,107,65,376,0,0,3,73,3,3,0,10,0,0,0,0,0,2688,2816,2688,2816,4128,2208,10363,1542,0,0,0,0,100,53,40,34,37,45,44,53,0,0,81,0,0,0,0,0,0,14742,1116,999,0,922,77,344,344,100,1,1,0,999,999,40,0,25,0,0,0,0,0,0,0,0,0,0,100,2688,2816,100,0,0,0,0,0,0,0,0,0,0,0,0,0,0,0,0,0,0,0,0,160,786,786,1,1,23,21,50,1,7440,786,2201,2047,0,0,0,10482,0,10730,0,0,2,1,11,3,6,105,0,141,15,272,54,1,370,8013,2
775078,2438,1016,81,47,9999,0,0,251,0,0,0,4151,1041,0,0,62,0,3,5,1651,456,2000,1,0,4,72,72,36302,13597,287,720,159,65,412,0,0,3,73,3,3,0,10,0,0,0,0,0,2688,2816,2688,2816,4128,2208,7059,1232,0,0,0,0,100,52,44,43,45,52,52,48,0,0,72,0,0,0,0,0,0,14742,1116,999,0,922,77,344,344,100,2,1,0,999,999,40,0,25,0,0,0,0,0,0,0,0,0,0,100,2688,2816,100,0,0,0,0,0,0,0,0,0,0,0,0,0,0,0,0,0,0,0,0,160,785,785,1,1,23,17,50,1,7383,785,2201,2044,0,0,0,14147,0,14737,0,0,2,1,11,3,6,99,0,162,15,272,54,1,435,8013,2
776078,2438,1016,81,47,9999,0,0,464,0,0,0,4151,1926,0,0,62,0,2,4,1651,456,2000,1,0,4,71,72,35120,13601,298,756,134,65,346,0,0,4,72,3,3,0,10,0,0,0,0,0,2688,2816,2688,2816,4128,2208,7554,1258,0,0,0,0,100,49,45,46,46,48,49,49,0,0,66,0,0,0,0,0,0,14742,1116,999,0,922,77,344,344,100,2,1,0,999,999,40,0,25,0,0,0,0,0,0,0,0,0,0,100,2688,2816,100,0,0,0,0,0,0,0,0,0,0,0,0,0,0,0,0,0,0,0,0,160,786,786,1,1,23,17,50,1,7414,786,2201,2043,0,0,0,24177,0,24579,0,0,0,1,11,3,6,99,0,162,15,272,5,1,435,8013,2
777078,2438,1016,81,47,9999,0,0,496,0,0,0,4151,2058,0,0,62,0,3,3,1651,456,2000,1,0,4,72,72,34272,13495,290,663,101,65,387,0,0,4,73,3,3,0,10,0,0,0,0,0,2688,2816,2688,2816,4128,2208,8280,1425,0,0,0,0,100,53,40,40,44,53,51,52,0,0,67,0,0,0,0,0,0,14742,1116,999,0,922,77,344,344,100,3,1,0,999,999,40,0,25,0,0,0,0,0,0,0,0,0,0,100,2688,2816,100,0,0,0,0,0,0,0,0,0,0,0,0,0,0,0,0,0,0,0,0,160,786,786,1,1,23,16,50,1,7384,786,2200,2041,0,0,0,14744,0,14989,0,0,2,1,11,3,6,100,0,170,15,272,54,1,459,8013,2
778078,2438,1016,81,47,9999,0,0,173,0,0,0,4151,718,0,0,62,0,2,3,1651,456,2000,1,0,4,72,72,34844,13614,325,726,110,64,393,0,0,2,73,3,3,0,10,0,0,0,0,0,2688,2816,2688,2816,4128,2208,7538,1389,0,0,0,0,100,49,36,42,37,47,47,49,0,0,69,0,0,0,0,0,0,14742,1116,999,0,922,77,344,344,100,1,1,0,999,999,40,0,25,0,0,0,0,0,0,0,0,0,0,100,2688,2816,100,0,0,0,0,0,0,0,0,0,0,0,0,0,0,0,0,0,0,0,0,160,786,786,1,1,24,16,50,1,7385,786,2201,2041,0,0,0,15684,0,15942,0,0,2,1,11,3,6,103,0,170,15,272,54,1,459,8013,2
779119,2385,1016,81,47,9999,0,0,397,0,0,0,4128,1638,0,0,62,0,2,2,1651,456,2000,1,0,4,72,72,34336,13704,328,656,132,66,393,0,0,0,73,3,3,0,10,0,0,0,0,0,2688,2816,2688,2816,4128,2208,9419,1639,0,0,0,0,100,40,32,35,34,35,38,40,0,0,74,0,0,0,0,0,0,14742,1119,998,0,924,73,344,344,100,0,0,0,999,999,40,0,25,0,0,0,0,0,0,0,0,0,0,100,2688,2816,100,0,0,0,0,0,0,0,0,0,0,0,0,0,0,0,0,0,0,0,0,160,787,787,1,1,24,19,50,1,7418,787,2202,2045,0,0,0,18513,0,18887,0,0,2,2,11,3,6,180,0,242,15,272,59,2,691,8013,1
780078,2385,1016,81,47,9999,0,0,395,0,0,0,4128,1630,0,0,62,0,2,4,1651,456,2000,1,0,4,72,72,34621,13664,265,688,158,65,410,0,0,5,72,3,3,0,10,0,0,0,0,0,2688,2816,2688,2816,4128,2208,8204,1383,0,0,0,0,100,58,44,40,43,54,50,58,0,0,74,0,0,0,0,0,0,14742,1119,998,0,924,73,344,344,100,3,1,0,999,999,40,0,25,0,0,0,0,0,0,0,0,0,0,100,2688,2816,100,0,0,0,0,0,0,0,0,0,0,0,0,0,0,0,0,0,0,0,0,160,784,784,1,1,24,18,50,1,7383,784,2201,2044,0,0,0,19071,0,19515,0,0,0,0,11,3,6,149,0,247,15,272,0,0,695,8013,2
781078,2385,1016,81,47,9999,0,0,240,0,0,0,4128,990,0,0,62,0,2,3,1651,456,2000,1,0,4,72,72,37194,13795,379,798,191,65,397,0,0,1,73,3,3,0,10,0,0,0,0,0,2688,2816,2688,2816,4128,2208,8571,1529,0,0,0,0,100,60,39,36,34,49,55,60,0,0,76,0,0,0,0,0,0,14742,1119,998,0,924,73,344,344,100,1,1,0,999,999,40,0,25,0,0,0,0,0,0,0,0,0,0,100,2688,2816,100,0,0,0,0,0,0,0,0,0,0,0,0,0,0,0,0,0,0,0,0,160,784,784,1,1,23,18,50,1,7416,784,2201,2043,0,0,0,13004,0,13233,0,0,0,0,11,3,6,175,0,236,15,272,0,0,687,8013,0
782079,2385,1016,81,47,9999,0,0,377,0,0,0,4128,1556,0,0,62,0,3,5,1651,456,2000,1,0,4,72,72,36830,13779,326,784,145,66,359,0,0,4,72,3,3,0,10,0,0,0,0,0,2688,2816,2688,2816,4128,2208,7007,1293,0,0,0,0,100,54,39,38,38,54,53,49,0,0,70,0,0,0,0,0,0,14742,1119,998,0,924,73,344,344,100,2,1,0,999,999,40,0,25,0,0,0,0,0,0,0,0,0,0,100,2688,2816,100,0,0,0,0,0,0,0,0,0,0,0,0,0,0,0,0,0,0,0,0,160,784,784,1,1,23,18,50,1,7382,784,2201,2044,0,0,0,13975,0,14318,0,0,0,0,11,3,6,173,0,235,15,272,0,0,686,8013,0
783079,2385,1016,81,47,9999,0,0,342,0,0,0,4128,1411,0,0,62,0,2,4,1382,545,2000,1,0,4,73,72,35089,13601,276,731,104,64,364,0,0,3,73,3,3,0,10,0,0,0,0,0,2688,2816,2688,2816,4128,2208,6928,1407,0,0,0,0,100,49,36,39,36,43,45,49,0,0,64,0,0,0,0,0,0,14742,1119,998,0,924,73,344,344,100,1,1,0,999,999,40,0,25,0,0,0,0,0,0,0,0,0,0,100,2688,2816,100,0,0,0,0,0,0,0,0,0,0,0,0,0,0,0,0,0,0,0,0,160,784,784,1,1,23,18,50,1,7422,784,2201,2044,0,0,0,14831,0,15151,0,0,0,0,11,3,6,173,0,235,15,272,0,0,686,8013,0
784081,2385,1016,81,47,9999,0,0,241,0,0,0,4128,994,0,0,62,0,2,3,1382,545,2000,1,0,4,72,72,32971,13557,325,629,120,64,358,0,0,4,73,3,3,0,10,0,0,0,0,0,2688,2816,2688,2816,4128,2208,7138,1581,0,0,0,0,100,55,35,36,42,55,55,49,0,0,66,0,0,0,0,0,0,14742,1119,998,0,924,73,344,344,100,2,1,0,999,999,40,0,25,0,0,0,0,0,0,0,0,0,0,100,2688,2816,100,0,0,0,0,0,0,0,0,0,0,0,0,0,0,0,0,0,0,0,0,160,784,784,1,1,23,21,50,1,7379,784,2201,2047,0,0,0,22601,0,23023,0,0,1,6,11,3,6,174,0,236,15,272,28,6,687,8013,0
785079,2385,1016,81,47,9999,0,0,164,0,0,0,4128,676,0,0,62,0,2,2,1382,545,2000,1,0,4,73,72,36126,13732,294,653,122,65,384,0,0,4,73,3,3,0,10,0,0,0,0,0,2688,2816,2688,2816,4128,2208,8379,1655,0,0,0,0,100,56,41,39,41,43,56,48,0,0,68,0,0,0,0,0,0,14742,1119,998,0,924,73,344,344,100,2,1,0,999,999,40,0,25,0,0,0,0,0,0,0,0,0,0,100,2688,2816,100,0,0,0,0,0,0,0,0,0,0,0,0,0,0,0,0,0,0,0,0,160,784,784,1,1,23,16,50,1,7379,784,2201,2042,0,0,0,15242,0,15671,0,0,0,0,11,3,6,174,0,236,15,272,0,0,687,8013,0
786079,2385,1016,81,47,9999,0,0,257,0,0,0,4128,1060,0,0,62,0,2,2,1382,545,2000,1,0,4,72,72,36062,13750,324,670,116,66,431,0,0,1,72,3,3,0,10,0,0,0,0,0,2688,2816,2688,2816,4128,2208,8123,1648,0,0,0,0,100,52,41,35,35,48,52,49,0,0,71,0,0,0,0,0,0,14742,1119,998,0,924,73,344,344,100,1,1,0,999,999,40,0,25,0,0,0,0,0,0,0,0,0,0,100,2688,2816,100,0,0,0,0,0,0,0,0,0,0,0,0,0,0,0,0,0,0,0,0,160,784,784,1,1,23,18,50,1,7413,784,2201,2045,0,0,0,9454,0,9911,0,0,0,0,11,3,6,172,0,239,15,272,0,0,693,8013,0
787079,2385,1016,81,47,9999,0,0,340,0,0,0,4128,1403,0,0,62,0,2,2,1382,545,2000,1,0,4,72,72,36363,13635,350,601,105,65,398,0,0,0,73,3,3,0,10,0,0,0,0,0,2688,2816,2688,2816,4128,2208,7572,1628,0,0,0,0,100,58,36,33,40,58,52,49,0,0,73,0,0,0,0,0,0,14742,1119,998,0,924,73,344,344,100,0,0,0,999,999,40,0,25,0,0,0,0,0,0,0,0,0,0,100,2688,2816,100,0,0,0,0,0,0,0,0,0,0,0,0,0,0,0,0,0,0,0,0,160,784,784,1,1,23,20,50,1,7383,784,2201,2046,0,0,0,11691,0,12174,0,0,0,0,11,3,6,183,0,238,15,272,0,0,691,8013,0
788079,2385,1016,81,47,9999,0,0,263,0,0,0,4128,1085,0,0,62,0,2,2,1382,545,2000,1,0,4,71,72,35307,14048,340,884,229,65,396,0,0,6,73,3,3,0,10,0,0,0,0,0,2688,2816,2688,2816,4128,2208,8889,1662,0,0,0,0,100,55,42,40,43,55,54,55,0,0,74,0,0,0,0,0,0,14742,1119,998,0,924,73,344,344,100,4,1,0,999,999,40,0,25,0,0,0,0,0,0,0,0,0,0,100,2688,2816,100,0,0,0,0,0,0,0,0,0,0,0,0,0,0,0,0,0,0,0,0,160,785,785,1,1,23,18,50,1,7417,785,2201,2044,0,0,0,17625,0,17963,0,0,0,0,11,3,6,180,0,238,15,272,0,0,691,8013,0
789080,2385,1016,81,47,9999,0,0,196,0,0,0,4153,813,0,0,62,0,3,2,1382,545,2000,1,0,4,73,72,37588,13960,364,838,110,65,395,0,0,1,73,3,3,0,10,0,0,0,0,0,2688,2816,2688,2816,4128,2208,8342,1644,0,0,0,0,100,60,43,44,44,58,60,59,0,0,74,0,0,0,0,0,0,14742,1119,998,0,924,73,344,344,100,1,1,0,999,999,40,0,25,0,0,0,0,0,0,0,0,0,0,100,2688,2816,100,0,0,0,0,0,0,0,0,0,0,0,0,0,0,0,0,0,0,0,0,160,784,784,1,1,21,18,50,1,7381,784,2198,2044,0,0,0,15820,0,16129,0,0,0,0,11,3,6,171,0,239,15,272,0,0,693,8013,0
790080,2385,1016,81,47,9999,0,0,228,0,0,0,4153,946,0,0,62,0,2,2,1382,545,2000,1,0,4,72,72,37185,13851,389,741,135,65,410,0,0,0,72,3,3,0,10,0,0,0,0,0,2688,2816,2688,2816,4128,2208,8235,1634,0,0,0,0,100,44,35,34,36,38,41,44,0,0,74,0,0,0,0,0,0,14742,1119,998,0,924,73,344,344,100,0,0,0,999,999,40,0,25,0,0,0,0,0,0,0,0,0,0,100,2688,2816,100,0,0,0,0,0,0,0,0,0,0,0,0,0,0,0,0,0,0,0,0,160,785,785,1,1,23,17,50,1,7383,785,2201,2044,0,0,0,18647,0,19022,0,0,2,1,11,3,6,177,0,239,15,272,51,1,694,8013,0
791080,2385,1016,81,47,9999,0,0,372,0,0,0,4153,1544,0,0,62,0,2,2,1382,545,2000,1,0,4,72,72,33669,13793,313,647,141,65,383,0,0,4,72,3,3,0,10,0,0,0,0,0,2688,2816,2688,2816,4128,2208,8243,1606,0,0,0,0,100,50,38,33,34,50,49,50,0,0,73,0,0,0,0,0,0,14742,1119,998,0,924,73,344,344,100,2,1,0,999,999,40,0,25,0,0,0,0,0,0,0,0,0,0,100,2688,2816,100,0,0,0,0,0,0,0,0,0,0,0,0,0,0,0,0,0,0,0,0,160,785,785,1,1,23,17,50,1,7418,785,2201,2043,0,0,0,9813,0,10022,0,0,0,0,11,3,6,165,0,238,15,272,0,0,691,8013,0
792079,2385,1016,81,47,9999,0,0,278,0,0,0,4153,1154,0,0,62,0,3,2,1382,545,2000,1,0,4,72,72,35636,13761,316,697,171,65,383,0,0,3,73,3,3,0,10,0,0,0,0,0,2688,2816,2688,2816,4128,2208,8476,1662,0,0,0,0,100,53,39,31,35,51,47,53,0,0,74,0,0,0,0,0,0,14742,1119,998,0,924,73,344,344,100,2,1,0,999,999,40,0,25,0,0,0,0,0,0,0,0,0,0,100,2688,2816,100,0,0,0,0,0,0,0,0,0,0,0,0,0,0,0,0,0,0,0,0,160,785,785,1,1,23,16,50,1,7384,785,2201,2043,0,0,0,18519,0,18993,0,0,0,0,11,3,6,179,0,238,15,272,0,0,691,8013,0
793079,2385,1016,81,47,9999,0,0,164,0,0,0,4153,681,0,0,62,0,2,2,1382,456,2000,1,0,4,72,72,34337,13684,355,602,112,65,399,0,0,3,73,3,3,0,10,0,0,0,0,0,2688,2816,2688,2816,4128,2208,8652,1685,0,0,0,0,100,48,32,33,30,45,44,48,0,0,76,0,0,0,0,0,0,14742,1119,998,0,924,73,344,344,100,1,1,0,999,999,40,0,25,0,0,0,0,0,0,0,0,0,0,100,2688,2816,100,0,0,0,0,0,0,0,0,0,0,0,0,0,0,0,0,0,0,0,0,160,785,785,1,1,23,19,50,1,7420,785,2201,2046,0,0,0,10109,0,10364,0,0,0,0,11,3,6,179,0,238,15,272,0,0,691,8013,0
794079,2385,1016,81,47,9999,0,0,238,0,0,0,4153,988,0,0,62,0,2,2,1382,456,2000,1,0,4,72,72,35816,13815,577,642,140,65,399,0,0,0,73,3,3,0,10,0,0,0,0,0,2688,2816,2688,2816,4128,2208,8428,1664,0,0,0,0,100,55,37,35,40,48,55,52,0,0,76,0,0,0,0,0,0,14742,1119,998,0,924,73,344,344,100,0,0,0,999,999,40,0,25,0,0,0,0,0,0,0,0,0,0,100,2688,2816,100,0,0,0,0,0,0,0,0,0,0,0,0,0,0,0,0,0,0,0,0,160,785,785,1,1,23,19,50,1,7383,785,2201,2045,0,0,0,14951,0,15528,0,0,0,0,11,3,6,137,0,214,15,272,0,0,589,8013,2
795080,2385,1016,81,47,9999,0,0,759,0,0,0,4153,3152,0,0,62,0,2,2,1382,456,2000,1,0,4,73,72,35533,13678,243,642,119,65,404,0,0,2,73,3,3,0,10,0,0,0,0,0,2688,2816,2688,2816,4128,2208,9710,1602,0,0,0,0,100,55,40,39,42,52,50,55,0,0,80,0,0,0,0,0,0,14742,1119,998,0,924,73,344,344,100,2,1,0,999,999,40,0,25,0,0,0,0,0,0,0,0,0,0,100,2688,2816,100,0,0,0,0,0,0,0,0,0,0,0,0,0,0,0,0,0,0,0,0,160,785,785,1,1,23,17,50,1,7446,785,2201,2044,0,0,0,13094,0,13731,0,0,0,0,11,3,6,147,0,247,15,272,0,0,693,8013,2
796080,2385,1016,81,47,9999,0,0,666,0,0,0,4153,2765,0,0,62,0,3,4,1382,456,2000,1,0,4,73,72,36383,13609,286,671,124,66,392,0,0,3,73,3,3,0,10,0,0,0,0,0,2688,2816,2688,2816,4128,2208,9012,1423,0,0,0,0,100,57,47,43,46,52,57,47,0,0,81,0,0,0,0,0,0,14742,1119,998,0,924,73,344,344,100,1,1,0,999,999,40,0,25,0,0,0,0,0,0,0,0,0,0,100,2688,2816,100,0,0,0,0,0,0,0,0,0,0,0,0,0,0,0,0,0,0,0,0,160,785,785,1,1,23,18,50,1,7415,785,2201,2044,0,0,0,10912,0,11195,0,0,2,1,11,3,6,150,0,247,15,272,54,1,694,8013,2
797080,2385,1016,81,47,9999,0,0,417,0,0,0,4153,1731,0,0,62,0,2,4,1382,456,2000,1,0,4,73,72,36010,13685,314,694,121,65,376,0,0,4,72,3,3,0,10,0,0,0,0,0,2688,2816,2688,2816,4128,2208,9098,1446,0,0,0,0,100,50,49,49,47,47,48,50,0,0,78,0,0,0,0,0,0,14742,1119,998,0,924,73,344,344,100,2,1,0,999,999,40,0,25,0,0,0,0,0,0,0,0,0,0,100,2688,2816,100,0,0,0,0,0,0,0,0,0,0,0,0,0,0,0,0,0,0,0,0,160,785,785,1,1,23,17,50,1,7372,785,2201,2043,0,0,0,13560,0,13899,0,0,2,1,11,3,6,149,0,247,15,272,53,1,694,8013,2
798080,2385,1016,81,47,9999,0,0,390,0,0,0,4153,1619,0,0,62,0,3,4,1382,456,2000,1,0,4,72,72,36870,13621,280,663,96,67,362,0,0,1,73,3,3,0,10,0,0,0,0,0,2688,2816,2688,2816,4128,2208,8416,1416,0,0,0,0,100,65,48,49,53,65,62,62,0,0,78,0,0,0,0,0,0,14742,1119,998,0,924,73,344,344,100,1,1,0,999,999,40,0,25,0,0,0,0,0,0,0,0,0,0,100,2688,2816,100,0,0,0,0,0,0,0,0,0,0,0,0,0,0,0,0,0,0,0,0,160,786,786,1,1,23,16,50,1,7404,786,2201,2043,0,0,0,15255,0,15858,0,0,0,0,11,3,6,147,0,247,15,272,0,0,693,8013,2
799118,2436,1019,81,47,9999,0,0,253,0,0,0,4141,1047,0,0,62,0,2,4,1382,456,2000,1,0,4,73,72,36853,13621,280,663,96,67,362,0,0,1,73,3,3,0,10,0,0,0,0,0,2688,2816,2688,2816,4128,2208,8829,1462,0,0,0,0,100,49,38,31,34,45,44,49,0,0,77,0,0,0,0,0,0,14763,1119,1002,0,924,77,345,345,100,1,1,0,999,999,40,0,25,0,0,0,0,0,0,0,0,0,0,100,2688,2816,100,0,0,0,0,0,0,0,0,0,0,0,0,0,0,0,0,0,0,0,0,160,786,786,1,1,23,16,50,1,7367,786,2201,2043,0,0,0,18054,0,18539,0,0,2,1,11,3,6,176,0,242,15,272,53,1,692,8013,1
800080,2436,1019,81,47,9999,0,0,243,0,0,0,4141,1006,0,0,62,0,2,4,1382,456,2000,1,0,4,72,72,35641,13547,294,674,116,65,363,0,0,0,73,3,3,0,10,0,0,0,0,0,2688,2816,2688,2816,4128,2208,9322,1461,0,0,0,0,100,55,39,37,31,45,55,48,0,0,78,0,0,0,0,0,0,14763,1119,1002,0,924,77,345,345,100,0,0,0,999,999,40,0,25,0,0,0,0,0,0,0,0,0,0,100,2688,2816,100,0,0,0,0,0,0,0,0,0,0,0,0,0,0,0,0,0,0,0,0,160,786,786,1,1,23,19,50,1,7405,786,2201,2046,0,0,0,12536,0,12819,0,0,2,4,11,3,6,191,0,244,15,272,67,4,696,8013,1
801080,2436,1019,81,47,9999,0,0,363,0,0,0,4141,1503,0,0,62,0,2,4,1382,456,2000,1,0,4,72,72,38261,13696,338,685,131,66,366,0,0,2,72,3,3,0,10,0,0,0,0,0,2688,2816,2688,2816,4128,2208,8570,1406,0,0,0,0,100,63,44,41,48,63,58,56,0,0,76,0,0,0,0,0,0,14763,1119,1002,0,924,77,345,345,100,1,1,0,999,999,40,0,25,0,0,0,0,0,0,0,0,0,0,100,2688,2816,100,0,0,0,0,0,0,0,0,0,0,0,0,0,0,0,0,0,0,0,0,160,786,786,1,1,23,14,50,1,7370,786,2201,2041,0,0,0,16446,0,16800,0,0,2,1,11,3,6,191,0,244,15,272,53,1,696,8013,1
802080,2436,1019,81,47,9999,0,0,250,0,0,0,4141,1035,0,0,62,0,2,3,1382,456,2000,1,0,4,73,72,37021,13631,306,634,125,65,380,0,0,1,73,3,3,0,10,0,0,0,0,0,2688,2816,2688,2816,4128,2208,7583,1415,0,0,0,0,100,58,41,35,33,49,58,57,0,0,72,0,0,0,0,0,0,14763,1119,1002,0,924,77,345,345,100,1,1,0,999,999,40,0,25,0,0,0,0,0,0,0,0,0,0,100,2688,2816,100,0,0,0,0,0,0,0,0,0,0,0,0,0,0,0,0,0,0,0,0,160,786,786,1,1,23,18,50,1,7404,786,2201,2044,0,0,0,12377,0,12659,0,0,3,7,11,3,6,195,0,252,15,272,81,7,703,8013,2
803080,2436,1019,81,47,9999,0,0,238,0,0,0,4141,985,0,0,62,0,3,3,1382,492,2000,1,0,4,72,72,37334,13577,294,682,120,64,362,0,0,3,72,3,3,0,10,0,0,0,0,0,2688,2816,2688,2816,4128,2208,8352,1505,0,0,0,0,100,59,37,40,38,53,59,53,0,0,72,0,0,0,0,0,0,14763,1119,1002,0,924,77,345,345,100,2,1,0,999,999,40,0,25,0,0,0,0,0,0,0,0,0,0,100,2688,2816,100,0,0,0,0,0,0,0,0,0,0,0,0,0,0,0,0,0,0,0,0,160,786,786,1,1,23,18,50,1,7375,786,2200,2044,0,0,0,16027,0,16544,0,0,0,0,11,3,6,181,0,250,15,272,0,0,700,8013,2
804082,2436,1019,81,47,9999,0,0,316,0,0,0,4141,1308,0,0,62,0,2,3,1382,492,2000,1,0,4,72,72,36964,13695,304,687,117,65,409,0,0,5,73,3,3,0,10,0,0,0,0,0,2688,2816,2688,2816,4128,2208,8699,1501,0,0,0,0,100,52,39,36,39,50,52,47,0,0,74,0,0,0,0,0,0,14763,1119,1002,0,924,77,345,345,100,2,1,0,999,999,40,0,25,0,0,0,0,0,0,0,0,0,0,100,2688,2816,100,0,0,0,0,0,0,0,0,0,0,0,0,0,0,0,0,0,0,0,0,160,786,786,1,1,23,17,50,1,7370,786,2201,2043,0,0,0,16417,0,16860,0,0,2,1,11,3,6,196,0,252,15,272,53,1,703,8013,2
805082,2436,1019,81,47,9999,0,0,175,0,0,0,4141,724,0,0,62,0,2,2,1382,492,2000,1,0,4,72,72,35154,13660,298,677,134,64,388,0,0,0,72,3,3,0,10,0,0,0,0,0,2688,2816,2688,2816,4128,2208,8585,1516,0,0,0,0,100,57,38,39,42,54,54,57,0,0,74,0,0,0,0,0,0,14763,1119,1002,0,924,77,345,345,100,0,0,0,999,999,40,0,25,0,0,0,0,0,0,0,0,0,0,100,2688,2816,100,0,0,0,0,0,0,0,0,0,0,0,0,0,0,0,0,0,0,0,0,160,787,787,1,1,23,16,50,1,7405,787,2201,2042,0,0,0,11115,0,11368,0,0,0,0,11,3,6,198,0,251,15,272,0,0,703,8013,2
806081,2436,1019,81,47,9999,0,0,301,0,0,0,4141,1246,0,0,62,0,3,2,1382,492,2000,1,0,4,71,72,37409,13615,350,592,124,64,360,0,0,7,73,3,3,0,10,0,0,0,0,0,2688,2816,2688,2816,4128,2208,9197,1612,0,0,0,0,100,52,37,39,37,50,52,42,0,0,77,0,0,0,0,0,0,14763,1119,1002,0,924,77,345,345,100,2,1,0,999,999,40,0,25,0,0,0,0,0,0,0,0,0,0,100,2688,2816,100,0,0,0,0,0,0,0,0,0,0,0,0,0,0,0,0,0,0,0,0,160,787,787,1,1,23,20,50,1,7374,787,2201,2047,0,0,0,14689,0,15170,0,0,0,0,11,3,6,191,0,239,15,272,0,0,693,8013,0
807082,2436,1019,81,47,9999,0,0,83,0,0,0,4141,343,0,0,62,0,3,2,1382,492,2000,1,0,4,72,72,35782,13858,311,745,113,66,433,0,0,1,73,3,3,0,10,0,0,0,0,0,2688,2816,2688,2816,4128,2208,8535,1608,0,0,0,0,100,54,39,39,36,51,54,48,0,0,77,0,0,0,0,0,0,14763,1119,1002,0,924,77,345,345,100,1,1,0,999,999,40,0,25,0,0,0,0,0,0,0,0,0,0,100,2688,2816,100,0,0,0,0,0,0,0,0,0,0,0,0,0,0,0,0,0,0,0,0,160,786,786,1,1,23,18,50,1,7411,786,2201,2044,0,0,0,15835,0,16252,0,0,0,0,11,3,6,197,0,239,15,272,0,0,694,8013,0
808081,2436,1019,81,47,9999,0,0,83,0,0,0,4141,343,0,0,62,0,4,2,1382,492,2000,1,0,4,73,72,36694,13703,258,735,103,65,372,0,0,2,72,3,3,0,10,0,0,0,0,0,2688,2816,2688,2816,4128,2208,8539,1615,0,0,0,0,100,56,38,38,40,55,56,45,0,0,76,0,0,0,0,0,0,14763,1119,1002,0,924,77,345,345,100,1,1,0,999,999,40,0,25,0,0,0,0,0,0,0,0,0,0,100,2688,2816,100,0,0,0,0,0,0,0,0,0,0,0,0,0,0,0,0,0,0,0,0,160,787,787,1,1,23,17,50,1,7374,787,2200,2043,0,0,0,10683,0,10934,0,0,0,0,11,3,6,190,0,238,15,272,0,0,692,8013,0
809081,2436,1019,81,47,9999,0,0,121,0,0,0,4158,503,0,0,62,0,3,2,1382,492,2000,1,0,4,73,72,34453,13834,374,730,124,65,391,0,0,1,73,3,3,0,10,0,0,0,0,0,2688,2816,2688,2816,4128,2208,8687,1616,0,0,0,0,100,45,35,32,34,35,44,45,0,0,76,0,0,0,0,0,0,14763,1119,1002,0,924,77,345,345,100,1,1,0,999,999,40,0,25,0,0,0,0,0,0,0,0,0,0,100,2688,2816,100,0,0,0,0,0,0,0,0,0,0,0,0,0,0,0,0,0,0,0,0,160,787,787,1,1,23,17,50,1,7409,787,2201,2043,0,0,0,14792,0,15064,0,0,0,0,11,3,6,197,0,245,15,272,0,0,698,8013,1
810081,2436,1019,81,47,9999,0,0,261,0,0,0,4158,1085,0,0,62,0,2,2,1382,492,2000,1,0,4,72,72,33790,13808,338,650,115,65,394,0,0,1,72,3,3,0,10,0,0,0,0,0,2688,2816,2688,2816,4128,2208,8723,1608,0,0,0,0,100,45,45,41,44,45,41,35,0,0,77,0,0,0,0,0,0,14763,1119,1002,0,924,77,345,345,100,1,1,0,999,999,40,0,25,0,0,0,0,0,0,0,0,0,0,100,2688,2816,100,0,0,0,0,0,0,0,0,0,0,0,0,0,0,0,0,0,0,0,0,160,786,786,1,1,21,16,50,1,7375,786,2199,2042,0,0,0,11394,0,11661,0,0,2,1,11,3,6,192,0,245,15,272,51,1,698,8013,1
811082,2436,1019,81,47,9999,0,0,369,0,0,0,4158,1534,0,0,62,0,2,2,1382,492,2000,1,0,4,72,72,34968,13669,313,563,111,72,454,0,0,0,73,3,3,0,10,0,0,0,0,0,2688,2816,2688,2816,4128,2208,8647,1609,0,0,0,0,100,56,40,31,38,50,56,46,0,0,76,0,0,0,0,0,0,14763,1119,1002,0,924,77,345,345,100,0,0,0,999,999,40,0,25,0,0,0,0,0,0,0,0,0,0,100,2688,2816,100,0,0,0,0,0,0,0,0,0,0,0,0,0,0,0,0,0,0,0,0,160,786,786,1,1,21,19,50,1,7375,786,2199,2046,0,0,0,14324,0,14615,0,0,2,1,11,3,6,199,0,246,15,272,53,1,698,8013,1
812081,2436,1019,81,47,9999,0,0,197,0,0,0,4158,819,0,0,62,0,3,3,1382,492,2000,1,0,4,72,72,37251,13854,391,785,248,66,433,0,0,6,73,3,3,0,10,0,0,0,0,0,2688,2816,2688,2816,4128,2208,9077,1597,0,0,0,0,100,56,40,31,38,50,56,46,0,0,77,0,0,0,0,0,0,14763,1119,1002,0,924,77,345,345,100,2,1,0,999,999,40,0,25,0,0,0,0,0,0,0,0,0,0,100,2688,2816,100,0,0,0,0,0,0,0,0,0,0,0,0,0,0,0,0,0,0,0,0,160,786,786,1,1,21,19,50,1,7411,786,2199,2046,0,0,0,18363,0,18800,0,0,0,0,11,3,6,200,0,246,15,272,0,0,699,8013,1
813082,2436,1019,81,47,9999,0,0,290,0,0,0,4158,1205,0,0,62,0,2,2,1651,492,2000,1,0,4,72,72,37985,13993,310,789,212,65,402,0,0,6,73,3,3,0,10,0,0,0,0,0,2688,2816,2688,2816,4128,2208,8456,1527,0,0,0,0,100,57,38,37,39,57,55,51,0,0,75,0,0,0,0,0,0,14763,1119,1002,0,924,77,345,345,100,2,1,0,999,999,40,0,25,0,0,0,0,0,0,0,0,0,0,100,2688,2816,100,0,0,0,0,0,0,0,0,0,0,0,0,0,0,0,0,0,0,0,0,160,787,787,1,1,23,18,50,1,7375,787,2201,2045,0,0,0,16807,0,17083,0,0,2,3,11,3,6,204,0,246,15,272,62,3,699,8013,1
814081,2436,1019,81,47,9999,0,0,280,0,0,0,4158,1164,0,0,62,0,2,3,1651,492,2000,1,0,4,72,72,35799,13688,283,724,148,66,349,0,0,1,73,3,3,0,10,0,0,0,0,0,2688,2816,2688,2816,4128,2208,8398,1514,0,0,0,0,100,51,41,35,39,48,51,48,0,0,75,0,0,0,0,0,0,14763,1119,1002,0,924,77,345,345,100,1,1,0,999,999,40,0,25,0,0,0,0,0,0,0,0,0,0,100,2688,2816,100,0,0,0,0,0,0,0,0,0,0,0,0,0,0,0,0,0,0,0,0,160,787,787,1,1,23,17,50,1,7408,787,2201,2043,0,0,0,16479,0,16738,0,0,2,1,11,3,6,205,0,246,15,272,53,1,699,8013,1
815081,2436,1019,81,47,9999,0,0,238,0,0,0,4158,989,0,0,62,0,3,3,1651,492,2000,1,0,4,71,72,41561,13626,313,628,129,65,397,0,2,3,73,3,3,0,10,0,0,0,0,0,2688,2816,2688,2816,4128,2208,8424,1510,0,0,0,0,100,62,43,39,39,48,49,62,0,0,73,0,0,0,0,0,0,14763,1119,1002,0,924,77,345,345,100,1,1,0,999,999,40,0,25,0,0,0,0,0,0,0,0,0,0,100,2688,2816,100,0,0,0,0,0,0,0,0,0,0,0,0,0,0,0,0,0,0,0,0,160,787,787,1,1,23,17,50,1,7376,787,2201,2043,0,0,0,19021,0,19558,0,0,2,4,11,3,6,205,0,246,15,272,67,4,699,8013,1
816082,2436,1019,81,47,9999,0,0,392,0,0,0,4158,1629,0,0,62,0,3,3,1651,492,2000,1,0,4,72,72,37055,13894,348,735,212,65,376,0,2,7,73,3,3,0,10,0,0,0,0,0,2688,2816,2688,2816,4128,2208,9026,1512,0,0,0,0,100,58,41,37,40,58,58,47,0,0,72,0,0,0,0,0,0,14763,1119,1002,0,924,77,345,345,100,3,1,0,999,999,40,0,25,0,0,0,0,0,0,0,0,0,0,100,2688,2816,100,0,0,0,0,0,0,0,0,0,0,0,0,0,0,0,0,0,0,0,0,160,787,787,1,1,23,19,50,1,7412,787,2201,2045,0,0,0,16773,0,17142,0,0,2,1,11,3,6,205,0,246,15,272,53,1,699,8013,1
817082,2436,1019,81,47,9999,0,0,720,0,0,0,4158,2993,0,0,62,0,4,4,1651,492,2000,1,0,4,70,72,38964,13657,285,684,102,64,384,0,3,6,73,3,3,0,10,0,0,0,0,0,2688,2816,2688,2816,4128,2208,8110,1490,0,0,0,0,100,57,46,41,42,53,52,57,0,0,73,0,0,0,0,0,0,14763,1119,1002,0,924,77,345,345,100,5,1,0,999,999,40,0,25,0,0,0,0,0,0,0,0,0,0,100,2688,2816,100,0,0,0,0,0,0,0,0,0,0,0,0,0,0,0,0,0,0,0,0,160,788,788,1,1,23,19,50,1,7411,788,2201,2046,0,0,0,11398,0,11649,0,0,0,0,11,3,6,204,0,252,15,272,0,0,704,8013,2
818082,2436,1019,81,47,9999,0,0,277,0,0,0,4139,1146,0,0,62,0,3,4,1651,492,2000,1,0,4,72,72,33541,13628,267,695,146,64,352,0,0,0,73,3,3,0,10,0,0,0,0,0,2688,2816,2688,2816,4128,2208,7689,1430,0,0,0,0,100,49,44,39,39,49,49,45,0,0,69,0,0,0,0,0,0,14763,1119,1002,0,924,77,345,345,100,0,0,0,999,999,40,0,25,0,0,0,0,0,0,0,0,0,0,100,2688,2816,100,0,0,0,0,0,0,0,0,0,0,0,0,0,0,0,0,0,0,0,0,160,785,785,1,1,23,19,50,1,7383,785,2201,2045,0,0,0,17269,0,17646,0,0,0,0,11,3,6,209,0,253,15,272,0,0,704,8013,2
819129,2425,1018,81,47,9999,0,0,267,0,0,0,4145,1106,0,0,62,0,3,3,1651,492,2000,1,0,4,73,72,33473,13622,334,682,117,65,344,0,0,4,72,3,3,0,10,0,0,0,0,0,2688,2816,2688,2816,4128,2208,8060,1488,0,0,0,0,100,56,55,53,53,51,56,45,0,0,71,0,0,0,0,0,0,14763,1119,1002,0,924,77,345,345,100,2,1,0,999,999,40,0,25,0,0,0,0,0,0,0,0,0,0,100,2688,2816,100,0,0,0,0,0,0,0,0,0,0,0,0,0,0,0,0,0,0,0,0,160,785,785,1,1,23,19,50,1,7378,785,2201,2045,0,0,0,18138,0,18417,0,0,2,1,11,3,6,204,0,252,15,272,53,1,704,8013,2
820082,2425,1018,81,47,9999,0,0,123,0,0,0,4145,509,0,0,62,0,3,3,1651,492,2000,1,0,4,72,72,35376,13675,292,709,141,65,383,0,0,2,73,3,3,0,10,0,0,0,0,0,2688,2816,2688,2816,4128,2208,8478,1488,0,0,0,0,100,62,49,48,51,62,57,51,0,0,72,0,0,0,0,0,0,14763,1119,1002,0,924,77,345,345,100,1,1,0,999,999,40,0,25,0,0,0,0,0,0,0,0,0,0,100,2688,2816,100,0,0,0,0,0,0,0,0,0,0,0,0,0,0,0,0,0,0,0,0,160,785,785,1,1,23,17,50,1,7380,785,2200,2043,0,0,0,19020,0,19590,0,0,2,1,11,3,6,205,0,252,15,272,53,1,704,8013,2
821082,2425,1018,81,47,9999,0,0,377,0,0,0,4145,1562,0,0,62,0,3,3,1651,492,2000,1,0,4,71,72,37107,13795,383,782,210,65,383,0,0,6,72,3,3,0,10,0,0,0,0,0,2688,2816,2688,2816,4128,2208,8628,1487,0,0,0,0,100,58,42,41,42,49,58,50,0,0,74,0,0,0,0,0,0,14763,1119,1002,0,924,77,345,345,100,2,1,0,999,999,40,0,25,0,0,0,0,0,0,0,0,0,0,100,2688,2816,100,0,0,0,0,0,0,0,0,0,0,0,0,0,0,0,0,0,0,0,0,160,785,785,1,1,23,21,50,1,7416,785,2201,2047,0,0,0,12612,0,12842,0,0,2,4,11,3,6,206,0,253,15,272,67,4,704,8013,2
822082,2425,1018,81,47,9999,0,0,193,0,0,0,4145,799,0,0,62,0,4,4,1651,492,2000,1,0,4,72,72,36317,13823,345,770,216,64,391,0,0,4,73,3,3,0,10,0,0,0,0,0,2688,2816,2688,2816,4128,2208,7763,1376,0,0,0,0,100,51,38,38,39,46,51,49,0,0,72,0,0,0,0,0,0,14763,1119,1002,0,924,77,345,345,100,1,1,0,999,999,40,0,25,0,0,0,0,0,0,0,0,0,0,100,2688,2816,100,0,0,0,0,0,0,0,0,0,0,0,0,0,0,0,0,0,0,0,0,160,785,785,1,1,23,20,50,1,7380,785,2201,2047,0,0,0,15014,0,15582,0,0,2,1,11,3,6,204,0,252,15,272,53,1,704,8013,2
823082,2425,1018,81,47,9999,0,0,294,0,0,0,4145,1218,0,0,62,0,3,3,1651,492,2000,1,0,4,72,72,34269,13698,298,749,110,64,405,0,1,3,72,3,3,0,10,0,0,0,0,0,2688,2816,2688,2816,4128,2208,8627,1497,0,0,0,0,100,55,43,40,43,54,55,47,0,0,71,0,0,0,0,0,0,14763,1119,1002,0,924,77,345,345,100,3,1,0,999,999,40,0,25,0,0,0,0,0,0,0,0,0,0,100,2688,2816,100,0,0,0,0,0,0,0,0,0,0,0,0,0,0,0,0,0,0,0,0,160,786,786,1,1,23,18,50,1,7412,786,2200,2044,0,0,0,13779,0,14565,0,0,2,1,11,3,6,202,0,246,15,272,53,1,699,8013,1
824082,2425,1018,81,47,9999,0,0,234,0,0,0,4145,969,0,0,62,0,2,2,1651,492,2000,1,0,4,73,72,33970,13522,308,619,115,65,388,0,0,1,73,3,3,0,10,0,0,0,0,0,2688,2816,2688,2816,4128,2208,8353,1554,0,0,0,0,100,51,38,37,36,46,51,37,0,0,73,0,0,0,0,0,0,14763,1119,1002,0,924,77,345,345,100,1,1,0,999,999,40,0,25,0,0,0,0,0,0,0,0,0,0,100,2688,2816,100,0,0,0,0,0,0,0,0,0,0,0,0,0,0,0,0,0,0,0,0,160,786,786,1,1,23,16,50,1,7382,786,2201,2043,0,0,0,17879,0,18292,0,0,0,0,11,3,6,188,0,238,15,272,0,0,692,8013,0
825083,2425,1018,81,47,9999,0,0,381,0,0,0,4145,1579,0,0,62,0,3,2,1651,492,2000,1,0,4,70,72,35540,13578,300,642,164,64,376,0,0,0,73,3,3,0,10,0,0,0,0,0,2688,2816,2688,2816,4128,2208,8381,1601,0,0,0,0,100,57,41,41,41,50,50,57,0,0,73,0,0,0,0,0,0,14763,1119,1002,0,924,77,345,345,100,0,0,0,999,999,40,0,25,0,0,0,0,0,0,0,0,0,0,100,2688,2816,100,0,0,0,0,0,0,0,0,0,0,0,0,0,0,0,0,0,0,0,0,160,786,786,1,1,23,16,50,1,7401,786,2201,2042,0,0,0,13155,0,13473,0,0,2,1,11,3,6,188,0,238,15,272,51,1,691,8013,0
826083,2425,1018,81,47,9999,0,0,334,0,0,0,4145,1384,0,0,62,0,2,2,1651,492,2000,1,0,4,72,72,34620,13680,264,671,125,64,374,0,0,5,73,3,3,0,10,0,0,0,0,0,2688,2816,2688,2816,4128,2208,8658,1621,0,0,0,0,100,52,42,44,41,51,45,52,0,0,75,0,0,0,0,0,0,14763,1119,1002,0,924,77,345,345,100,1,1,0,999,999,40,0,25,0,0,0,0,0,0,0,0,0,0,100,2688,2816,100,0,0,0,0,0,0,0,0,0,0,0,0,0,0,0,0,0,0,0,0,160,786,786,1,1,23,20,50,1,7384,786,2200,2046,0,0,0,17220,0,18190,0,0,2,1,11,3,6,193,0,245,15,272,51,1,696,8013,1
827082,2425,1018,81,47,9999,0,0,390,0,0,0,4145,1616,0,0,62,0,2,2,1651,492,2000,1,0,4,72,72,35913,13598,276,612,108,65,393,0,0,3,73,3,3,0,10,0,0,0,0,0,2688,2816,2688,2816,4128,2208,9044,1605,0,0,0,0,100,51,39,41,43,51,48,48,0,0,78,0,0,0,0,0,0,14763,1119,1002,0,924,77,345,345,100,2,1,0,999,999,40,0,25,0,0,0,0,0,0,0,0,0,0,100,2688,2816,100,0,0,0,0,0,0,0,0,0,0,0,0,0,0,0,0,0,0,0,0,160,786,786,1,1,23,20,50,1,7388,786,2201,2047,0,0,0,10558,0,11094,0,0,2,1,11,3,6,193,0,245,15,272,51,1,696,8013,1
828082,2425,1018,81,47,9999,0,0,286,0,0,0,4145,1185,0,0,62,0,3,2,1651,492,2000,1,0,4,72,72,37804,13723,352,620,151,65,387,0,0,2,73,3,3,0,10,0,0,0,0,0,2688,2816,2688,2816,4128,2208,9074,1609,0,0,0,0,100,55,39,37,38,44,55,50,0,0,79,0,0,0,0,0,0,14763,1119,1002,0,924,77,345,345,100,1,1,0,999,999,40,0,25,0,0,0,0,0,0,0,0,0,0,100,2688,2816,100,0,0,0,0,0,0,0,0,0,0,0,0,0,0,0,0,0,0,0,0,160,786,786,1,1,23,17,50,1,7418,786,2201,2044,0,0,0,8653,0,8848,0,0,0,0,11,3,6,188,0,238,15,272,0,0,691,8013,0
829083,2425,1018,81,47,9999,0,0,220,0,0,0,4144,911,0,0,62,0,4,2,1651,492,2000,1,0,4,73,72,38003,13734,303,642,133,65,389,0,0,4,73,3,3,0,10,0,0,0,0,0,2688,2816,2688,2816,4128,2208,8538,1613,0,0,0,0,100,64,50,49,52,64,60,56,0,0,77,0,0,0,0,0,0,14763,1119,1002,0,924,77,345,345,100,1,1,0,999,999,40,0,25,0,0,0,0,0,0,0,0,0,0,100,2688,2816,100,0,0,0,0,0,0,0,0,0,0,0,0,0,0,0,0,0,0,0,0,160,787,787,1,1,23,19,50,1,7388,787,2201,2046,0,0,0,14874,0,15202,0,0,0,0,11,3,6,186,0,238,15,272,0,0,691,8013,0
830083,2425,1018,81,47,9999,0,0,213,0,0,0,4144,882,0,0,62,0,3,2,1651,492,2000,1,0,4,72,72,33850,13713,366,707,128,65,399,0,0,0,73,3,3,0,10,0,0,0,0,0,2688,2816,2688,2816,4128,2208,8603,1617,0,0,0,0,100,45,41,35,33,36,45,41,0,0,76,0,0,0,0,0,0,14763,1119,1002,0,924,77,345,345,100,0,0,0,999,999,40,0,25,0,0,0,0,0,0,0,0,0,0,100,2688,2816,100,0,0,0,0,0,0,0,0,0,0,0,0,0,0,0,0,0,0,0,0,160,787,787,1,1,23,17,50,1,7427,787,2201,2044,0,0,0,13039,0,13273,0,0,1,6,11,3,6,188,0,238,15,272,28,6,691,8013,0
831083,2425,1018,81,47,9999,0,0,152,0,0,0,4144,629,0,0,62,0,3,2,1651,492,2000,1,0,4,72,72,34994,13779,371,649,145,65,397,0,0,3,73,3,3,0,10,0,0,0,0,0,2688,2816,2688,2816,4128,2208,8480,1605,0,0,0,0,100,43,46,38,37,40,41,43,0,0,76,0,0,0,0,0,0,14763,1119,1002,0,924,77,345,345,100,1,1,0,999,999,40,0,25,0,0,0,0,0,0,0,0,0,0,100,2688,2816,100,0,0,0,0,0,0,0,0,0,0,0,0,0,0,0,0,0,0,0,0,160,787,787,1,1,23,18,50,1,7393,787,2201,2045,0,0,0,17464,0,17838,0,0,0,0,11,3,6,188,0,238,15,272,0,0,691,8013,0
832085,2425,1018,81,47,9999,0,0,184,0,0,0,4144,762,0,0,62,0,2,2,1651,492,2000,1,0,4,73,72,35339,13781,310,678,181,66,416,0,0,4,73,3,3,0,10,0,0,0,0,0,2688,2816,2688,2816,4128,2208,8576,1600,0,0,0,0,100,56,42,42,44,56,51,49,0,0,76,0,0,0,0,0,0,14763,1119,1002,0,924,77,345,345,100,2,1,0,999,999,40,0,25,0,0,0,0,0,0,0,0,0,0,100,2688,2816,100,0,0,0,0,0,0,0,0,0,0,0,0,0,0,0,0,0,0,0,0,160,787,787,1,1,23,17,50,1,7422,787,2201,2043,0,0,0,19833,0,20296,0,0,0,0,11,3,6,190,0,238,15,272,0,0,692,8013,0
833083,2425,1018,81,47,9999,0,0,359,0,0,0,4144,1487,0,0,62,0,3,2,1382,456,2000,1,0,4,73,72,34379,13673,309,674,118,65,397,0,0,0,73,3,3,0,10,0,0,0,0,0,2688,2816,2688,2816,4128,2208,8695,1608,0,0,0,0,100,46,36,36,35,45,46,46,0,0,76,0,0,0,0,0,0,14763,1119,1002,0,924,77,345,345,100,0,0,0,999,999,40,0,25,0,0,0,0,0,0,0,0,0,0,100,2688,2816,100,0,0,0,0,0,0,0,0,0,0,0,0,0,0,0,0,0,0,0,0,160,787,787,1,1,23,18,50,1,7388,787,2201,2045,0,0,0,12184,0,12430,0,0,0,2,11,3,6,187,0,238,15,272,22,2,691,8013,0
834083,2425,1018,81,47,9999,0,0,274,0,0,0,4144,1135,0,0,62,0,2,2,1382,456,2000,1,0,4,73,72,35940,13751,448,664,119,65,427,0,0,3,73,3,3,0,10,0,0,0,0,0,2688,2816,2688,2816,4128,2208,9455,1616,0,0,0,0,100,56,43,35,41,56,48,47,0,0,77,0,0,0,0,0,0,14763,1119,1002,0,924,77,345,345,100,2,1,0,999,999,40,0,25,0,0,0,0,0,0,0,0,0,0,100,2688,2816,100,0,0,0,0,0,0,0,0,0,0,0,0,0,0,0,0,0,0,0,0,160,787,787,1,1,23,19,50,1,7387,787,2201,2046,0,0,0,11892,0,12135,0,0,0,0,11,3,6,188,0,238,15,272,0,0,691,8013,0
835083,2425,1018,81,47,9999,0,0,169,0,0,0,4144,700,0,0,62,0,2,2,1382,456,2000,1,0,4,72,72,35463,13731,276,664,113,65,432,0,0,3,72,3,3,0,10,0,0,0,0,0,2688,2816,2688,2816,4128,2208,8728,1615,0,0,0,0,100,48,38,37,37,44,48,46,0,0,77,0,0,0,0,0,0,14763,1119,1002,0,924,77,345,345,100,1,1,0,999,999,40,0,25,0,0,0,0,0,0,0,0,0,0,100,2688,2816,100,0,0,0,0,0,0,0,0,0,0,0,0,0,0,0,0,0,0,0,0,160,787,787,1,1,23,18,50,1,7422,787,2200,2044,0,0,0,15909,0,16261,0,0,0,1,11,3,6,188,0,238,15,272,17,1,691,8013,0
836083,2425,1018,81,47,9999,0,0,340,0,0,0,4144,1408,0,0,62,0,3,2,1382,456,2000,1,0,4,72,72,36294,13599,259,643,116,65,437,0,0,5,73,3,3,0,10,0,0,0,0,0,2688,2816,2688,2816,4128,2208,8097,1624,0,0,0,0,100,58,37,40,36,56,58,52,0,0,76,0,0,0,0,0,0,14763,1119,1002,0,924,77,345,345,100,2,1,0,999,999,40,0,25,0,0,0,0,0,0,0,0,0,0,100,2688,2816,100,0,0,0,0,0,0,0,0,0,0,0,0,0,0,0,0,0,0,0,0,160,787,787,1,1,23,18,50,1,7390,787,2201,2044,0,0,0,16471,0,16846,0,0,0,2,11,3,6,187,0,238,15,272,9,2,691,8013,0
837083,2425,1018,81,47,9999,0,0,418,0,0,0,4144,1732,0,0,62,0,3,2,1382,456,2000,1,0,4,72,72,34005,13759,346,668,131,64,411,0,0,1,72,3,3,0,10,0,0,0,0,0,2688,2816,2688,2816,4128,2208,8708,1622,0,0,0,0,100,47,37,38,31,41,47,38,0,0,77,0,0,0,0,0,0,14763,1119,1002,0,924,77,345,345,100,1,1,0,999,999,40,0,25,0,0,0,0,0,0,0,0,0,0,100,2688,2816,100,0,0,0,0,0,0,0,0,0,0,0,0,0,0,0,0,0,0,0,0,160,788,788,1,1,23,17,50,1,7429,788,2201,2044,0,0,0,8559,0,8786,0,0,0,0,11,3,6,190,0,239,15,272,0,0,693,8013,0
838083,2425,1018,81,47,9999,0,0,631,0,0,0,4144,2614,0,0,62,0,2,2,1382,456,2000,1,0,4,72,72,35264,13742,297,642,125,66,412,0,0,3,73,3,3,0,10,0,0,0,0,0,2688,2816,2688,2816,4128,2208,9335,1597,0,0,0,0,100,51,37,36,37,43,47,51,0,0,77,0,0,0,0,0,0,14763,1119,1002,0,924,77,345,345,100,2,1,0,999,999,40,0,25,0,0,0,0,0,0,0,0,0,0,100,2688,2816,100,0,0,0,0,0,0,0,0,0,0,0,0,0,0,0,0,0,0,0,0,160,788,788,1,1,23,16,50,1,7417,788,2200,2042,0,0,0,11986,0,12302,0,0,0,0,11,3,6,187,0,238,15,272,0,0,691,8013,0
839121,2385,1019,81,47,9999,0,0,500,0,0,0,4129,2064,0,0,62,0,2,2,1382,456,2000,1,0,4,73,72,35504,13606,264,630,112,65,466,0,0,4,73,3,3,0,10,0,0,0,0,0,2688,2816,2688,2816,4128,2208,8832,1636,0,0,0,0,100,57,43,39,45,57,52,53,0,0,76,0,0,0,0,0,0,14762,1121,1001,0,926,74,344,344,100,1,1,0,999,999,40,0,25,0,0,0,0,0,0,0,0,0,0,100,2688,2816,100,0,0,0,0,0,0,0,0,0,0,0,0,0,0,0,0,0,0,0,0,160,788,788,1,1,23,14,50,1,7425,788,2200,2041,0,0,0,11887,0,12134,0,0,0,0,11,3,6,194,0,239,15,272,0,0,694,8013,0
840084,2385,1019,81,47,9999,0,0,138,0,0,0,4129,569,0,0,62,0,3,3,1382,456,2000,1,0,4,72,72,36663,13690,295,652,141,65,419,0,0,1,73,3,3,0,10,0,0,0,0,0,2688,2816,2688,2816,4128,2208,8405,1584,0,0,0,0,100,55,47,43,46,46,45,55,0,0,75,0,0,0,0,0,0,14762,1121,1001,0,926,74,344,344,100,1,1,0,999,999,40,0,25,0,0,0,0,0,0,0,0,0,0,100,2688,2816,100,0,0,0,0,0,0,0,0,0,0,0,0,0,0,0,0,0,0,0,0,160,788,788,1,1,24,15,50,1,7394,788,2201,2041,0,0,0,12631,0,12914,0,0,0,0,11,3,6,195,0,239,15,272,0,0,694,8013,0
841084,2385,1019,81,47,9999,0,0,324,0,0,0,4129,1337,0,0,62,0,2,2,1382,456,2000,1,0,4,72,72,34459,13767,255,738,169,66,516,0,0,4,73,3,3,0,10,0,0,0,0,0,2688,2816,2688,2816,4128,2208,8301,1586,0,0,0,0,100,54,52,48,50,53,49,54,0,0,73,0,0,0,0,0,0,14762,1121,1001,0,926,74,344,344,100,2,1,0,999,999,40,0,25,0,0,0,0,0,0,0,0,0,0,100,2688,2816,100,0,0,0,0,0,0,0,0,0,0,0,0,0,0,0,0,0,0,0,0,160,788,788,1,1,24,17,50,1,7395,788,2202,2044,0,0,0,10140,0,10369,0,0,0,0,11,3,6,195,0,239,15,272,0,0,694,8013,0
842084,2385,1019,81,47,9999,0,0,159,0,0,0,4129,656,0,0,62,0,2,2,1382,456,2000,1,0,4,71,72,35635,13749,365,673,127,65,409,0,0,5,72,3,3,0,10,0,0,0,0,0,2688,2816,2688,2816,4128,2208,8276,1635,0,0,0,0,100,45,37,36,33,38,40,45,0,0,74,0,0,0,0,0,0,14762,1121,1001,0,926,74,344,344,100,5,1,0,999,999,40,0,25,0,0,0,0,0,0,0,0,0,0,100,2688,2816,100,0,0,0,0,0,0,0,0,0,0,0,0,0,0,0,0,0,0,0,0,160,788,788,1,1,24,18,50,1,7430,788,2202,2045,0,0,0,11570,0,11790,0,0,0,0,11,3,6,189,0,239,15,272,0,0,693,8013,0
843084,2385,1019,81,47,9999,0,0,285,0,0,0,4129,1176,0,0,62,0,3,2,1651,456,2000,1,0,4,73,72,35895,13838,339,662,117,64,401,0,0,1,73,3,3,0,10,0,0,0,0,0,2688,2816,2688,2816,4128,2208,8330,1618,0,0,0,0,100,59,41,36,38,59,52,50,0,0,74,0,0,0,0,0,0,14762,1121,1001,0,926,74,344,344,100,1,1,0,999,999,40,0,25,0,0,0,0,0,0,0,0,0,0,100,2688,2816,100,0,0,0,0,0,0,0,0,0,0,0,0,0,0,0,0,0,0,0,0,160,789,789,1,1,23,15,50,1,7393,789,2201,2042,0,0,0,18099,0,18506,0,0,2,1,11,3,6,206,0,246,15,272,53,1,699,8013,1
844084,2385,1019,81,47,9999,0,0,267,0,0,0,4129,1102,0,0,62,0,2,2,1651,456,2000,1,0,4,71,72,35050,13862,286,723,237,66,457,0,0,1,72,3,3,0,10,0,0,0,0,0,2688,2816,2688,2816,4128,2208,9579,1536,0,0,0,0,100,46,35,37,39,43,46,43,0,0,76,0,0,0,0,0,0,14762,1121,1001,0,926,74,344,344,100,1,1,0,999,999,40,0,25,0,0,0,0,0,0,0,0,0,0,100,2688,2816,100,0,0,0,0,0,0,0,0,0,0,0,0,0,0,0,0,0,0,0,0,160,789,789,1,1,23,19,50,1,7427,789,2201,2046,0,0,0,16417,0,16735,0,0,3,6,11,3,6,202,0,246,15,272,76,6,699,8013,1
845084,2385,1019,81,47,9999,0,0,162,0,0,0,4129,668,0,0,62,0,3,2,1651,456,2000,1,0,4,72,72,37476,13703,326,722,144,65,483,0,0,5,73,3,3,0,10,0,0,0,0,0,2688,2816,2688,2816,4128,2208,8235,1564,0,0,0,0,100,49,35,33,34,49,46,44,0,0,76,0,0,0,0,0,0,14762,1121,1001,0,926,74,344,344,100,2,1,0,999,999,40,0,25,0,0,0,0,0,0,0,0,0,0,100,2688,2816,100,0,0,0,0,0,0,0,0,0,0,0,0,0,0,0,0,0,0,0,0,160,789,789,1,1,23,18,50,1,7393,789,2201,2045,0,0,0,17688,0,18021,0,0,2,1,11,3,6,204,0,246,15,272,53,1,699,8013,1
846084,2385,1019,81,47,9999,0,0,183,0,0,0,4129,755,0,0,62,0,2,2,1651,456,2000,1,0,4,72,72,35450,13735,308,708,96,64,422,0,0,1,73,3,3,0,10,0,0,0,0,0,2688,2816,2688,2816,4128,2208,9050,1580,0,0,0,0,100,54,42,38,41,54,51,51,0,0,77,0,0,0,0,0,0,14762,1121,1001,0,926,74,344,344,100,1,1,0,999,999,40,0,25,0,0,0,0,0,0,0,0,0,0,100,2688,2816,100,0,0,0,0,0,0,0,0,0,0,0,0,0,0,0,0,0,0,0,0,160,789,789,1,1,23,17,50,1,7426,789,2201,2044,0,0,0,8814,0,9054,0,0,2,1,11,3,6,204,0,246,15,272,53,1,699,8013,1
847084,2385,1019,81,47,9999,0,0,336,0,0,0,4129,1387,0,0,62,0,3,2,1651,456,2000,1,0,4,70,72,40273,13570,269,588,119,64,395,0,2,6,72,3,3,0,10,0,0,0,0,0,2688,2816,2688,2816,4128,2208,8856,1590,0,0,0,0,100,57,44,38,41,57,55,56,0,0,76,0,0,0,0,0,0,14762,1121,1001,0,926,74,344,344,100,1,1,0,999,999,40,0,25,0,0,0,0,0,0,0,0,0,0,100,2688,2816,100,0,0,0,0,0,0,0,0,0,0,0,0,0,0,0,0,0,0,0,0,160,789,789,1,1,23,16,50,1,7397,789,2201,2043,0,0,0,13362,0,13587,0,0,2,1,11,3,6,202,0,246,15,272,53,1,699,8013,1
848084,2385,1019,81,47,9999,0,0,213,0,0,0,4129,879,0,0,62,0,3,2,1651,456,2000,1,0,4,71,72,37982,13641,278,675,158,65,391,0,2,4,73,3,3,0,10,0,0,0,0,0,2688,2816,2688,2816,4128,2208,8328,1573,0,0,0,0,100,55,42,37,39,55,55,53,0,0,77,0,0,0,0,0,0,14762,1121,1001,0,926,74,344,344,100,2,1,0,999,999,40,0,25,0,0,0,0,0,0,0,0,0,0,100,2688,2816,100,0,0,0,0,0,0,0,0,0,0,0,0,0,0,0,0,0,0,0,0,160,789,789,1,1,23,15,50,1,7395,789,2201,2042,0,0,0,15086,0,15449,0,0,0,0,11,3,6,194,0,239,15,272,0,0,694,8013,0
849084,2385,1019,81,47,9999,0,0,178,0,0,0,4146,737,0,0,62,0,3,3,1651,456,2000,1,0,4,72,72,36258,13663,309,657,120,65,456,0,0,5,73,3,3,0,10,0,0,0,0,0,2688,2816,2688,2816,4128,2208,8133,1512,0,0,0,0,100,56,42,41,42,51,56,52,0,0,76,0,0,0,0,0,0,14762,1121,1001,0,926,74,344,344,100,1,1,0,999,999,40,0,25,0,0,0,0,0,0,0,0,0,0,100,2688,2816,100,0,0,0,0,0,0,0,0,0,0,0,0,0,0,0,0,0,0,0,0,160,789,789,1,1,23,18,50,1,7433,789,2201,2045,0,0,0,13078,0,13302,0,0,0,0,11,3,6,190,0,244,15,272,0,0,696,8013,1
850084,2385,1019,81,47,9999,0,0,116,0,0,0,4146,480,0,0,62,0,2,2,1651,456,2000,1,0,4,72,72,35492,13691,284,679,112,65,450,0,0,2,73,3,3,0,10,0,0,0,0,0,2688,2816,2688,2816,4128,2208,8641,1575,0,0,0,0,100,56,42,42,45,56,52,52,0,0,74,0,0,0,0,0,0,14762,1121,1001,0,926,74,344,344,100,2,1,0,999,999,40,0,25,0,0,0,0,0,0,0,0,0,0,100,2688,2816,100,0,0,0,0,0,0,0,0,0,0,0,0,0,0,0,0,0,0,0,0,160,790,790,1,1,23,17,50,1,7397,790,2201,2044,0,0,0,11835,0,12285,0,0,0,0,11,3,6,186,0,244,15,272,0,0,695,8013,1
851084,2385,1019,81,47,9999,0,0,385,0,0,0,4146,1596,0,0,62,0,2,2,1651,456,2000,1,0,4,72,72,37859,13751,365,750,222,65,383,0,0,2,73,3,3,0,10,0,0,0,0,0,2688,2816,2688,2816,4128,2208,8749,1613,0,0,0,0,100,51,37,38,38,51,46,47,0,0,76,0,0,0,0,0,0,14762,1121,1001,0,926,74,344,344,100,2,1,0,999,999,40,0,25,0,0,0,0,0,0,0,0,0,0,100,2688,2816,100,0,0,0,0,0,0,0,0,0,0,0,0,0,0,0,0,0,0,0,0,160,790,790,1,1,23,16,50,1,7433,790,2200,2042,0,0,0,9686,0,9905,0,0,2,1,11,3,6,185,0,238,15,272,53,1,691,8013,0
852084,2385,1019,81,47,9999,0,0,127,0,0,0,4146,526,0,0,62,0,3,2,1651,456,2000,1,0,4,70,72,36687,13889,428,777,206,66,370,0,1,4,73,3,3,0,10,0,0,0,0,0,2688,2816,2688,2816,4128,2208,7971,1610,0,0,0,0,100,52,32,33,32,50,52,48,0,0,74,0,0,0,0,0,0,14762,1121,1001,0,926,74,344,344,100,3,2,0,999,999,40,0,25,0,0,0,0,0,0,0,0,0,0,100,2688,2816,100,0,0,0,0,0,0,0,0,0,0,0,0,0,0,0,0,0,0,0,0,160,790,790,1,1,23,19,50,1,7398,790,2201,2046,0,0,0,18524,0,18900,0,0,1,6,11,3,6,188,0,244,15,272,28,6,696,8013,1
853085,2385,1019,81,47,9999,0,0,273,0,0,0,4146,1131,0,0,62,0,2,2,1382,456,2000,1,0,4,73,72,35065,14061,328,1010,210,66,380,0,0,0,72,3,3,0,10,0,0,0,0,0,2688,2816,2688,2816,4128,2208,8679,1612,0,0,0,0,100,52,41,36,37,44,52,50,0,0,76,0,0,0,0,0,0,14762,1121,1001,0,926,74,344,344,100,0,0,0,999,999,40,0,25,0,0,0,0,0,0,0,0,0,0,100,2688,2816,100,0,0,0,0,0,0,0,0,0,0,0,0,0,0,0,0,0,0,0,0,160,790,790,1,1,23,18,50,1,7428,790,2201,2045,0,0,0,10831,0,11655,0,0,0,0,11,3,6,191,0,245,15,272,0,0,698,8013,1
854084,2385,1019,81,47,9999,0,0,226,0,0,0,4146,936,0,0,62,0,3,2,1382,456,2000,1,0,4,73,72,36610,13802,314,788,128,65,379,0,0,2,72,3,3,0,10,0,0,0,0,0,2688,2816,2688,2816,4128,2208,8542,1600,0,0,0,0,100,53,37,31,37,42,53,45,0,0,76,0,0,0,0,0,0,14762,1121,1001,0,926,74,344,344,100,2,1,0,999,999,40,0,25,0,0,0,0,0,0,0,0,0,0,100,2688,2816,100,0,0,0,0,0,0,0,0,0,0,0,0,0,0,0,0,0,0,0,0,160,790,790,1,1,23,17,50,1,7400,790,2201,2044,0,0,0,11694,0,11916,0,0,1,6,11,3,6,188,0,244,15,272,28,6,695,8013,1
855086,2385,1019,81,47,9999,0,0,159,0,0,0,4146,659,0,0,62,0,3,2,1382,456,2000,1,0,4,71,72,35521,13763,315,734,125,65,397,0,0,3,73,3,3,0,10,0,0,0,0,0,2688,2816,2688,2816,4128,2208,9246,1610,0,0,0,0,100,52,40,34,38,45,52,50,0,0,76,0,0,0,0,0,0,14762,1121,1001,0,926,74,344,344,100,1,1,0,999,999,40,0,25,0,0,0,0,0,0,0,0,0,0,100,2688,2816,100,0,0,0,0,0,0,0,0,0,0,0,0,0,0,0,0,0,0,0,0,160,790,790,1,1,23,16,50,1,7398,790,2201,2043,0,0,0,15697,0,16086,0,0,0,0,11,3,6,188,0,244,15,272,0,0,696,8013,1
856085,2385,1019,81,47,9999,0,0,169,0,0,0,4148,701,0,0,62,0,2,2,1382,456,2000,1,0,4,72,72,34956,13865,289,749,142,65,402,0,0,2,72,3,3,0,10,0,0,0,0,0,2688,2816,2688,2816,4128,2208,8052,1614,0,0,0,0,100,50,41,42,39,47,50,48,0,0,76,0,0,0,0,0,0,14762,1121,1001,0,926,74,344,344,100,1,1,0,999,999,40,0,25,0,0,0,0,0,0,0,0,0,0,100,2688,2816,100,0,0,0,0,0,0,0,0,0,0,0,0,0,0,0,0,0,0,0,0,160,788,788,1,1,23,15,50,1,7429,788,2200,2041,0,0,0,14595,0,15123,0,0,0,0,11,3,6,188,0,244,15,272,0,0,696,8013,1
857085,2385,1019,81,47,9999,0,0,335,0,0,0,4148,1389,0,0,62,0,3,2,1382,456,2000,1,0,4,72,72,36366,13697,309,667,108,67,386,0,0,5,73,3,3,0,10,0,0,0,0,0,2688,2816,2688,2816,4128,2208,8699,1618,0,0,0,0,100,53,42,37,38,50,53,47,0,0,76,0,0,0,0,0,0,14762,1121,1001,0,926,74,344,344,100,3,1,0,999,999,40,0,25,0,0,0,0,0,0,0,0,0,0,100,2688,2816,100,0,0,0,0,0,0,0,0,0,0,0,0,0,0,0,0,0,0,0,0,160,788,788,1,1,23,19,50,1,7380,788,2201,2046,0,0,0,5827,0,14017,0,0,0,0,11,3,6,189,0,244,15,272,0,0,696,8013,1
858086,2385,1019,81,47,9999,0,0,327,0,0,0,4148,1356,0,0,62,0,3,3,1382,456,2000,1,0,4,72,72,38043,13692,315,660,113,65,393,0,0,8,72,3,3,0,10,0,0,0,0,0,2688,2816,2688,2816,4128,2208,8034,1520,0,0,0,0,100,49,33,34,34,43,49,42,0,0,74,0,0,0,0,0,0,14762,1121,1001,0,926,74,344,344,100,1,1,0,999,999,40,0,25,0,0,0,0,0,0,0,0,0,0,100,2688,2816,100,0,0,0,0,0,0,0,0,0,0,0,0,0,0,0,0,0,0,0,0,160,787,787,1,1,23,18,50,1,7410,787,2201,2046,0,0,0,11597,0,11836,0,0,1,6,11,3,6,189,0,244,15,272,28,6,696,8013,1
859125,2290,1021,81,47,9999,0,0,242,0,0,0,4150,1004,0,0,62,0,2,3,1382,456,2000,1,0,4,71,72,39671,13701,296,694,102,65,348,0,26,1,73,3,3,0,10,0,0,0,0,0,2688,2816,2688,2816,4128,2208,7898,1515,0,0,0,0,100,57,45,47,50,57,56,51,0,0,71,0,0,0,0,0,0,14763,1122,1004,0,927,77,345,345,100,4,1,0,999,999,40,0,25,0,0,0,0,0,0,0,0,0,0,100,2688,2816,100,0,0,0,0,0,0,0,0,0,0,0,0,0,0,0,0,0,0,0,0,160,788,788,1,1,23,18,50,1,7405,788,2201,2046,0,0,0,17225,0,17597,0,0,0,0,11,3,6,189,0,244,15,272,0,0,696,8013,1
860086,2290,1021,81,47,9999,0,0,548,0,0,0,4150,2274,0,0,62,0,2,2,1382,456,2000,1,0,4,71,72,34898,13615,298,633,112,64,363,0,0,5,73,3,3,0,10,0,0,0,0,0,2688,2816,2688,2816,4128,2208,8523,1592,0,0,0,0,100,52,35,36,32,46,52,44,0,0,71,0,0,0,0,0,0,14763,1122,1004,0,927,77,345,345,100,2,1,0,999,999,40,0,25,0,0,0,0,0,0,0,0,0,0,100,2688,2816,100,0,0,0,0,0,0,0,0,0,0,0,0,0,0,0,0,0,0,0,0,160,788,788,1,1,23,17,50,1,7441,788,2201,2045,0,0,0,17407,0,17736,0,0,0,0,11,3,6,189,0,244,15,272,0,0,696,8013,1
861086,2290,1021,81,47,9999,0,0,294,0,0,0,4150,1220,0,0,62,0,3,2,1382,456,2000,1,0,4,71,72,37488,13624,311,578,127,65,387,0,0,3,73,3,3,0,10,0,0,0,0,0,2688,2816,2688,2816,4128,2208,8819,1651,0,0,0,0,100,52,48,50,48,51,51,52,0,0,73,0,0,0,0,0,0,14763,1122,1004,0,927,77,345,345,100,1,1,0,999,999,40,0,25,0,0,0,0,0,0,0,0,0,0,100,2688,2816,100,0,0,0,0,0,0,0,0,0,0,0,0,0,0,0,0,0,0,0,0,160,788,788,1,1,23,17,50,1,7384,788,2201,2044,0,0,0,8457,0,8747,0,0,0,0,11,3,6,190,0,244,15,272,0,0,696,8013,1
862086,2290,1021,81,47,9999,0,0,82,0,0,0,4150,340,0,0,62,0,2,2,1382,456,2000,1,0,4,72,72,35978,13903,298,809,171,66,396,0,0,3,73,3,3,0,10,0,0,0,0,0,2688,2816,2688,2816,4128,2208,8493,1593,0,0,0,0,100,58,49,50,53,56,52,58,0,0,75,0,0,0,0,0,0,14763,1122,1004,0,927,77,345,345,100,2,1,0,999,999,40,0,25,0,0,0,0,0,0,0,0,0,0,100,2688,2816,100,0,0,0,0,0,0,0,0,0,0,0,0,0,0,0,0,0,0,0,0,160,788,788,1,1,23,20,50,1,7383,788,2200,2046,0,0,0,16970,0,17364,0,0,2,1,11,3,6,192,0,244,15,272,53,1,696,8013,1
863086,2290,1021,81,47,9999,0,0,210,0,0,0,4150,871,0,0,62,0,2,2,1382,456,1708,1,0,4,71,72,35790,13697,290,756,119,64,374,0,0,5,72,3,3,0,10,0,0,0,0,0,2688,2816,2688,2816,4128,2208,9048,1620,0,0,0,0,100,49,31,35,31,49,43,42,0,0,77,0,0,0,0,0,0,14763,1122,1004,0,927,77,345,345,100,3,1,0,999,999,40,0,25,0,0,0,0,0,0,0,0,0,0,100,2688,2816,100,0,0,0,0,0,0,0,0,0,0,0,0,0,0,0,0,0,0,0,0,160,788,788,1,1,23,19,50,1,7417,788,2201,2046,0,0,0,17129,0,17551,0,0,0,3,11,3,6,201,0,246,15,272,14,3,699,8013,1
864086,2290,1021,81,47,9999,0,0,109,0,0,0,4150,452,0,0,62,0,3,2,1382,456,1708,1,0,4,72,72,37371,13786,333,684,129,65,451,0,0,3,73,3,3,0,10,0,0,0,0,0,2688,2816,2688,2816,4128,2208,9428,1537,0,0,0,0,100,56,37,37,39,54,56,52,0,0,77,0,0,0,0,0,0,14763,1122,1004,0,927,77,345,345,100,2,1,0,999,999,40,0,25,0,0,0,0,0,0,0,0,0,0,100,2688,2816,100,0,0,0,0,0,0,0,0,0,0,0,0,0,0,0,0,0,0,0,0,160,788,788,1,1,23,17,50,1,7382,788,2200,2043,0,0,0,16736,0,17103,0,0,0,1,11,3,6,191,0,244,15,272,17,1,696,8013,1
865086,2290,1021,81,47,9999,0,0,148,0,0,0,4150,614,0,0,62,0,2,2,1382,456,1708,1,0,4,72,72,35624,13661,285,681,117,65,394,0,0,4,72,3,3,0,10,0,0,0,0,0,2688,2816,2688,2816,4128,2208,8876,1609,0,0,0,0,100,49,37,33,37,43,49,49,0,0,78,0,0,0,0,0,0,14763,1122,1004,0,927,77,345,345,100,1,1,0,999,999,40,0,25,0,0,0,0,0,0,0,0,0,0,100,2688,2816,100,0,0,0,0,0,0,0,0,0,0,0,0,0,0,0,0,0,0,0,0,160,789,789,1,1,23,16,50,1,7416,789,2201,2043,0,0,0,12187,0,12441,0,0,2,1,11,3,6,203,0,246,15,272,53,1,699,8013,1
866086,2290,1021,81,47,9999,0,0,472,0,0,0,4150,1958,0,0,62,0,3,2,1382,456,1708,1,0,4,72,72,37722,13547,254,585,151,65,386,0,0,3,73,3,3,0,10,0,0,0,0,0,2688,2816,2688,2816,4128,2208,9533,1601,0,0,0,0,100,54,36,37,36,51,50,54,0,0,78,0,0,0,0,0,0,14763,1122,1004,0,927,77,345,345,100,1,1,0,999,999,40,0,25,0,0,0,0,0,0,0,0,0,0,100,2688,2816,100,0,0,0,0,0,0,0,0,0,0,0,0,0,0,0,0,0,0,0,0,160,789,789,1,1,23,16,50,1,7385,789,2200,2042,0,0,0,16974,0,17357,0,0,1,4,11,3,6,199,0,246,15,272,31,4,698,8013,1
867087,2290,1021,81,47,9999,0,0,336,0,0,0,4150,1394,0,0,62,0,2,2,1382,456,1708,1,0,4,72,72,35735,13805,300,836,109,64,444,0,0,1,73,3,3,0,10,0,0,0,0,0,2688,2816,2688,2816,4128,2208,8973,1598,0,0,0,0,100,52,37,35,36,52,50,49,0,0,78,0,0,0,0,0,0,14763,1122,1004,0,927,77,345,345,100,1,1,0,999,999,40,0,25,0,0,0,0,0,0,0,0,0,0,100,2688,2816,100,0,0,0,0,0,0,0,0,0,0,0,0,0,0,0,0,0,0,0,0,160,789,789,1,1,23,20,50,1,7397,789,2201,2047,0,0,0,16612,0,16925,0,0,0,0,11,3,6,204,0,246,15,272,0,0,699,8013,1
868086,2290,1021,81,47,9999,0,0,390,0,0,0,4150,1618,0,0,62,0,3,2,1382,456,1708,1,0,4,71,72,36966,13723,277,685,120,65,413,0,0,3,72,3,3,0,10,0,0,0,0,0,2688,2816,2688,2816,4128,2208,8945,1603,0,0,0,0,100,53,42,37,33,50,53,52,0,0,78,0,0,0,0,0,0,14763,1122,1004,0,927,77,345,345,100,2,1,0,999,999,40,0,25,0,0,0,0,0,0,0,0,0,0,100,2688,2816,100,0,0,0,0,0,0,0,0,0,0,0,0,0,0,0,0,0,0,0,0,160,789,789,1,1,23,19,50,1,7384,789,2201,2046,0,0,0,14325,0,14679,0,0,2,1,11,3,6,199,0,246,15,272,53,1,698,8013,1
869086,2290,1021,81,47,9999,0,0,289,0,0,0,4146,1198,0,0,62,0,2,2,1382,456,1708,1,0,4,72,72,36992,13673,294,664,97,66,401,0,0,3,73,3,3,0,10,0,0,0,0,0,2688,2816,2688,2816,4128,2208,8454,1614,0,0,0,0,100,58,43,42,43,58,53,54,0,0,78,0,0,0,0,0,0,14763,1122,1004,0,927,77,345,345,100,3,1,0,999,999,40,0,25,0,0,0,0,0,0,0,0,0,0,100,2688,2816,100,0,0,0,0,0,0,0,0,0,0,0,0,0,0,0,0,0,0,0,0,160,789,789,1,1,23,18,50,1,7386,789,2201,2045,0,0,0,13177,0,13709,0,0,2,1,11,3,6,193,0,245,15,272,51,1,698,8013,1
870086,2290,1021,81,47,9999,0,0,270,0,0,0,4146,1119,0,0,62,0,2,2,1382,456,1708,1,0,4,73,72,36573,13759,308,729,144,67,462,0,0,2,73,3,3,0,10,0,0,0,0,0,2688,2816,2688,2816,4128,2208,9126,1623,0,0,0,0,100,50,34,37,34,48,50,47,0,0,79,0,0,0,0,0,0,14763,1122,1004,0,927,77,345,345,100,1,1,0,999,999,40,0,25,0,0,0,0,0,0,0,0,0,0,100,2688,2816,100,0,0,0,0,0,0,0,0,0,0,0,0,0,0,0,0,0,0,0,0,160,789,789,1,1,23,14,50,1,7420,789,2200,2040,0,0,0,14333,0,14640,0,0,0,0,11,3,6,193,0,245,15,272,0,0,698,8013,1
871086,2290,1021,81,47,9999,0,0,180,0,0,0,4146,746,0,0,62,0,3,4,1382,456,1708,1,0,4,71,72,39874,13737,268,784,142,64,387,0,13,6,73,3,3,0,10,0,0,0,0,0,2688,2816,2688,2816,4128,2208,7663,1406,0,0,0,0,100,57,47,45,51,57,57,56,0,0,73,0,0,0,0,0,0,14763,1122,1004,0,927,77,345,345,100,3,1,0,999,999,40,0,25,0,0,0,0,0,0,0,0,0,0,100,2688,2816,100,0,0,0,0,0,0,0,0,0,0,0,0,0,0,0,0,0,0,0,0,160,790,790,1,1,23,14,50,1,7387,790,2201,2041,0,0,0,13672,0,13924,0,0,0,0,11,3,6,192,0,245,15,272,0,0,698,8013,1
872087,2290,1021,81,47,9999,0,0,536,0,0,0,4146,2222,0,0,62,0,2,3,1382,456,1708,1,0,4,72,72,32790,13627,243,741,163,64,384,0,0,0,73,3,3,0,10,0,0,0,0,0,2688,2816,2688,2816,4128,2208,8291,1522,0,0,0,0,100,38,32,35,29,34,38,37,0,0,72,0,0,0,0,0,0,14763,1122,1004,0,927,77,345,345,100,0,0,0,999,999,40,0,25,0,0,0,0,0,0,0,0,0,0,100,2688,2816,100,0,0,0,0,0,0,0,0,0,0,0,0,0,0,0,0,0,0,0,0,160,790,790,1,1,24,20,50,1,7424,790,2202,2047,0,0,0,10494,0,10759,0,0,0,0,11,3,6,192,0,245,15,272,0,0,698,8013,1
873086,2290,1021,81,47,9999,0,0,171,0,0,0,4146,708,0,0,62,0,3,3,1651,492,2000,1,0,4,72,72,37180,13697,322,705,134,65,418,0,0,6,72,3,3,0,10,0,0,0,0,0,2688,2816,2688,2816,4128,2208,8369,1527,0,0,0,0,100,49,33,35,37,49,44,43,0,0,73,0,0,0,0,0,0,14763,1122,1004,0,927,77,345,345,100,2,1,0,999,999,40,0,25,0,0,0,0,0,0,0,0,0,0,100,2688,2816,100,0,0,0,0,0,0,0,0,0,0,0,0,0,0,0,0,0,0,0,0,160,791,791,1,1,24,19,50,1,7387,791,2202,2046,0,0,0,13554,0,13788,0,0,0,0,11,3,6,192,0,245,15,272,0,0,698,8013,1
874088,2290,1021,81,47,9999,0,0,319,0,0,0,4146,1322,0,0,62,0,2,3,1651,492,2000,1,0,4,72,72,34227,13751,292,737,116,65,401,0,0,0,73,3,3,0,10,0,0,0,0,0,2688,2816,2688,2816,4128,2208,8378,1522,0,0,0,0,100,50,37,38,41,50,50,48,0,0,73,0,0,0,0,0,0,14763,1122,1004,0,927,77,345,345,100,0,0,0,999,999,40,0,25,0,0,0,0,0,0,0,0,0,0,100,2688,2816,100,0,0,0,0,0,0,0,0,0,0,0,0,0,0,0,0,0,0,0,0,160,790,790,1,1,23,17,50,1,7397,790,2201,2043,0,0,0,19173,0,19584,0,0,2,2,11,3,6,204,0,246,15,272,58,2,699,8013,1
875087,2290,1021,81,47,9999,0,0,466,0,0,0,4146,1932,0,0,62,0,3,2,1651,492,2000,1,0,4,72,72,37595,13592,265,651,104,65,437,0,0,6,72,3,3,0,10,0,0,0,0,0,2688,2816,2688,2816,4128,2208,9042,1561,0,0,0,0,100,50,35,36,35,47,50,45,0,0,74,0,0,0,0,0,0,14763,1122,1004,0,927,77,345,345,100,2,1,0,999,999,40,0,25,0,0,0,0,0,0,0,0,0,0,100,2688,2816,100,0,0,0,0,0,0,0,0,0,0,0,0,0,0,0,0,0,0,0,0,160,790,790,1,1,23,16,50,1,7403,790,2201,2043,0,0,0,14705,0,15012,0,0,2,1,11,3,6,203,0,246,15,272,53,1,699,8013,1
876087,2290,1021,81,47,9999,0,0,316,0,0,0,4146,1310,0,0,62,0,2,2,1651,492,2000,1,0,4,69,72,39358,13735,395,711,175,64,448,0,2,7,73,3,3,0,10,0,0,0,0,0,2688,2816,2688,2816,4128,2208,8286,1604,0,0,0,0,100,59,38,38,42,56,59,49,0,0,75,0,0,0,0,0,0,14763,1122,1004,0,927,77,345,345,100,4,1,0,999,999,40,0,25,0,0,0,0,0,0,0,0,0,0,100,2688,2816,100,0,0,0,0,0,0,0,0,0,0,0,0,0,0,0,0,0,0,0,0,160,791,791,1,1,23,20,50,1,7394,791,2200,2047,0,0,0,9063,0,9391,0,0,2,1,11,3,6,204,0,246,15,272,53,1,699,8013,1
877087,2290,1021,81,47,9999,0,0,518,0,0,0,4146,2147,0,0,62,0,2,2,1651,492,2000,1,0,4,73,72,39899,13725,294,674,118,66,468,0,0,1,73,3,3,0,10,0,0,0,0,0,2688,2816,2688,2816,4128,2208,8947,1596,0,0,0,0,100,55,40,41,37,48,55,54,0,0,77,0,0,0,0,0,0,14763,1122,1004,0,927,77,345,345,100,1,1,0,999,999,40,0,25,0,0,0,0,0,0,0,0,0,0,100,2688,2816,100,0,0,0,0,0,0,0,0,0,0,0,0,0,0,0,0,0,0,0,0,160,791,791,1,1,23,20,50,1,7432,791,2201,2048,0,0,0,13226,0,13507,0,0,3,7,11,3,6,204,0,246,15,272,81,7,699,8013,1
878087,2290,1021,81,47,9999,0,0,245,0,0,0,4146,1015,0,0,62,0,3,3,1651,492,2000,1,0,4,70,72,38401,13598,261,625,118,65,372,0,1,4,72,3,3,0,10,0,0,0,0,0,2688,2816,2688,2816,4128,2208,8187,1504,0,0,0,0,100,60,45,44,49,57,56,60,0,0,74,0,0,0,0,0,0,14763,1122,1004,0,927,77,345,345,100,3,1,0,999,999,40,0,25,0,0,0,0,0,0,0,0,0,0,100,2688,2816,100,0,0,0,0,0,0,0,0,0,0,0,0,0,0,0,0,0,0,0,0,160,791,791,1,1,23,17,50,1,7396,791,2201,2045,0,0,0,7256,0,7699,0,0,2,1,11,3,6,204,0,246,15,272,53,1,699,8013,1
879119,2378,1022,81,47,9999,0,0,518,0,0,0,4144,2146,0,0,62,0,3,3,1651,492,2000,1,0,4,72,72,38906,13618,345,623,132,64,372,0,0,5,73,3,3,0,10,0,0,0,0,0,2688,2816,2688,2816,4128,2208,9445,1561,0,0,0,0,100,59,45,38,43,53,59,55,0,0,75,0,0,0,0,0,0,14763,1125,1003,0,930,73,345,345,100,2,1,0,999,999,40,0,25,0,0,0,0,0,0,0,0,0,0,100,2688,2816,100,0,0,0,0,0,0,0,0,0,0,0,0,0,0,0,0,0,0,0,0,160,791,791,1,1,23,18,50,1,7431,791,2201,2046,0,0,0,13584,0,13807,0,0,0,0,11,3,6,204,0,246,15,272,0,0,699,8013,1
880087,2378,1022,81,47,9999,0,0,320,0,0,0,4144,1326,0,0,62,0,4,3,1651,492,2000,1,0,4,70,72,36157,13648,311,622,98,64,371,0,0,3,73,3,3,0,10,0,0,0,0,0,2688,2816,2688,2816,4128,2208,8324,1506,0,0,0,0,100,56,45,36,40,52,56,51,0,0,73,0,0,0,0,0,0,14763,1125,1003,0,930,73,345,345,100,1,1,0,999,999,40,0,25,0,0,0,0,0,0,0,0,0,0,100,2688,2816,100,0,0,0,0,0,0,0,0,0,0,0,0,0,0,0,0,0,0,0,0,160,791,791,1,1,23,17,50,1,7399,791,2201,2045,0,0,0,8554,0,8826,0,0,0,2,11,3,6,204,0,246,15,272,9,2,699,8013,1
881087,2378,1022,81,47,9999,0,0,753,0,0,0,4144,3120,0,0,62,0,3,4,1651,492,2000,1,0,4,73,72,33113,13567,247,631,121,65,378,0,0,1,73,3,3,0,10,0,0,0,0,0,2688,2816,2688,2816,4128,2208,7673,1384,0,0,0,0,100,49,42,40,36,39,49,44,0,0,71,0,0,0,0,0,0,14763,1125,1003,0,930,73,345,345,100,1,1,0,999,999,40,0,25,0,0,0,0,0,0,0,0,0,0,100,2688,2816,100,0,0,0,0,0,0,0,0,0,0,0,0,0,0,0,0,0,0,0,0,160,792,792,1,1,23,14,50,1,7432,792,2201,2042,0,0,0,13127,0,13458,0,0,0,0,11,3,6,188,0,244,15,272,0,0,696,8013,1
882089,2378,1022,81,47,9999,0,0,418,0,0,0,4144,1732,0,0,62,0,3,3,1651,492,2000,1,0,4,73,72,33606,13471,276,601,144,65,359,0,0,2,73,3,3,0,10,0,0,0,0,0,2688,2816,2688,2816,4128,2208,8167,1554,0,0,0,0,100,51,49,47,48,51,43,44,0,0,69,0,0,0,0,0,0,14763,1125,1003,0,930,73,345,345,100,1,1,0,999,999,40,0,25,0,0,0,0,0,0,0,0,0,0,100,2688,2816,100,0,0,0,0,0,0,0,0,0,0,0,0,0,0,0,0,0,0,0,0,160,792,792,1,1,23,20,50,1,7438,792,2201,2048,0,0,0,17278,0,17660,0,0,0,0,11,3,6,190,0,244,15,272,0,0,696,8013,1
883087,2378,1022,81,47,9999,0,0,398,0,0,0,4144,1649,0,0,62,0,3,3,1382,492,1708,1,0,4,72,72,35538,13722,337,609,163,65,386,0,0,7,73,3,3,0,10,0,0,0,0,0,2688,2816,2688,2816,4128,2208,8191,1525,0,0,0,0,100,57,53,50,51,55,57,51,0,0,70,0,0,0,0,0,0,14763,1125,1003,0,930,73,345,345,100,2,1,0,999,999,40,0,25,0,0,0,0,0,0,0,0,0,0,100,2688,2816,100,0,0,0,0,0,0,0,0,0,0,0,0,0,0,0,0,0,0,0,0,160,792,792,1,1,23,17,50,1,7384,792,2201,2045,0,0,0,10203,0,10442,0,0,2,1,11,3,6,189,0,244,15,272,53,1,696,8013,1
884087,2378,1022,81,47,9999,0,0,344,0,0,0,4144,1425,0,0,62,0,2,3,1382,492,1708,1,0,4,72,72,35108,13959,328,866,321,65,462,0,0,1,73,3,3,0,10,0,0,0,0,0,2688,2816,2688,2816,4128,2208,8116,1527,0,0,0,0,100,54,36,37,38,41,43,54,0,0,71,0,0,0,0,0,0,14763,1125,1003,0,930,73,345,345,100,4,0,0,999,999,40,0,25,0,0,0,0,0,0,0,0,0,0,100,2688,2816,100,0,0,0,0,0,0,0,0,0,0,0,0,0,0,0,0,0,0,0,0,160,792,792,1,1,23,17,50,1,7419,792,2201,2045,0,0,0,12295,0,12570,0,0,0,0,11,3,6,190,0,244,15,272,0,0,696,8013,1
885087,2378,1022,81,47,9999,0,0,352,0,0,0,4144,1458,0,0,62,0,2,2,1382,492,1708,1,0,4,73,72,37283,13734,357,664,181,67,421,0,0,2,73,3,3,0,10,0,0,0,0,0,2688,2816,2688,2816,4128,2208,8646,1620,0,0,0,0,100,58,42,44,44,58,58,55,0,0,74,0,0,0,0,0,0,14763,1125,1003,0,930,73,345,345,100,1,1,0,999,999,40,0,25,0,0,0,0,0,0,0,0,0,0,100,2688,2816,100,0,0,0,0,0,0,0,0,0,0,0,0,0,0,0,0,0,0,0,0,160,792,792,1,1,23,16,50,1,7385,792,2201,2044,0,0,0,10490,0,10743,0,0,0,0,11,3,6,190,0,244,15,272,0,0,696,8013,1
886088,2378,1022,81,47,9999,0,0,247,0,0,0,4144,1023,0,0,62,0,2,2,1382,492,1708,1,0,4,72,72,36634,13742,309,633,135,65,469,0,0,3,73,3,3,0,10,0,0,0,0,0,2688,2816,2688,2816,4128,2208,8674,1623,0,0,0,0,100,59,43,39,41,45,59,52,0,0,76,0,0,0,0,0,0,14763,1125,1003,0,930,73,345,345,100,1,1,0,999,999,40,0,25,0,0,0,0,0,0,0,0,0,0,100,2688,2816,100,0,0,0,0,0,0,0,0,0,0,0,0,0,0,0,0,0,0,0,0,160,792,792,1,1,23,18,50,1,7417,792,2201,2045,0,0,0,16795,0,17273,0,0,0,0,11,3,6,190,0,245,15,272,0,0,696,8013,1
887088,2378,1022,81,47,9999,0,0,554,0,0,0,4144,2295,0,0,62,0,2,2,1382,492,1708,1,0,4,73,72,37442,13706,245,739,200,65,460,0,0,0,73,3,3,0,10,0,0,0,0,0,2688,2816,2688,2816,4128,2208,9092,1627,0,0,0,0,100,57,41,41,41,51,53,57,0,0,77,0,0,0,0,0,0,14763,1125,1003,0,930,73,345,345,100,1,1,0,999,999,40,0,25,0,0,0,0,0,0,0,0,0,0,100,2688,2816,100,0,0,0,0,0,0,0,0,0,0,0,0,0,0,0,0,0,0,0,0,160,793,793,1,1,23,19,50,1,7384,793,2201,2047,0,0,0,13796,0,14222,0,0,0,0,11,3,6,192,0,245,15,272,0,0,696,8013,1
888088,2378,1022,81,47,9999,0,0,442,0,0,0,4144,1831,0,0,62,0,3,3,1382,492,1708,1,0,4,70,72,38359,14029,351,891,188,64,369,0,0,5,73,3,3,0,10,0,0,0,0,0,2688,2816,2688,2816,4128,2208,8400,1539,0,0,0,0,100,65,51,51,51,59,65,58,0,0,76,0,0,0,0,0,0,14763,1125,1003,0,930,73,345,345,100,2,1,0,999,999,40,0,25,0,0,0,0,0,0,0,0,0,0,100,2688,2816,100,0,0,0,0,0,0,0,0,0,0,0,0,0,0,0,0,0,0,0,0,160,792,792,1,1,23,17,50,1,7382,792,2201,2044,0,0,0,11440,0,11719,0,0,2,1,11,3,6,191,0,245,15,272,51,1,696,8013,1
889088,2378,1022,81,47,9999,0,0,469,0,0,0,4146,1944,0,0,62,0,2,2,1382,492,1708,1,0,4,72,72,35564,13832,294,805,138,66,452,0,0,0,72,3,3,0,10,0,0,0,0,0,2688,2816,2688,2816,4128,2208,7856,1615,0,0,0,0,100,51,39,40,38,46,51,43,0,0,75,0,0,0,0,0,0,14763,1125,1003,0,930,73,345,345,100,1,1,0,999,999,40,0,25,0,0,0,0,0,0,0,0,0,0,100,2688,2816,100,0,0,0,0,0,0,0,0,0,0,0,0,0,0,0,0,0,0,0,0,160,793,793,1,1,23,17,50,1,7424,793,2201,2045,0,0,0,9607,0,9965,0,0,0,0,11,3,6,192,0,245,15,272,0,0,698,8013,1
890088,2378,1022,81,47,9999,0,0,301,0,0,0,4146,1247,0,0,62,0,2,2,1382,492,1708,1,0,4,71,72,36374,13664,267,656,124,65,468,0,0,3,72,3,3,0,10,0,0,0,0,0,2688,2816,2688,2816,4128,2208,8803,1627,0,0,0,0,100,56,45,43,46,50,50,56,0,0,76,0,0,0,0,0,0,14763,1125,1003,0,930,73,345,345,100,2,1,0,999,999,40,0,25,0,0,0,0,0,0,0,0,0,0,100,2688,2816,100,0,0,0,0,0,0,0,0,0,0,0,0,0,0,0,0,0,0,0,0,160,793,793,1,1,23,16,50,1,7393,793,2201,2044,0,0,0,9627,0,10177,0,0,0,0,11,3,6,192,0,245,15,272,0,0,698,8013,1
891088,2378,1022,81,47,9999,0,0,396,0,0,0,4146,1641,0,0,62,0,3,2,1382,492,1708,1,0,4,72,72,38150,13945,335,868,133,66,531,0,0,6,73,3,3,0,10,0,0,0,0,0,2688,2816,2688,2816,4128,2208,9301,1628,0,0,0,0,100,56,45,38,46,49,52,56,0,0,76,0,0,0,0,0,0,14763,1125,1003,0,930,73,345,345,100,4,1,0,999,999,40,0,25,0,0,0,0,0,0,0,0,0,0,100,2688,2816,100,0,0,0,0,0,0,0,0,0,0,0,0,0,0,0,0,0,0,0,0,160,793,793,1,1,23,20,50,1,7425,793,2201,2048,0,0,0,16759,0,17217,0,0,0,0,11,3,6,191,0,245,15,272,0,0,698,8013,1
892088,2378,1022,81,47,9999,0,0,382,0,0,0,4146,1583,0,0,62,0,2,2,1382,492,1708,1,0,4,72,72,35755,13878,278,829,126,64,488,0,0,0,72,3,3,0,10,0,0,0,0,0,2688,2816,2688,2816,4128,2208,8342,1620,0,0,0,0,100,50,40,32,39,45,50,42,0,0,77,0,0,0,0,0,0,14763,1125,1003,0,930,73,345,345,100,0,0,0,999,999,40,0,25,0,0,0,0,0,0,0,0,0,0,100,2688,2816,100,0,0,0,0,0,0,0,0,0,0,0,0,0,0,0,0,0,0,0,0,160,793,793,1,1,23,20,50,1,7392,793,2201,2047,0,0,0,10611,0,10908,0,0,0,0,11,3,6,204,0,246,15,272,0,0,699,8013,1
893088,2378,1022,81,47,9999,0,0,673,0,0,0,4146,2790,0,0,62,0,2,2,1382,456,2000,1,0,4,72,72,35755,13869,667,777,131,64,403,0,0,3,72,3,3,0,10,0,0,0,0,0,2688,2816,2688,2816,4128,2208,8455,1598,0,0,0,0,100,56,41,37,38,48,56,50,0,0,77,0,0,0,0,0,0,14763,1125,1003,0,930,73,345,345,100,1,1,0,999,999,40,0,25,0,0,0,0,0,0,0,0,0,0,100,2688,2816,100,0,0,0,0,0,0,0,0,0,0,0,0,0,0,0,0,0,0,0,0,160,793,793,1,1,23,19,50,1,7424,793,2201,2046,0,0,0,11322,0,11704,0,0,3,6,11,3,6,202,0,246,15,272,76,6,699,8013,1
894089,2378,1022,81,47,9999,0,0,335,0,0,0,4146,1388,0,0,62,0,3,2,1382,456,2000,1,0,4,72,72,37160,13756,289,742,118,65,453,0,1,4,73,3,3,0,10,0,0,0,0,0,2688,2816,2688,2816,4128,2208,8959,1599,0,0,0,0,100,59,49,46,43,59,56,56,0,0,78,0,0,0,0,0,0,14763,1125,1003,0,930,73,345,345,100,3,1,0,999,999,40,0,25,0,0,0,0,0,0,0,0,0,0,100,2688,2816,100,0,0,0,0,0,0,0,0,0,0,0,0,0,0,0,0,0,0,0,0,160,790,790,1,1,23,16,50,1,7389,790,2201,2043,0,0,0,16180,0,16569,0,0,0,0,11,3,6,204,0,246,15,272,0,0,699,8013,1
895088,2378,1022,81,47,9999,0,0,378,0,0,0,4146,1567,0,0,62,0,2,2,1382,456,2000,1,0,4,72,72,41410,13729,287,712,114,64,577,0,0,3,73,3,3,0,10,0,0,0,0,0,2688,2816,2688,2816,4128,2208,9031,1603,0,0,0,0,100,52,40,39,35,52,49,52,0,0,76,0,0,0,0,0,0,14763,1125,1003,0,930,73,345,345,100,1,1,0,999,999,40,0,25,0,0,0,0,0,0,0,0,0,0,100,2688,2816,100,0,0,0,0,0,0,0,0,0,0,0,0,0,0,0,0,0,0,0,0,160,790,790,1,1,23,16,50,1,7390,790,2200,2043,0,0,0,26733,0,27105,0,0,3,6,11,3,6,204,0,246,15,272,76,6,699,8013,1
896090,2378,1022,81,47,9999,0,0,288,0,0,0,4146,1194,0,0,62,0,2,2,1382,456,2000,1,0,4,71,72,38209,13652,242,704,170,65,396,0,1,5,73,3,3,0,10,0,0,0,0,0,2688,2816,2688,2816,4128,2208,9152,1603,0,0,0,0,100,54,41,40,40,53,54,51,0,0,77,0,0,0,0,0,0,14763,1125,1003,0,930,73,345,345,100,1,1,0,999,999,40,0,25,0,0,0,0,0,0,0,0,0,0,100,2688,2816,100,0,0,0,0,0,0,0,0,0,0,0,0,0,0,0,0,0,0,0,0,160,791,791,1,1,23,18,50,1,7425,791,2201,2045,0,0,0,10705,0,10961,0,0,0,0,11,3,6,204,0,246,15,272,0,0,699,8013,1
897089,2378,1022,81,47,9999,0,0,544,0,0,0,4146,2255,0,0,62,0,3,2,1382,456,2000,1,0,4,70,72,41107,13702,338,735,132,65,465,0,3,4,73,3,3,0,10,0,0,0,0,0,2688,2816,2688,2816,4128,2208,8952,1602,0,0,0,0,100,63,43,42,48,60,63,53,0,0,77,0,0,0,0,0,0,14763,1125,1003,0,930,73,345,345,100,3,1,0,999,999,40,0,25,0,0,0,0,0,0,0,0,0,0,100,2688,2816,100,0,0,0,0,0,0,0,0,0,0,0,0,0,0,0,0,0,0,0,0,160,791,791,1,1,23,18,50,1,7392,791,2201,2046,0,0,0,12858,0,13177,0,0,0,0,11,3,6,204,0,246,15,272,0,0,699,8013,1
898088,2378,1022,81,47,9999,0,0,453,0,0,0,4146,1878,0,0,62,0,2,2,1382,456,2000,1,0,4,71,72,38945,13805,316,708,154,66,451,0,0,4,73,3,3,0,10,0,0,0,0,0,2688,2816,2688,2816,4128,2208,9511,1609,0,0,0,0,100,54,43,46,42,52,54,50,0,0,78,0,0,0,0,0,0,14763,1125,1003,0,930,73,345,345,100,3,1,0,999,999,40,0,25,0,0,0,0,0,0,0,0,0,0,100,2688,2816,100,0,0,0,0,0,0,0,0,0,0,0,0,0,0,0,0,0,0,0,0,160,791,791,1,1,23,16,50,1,7424,791,2201,2044,0,0,0,13353,0,13823,0,0,0,0,11,3,6,196,0,239,15,272,0,0,694,8013,0
899130,2420,1024,81,47,9999,0,0,424,0,0,0,4139,1754,0,0,62,0,2,2,1382,456,2000,1,0,4,72,72,37465,13805,316,708,154,66,451,0,0,4,73,3,3,0,10,0,0,0,0,0,2688,2816,2688,2816,4128,2208,8625,1630,0,0,0,0,100,62,46,44,48,55,62,52,0,0,77,0,0,0,0,0,0,14763,1125,1007,0,930,77,345,345,100,3,1,0,999,999,40,0,25,0,0,0,0,0,0,0,0,0,0,100,2688,2816,100,0,0,0,0,0,0,0,0,0,0,0,0,0,0,0,0,0,0,0,0,160,791,791,1,1,23,16,50,1,7391,791,2201,2043,0,0,0,11656,0,11928,0,0,0,0,11,3,6,195,0,239,15,272,0,0,694,8013,0
900089,2420,1024,81,47,9999,0,0,612,0,0,0,4139,2533,0,0,62,0,2,2,1382,456,2000,1,0,4,72,72,38082,13725,246,697,134,66,462,0,0,1,73,3,3,0,10,0,0,0,0,0,2688,2816,2688,2816,4128,2208,8775,1626,0,0,0,0,100,58,43,39,42,51,58,49,0,0,77,0,0,0,0,0,0,14763,1125,1007,0,930,77,345,345,100,1,1,0,999,999,40,0,25,0,0,0,0,0,0,0,0,0,0,100,2688,2816,100,0,0,0,0,0,0,0,0,0,0,0,0,0,0,0,0,0,0,0,0,160,791,791,1,1,23,21,50,1,7421,791,2201,2048,0,0,0,11040,0,11358,0,0,0,1,11,3,6,191,0,239,15,272,5,1,693,8013,0
901090,2420,1024,81,47,9999,0,0,176,0,0,0,4139,728,0,0,62,0,3,2,1382,456,2000,1,0,4,73,72,36809,13696,283,724,132,66,406,0,0,0,73,3,3,0,10,0,0,0,0,0,2688,2816,2688,2816,4128,2208,8605,1624,0,0,0,0,100,56,46,44,43,56,56,56,0,0,76,0,0,0,0,0,0,14763,1125,1007,0,930,77,345,345,100,0,0,0,999,999,40,0,25,0,0,0,0,0,0,0,0,0,0,100,2688,2816,100,0,0,0,0,0,0,0,0,0,0,0,0,0,0,0,0,0,0,0,0,160,791,791,1,1,23,16,50,1,7389,791,2200,2043,0,0,0,13142,0,13355,0,0,0,0,11,3,6,194,0,239,15,272,0,0,694,8013,0
902090,2420,1024,81,47,9999,0,0,593,0,0,0,4139,2454,0,0,62,0,2,2,1382,456,2000,1,0,4,71,72,37234,13708,294,721,161,65,423,0,0,4,73,3,3,0,10,0,0,0,0,0,2688,2816,2688,2816,4128,2208,8517,1618,0,0,0,0,100,47,36,42,37,44,47,47,0,0,76,0,0,0,0,0,0,14763,1125,1007,0,930,77,345,345,100,2,1,0,999,999,40,0,25,0,0,0,0,0,0,0,0,0,0,100,2688,2816,100,0,0,0,0,0,0,0,0,0,0,0,0,0,0,0,0,0,0,0,0,160,791,791,1,1,23,17,50,1,7416,791,2201,2043,0,0,0,13169,0,13508,0,0,0,0,11,3,6,185,0,238,15,272,0,0,691,8013,0
903090,2420,1024,81,47,9999,0,0,455,0,0,0,4139,1883,0,0,62,0,2,2,1382,456,2000,1,0,4,73,72,34236,13672,239,679,134,64,417,0,0,0,72,3,3,0,10,0,0,0,0,0,2688,2816,2688,2816,4128,2208,8664,1630,0,0,0,0,100,40,45,45,44,38,40,37,0,0,76,0,0,0,0,0,0,14763,1125,1007,0,930,77,345,345,100,0,0,0,999,999,40,0,25,0,0,0,0,0,0,0,0,0,0,100,2688,2816,100,0,0,0,0,0,0,0,0,0,0,0,0,0,0,0,0,0,0,0,0,160,792,792,1,1,24,16,50,1,7420,792,2202,2043,0,0,0,15198,0,15448,0,0,2,1,11,3,6,185,0,238,15,272,51,1,691,8013,0
904094,2420,1024,81,47,9999,0,0,272,0,0,0,4139,1125,0,0,62,0,3,2,1382,456,2000,1,0,4,71,72,34810,13683,332,573,110,77,404,0,0,4,71,3,3,0,10,0,0,0,0,0,2688,2816,2688,2816,4128,2208,8343,1624,0,0,0,0,100,52,52,53,53,52,48,49,0,0,75,0,0,0,0,0,0,14763,1125,1007,0,930,77,345,345,100,0,1,0,999,999,40,0,25,0,0,0,0,0,0,0,0,0,0,100,2688,2816,100,0,0,0,0,0,0,0,0,0,0,0,0,0,0,0,0,0,0,0,0,160,792,792,1,1,24,21,50,1,7387,792,2202,2049,0,0,0,10193,0,10484,0,0,0,3,11,3,6,189,0,238,15,272,14,3,692,8013,0
905090,2420,1024,81,47,9999,0,0,297,0,0,0,4139,1229,0,0,62,0,2,2,1382,456,2000,1,0,4,73,72,35232,13800,319,655,133,65,390,0,0,0,73,3,3,0,10,0,0,0,0,0,2688,2816,2688,2816,4128,2208,7547,1629,0,0,0,0,100,47,41,39,39,44,47,45,0,0,74,0,0,0,0,0,0,14763,1125,1007,0,930,77,345,345,100,4,0,0,999,999,40,0,25,0,0,0,0,0,0,0,0,0,0,100,2688,2816,100,0,0,0,0,0,0,0,0,0,0,0,0,0,0,0,0,0,0,0,0,160,792,792,1,1,23,18,50,1,7423,792,2201,2046,0,0,0,9174,0,9407,0,0,0,0,11,3,6,190,0,239,15,272,0,0,693,8013,0
906094,2420,1024,81,47,9999,0,0,465,0,0,0,4139,1924,0,0,62,0,3,2,1382,456,2000,1,0,4,72,72,34301,13721,282,704,154,64,432,0,0,2,72,3,3,0,10,0,0,0,0,0,2688,2816,2688,2816,4128,2208,8210,1629,0,0,0,0,100,59,46,45,45,59,48,56,0,0,74,0,0,0,0,0,0,14763,1125,1007,0,930,77,345,345,100,1,1,0,999,999,40,0,25,0,0,0,0,0,0,0,0,0,0,100,2688,2816,100,0,0,0,0,0,0,0,0,0,0,0,0,0,0,0,0,0,0,0,0,160,792,792,1,1,23,18,50,1,7388,792,2201,2046,0,0,0,13343,0,13886,0,0,0,0,11,3,6,190,0,239,15,272,0,0,693,8013,0
907098,2420,1024,81,47,9999,0,0,501,0,0,0,4139,2073,0,0,62,0,2,2,1382,456,2000,1,0,4,73,72,35050,13943,382,786,170,65,369,0,0,3,73,3,3,0,10,0,0,0,0,0,2688,2816,2688,2816,4128,2208,8309,1631,0,0,0,0,100,50,41,39,38,49,50,40,0,0,74,0,0,0,0,0,0,14763,1125,1007,0,930,77,345,345,100,1,1,0,999,999,40,0,25,0,0,0,0,0,0,0,0,0,0,100,2688,2816,100,0,0,0,0,0,0,0,0,0,0,0,0,0,0,0,0,0,0,0,0,160,792,792,1,1,23,17,50,1,7424,792,2201,2044,0,0,0,10664,0,10907,0,0,0,0,11,3,6,191,0,239,15,272,0,0,693,8013,0
908093,2420,1024,81,47,9999,0,0,531,0,0,0,4139,2197,0,0,62,0,3,2,1382,456,2000,1,0,4,73,72,35644,13995,329,804,169,66,547,0,0,3,72,3,3,0,10,0,0,0,0,0,2688,2816,2688,2816,4128,2208,8344,1632,0,0,0,0,100,62,52,47,52,62,62,52,0,0,74,0,0,0,0,0,0,14763,1125,1007,0,930,77,345,345,100,2,1,0,999,999,40,0,25,0,0,0,0,0,0,0,0,0,0,100,2688,2816,100,0,0,0,0,0,0,0,0,0,0,0,0,0,0,0,0,0,0,0,0,160,792,792,1,1,23,16,50,1,7388,792,2201,2044,0,0,0,8028,0,8267,0,0,0,0,11,3,6,194,0,239,15,272,0,0,694,8013,0
909093,2420,1024,81,47,9999,0,0,382,0,0,0,4149,1584,0,0,62,0,3,2,1382,456,2000,1,0,4,73,72,36726,13796,314,731,173,65,397,0,0,5,73,3,3,0,10,0,0,0,0,0,2688,2816,2688,2816,4128,2208,8445,1629,0,0,0,0,100,49,44,39,39,44,49,46,0,0,75,0,0,0,0,0,0,14763,1125,1007,0,930,77,345,345,100,1,1,0,999,999,40,0,25,0,0,0,0,0,0,0,0,0,0,100,2688,2816,100,0,0,0,0,0,0,0,0,0,0,0,0,0,0,0,0,0,0,0,0,160,792,792,1,1,23,14,50,1,7388,792,2201,2042,0,0,0,9760,0,9987,0,0,0,0,11,3,6,189,0,238,15,272,0,0,692,8013,0
910092,2420,1024,81,47,9999,0,0,277,0,0,0,4149,1149,0,0,62,0,2,2,1382,456,2000,1,0,4,73,72,34556,13969,369,802,175,65,487,0,0,4,73,3,3,0,10,0,0,0,0,0,2688,2816,2688,2816,4128,2208,8450,1631,0,0,0,0,100,49,39,39,35,45,48,49,0,0,75,0,0,0,0,0,0,14763,1125,1007,0,930,77,345,345,100,2,1,0,999,999,40,0,25,0,0,0,0,0,0,0,0,0,0,100,2688,2816,100,0,0,0,0,0,0,0,0,0,0,0,0,0,0,0,0,0,0,0,0,160,793,793,1,1,23,18,50,1,7423,793,2201,2045,0,0,0,16923,0,17309,0,0,0,0,11,3,6,189,0,239,15,272,0,0,693,8013,0
911093,2420,1024,81,47,9999,0,0,237,0,0,0,4149,983,0,0,62,0,3,2,1382,456,2000,1,0,4,72,72,35801,13872,339,692,174,64,417,0,0,1,72,3,3,0,10,0,0,0,0,0,2688,2816,2688,2816,4128,2208,8449,1625,0,0,0,0,100,55,43,35,40,49,55,46,0,0,75,0,0,0,0,0,0,14763,1125,1007,0,930,77,345,345,100,1,1,0,999,999,40,0,25,0,0,0,0,0,0,0,0,0,0,100,2688,2816,100,0,0,0,0,0,0,0,0,0,0,0,0,0,0,0,0,0,0,0,0,160,793,793,1,1,23,18,50,1,7392,793,2201,2046,0,0,0,17633,0,18032,0,0,0,1,11,3,6,189,0,239,15,272,5,1,693,8013,0
912094,2420,1024,81,47,9999,0,0,277,0,0,0,4149,1149,0,0,62,0,2,2,1382,456,2000,1,0,4,73,72,35829,13831,318,731,109,65,373,0,0,3,73,3,3,0,10,0,0,0,0,0,2688,2816,2688,2816,4128,2208,8373,1625,0,0,0,0,100,51,42,40,43,44,51,49,0,0,75,0,0,0,0,0,0,14763,1125,1007,0,930,77,345,345,100,2,1,0,999,999,40,0,25,0,0,0,0,0,0,0,0,0,0,100,2688,2816,100,0,0,0,0,0,0,0,0,0,0,0,0,0,0,0,0,0,0,0,0,160,793,793,1,1,23,16,50,1,7426,793,2200,2043,0,0,0,9285,0,9541,0,0,0,0,11,3,6,189,0,239,15,272,0,0,693,8013,0
913097,2420,1024,81,47,9999,0,0,333,0,0,0,4149,1381,0,0,62,0,3,2,1651,456,2000,1,0,4,72,72,34485,13724,356,635,114,65,401,0,0,2,72,3,3,0,10,0,0,0,0,0,2688,2816,2688,2816,4128,2208,8326,1633,0,0,0,0,100,54,39,42,38,54,48,49,0,0,74,0,0,0,0,0,0,14763,1125,1007,0,930,77,345,345,100,2,1,0,999,999,40,0,25,0,0,0,0,0,0,0,0,0,0,100,2688,2816,100,0,0,0,0,0,0,0,0,0,0,0,0,0,0,0,0,0,0,0,0,160,793,793,1,1,23,19,50,1,7391,793,2201,2046,0,0,0,15449,0,15904,0,0,0,0,11,3,6,189,0,239,15,272,0,0,693,8013,0
914101,2420,1024,81,47,9999,0,0,356,0,0,0,4149,1477,0,0,62,0,2,2,1651,456,2000,1,0,4,72,72,35488,13768,365,629,99,65,373,0,0,5,73,3,3,0,10,0,0,0,0,0,2688,2816,2688,2816,4128,2208,8889,1641,0,0,0,0,100,45,37,36,36,44,40,45,0,0,74,0,0,0,0,0,0,14763,1125,1007,0,930,77,345,345,100,3,1,0,999,999,40,0,25,0,0,0,0,0,0,0,0,0,0,100,2688,2816,100,0,0,0,0,0,0,0,0,0,0,0,0,0,0,0,0,0,0,0,0,160,793,793,1,1,23,18,50,1,7424,793,2201,2045,0,0,0,17696,0,18116,0,0,0,0,11,3,6,193,0,239,15,272,0,0,694,8013,0
915093,2420,1024,81,47,9999,0,0,278,0,0,0,4149,1153,0,0,62,0,3,2,1651,456,2000,1,0,4,71,72,34757,13799,316,661,128,65,404,0,0,3,73,3,3,0,10,0,0,0,0,0,2688,2816,2688,2816,4128,2208,8445,1635,0,0,0,0,100,59,44,44,47,59,57,50,0,0,74,0,0,0,0,0,0,14763,1125,1007,0,930,77,345,345,100,2,1,0,999,999,40,0,25,0,0,0,0,0,0,0,0,0,0,100,2688,2816,100,0,0,0,0,0,0,0,0,0,0,0,0,0,0,0,0,0,0,0,0,160,793,793,1,1,23,17,50,1,7377,793,2201,2044,0,0,0,15318,0,15596,0,0,0,0,11,3,6,193,0,239,15,272,0,0,694,8013,0
916095,2420,1024,81,47,9999,0,0,464,0,0,0,4149,1925,0,0,62,0,2,2,1651,456,2000,1,0,4,73,72,36758,13712,365,623,128,66,391,0,0,3,73,3,3,0,10,0,0,0,0,0,2688,2816,2688,2816,4128,2208,8448,1634,0,0,0,0,100,48,33,37,36,41,48,46,0,0,75,0,0,0,0,0,0,14763,1125,1007,0,930,77,345,345,100,2,1,0,999,999,40,0,25,0,0,0,0,0,0,0,0,0,0,100,2688,2816,100,0,0,0,0,0,0,0,0,0,0,0,0,0,0,0,0,0,0,0,0,160,793,793,1,1,23,15,50,1,7375,793,2200,2042,0,0,0,10023,0,10287,0,0,0,0,11,3,6,201,0,239,15,272,0,0,694,8013,0
917094,2420,1024,81,47,9999,0,0,508,0,0,0,4149,2107,0,0,62,0,2,2,1651,456,2000,1,0,4,72,72,34072,13837,359,686,127,65,437,0,0,0,73,3,3,0,10,0,0,0,0,0,2688,2816,2688,2816,4128,2208,8527,1590,0,0,0,0,100,52,40,36,35,39,46,52,0,0,75,0,0,0,0,0,0,14763,1125,1007,0,930,77,345,345,100,0,0,0,999,999,40,0,25,0,0,0,0,0,0,0,0,0,0,100,2688,2816,100,0,0,0,0,0,0,0,0,0,0,0,0,0,0,0,0,0,0,0,0,160,793,793,1,1,23,21,50,1,7414,793,2200,2048,0,0,0,8835,0,9089,0,0,0,0,11,3,6,209,0,246,15,272,0,0,700,8013,1
918095,2420,1024,81,47,9999,0,0,282,0,0,0,4149,1170,0,0,62,0,3,2,1651,456,2000,1,0,4,73,72,35093,13718,298,663,133,65,397,0,0,5,72,3,3,0,10,0,0,0,0,0,2688,2816,2688,2816,4128,2208,9714,1582,0,0,0,0,100,64,49,48,49,64,59,58,0,0,76,0,0,0,0,0,0,14763,1125,1007,0,930,77,345,345,100,1,1,0,999,999,40,0,25,0,0,0,0,0,0,0,0,0,0,100,2688,2816,100,0,0,0,0,0,0,0,0,0,0,0,0,0,0,0,0,0,0,0,0,160,794,794,1,1,23,18,50,1,7377,794,2201,2045,0,0,0,10678,0,11100,0,0,2,1,11,3,6,207,0,246,15,272,53,1,699,8013,1
919127,2399,1025,81,47,9999,0,0,283,0,0,0,4139,1171,0,0,62,0,2,2,1651,456,2000,1,0,4,71,72,37255,13675,289,685,121,65,395,0,0,1,73,3,3,0,10,0,0,0,0,0,2688,2816,2688,2816,4128,2208,8898,1611,0,0,0,0,100,54,38,30,35,48,54,53,0,0,77,0,0,0,0,0,0,14763,1128,1007,0,933,73,346,346,100,1,1,0,999,999,40,0,25,0,0,0,0,0,0,0,0,0,0,100,2688,2816,100,0,0,0,0,0,0,0,0,0,0,0,0,0,0,0,0,0,0,0,0,160,794,794,1,1,23,18,50,1,7412,794,2201,2045,0,0,0,20034,0,20412,0,0,2,1,11,3,6,209,0,246,15,272,53,1,700,8013,1
920093,2399,1025,81,47,9999,0,0,147,0,0,0,4139,608,0,0,62,0,3,2,1651,456,2000,1,0,4,70,72,39833,13682,333,600,109,64,400,0,0,6,73,3,3,0,10,0,0,0,0,0,2688,2816,2688,2816,4128,2208,9498,1593,0,0,0,0,100,58,40,37,42,58,58,55,0,0,76,0,0,0,0,0,0,14763,1128,1007,0,933,73,346,346,100,2,1,0,999,999,40,0,25,0,0,0,0,0,0,0,0,0,0,100,2688,2816,100,0,0,0,0,0,0,0,0,0,0,0,0,0,0,0,0,0,0,0,0,160,794,794,1,1,23,16,50,1,7379,794,2200,2043,0,0,0,10110,0,10345,0,0,2,1,11,3,6,207,0,246,15,272,51,1,699,8013,1
921094,2399,1025,81,47,9999,0,0,363,0,0,0,4139,1502,0,0,62,0,2,2,1651,456,2000,1,0,4,70,72,41798,13682,287,624,94,64,391,0,5,5,73,3,3,0,10,0,0,0,0,0,2688,2816,2688,2816,4128,2208,8744,1594,0,0,0,0,100,55,42,34,34,46,51,55,0,0,77,0,0,0,0,0,0,14763,1128,1007,0,933,73,346,346,100,2,1,0,999,999,40,0,25,0,0,0,0,0,0,0,0,0,0,100,2688,2816,100,0,0,0,0,0,0,0,0,0,0,0,0,0,0,0,0,0,0,0,0,160,794,794,1,1,23,19,50,1,7384,794,2200,2046,0,0,0,14970,0,15534,0,0,0,0,11,3,6,198,0,239,15,272,0,0,694,8013,0
922094,2399,1025,81,47,9999,0,0,250,0,0,0,4139,1034,0,0,62,0,2,2,1651,456,2000,1,0,4,73,72,36300,13602,276,585,102,65,385,0,0,1,72,3,3,0,10,0,0,0,0,0,2688,2816,2688,2816,4128,2208,8876,1625,0,0,0,0,100,60,43,35,43,60,58,51,0,0,77,0,0,0,0,0,0,14763,1128,1007,0,933,73,346,346,100,1,1,0,999,999,40,0,25,0,0,0,0,0,0,0,0,0,0,100,2688,2816,100,0,0,0,0,0,0,0,0,0,0,0,0,0,0,0,0,0,0,0,0,160,795,795,1,1,23,21,50,1,7387,795,2201,2048,0,0,0,14031,0,14594,0,0,1,6,11,3,6,204,0,240,15,272,28,6,695,8013,0
923095,2399,1025,81,47,9999,0,0,458,0,0,0,4139,1895,0,0,62,0,2,2,1382,456,2000,1,0,4,72,72,37613,13765,342,630,122,66,450,0,0,3,73,3,3,0,10,0,0,0,0,0,2688,2816,2688,2816,4128,2208,8618,1566,0,0,0,0,100,56,38,36,31,45,56,45,0,0,76,0,0,0,0,0,0,14763,1128,1007,0,933,73,346,346,100,1,1,0,999,999,40,0,25,0,0,0,0,0,0,0,0,0,0,100,2688,2816,100,0,0,0,0,0,0,0,0,0,0,0,0,0,0,0,0,0,0,0,0,160,795,795,1,1,23,18,50,1,7405,795,2201,2041,0,0,0,13845,0,14102,0,0,0,0,11,3,6,195,0,239,15,272,0,0,694,8013,0
924096,2399,1025,81,47,9999,0,0,645,0,0,0,4139,2669,0,0,62,0,3,2,1382,456,2000,1,0,4,70,72,37022,13747,280,664,115,64,396,0,0,6,73,3,3,0,10,0,0,0,0,0,2688,2816,2688,2816,4128,2208,9333,1648,0,0,0,0,100,51,40,41,39,44,51,39,0,0,75,0,0,0,0,0,0,14763,1128,1007,0,933,73,346,346,100,2,2,0,999,999,40,0,25,0,0,0,0,0,0,0,0,0,0,100,2688,2816,100,0,0,0,0,0,0,0,0,0,0,0,0,0,0,0,0,0,0,0,0,160,795,795,1,1,23,18,50,1,7442,795,2201,2041,0,0,0,9323,0,9625,0,0,0,0,11,3,6,196,0,239,15,272,0,0,694,8013,0
925094,2399,1025,81,47,9999,0,0,280,0,0,0,4139,1158,0,0,62,0,2,2,1382,456,2000,1,0,4,72,72,38064,13586,237,624,112,64,375,0,3,1,72,3,3,0,10,0,0,0,0,0,2688,2816,2688,2816,4128,2208,8278,1630,0,0,0,0,100,56,50,48,49,55,50,56,0,0,77,0,0,0,0,0,0,14763,1128,1007,0,933,73,346,346,100,5,0,0,999,999,40,0,25,0,0,0,0,0,0,0,0,0,0,100,2688,2816,100,0,0,0,0,0,0,0,0,0,0,0,0,0,0,0,0,0,0,0,0,160,795,795,1,1,23,17,50,1,7380,795,2201,2040,0,0,0,7691,0,7959,0,0,0,0,11,3,6,201,0,239,15,272,0,0,694,8013,0
926093,2399,1025,81,47,9999,0,0,346,0,0,0,4139,1432,0,0,62,0,3,2,1382,456,2000,1,0,4,72,72,36151,13689,307,602,123,65,406,0,0,5,73,3,3,0,10,0,0,0,0,0,2688,2816,2688,2816,4128,2208,8621,1607,0,0,0,0,100,56,50,48,49,55,50,56,0,0,76,0,0,0,0,0,0,14763,1128,1007,0,933,73,346,346,100,2,1,0,999,999,40,0,25,0,0,0,0,0,0,0,0,0,0,100,2688,2816,100,0,0,0,0,0,0,0,0,0,0,0,0,0,0,0,0,0,0,0,0,160,795,795,1,1,23,15,50,1,7417,795,2201,2038,0,0,0,13085,0,13329,0,0,0,0,11,3,6,194,0,239,15,272,0,0,694,8013,0
927094,2399,1025,81,47,9999,0,0,295,0,0,0,4139,1221,0,0,62,0,3,2,1382,456,2000,1,0,4,72,72,34317,13721,296,664,106,65,386,0,0,1,72,3,3,0,10,0,0,0,0,0,2688,2816,2688,2816,4128,2208,8654,1606,0,0,0,0,100,49,37,36,35,42,49,43,0,0,76,0,0,0,0,0,0,14763,1128,1007,0,933,73,346,346,100,1,1,0,999,999,40,0,25,0,0,0,0,0,0,0,0,0,0,100,2688,2816,100,0,0,0,0,0,0,0,0,0,0,0,0,0,0,0,0,0,0,0,0,160,795,795,1,1,23,20,50,1,7386,795,2200,2042,0,0,0,16621,0,17105,0,0,0,0,11,3,6,187,0,238,15,272,0,0,691,8013,0
928093,2399,1025,81,47,9999,0,0,206,0,0,0,4139,852,0,0,62,0,3,2,1382,456,2000,1,0,4,72,72,34831,13662,263,681,157,64,442,0,0,2,73,3,3,0,10,0,0,0,0,0,2688,2816,2688,2816,4128,2208,7727,1618,0,0,0,0,100,56,43,45,46,56,50,52,0,0,75,0,0,0,0,0,0,14763,1128,1007,0,933,73,346,346,100,1,1,0,999,999,40,0,25,0,0,0,0,0,0,0,0,0,0,100,2688,2816,100,0,0,0,0,0,0,0,0,0,0,0,0,0,0,0,0,0,0,0,0,160,795,795,1,1,23,17,50,1,7382,795,2201,2041,0,0,0,18785,0,19183,0,0,0,0,11,3,6,194,0,239,15,272,0,0,694,8013,0
929096,2399,1025,81,47,9999,0,0,366,0,0,0,4130,1511,0,0,62,0,2,2,1382,456,2000,1,0,4,72,72,34220,13840,346,735,121,65,477,0,0,4,72,3,3,0,10,0,0,0,0,0,2688,2816,2688,2816,4128,2208,8330,1638,0,0,0,0,100,50,48,38,43,49,47,50,0,0,74,0,0,0,0,0,0,14763,1128,1007,0,933,73,346,346,100,2,1,0,999,999,40,0,25,0,0,0,0,0,0,0,0,0,0,100,2688,2816,100,0,0,0,0,0,0,0,0,0,0,0,0,0,0,0,0,0,0,0,0,160,795,795,1,1,23,18,50,1,7418,795,2200,2040,0,0,0,8660,0,8920,0,0,0,0,11,3,6,189,0,239,15,272,0,0,693,8013,0
930094,2399,1025,81,47,9999,0,0,365,0,0,0,4130,1507,0,0,62,0,2,2,1382,456,2000,1,0,4,72,72,35803,13777,315,640,124,64,382,0,0,1,73,3,3,0,10,0,0,0,0,0,2688,2816,2688,2816,4128,2208,8512,1612,0,0,0,0,100,54,37,39,38,51,54,47,0,0,74,0,0,0,0,0,0,14763,1128,1007,0,933,73,346,346,100,1,1,0,999,999,40,0,25,0,0,0,0,0,0,0,0,0,0,100,2688,2816,100,0,0,0,0,0,0,0,0,0,0,0,0,0,0,0,0,0,0,0,0,160,795,795,1,1,23,17,50,1,7384,795,2201,2040,0,0,0,7866,0,8098,0,0,0,0,11,3,6,201,0,240,15,272,0,0,695,8013,0
931094,2399,1025,81,47,9999,0,0,345,0,0,0,4130,1424,0,0,62,0,2,2,1382,456,2000,1,0,4,72,72,37115,13677,313,659,105,65,373,0,0,3,73,3,3,0,10,0,0,0,0,0,2688,2816,2688,2816,4128,2208,8520,1583,0,0,0,0,100,53,45,46,44,51,53,50,0,0,74,0,0,0,0,0,0,14763,1128,1007,0,933,73,346,346,100,2,1,0,999,999,40,0,25,0,0,0,0,0,0,0,0,0,0,100,2688,2816,100,0,0,0,0,0,0,0,0,0,0,0,0,0,0,0,0,0,0,0,0,160,794,794,1,1,23,16,50,1,7419,794,2201,2040,0,0,0,9355,0,9574,0,0,1,6,11,3,6,195,0,239,15,272,28,6,694,8013,0
932094,2399,1025,81,47,9999,0,0,362,0,0,0,4130,1495,0,0,62,0,3,2,1382,456,2000,1,0,4,71,72,36839,13751,308,693,123,64,407,0,0,2,72,3,3,0,10,0,0,0,0,0,2688,2816,2688,2816,4128,2208,8631,1601,0,0,0,0,100,50,40,35,34,44,50,47,0,0,75,0,0,0,0,0,0,14763,1128,1007,0,933,73,346,346,100,1,1,0,999,999,40,0,25,0,0,0,0,0,0,0,0,0,0,100,2688,2816,100,0,0,0,0,0,0,0,0,0,0,0,0,0,0,0,0,0,0,0,0,160,792,792,1,1,23,19,50,1,7384,792,2200,2041,0,0,0,13291,0,13527,0,0,0,0,11,3,6,194,0,239,15,272,0,0,694,8013,0
933096,2399,1025,81,47,9999,0,0,351,0,0,0,4130,1449,0,0,62,0,2,2,1382,456,2000,1,0,4,73,72,35282,13859,591,753,140,64,384,0,0,0,73,3,3,0,10,0,0,0,0,0,2688,2816,2688,2816,4128,2208,8572,1599,0,0,0,0,100,54,40,41,42,54,51,51,0,0,76,0,0,0,0,0,0,14763,1128,1007,0,933,73,346,346,100,0,0,0,999,999,40,0,25,0,0,0,0,0,0,0,0,0,0,100,2688,2816,100,0,0,0,0,0,0,0,0,0,0,0,0,0,0,0,0,0,0,0,0,160,792,792,1,1,24,15,50,1,7414,792,2202,2038,0,0,0,16346,0,16620,0,0,0,1,11,3,6,193,0,239,15,272,5,1,694,8013,0
934094,2399,1025,81,47,9999,0,0,274,0,0,0,4130,1131,0,0,62,0,3,3,1382,456,2000,1,0,4,72,72,34020,13686,297,617,131,147,437,0,0,0,72,3,3,0,10,0,0,0,0,0,2688,2816,2688,2816,4128,2208,8469,1536,0,0,0,0,100,39,41,40,37,38,37,39,0,0,73,0,0,0,0,0,0,14763,1128,1007,0,933,73,346,346,100,0,0,0,999,999,40,0,25,0,0,0,0,0,0,0,0,0,0,100,2688,2816,100,0,0,0,0,0,0,0,0,0,0,0,0,0,0,0,0,0,0,0,0,160,792,792,1,1,24,19,50,1,7383,792,2202,2042,0,0,0,10938,0,11179,0,0,1,6,11,3,6,188,0,238,15,272,28,6,692,8013,0
935093,2399,1025,81,47,9999,0,0,312,0,0,0,4130,1288,0,0,62,0,2,2,1382,456,2000,1,0,4,70,72,35318,13768,355,683,119,66,411,0,0,7,73,3,3,0,10,0,0,0,0,0,2688,2816,2688,2816,4128,2208,8150,1517,0,0,0,0,100,47,42,40,39,47,45,47,0,0,71,0,0,0,0,0,0,14763,1128,1007,0,933,73,346,346,100,4,2,0,999,999,40,0,25,0,0,0,0,0,0,0,0,0,0,100,2688,2816,100,0,0,0,0,0,0,0,0,0,0,0,0,0,0,0,0,0,0,0,0,160,792,792,1,1,23,18,50,1,7383,792,2201,2041,0,0,0,11117,0,11355,0,0,0,0,11,3,6,189,0,238,15,272,0,0,692,8013,0
936094,2399,1025,81,47,9999,0,0,337,0,0,0,4130,1391,0,0,62,0,2,2,1382,456,2000,1,0,4,73,72,33870,13822,294,699,143,64,378,0,0,3,73,3,3,0,10,0,0,0,0,0,2688,2816,2688,2816,4128,2208,8417,1633,0,0,0,0,100,44,38,36,35,41,44,43,0,0,74,0,0,0,0,0,0,14763,1128,1007,0,933,73,346,346,100,1,1,0,999,999,40,0,25,0,0,0,0,0,0,0,0,0,0,100,2688,2816,100,0,0,0,0,0,0,0,0,0,0,0,0,0,0,0,0,0,0,0,0,160,792,792,1,1,23,17,50,1,7419,792,2201,2039,0,0,0,12480,0,12710,0,0,0,0,11,3,6,194,0,239,15,272,0,0,694,8013,0
937094,2399,1025,81,47,9999,0,0,334,0,0,0,4130,1379,0,0,62,0,3,2,1382,456,2000,1,0,4,73,72,36436,13715,333,699,112,66,389,0,0,3,73,3,3,0,10,0,0,0,0,0,2688,2816,2688,2816,4128,2208,8506,1610,0,0,0,0,100,60,46,43,49,60,54,52,0,0,74,0,0,0,0,0,0,14763,1128,1007,0,933,73,346,346,100,1,1,0,999,999,40,0,25,0,0,0,0,0,0,0,0,0,0,100,2688,2816,100,0,0,0,0,0,0,0,0,0,0,0,0,0,0,0,0,0,0,0,0,160,792,792,1,1,23,21,50,1,7387,792,2201,2043,0,0,0,18138,0,18537,0,0,0,3,11,3,6,194,0,239,15,272,14,3,694,8013,0
938093,2399,1025,81,47,9999,0,0,286,0,0,0,4126,1180,0,0,62,0,3,2,1382,456,2000,1,0,4,73,72,34439,13780,373,684,109,65,412,0,0,3,72,3,3,0,10,0,0,0,0,0,2688,2816,2688,2816,4128,2208,8633,1612,0,0,0,0,100,47,36,34,33,47,45,38,0,0,75,0,0,0,0,0,0,14763,1128,1007,0,933,73,346,346,100,1,1,0,999,999,40,0,25,0,0,0,0,0,0,0,0,0,0,100,2688,2816,100,0,0,0,0,0,0,0,0,0,0,0,0,0,0,0,0,0,0,0,0,160,792,792,1,1,23,20,50,1,7419,792,2201,2043,0,0,0,16084,0,16426,0,0,0,0,11,3,6,194,0,239,15,272,0,0,694,8013,0
939133,2426,1026,81,47,9999,0,0,471,0,0,0,4142,1950,0,0,62,0,4,2,1382,456,2000,1,0,4,73,72,36472,13787,313,630,128,65,446,0,0,1,73,3,3,0,10,0,0,0,0,0,2688,2816,2688,2816,4128,2208,8571,1612,0,0,0,0,100,60,45,45,41,47,53,60,0,0,76,0,0,0,0,0,0,14780,1127,1009,0,931,77,346,346,100,1,1,0,999,999,40,0,25,0,0,0,0,0,0,0,0,0,0,100,2688,2816,100,0,0,0,0,0,0,0,0,0,0,0,0,0,0,0,0,0,0,0,0,160,792,792,1,1,23,17,50,1,7385,792,2201,2040,0,0,0,9680,0,9885,0,0,0,0,11,3,6,195,0,239,15,272,0,0,694,8013,0
940094,2426,1026,81,47,9999,0,0,481,0,0,0,4142,1992,0,0,62,0,3,2,1382,456,2000,1,0,4,73,72,34011,13682,310,657,114,65,420,0,0,2,73,3,3,0,10,0,0,0,0,0,2688,2816,2688,2816,4128,2208,8104,1608,0,0,0,0,100,52,42,35,38,52,47,48,0,0,76,0,0,0,0,0,0,14780,1127,1009,0,931,77,346,346,100,1,1,0,999,999,40,0,25,0,0,0,0,0,0,0,0,0,0,100,2688,2816,100,0,0,0,0,0,0,0,0,0,0,0,0,0,0,0,0,0,0,0,0,160,792,792,1,1,23,18,50,1,7421,792,2201,2042,0,0,0,8711,0,8934,0,0,0,0,11,3,6,200,0,240,15,272,0,0,694,8013,0
941094,2426,1026,81,47,9999,0,0,457,0,0,0,4142,1892,0,0,62,0,3,2,1382,456,2000,1,0,4,72,72,33893,13674,327,607,109,64,418,0,0,3,73,3,3,0,10,0,0,0,0,0,2688,2816,2688,2816,4128,2208,8604,1598,0,0,0,0,100,44,40,37,36,44,43,39,0,0,76,0,0,0,0,0,0,14780,1127,1009,0,931,77,346,346,100,1,1,0,999,999,40,0,25,0,0,0,0,0,0,0,0,0,0,100,2688,2816,100,0,0,0,0,0,0,0,0,0,0,0,0,0,0,0,0,0,0,0,0,160,792,792,1,1,23,16,50,1,7389,792,2201,2039,0,0,0,17335,0,17988,0,0,2,4,11,3,6,199,0,246,15,272,67,4,698,8013,1
942094,2426,1026,81,47,9999,0,0,430,0,0,0,4142,1781,0,0,62,0,3,2,1382,456,2000,1,0,4,72,72,35089,13783,294,650,143,65,396,0,0,2,73,3,3,0,10,0,0,0,0,0,2688,2816,2688,2816,4128,2208,9150,1608,0,0,0,0,100,50,41,34,39,50,46,47,0,0,78,0,0,0,0,0,0,14780,1127,1009,0,931,77,346,346,100,1,1,0,999,999,40,0,25,0,0,0,0,0,0,0,0,0,0,100,2688,2816,100,0,0,0,0,0,0,0,0,0,0,0,0,0,0,0,0,0,0,0,0,160,792,792,1,1,23,19,50,1,7388,792,2201,2043,0,0,0,18148,0,18553,0,0,2,1,11,3,6,204,0,246,15,272,53,1,699,8013,1
943094,2426,1026,81,47,9999,0,0,159,0,0,0,4132,656,0,0,62,0,2,2,1382,456,2000,1,0,4,73,72,37508,13659,278,634,119,66,440,0,0,4,73,3,3,0,10,0,0,0,0,0,2688,2816,2688,2816,4128,2208,8604,1590,0,0,0,0,100,58,41,37,42,54,58,49,0,0,79,0,0,0,0,0,0,14780,1127,1009,0,931,77,346,346,100,2,1,0,999,999,40,0,25,0,0,0,0,0,0,0,0,0,0,100,2688,2816,100,0,0,0,0,0,0,0,0,0,0,0,0,0,0,0,0,0,0,0,0,160,793,793,1,1,23,19,50,1,7420,793,2201,2042,0,0,0,21233,0,21643,0,0,2,1,11,3,6,205,0,246,15,272,53,1,699,8013,1
944094,2426,1026,80,47,9999,0,0,429,0,0,0,4132,1772,0,0,62,0,2,2,1382,456,2000,1,0,4,72,72,36157,13665,331,593,132,64,396,0,0,2,73,3,3,0,10,0,0,0,0,0,2688,2816,2688,2816,4128,2208,9137,1593,0,0,0,0,100,53,38,35,39,48,53,50,0,0,77,0,0,0,0,0,0,14780,1127,1009,0,931,77,346,346,100,1,1,0,999,999,40,0,25,0,0,0,0,0,0,0,0,0,0,100,2688,2816,100,0,0,0,0,0,0,0,0,0,0,0,0,0,0,0,0,0,0,0,0,160,793,793,1,1,23,17,50,1,7390,793,2201,2040,0,0,0,11705,0,11945,0,0,3,7,11,3,6,206,0,246,15,272,81,7,699,8013,1
945094,2426,1026,80,47,9999,0,0,891,0,0,0,4132,3681,0,0,62,0,3,2,1382,456,2000,1,0,4,68,72,40892,13817,314,764,269,64,391,0,5,7,73,3,3,0,10,0,0,0,0,0,2688,2816,2688,2816,4128,2208,8421,1588,0,0,0,0,100,54,38,35,38,47,54,54,0,0,78,0,0,0,0,0,0,14780,1127,1009,0,931,77,346,346,100,2,1,0,999,999,40,0,25,0,0,0,0,0,0,0,0,0,0,100,2688,2816,100,0,0,0,0,0,0,0,0,0,0,0,0,0,0,0,0,0,0,0,0,160,793,793,1,1,23,17,50,1,7453,793,2201,2040,0,0,0,18818,0,19252,0,0,2,1,11,3,6,209,0,246,15,272,53,1,700,8013,1
946094,2426,1026,80,47,9999,0,0,420,0,0,0,4132,1735,0,0,62,0,4,4,1382,456,2000,1,0,4,73,72,39017,13727,222,786,201,65,396,0,0,4,72,3,3,0,10,0,0,0,0,0,2688,2816,2688,2816,4128,2208,7903,1412,0,0,0,0,100,52,43,39,41,52,49,52,0,0,74,0,0,0,0,0,0,14780,1127,1009,0,931,77,346,346,100,3,1,0,999,999,40,0,25,0,0,0,0,0,0,0,0,0,0,100,2688,2816,100,0,0,0,0,0,0,0,0,0,0,0,0,0,0,0,0,0,0,0,0,160,793,793,1,1,23,15,50,1,7391,793,2201,2038,0,0,0,15447,0,15839,0,0,1,6,11,3,6,204,0,246,15,272,28,6,699,8013,1
947094,2426,1026,80,47,9999,0,0,491,0,0,0,4132,2028,0,0,62,0,3,4,1382,456,2000,1,0,4,72,72,35042,13728,295,809,182,65,354,0,0,0,73,3,3,0,10,0,0,0,0,0,2688,2816,2688,2816,4128,2208,7596,1363,0,0,0,0,100,54,47,47,45,54,50,51,0,0,70,0,0,0,0,0,0,14780,1127,1009,0,931,77,346,346,100,0,0,0,999,999,40,0,25,0,0,0,0,0,0,0,0,0,0,100,2688,2816,100,0,0,0,0,0,0,0,0,0,0,0,0,0,0,0,0,0,0,0,0,160,793,793,1,1,23,19,50,1,7428,793,2201,2042,0,0,0,12916,0,13131,0,0,0,0,11,3,6,194,0,239,15,272,0,0,694,8013,0
948095,2426,1026,80,47,9999,0,0,203,0,0,0,4132,838,0,0,62,0,4,4,1382,456,2000,1,0,4,73,72,32940,13592,282,727,152,64,361,0,0,1,72,3,3,0,10,0,0,0,0,0,2688,2816,2688,2816,4128,2208,7930,1406,0,0,0,0,100,50,39,37,38,43,50,49,0,0,67,0,0,0,0,0,0,14780,1127,1009,0,931,77,346,346,100,1,1,0,999,999,40,0,25,0,0,0,0,0,0,0,0,0,0,100,2688,2816,100,0,0,0,0,0,0,0,0,0,0,0,0,0,0,0,0,0,0,0,0,160,792,792,1,1,21,20,50,1,7390,792,2198,2042,0,0,0,8817,0,9117,0,0,0,0,11,3,6,194,0,239,15,272,0,0,694,8013,0
949094,2426,1026,80,47,9999,0,0,209,0,0,0,4139,865,0,0,62,0,3,3,1382,456,2000,1,0,4,71,72,32854,13571,261,632,136,64,379,0,0,3,72,3,3,0,10,0,0,0,0,0,2688,2816,2688,2816,4128,2208,8215,1559,0,0,0,0,100,53,50,44,49,50,53,46,0,0,68,0,0,0,0,0,0,14780,1127,1009,0,931,77,346,346,100,3,1,0,999,999,40,0,25,0,0,0,0,0,0,0,0,0,0,100,2688,2816,100,0,0,0,0,0,0,0,0,0,0,0,0,0,0,0,0,0,0,0,0,160,792,792,1,1,23,18,50,1,7393,792,2201,2041,0,0,0,18660,0,19017,0,0,0,0,11,3,6,194,0,239,15,272,0,0,694,8013,0
950096,2426,1026,80,47,9999,0,0,279,0,0,0,4139,1154,0,0,62,0,2,2,1382,456,2000,1,0,4,72,72,32422,13572,335,624,149,64,474,0,0,2,73,3,3,0,10,0,0,0,0,0,2688,2816,2688,2816,4128,2208,8720,1567,0,0,0,0,100,44,37,32,30,44,43,41,0,0,71,0,0,0,0,0,0,14780,1127,1009,0,931,77,346,346,100,1,1,0,999,999,40,0,25,0,0,0,0,0,0,0,0,0,0,100,2688,2816,100,0,0,0,0,0,0,0,0,0,0,0,0,0,0,0,0,0,0,0,0,160,793,793,1,1,23,16,50,1,7432,793,2201,2039,0,0,0,16159,0,16564,0,0,0,0,11,3,6,194,0,239,15,272,0,0,694,8013,0
951095,2426,1026,80,47,9999,0,0,312,0,0,0,4139,1291,0,0,62,0,3,2,1382,456,2000,1,0,4,73,72,35680,13820,309,711,151,65,416,0,0,3,73,3,3,0,10,0,0,0,0,0,2688,2816,2688,2816,4128,2208,8729,1626,0,0,0,0,100,53,45,41,48,53,50,48,0,0,74,0,0,0,0,0,0,14780,1127,1009,0,931,77,346,346,100,1,1,0,999,999,40,0,25,0,0,0,0,0,0,0,0,0,0,100,2688,2816,100,0,0,0,0,0,0,0,0,0,0,0,0,0,0,0,0,0,0,0,0,160,793,793,1,1,23,16,50,1,7398,793,2200,2038,0,0,0,11123,0,11364,0,0,0,0,11,3,6,194,0,239,15,272,0,0,694,8013,0
952095,2426,1026,80,47,9999,0,0,355,0,0,0,4139,1469,0,0,62,0,2,2,1382,456,2000,1,0,4,70,72,39559,13785,263,796,112,65,370,0,16,5,72,3,3,0,10,0,0,0,0,0,2688,2816,2688,2816,4128,2208,8551,1605,0,0,0,0,100,49,39,37,38,45,49,49,0,0,76,0,0,0,0,0,0,14780,1127,1009,0,931,77,346,346,100,4,2,0,999,999,40,0,25,0,0,0,0,0,0,0,0,0,0,100,2688,2816,100,0,0,0,0,0,0,0,0,0,0,0,0,0,0,0,0,0,0,0,0,160,793,793,1,1,23,19,50,1,7431,793,2201,2042,0,0,0,12939,0,13158,0,0,0,0,11,3,6,194,0,239,15,272,0,0,694,8013,0
953095,2426,1026,80,47,9999,0,0,436,0,0,0,4139,1804,0,0,62,0,3,2,1651,456,2000,1,0,4,72,72,35550,13643,300,654,117,64,361,0,0,3,72,3,3,0,10,0,0,0,0,0,2688,2816,2688,2816,4128,2208,8687,1610,0,0,0,0,100,55,36,38,33,44,55,43,0,0,76,0,0,0,0,0,0,14780,1127,1009,0,931,77,346,346,100,2,1,0,999,999,40,0,25,0,0,0,0,0,0,0,0,0,0,100,2688,2816,100,0,0,0,0,0,0,0,0,0,0,0,0,0,0,0,0,0,0,0,0,160,793,793,1,1,23,18,50,1,7394,793,2201,2041,0,0,0,15270,0,15547,0,0,1,6,11,3,6,195,0,239,15,272,28,6,694,8013,0
954095,2426,1026,80,47,9999,0,0,268,0,0,0,4139,1109,0,0,62,0,2,2,1651,456,2000,1,0,4,72,72,34945,13807,316,704,138,65,396,0,0,3,73,3,3,0,10,0,0,0,0,0,2688,2816,2688,2816,4128,2208,8206,1615,0,0,0,0,100,47,35,39,38,45,47,40,0,0,77,0,0,0,0,0,0,14780,1127,1009,0,931,77,346,346,100,2,1,0,999,999,40,0,25,0,0,0,0,0,0,0,0,0,0,100,2688,2816,100,0,0,0,0,0,0,0,0,0,0,0,0,0,0,0,0,0,0,0,0,160,793,793,1,1,23,16,50,1,7427,793,2200,2039,0,0,0,9829,0,11770,0,0,0,0,11,3,6,195,0,239,15,272,0,0,694,8013,0
955095,2426,1026,80,47,9999,0,0,321,0,0,0,4139,1328,0,0,62,0,3,2,1651,456,2000,1,0,4,72,72,36776,13694,278,609,118,65,382,0,0,0,73,3,3,0,10,0,0,0,0,0,2688,2816,2688,2816,4128,2208,8748,1622,0,0,0,0,100,57,40,41,41,53,57,46,0,0,77,0,0,0,0,0,0,14780,1127,1009,0,931,77,346,346,100,0,0,0,999,999,40,0,25,0,0,0,0,0,0,0,0,0,0,100,2688,2816,100,0,0,0,0,0,0,0,0,0,0,0,0,0,0,0,0,0,0,0,0,160,794,794,1,1,23,20,50,1,7397,794,2201,2043,0,0,0,12077,0,12309,0,0,1,6,11,3,6,195,0,239,15,272,28,6,694,8013,0
956095,2426,1026,80,47,9999,0,0,357,0,0,0,4139,1477,0,0,62,0,2,2,1651,456,2000,1,0,4,72,72,35887,13688,313,653,123,65,385,0,0,3,73,3,3,0,10,0,0,0,0,0,2688,2816,2688,2816,4128,2208,8830,1626,0,0,0,0,100,52,45,38,41,46,52,48,0,0,77,0,0,0,0,0,0,14780,1127,1009,0,931,77,346,346,100,2,1,0,999,999,40,0,25,0,0,0,0,0,0,0,0,0,0,100,2688,2816,100,0,0,0,0,0,0,0,0,0,0,0,0,0,0,0,0,0,0,0,0,160,794,794,1,1,23,19,50,1,7397,794,2201,2042,0,0,0,9574,0,9885,0,0,2,1,11,3,6,195,0,239,15,272,51,1,694,8013,0
957095,2426,1026,80,47,9999,0,0,293,0,0,0,4139,1212,0,0,62,0,2,2,1651,456,2000,1,0,4,72,72,35141,13895,311,687,137,64,414,0,0,4,73,3,3,0,10,0,0,0,0,0,2688,2816,2688,2816,4128,2208,8686,1619,0,0,0,0,100,49,36,37,36,43,49,44,0,0,77,0,0,0,0,0,0,14780,1127,1009,0,931,77,346,346,100,1,1,0,999,999,40,0,25,0,0,0,0,0,0,0,0,0,0,100,2688,2816,100,0,0,0,0,0,0,0,0,0,0,0,0,0,0,0,0,0,0,0,0,160,794,794,1,1,23,18,50,1,7432,794,2200,2040,0,0,0,13432,0,13801,0,0,1,6,11,3,6,195,0,239,15,272,28,6,694,8013,0
958095,2426,1026,80,47,9999,0,0,292,0,0,0,4139,1208,0,0,62,0,3,2,1651,456,2000,1,0,4,73,72,36954,13727,317,759,214,65,380,0,0,3,73,3,3,0,10,0,0,0,0,0,2688,2816,2688,2816,4128,2208,8726,1610,0,0,0,0,100,58,44,42,49,58,58,56,0,0,77,0,0,0,0,0,0,14780,1127,1009,0,931,77,346,346,100,1,1,0,999,999,40,0,25,0,0,0,0,0,0,0,0,0,0,100,2688,2816,100,0,0,0,0,0,0,0,0,0,0,0,0,0,0,0,0,0,0,0,0,160,794,794,1,1,23,21,50,1,7395,794,2200,2043,0,0,0,17604,0,18006,0,0,4,2,11,3,6,195,0,239,15,272,105,2,694,8013,0
959130,2384,1025,80,47,9999,0,0,502,0,0,0,4124,2070,0,0,62,0,2,2,1651,456,2000,1,0,4,72,72,34878,13933,364,825,196,65,388,0,0,1,73,3,3,0,10,0,0,0,0,0,2688,2816,2688,2816,4128,2208,8819,1614,0,0,0,0,100,51,44,41,43,45,45,51,0,0,77,0,0,0,0,0,0,14780,1128,1007,0,933,73,346,346,100,1,1,0,999,999,40,0,25,0,0,0,0,0,0,0,0,0,0,100,2688,2816,100,0,0,0,0,0,0,0,0,0,0,0,0,0,0,0,0,0,0,0,0,160,794,794,1,1,23,19,50,1,7429,794,2200,2042,0,0,0,11605,0,11852,0,0,0,0,11,3,6,195,0,239,15,272,0,0,694,8013,0
960096,2384,1025,80,47,9999,0,0,406,0,0,0,4124,1674,0,0,62,0,3,2,1651,456,2000,1,0,4,71,72,35747,13827,312,703,114,65,409,0,0,4,72,3,3,0,10,0,0,0,0,0,2688,2816,2688,2816,4128,2208,8150,1623,0,0,0,0,100,50,38,37,36,41,50,47,0,0,77,0,0,0,0,0,0,14780,1128,1007,0,933,73,346,346,100,2,1,0,999,999,40,0,25,0,0,0,0,0,0,0,0,0,0,100,2688,2816,100,0,0,0,0,0,0,0,0,0,0,0,0,0,0,0,0,0,0,0,0,160,794,794,1,1,23,18,50,1,7389,794,2201,2042,0,0,0,12013,0,12264,0,0,2,1,11,3,6,211,0,246,15,272,53,1,698,8013,1
961096,2384,1025,80,47,9999,0,0,263,0,0,0,4124,1084,0,0,62,0,2,2,1651,456,2000,1,0,4,73,72,35674,13708,280,689,107,65,380,0,0,3,73,3,3,0,10,0,0,0,0,0,2688,2816,2688,2816,4128,2208,9205,1557,0,0,0,0,100,58,44,45,46,54,58,48,0,0,77,0,0,0,0,0,0,14780,1128,1007,0,933,73,346,346,100,2,1,0,999,999,40,0,25,0,0,0,0,0,0,0,0,0,0,100,2688,2816,100,0,0,0,0,0,0,0,0,0,0,0,0,0,0,0,0,0,0,0,0,160,794,794,1,1,23,18,50,1,7389,794,2201,2041,0,0,0,12726,0,12978,0,0,2,2,11,3,6,210,0,246,15,272,70,2,700,8013,1
962096,2384,1025,80,47,9999,0,0,398,0,0,0,4124,1641,0,0,62,0,3,3,1651,456,2000,1,0,4,72,72,37372,13587,298,628,101,65,379,0,0,0,72,3,3,0,10,0,0,0,0,0,2688,2816,2688,2816,4128,2208,9203,1564,0,0,0,0,100,52,34,32,30,49,52,50,0,0,78,0,0,0,0,0,0,14780,1128,1007,0,933,73,346,346,100,0,0,0,999,999,40,0,25,0,0,0,0,0,0,0,0,0,0,100,2688,2816,100,0,0,0,0,0,0,0,0,0,0,0,0,0,0,0,0,0,0,0,0,160,794,794,1,1,23,16,50,1,7423,794,2200,2038,0,0,0,16644,0,17065,0,0,2,2,11,3,6,209,0,246,15,272,70,2,700,8013,1
963096,2384,1025,80,47,9999,0,0,197,0,0,0,4124,812,0,0,62,0,3,3,1651,492,2000,1,0,4,69,72,41856,13675,309,678,133,64,376,0,3,6,73,3,3,0,10,0,0,0,0,0,2688,2816,2688,2816,4128,2208,8416,1469,0,0,0,0,100,63,39,38,39,56,53,63,0,0,74,0,0,0,0,0,0,14780,1128,1007,0,933,73,346,346,100,3,1,0,999,999,40,0,25,0,0,0,0,0,0,0,0,0,0,100,2688,2816,100,0,0,0,0,0,0,0,0,0,0,0,0,0,0,0,0,0,0,0,0,160,794,794,1,1,23,17,50,1,7386,794,2200,2040,0,0,0,14187,0,14479,0,0,2,2,11,3,6,209,0,246,15,272,70,2,700,8013,1
964096,2384,1025,80,47,9999,0,0,233,0,0,0,4124,960,0,0,62,0,2,3,1651,492,2000,1,0,4,72,72,36852,13606,259,624,106,65,362,0,0,2,73,3,3,0,10,0,0,0,0,0,2688,2816,2688,2816,4128,2208,8499,1455,0,0,0,0,100,54,39,39,36,49,54,53,0,0,74,0,0,0,0,0,0,14780,1128,1007,0,933,73,346,346,100,2,1,0,999,999,40,0,25,0,0,0,0,0,0,0,0,0,0,100,2688,2816,100,0,0,0,0,0,0,0,0,0,0,0,0,0,0,0,0,0,0,0,0,160,795,795,1,1,24,18,50,1,7419,795,2202,2041,0,0,0,15523,0,15755,0,0,2,4,11,3,6,209,0,246,15,272,67,4,700,8013,1
965096,2384,1025,80,47,9999,0,0,224,0,0,0,4124,923,0,0,62,0,3,3,1651,492,2000,1,0,4,73,72,35070,13509,270,601,148,67,372,0,0,2,73,3,3,0,10,0,0,0,0,0,2688,2816,2688,2816,4128,2208,8438,1476,0,0,0,0,100,46,36,35,35,46,44,46,0,0,74,0,0,0,0,0,0,14780,1128,1007,0,933,73,346,346,100,2,1,0,999,999,40,0,25,0,0,0,0,0,0,0,0,0,0,100,2688,2816,100,0,0,0,0,0,0,0,0,0,0,0,0,0,0,0,0,0,0,0,0,160,795,795,1,1,24,17,50,1,7386,795,2202,2041,0,0,0,17498,0,18021,0,0,1,6,11,3,6,207,0,246,15,272,28,6,699,8013,1
966096,2384,1025,80,47,9999,0,0,671,0,0,0,4124,2767,0,0,62,0,2,3,1651,492,2000,1,0,4,71,72,36075,13774,306,750,142,63,364,0,0,4,72,3,3,0,10,0,0,0,0,0,2688,2816,2688,2816,4128,2208,8342,1487,0,0,0,0,100,48,39,35,33,41,48,46,0,0,73,0,0,0,0,0,0,14780,1128,1007,0,933,73,346,346,100,3,1,0,999,999,40,0,25,0,0,0,0,0,0,0,0,0,0,100,2688,2816,100,0,0,0,0,0,0,0,0,0,0,0,0,0,0,0,0,0,0,0,0,160,795,795,1,1,23,16,50,1,7449,795,2200,2039,0,0,0,21252,0,21798,0,0,0,0,11,3,6,207,0,246,15,272,0,0,700,8013,1
967096,2384,1025,80,47,9999,0,0,502,0,0,0,4124,2070,0,0,62,0,3,2,1651,492,2000,1,0,4,71,72,37063,13701,292,671,148,65,359,0,0,4,73,3,3,0,10,0,0,0,0,0,2688,2816,2688,2816,4128,2208,8703,1610,0,0,0,0,100,57,44,42,44,54,52,57,0,0,74,0,0,0,0,0,0,14780,1128,1007,0,933,73,346,346,100,2,1,0,999,999,40,0,25,0,0,0,0,0,0,0,0,0,0,100,2688,2816,100,0,0,0,0,0,0,0,0,0,0,0,0,0,0,0,0,0,0,0,0,160,795,795,1,1,23,19,50,1,7390,795,2200,2042,0,0,0,16740,0,17044,0,0,0,0,11,3,6,207,0,246,15,272,0,0,699,8013,1
968096,2384,1025,80,47,9999,0,0,309,0,0,0,4124,1274,0,0,62,0,4,2,1651,492,2000,1,0,4,72,72,38423,13692,314,628,120,66,382,0,0,6,73,3,3,0,10,0,0,0,0,0,2688,2816,2688,2816,4128,2208,8753,1578,0,0,0,0,100,61,51,51,50,61,51,58,0,0,75,0,0,0,0,0,0,14780,1128,1007,0,933,73,346,346,100,3,1,0,999,999,40,0,25,0,0,0,0,0,0,0,0,0,0,100,2688,2816,100,0,0,0,0,0,0,0,0,0,0,0,0,0,0,0,0,0,0,0,0,160,795,795,1,1,23,15,50,1,7389,795,2201,2038,0,0,0,9419,0,9955,0,0,0,3,11,3,6,205,0,246,15,272,14,3,699,8013,1
969096,2384,1025,80,47,9999,0,0,492,0,0,0,4139,2036,0,0,62,0,3,2,1651,492,2000,1,0,4,71,72,36425,13767,327,706,118,64,368,0,0,1,73,3,3,0,10,0,0,0,0,0,2688,2816,2688,2816,4128,2208,8648,1591,0,0,0,0,100,50,41,42,37,50,48,45,0,0,76,0,0,0,0,0,0,14780,1128,1007,0,933,73,346,346,100,1,1,0,999,999,40,0,25,0,0,0,0,0,0,0,0,0,0,100,2688,2816,100,0,0,0,0,0,0,0,0,0,0,0,0,0,0,0,0,0,0,0,0,160,795,795,1,1,23,18,50,1,7404,795,2201,2042,0,0,0,16236,0,16603,0,0,0,0,11,3,6,205,0,246,15,272,0,0,699,8013,1
970096,2384,1025,80,47,9999,0,0,312,0,0,0,4139,1291,0,0,62,0,3,2,1651,492,2000,1,0,4,73,72,34773,13671,291,579,107,65,400,0,0,2,73,3,3,0,10,0,0,0,0,0,2688,2816,2688,2816,4128,2208,8665,1593,0,0,0,0,100,53,40,34,38,53,49,44,0,0,77,0,0,0,0,0,0,14780,1128,1007,0,933,73,346,346,100,1,1,0,999,999,40,0,25,0,0,0,0,0,0,0,0,0,0,100,2688,2816,100,0,0,0,0,0,0,0,0,0,0,0,0,0,0,0,0,0,0,0,0,160,792,792,1,1,23,17,50,1,7367,792,2201,2041,0,0,0,14270,0,14624,0,0,0,0,11,3,6,205,0,246,15,272,0,0,699,8013,1
971097,2384,1025,80,47,9999,0,0,350,0,0,0,4139,1448,0,0,62,0,2,2,1651,492,2000,1,0,4,71,72,35017,13568,297,589,118,65,385,0,0,4,73,3,3,0,10,0,0,0,0,0,2688,2816,2688,2816,4128,2208,9275,1591,0,0,0,0,100,51,41,32,36,42,47,51,0,0,76,0,0,0,0,0,0,14780,1128,1007,0,933,73,346,346,100,2,1,0,999,999,40,0,25,0,0,0,0,0,0,0,0,0,0,100,2688,2816,100,0,0,0,0,0,0,0,0,0,0,0,0,0,0,0,0,0,0,0,0,160,793,793,1,1,23,16,50,1,7403,793,2201,2040,0,0,0,8032,0,8282,0,0,0,0,11,3,6,206,0,246,15,272,0,0,699,8013,1
972098,2384,1025,80,47,9999,0,0,218,0,0,0,4139,902,0,0,62,0,3,2,1651,492,2000,1,0,4,72,72,37130,13644,441,573,115,64,379,0,0,5,73,3,3,0,10,0,0,0,0,0,2688,2816,2688,2816,4128,2208,9208,1597,0,0,0,0,100,56,42,37,43,55,56,54,0,0,76,0,0,0,0,0,0,14780,1128,1007,0,933,73,346,346,100,2,1,0,999,999,40,0,25,0,0,0,0,0,0,0,0,0,0,100,2688,2816,100,0,0,0,0,0,0,0,0,0,0,0,0,0,0,0,0,0,0,0,0,160,793,793,1,1,23,16,50,1,7368,793,2201,2040,0,0,0,10531,0,10791,0,0,0,0,11,3,6,206,0,246,15,272,0,0,699,8013,1
973098,2384,1025,80,47,9999,0,0,447,0,0,0,4139,1850,0,0,62,0,2,2,1382,456,2000,1,0,4,72,72,35055,13683,277,635,129,64,391,0,0,4,72,3,3,0,10,0,0,0,0,0,2688,2816,2688,2816,4128,2208,9217,1593,0,0,0,0,100,52,40,37,36,44,43,52,0,0,76,0,0,0,0,0,0,14780,1128,1007,0,933,73,346,346,100,3,1,0,999,999,40,0,25,0,0,0,0,0,0,0,0,0,0,100,2688,2816,100,0,0,0,0,0,0,0,0,0,0,0,0,0,0,0,0,0,0,0,0,160,793,793,1,1,23,15,50,1,7402,793,2201,2038,0,0,0,14812,0,15112,0,0,2,1,11,3,6,200,0,240,15,272,51,1,694,8013,0
974098,2384,1025,80,47,9999,0,0,344,0,0,0,4139,1423,0,0,62,0,3,3,1382,456,2000,1,0,4,71,72,36878,13618,318,601,126,65,390,0,0,3,73,3,3,0,10,0,0,0,0,0,2688,2816,2688,2816,4128,2208,8278,1536,0,0,0,0,100,51,38,40,34,47,50,51,0,0,75,0,0,0,0,0,0,14780,1128,1007,0,933,73,346,346,100,1,1,0,999,999,40,0,25,0,0,0,0,0,0,0,0,0,0,100,2688,2816,100,0,0,0,0,0,0,0,0,0,0,0,0,0,0,0,0,0,0,0,0,160,793,793,1,1,23,18,50,1,7369,793,2200,2041,0,0,0,17801,0,18126,0,0,0,0,11,3,6,201,0,239,15,272,0,0,694,8013,0
975099,2384,1025,80,47,9999,0,0,295,0,0,0,4139,1221,0,0,62,0,2,2,1382,456,2000,1,0,4,72,72,35987,13983,356,852,247,65,387,0,0,3,73,3,3,0,10,0,0,0,0,0,2688,2816,2688,2816,4128,2208,7652,1527,0,0,0,0,100,53,43,40,41,48,53,48,0,0,73,0,0,0,0,0,0,14780,1128,1007,0,933,73,346,346,100,2,1,0,999,999,40,0,25,0,0,0,0,0,0,0,0,0,0,100,2688,2816,100,0,0,0,0,0,0,0,0,0,0,0,0,0,0,0,0,0,0,0,0,160,793,793,1,1,23,20,50,1,7370,793,2201,2043,0,0,0,9634,0,9854,0,0,0,0,11,3,6,191,0,239,15,272,0,0,693,8013,0
976098,2384,1025,80,47,9999,0,0,142,0,0,0,4139,587,0,0,62,0,2,2,1382,456,2000,1,0,4,72,72,34911,13813,310,689,170,65,404,0,0,0,73,3,3,0,10,0,0,0,0,0,2688,2816,2688,2816,4128,2208,8459,1601,0,0,0,0,100,55,43,34,37,45,46,55,0,0,75,0,0,0,0,0,0,14780,1128,1007,0,933,73,346,346,100,0,0,0,999,999,40,0,25,0,0,0,0,0,0,0,0,0,0,100,2688,2816,100,0,0,0,0,0,0,0,0,0,0,0,0,0,0,0,0,0,0,0,0,160,793,793,1,1,23,17,50,1,7405,793,2201,2040,0,0,0,13126,0,13381,0,0,0,1,11,3,6,202,0,245,15,272,5,1,698,8013,1
977098,2384,1025,80,47,9999,0,0,237,0,0,0,4145,982,0,0,62,0,2,2,1382,456,2000,1,0,4,72,72,36091,13648,293,633,113,65,374,0,0,2,73,3,3,0,10,0,0,0,0,0,2688,2816,2688,2816,4128,2208,8089,1616,0,0,0,0,100,56,40,43,44,56,46,53,0,0,76,0,0,0,0,0,0,14780,1128,1007,0,933,73,346,346,100,1,1,0,999,999,40,0,25,0,0,0,0,0,0,0,0,0,0,100,2688,2816,100,0,0,0,0,0,0,0,0,0,0,0,0,0,0,0,0,0,0,0,0,160,793,793,1,1,23,16,50,1,7373,793,2201,2040,0,0,0,14907,0,15189,0,0,0,0,11,3,6,203,0,240,15,272,0,0,695,8013,0
978098,2384,1025,80,47,9999,0,0,345,0,0,0,4145,1430,0,0,62,0,3,2,1382,456,2000,1,0,4,73,72,37112,14064,308,814,361,65,391,0,0,4,73,3,3,0,10,0,0,0,0,0,2688,2816,2688,2816,4128,2208,9063,1606,0,0,0,0,100,62,48,49,48,53,62,58,0,0,74,0,0,0,0,0,0,14780,1128,1007,0,933,73,346,346,100,2,1,0,999,999,40,0,25,0,0,0,0,0,0,0,0,0,0,100,2688,2816,100,0,0,0,0,0,0,0,0,0,0,0,0,0,0,0,0,0,0,0,0,160,793,793,1,1,23,15,50,1,7406,793,2200,2038,0,0,0,13554,0,13984,0,0,0,0,11,3,6,203,0,240,15,272,0,0,695,8013,0
979139,2441,1026,80,47,9999,0,0,142,0,0,0,4145,588,0,0,62,0,2,2,1382,456,2000,1,0,4,70,72,35658,13915,326,812,232,66,394,0,0,1,73,3,3,0,10,0,0,0,0,0,2688,2816,2688,2816,4128,2208,8483,1595,0,0,0,0,100,55,45,43,45,55,50,50,0,0,75,0,0,0,0,0,0,14779,1126,1009,0,931,77,345,345,100,1,1,0,999,999,40,0,25,0,0,0,0,0,0,0,0,0,0,100,2688,2816,100,0,0,0,0,0,0,0,0,0,0,0,0,0,0,0,0,0,0,0,0,160,793,793,1,1,23,19,50,1,7372,793,2200,2041,0,0,0,11559,0,11937,0,0,2,1,11,3,6,212,0,246,15,272,53,1,698,8013,1
980099,2441,1026,80,47,9999,0,0,252,0,0,0,4145,1044,0,0,62,0,2,2,1382,456,2000,1,0,4,72,72,37865,13823,329,765,137,67,382,0,0,5,73,3,3,0,10,0,0,0,0,0,2688,2816,2688,2816,4128,2208,8966,1562,0,0,0,0,100,52,38,42,36,43,49,52,0,0,75,0,0,0,0,0,0,14779,1126,1009,0,931,77,345,345,100,3,1,0,999,999,40,0,25,0,0,0,0,0,0,0,0,0,0,100,2688,2816,100,0,0,0,0,0,0,0,0,0,0,0,0,0,0,0,0,0,0,0,0,160,793,793,1,1,23,18,50,1,7407,793,2201,2042,0,0,0,10116,0,11758,0,0,0,0,11,3,6,209,0,246,15,272,0,0,700,8013,1
981099,2441,1026,80,47,9999,0,0,323,0,0,0,4145,1338,0,0,62,0,3,2,1382,456,2000,1,0,4,73,72,37301,13803,324,729,134,65,389,0,0,5,72,3,3,0,10,0,0,0,0,0,2688,2816,2688,2816,4128,2208,8992,1588,0,0,0,0,100,55,40,37,36,52,53,55,0,0,76,0,0,0,0,0,0,14779,1126,1009,0,931,77,345,345,100,2,1,0,999,999,40,0,25,0,0,0,0,0,0,0,0,0,0,100,2688,2816,100,0,0,0,0,0,0,0,0,0,0,0,0,0,0,0,0,0,0,0,0,160,793,793,1,1,23,16,50,1,7376,793,2201,2040,0,0,0,14448,0,14953,0,0,0,0,11,3,6,211,0,246,15,272,0,0,700,8013,1
982099,2441,1026,80,47,9999,0,0,155,0,0,0,4145,642,0,0,62,0,2,2,1382,456,2000,1,0,4,71,72,35968,13796,258,797,134,65,398,0,0,1,73,3,3,0,10,0,0,0,0,0,2688,2816,2688,2816,4128,2208,8672,1580,0,0,0,0,100,53,39,37,42,47,53,49,0,0,77,0,0,0,0,0,0,14779,1126,1009,0,931,77,345,345,100,1,1,0,999,999,40,0,25,0,0,0,0,0,0,0,0,0,0,100,2688,2816,100,0,0,0,0,0,0,0,0,0,0,0,0,0,0,0,0,0,0,0,0,160,793,793,1,1,23,20,50,1,7375,793,2200,2043,0,0,0,16986,0,17365,0,0,0,5,11,3,6,209,0,246,15,272,23,5,700,8013,1
983100,2441,1026,80,47,9999,0,0,313,0,0,0,4145,1297,0,0,62,0,2,2,1382,456,2000,1,0,4,73,72,35926,13637,257,668,119,64,389,0,0,2,72,3,3,0,10,0,0,0,0,0,2688,2816,2688,2816,4128,2208,8785,1582,0,0,0,0,100,53,39,35,35,42,48,53,0,0,77,0,0,0,0,0,0,14779,1126,1009,0,931,77,345,345,100,2,1,0,999,999,40,0,25,0,0,0,0,0,0,0,0,0,0,100,2688,2816,100,0,0,0,0,0,0,0,0,0,0,0,0,0,0,0,0,0,0,0,0,160,793,793,1,1,23,20,50,1,7410,793,2200,2043,0,0,0,18003,0,18472,0,0,0,0,11,3,6,212,0,246,15,272,0,0,700,8013,1
984099,2441,1026,80,47,9999,0,0,356,0,0,0,4145,1475,0,0,62,0,2,2,1382,456,2000,1,0,4,72,72,38066,13672,326,596,114,65,400,0,0,1,73,3,3,0,10,0,0,0,0,0,2688,2816,2688,2816,4128,2208,8966,1583,0,0,0,0,100,62,46,39,45,62,50,58,0,0,78,0,0,0,0,0,0,14779,1126,1009,0,931,77,345,345,100,1,1,0,999,999,40,0,25,0,0,0,0,0,0,0,0,0,0,100,2688,2816,100,0,0,0,0,0,0,0,0,0,0,0,0,0,0,0,0,0,0,0,0,160,794,794,1,1,23,18,50,1,7376,794,2201,2042,0,0,0,11049,0,11283,0,0,0,0,11,3,6,212,0,246,15,272,0,0,700,8013,1
985099,2441,1026,80,47,9999,0,0,235,0,0,0,4145,974,0,0,62,0,2,2,1382,456,2000,1,0,4,72,72,36440,13683,299,595,107,65,380,0,0,1,73,3,3,0,10,0,0,0,0,0,2688,2816,2688,2816,4128,2208,8833,1580,0,0,0,0,100,54,44,37,37,45,52,54,0,0,78,0,0,0,0,0,0,14779,1126,1009,0,931,77,345,345,100,1,1,0,999,999,40,0,25,0,0,0,0,0,0,0,0,0,0,100,2688,2816,100,0,0,0,0,0,0,0,0,0,0,0,0,0,0,0,0,0,0,0,0,160,794,794,1,1,23,19,50,1,7410,794,2200,2041,0,0,0,14617,0,14859,0,0,2,1,11,3,6,211,0,246,15,272,53,1,700,8013,1
986099,2441,1026,80,47,9999,0,0,212,0,0,0,4145,878,0,0,62,0,3,2,1382,456,2000,1,0,4,71,72,38701,13541,249,591,110,65,384,0,0,5,72,3,3,0,10,0,0,0,0,0,2688,2816,2688,2816,4128,2208,9438,1586,0,0,0,0,100,57,41,39,45,53,57,55,0,0,77,0,0,0,0,0,0,14779,1126,1009,0,931,77,345,345,100,2,1,0,999,999,40,0,25,0,0,0,0,0,0,0,0,0,0,100,2688,2816,100,0,0,0,0,0,0,0,0,0,0,0,0,0,0,0,0,0,0,0,0,160,794,794,1,1,23,17,50,1,7379,794,2200,2040,0,0,0,18630,0,18985,0,0,2,1,11,3,6,209,0,246,15,272,53,1,700,8013,1
987101,2441,1026,80,47,9999,0,0,539,0,0,0,4145,2234,0,0,62,0,2,2,1382,456,2000,1,0,4,71,72,38124,13649,342,581,110,65,380,0,0,3,73,3,3,0,10,0,0,0,0,0,2688,2816,2688,2816,4128,2208,8983,1595,0,0,0,0,100,55,43,40,40,52,49,55,0,0,77,0,0,0,0,0,0,14779,1126,1009,0,931,77,345,345,100,2,1,0,999,999,40,0,25,0,0,0,0,0,0,0,0,0,0,100,2688,2816,100,0,0,0,0,0,0,0,0,0,0,0,0,0,0,0,0,0,0,0,0,160,794,794,1,1,23,17,50,1,7428,794,2201,2041,0,0,0,7764,0,8006,0,0,0,5,11,3,6,209,0,245,15,272,23,5,698,8013,1
988099,2441,1026,80,47,9999,0,0,578,0,0,0,4145,2395,0,0,62,0,3,4,1382,456,2000,1,0,4,71,72,37575,13650,302,592,131,65,393,0,0,6,73,3,3,0,10,0,0,0,0,0,2688,2816,2688,2816,4128,2208,7936,1453,0,0,0,0,100,62,50,45,42,53,62,52,0,0,75,0,0,0,0,0,0,14779,1126,1009,0,931,77,345,345,100,4,1,0,999,999,40,0,25,0,0,0,0,0,0,0,0,0,0,100,2688,2816,100,0,0,0,0,0,0,0,0,0,0,0,0,0,0,0,0,0,0,0,0,160,794,794,1,1,23,15,50,1,7411,794,2201,2039,0,0,0,15658,0,16005,0,0,2,1,11,3,6,205,0,240,15,272,53,1,695,8013,0
989100,2441,1026,80,47,9999,0,0,287,0,0,0,4134,1186,0,0,62,0,2,3,1382,456,2000,1,0,4,72,72,36248,13643,253,748,141,65,370,0,2,5,72,3,3,0,10,0,0,0,0,0,2688,2816,2688,2816,4128,2208,7349,1492,0,0,0,0,100,59,50,53,51,59,50,51,0,0,68,0,0,0,0,0,0,14779,1126,1009,0,931,77,345,345,100,4,2,0,999,999,40,0,25,0,0,0,0,0,0,0,0,0,0,100,2688,2816,100,0,0,0,0,0,0,0,0,0,0,0,0,0,0,0,0,0,0,0,0,160,794,794,1,1,23,19,50,1,7383,794,2201,2043,0,0,0,12410,0,12779,0,0,0,0,11,3,6,201,0,240,15,272,0,0,694,8013,0
990100,2441,1026,80,47,9999,0,0,262,0,0,0,4134,1083,0,0,62,0,3,3,1382,456,2000,1,0,4,72,72,36001,13573,304,619,105,65,407,0,0,2,73,3,3,0,10,0,0,0,0,0,2688,2816,2688,2816,4128,2208,8099,1502,0,0,0,0,100,52,48,47,45,47,50,52,0,0,70,0,0,0,0,0,0,14779,1126,1009,0,931,77,345,345,100,2,1,0,999,999,40,0,25,0,0,0,0,0,0,0,0,0,0,100,2688,2816,100,0,0,0,0,0,0,0,0,0,0,0,0,0,0,0,0,0,0,0,0,160,795,795,1,1,23,19,50,1,7416,795,2200,2042,0,0,0,17741,0,18096,0,0,0,0,11,3,6,201,0,239,15,272,0,0,694,8013,0
991099,2441,1026,80,47,9999,0,0,139,0,0,0,4134,574,0,0,62,0,2,2,1382,456,2000,1,0,4,73,72,33867,13633,324,601,120,64,426,0,0,1,73,3,3,0,10,0,0,0,0,0,2688,2816,2688,2816,4128,2208,8347,1509,0,0,0,0,100,55,40,40,41,52,47,55,0,0,71,0,0,0,0,0,0,14779,1126,1009,0,931,77,345,345,100,1,1,0,999,999,40,0,25,0,0,0,0,0,0,0,0,0,0,100,2688,2816,100,0,0,0,0,0,0,0,0,0,0,0,0,0,0,0,0,0,0,0,0,160,795,795,1,1,23,17,50,1,7384,795,2201,2041,0,0,0,9765,0,9994,0,0,2,1,11,3,6,201,0,239,15,272,51,1,694,8013,0
992100,2441,1026,80,47,9999,0,0,460,0,0,0,4134,1901,0,0,62,0,2,2,1382,456,2000,1,0,4,73,72,35827,13793,668,764,132,65,385,0,0,2,73,3,3,0,10,0,0,0,0,0,2688,2816,2688,2816,4128,2208,8666,1606,0,0,0,0,100,53,40,36,35,50,44,53,0,0,74,0,0,0,0,0,0,14779,1126,1009,0,931,77,345,345,100,2,1,0,999,999,40,0,25,0,0,0,0,0,0,0,0,0,0,100,2688,2816,100,0,0,0,0,0,0,0,0,0,0,0,0,0,0,0,0,0,0,0,0,160,795,795,1,1,23,17,50,1,7417,795,2201,2041,0,0,0,16242,0,17105,0,0,0,0,11,3,6,201,0,239,15,272,0,0,694,8013,0
993100,2441,1026,80,47,9999,0,0,258,0,0,0,4134,1066,0,0,62,0,3,2,1651,456,2000,1,0,4,73,72,35958,13706,320,667,117,65,443,0,1,4,73,3,3,0,10,0,0,0,0,0,2688,2816,2688,2816,4128,2208,9264,1597,0,0,0,0,100,58,48,40,48,58,57,56,0,0,76,0,0,0,0,0,0,14779,1126,1009,0,931,77,345,345,100,2,1,0,999,999,40,0,25,0,0,0,0,0,0,0,0,0,0,100,2688,2816,100,0,0,0,0,0,0,0,0,0,0,0,0,0,0,0,0,0,0,0,0,160,795,795,1,1,23,16,50,1,7383,795,2201,2039,0,0,0,13182,0,13582,0,0,0,1,11,3,6,201,0,239,15,272,17,1,694,8013,0
994101,2441,1026,80,47,9999,0,0,107,0,0,0,4134,442,0,0,62,0,2,2,1651,456,2000,1,0,4,72,72,35628,13689,278,664,111,64,370,0,0,1,73,3,3,0,10,0,0,0,0,0,2688,2816,2688,2816,4128,2208,8678,1610,0,0,0,0,100,55,40,35,31,37,37,55,0,0,76,0,0,0,0,0,0,14779,1126,1009,0,931,77,345,345,100,1,1,0,999,999,40,0,25,0,0,0,0,0,0,0,0,0,0,100,2688,2816,100,0,0,0,0,0,0,0,0,0,0,0,0,0,0,0,0,0,0,0,0,160,795,795,1,1,23,19,50,1,7383,795,2200,2042,0,0,0,16873,0,17254,0,0,0,0,11,3,6,184,0,238,15,272,0,0,691,8013,0
995100,2441,1026,80,47,9999,0,0,245,0,0,0,4134,1012,0,0,62,0,2,2,1651,456,2000,1,0,4,72,72,34637,13618,277,608,132,65,394,0,0,2,72,3,3,0,10,0,0,0,0,0,2688,2816,2688,2816,4128,2208,8166,1602,0,0,0,0,100,52,39,33,33,35,52,46,0,0,75,0,0,0,0,0,0,14779,1126,1009,0,931,77,345,345,100,1,1,0,999,999,40,0,25,0,0,0,0,0,0,0,0,0,0,100,2688,2816,100,0,0,0,0,0,0,0,0,0,0,0,0,0,0,0,0,0,0,0,0,160,795,795,1,1,23,18,50,1,7422,795,2201,2042,0,0,0,12379,0,12601,0,0,0,0,11,3,6,182,0,238,15,272,0,0,691,8013,0
996100,2441,1026,80,47,9999,0,0,170,0,0,0,4134,702,0,0,62,0,3,2,1651,456,2000,1,0,4,73,72,35584,14160,288,847,222,66,531,0,0,2,73,3,3,0,10,0,0,0,0,0,2688,2816,2688,2816,4128,2208,8004,1617,0,0,0,0,100,54,41,42,42,54,52,50,0,0,73,0,0,0,0,0,0,14779,1126,1009,0,931,77,345,345,100,1,1,0,999,999,40,0,25,0,0,0,0,0,0,0,0,0,0,100,2688,2816,100,0,0,0,0,0,0,0,0,0,0,0,0,0,0,0,0,0,0,0,0,160,795,795,1,1,23,17,50,1,7385,795,2201,2041,0,0,0,8586,0,8840,0,0,0,0,11,3,6,172,0,238,15,272,0,0,690,8013,0
997101,2441,1026,80,47,9999,0,0,373,0,0,0,4134,1541,0,0,62,0,2,2,1651,456,2000,1,0,4,71,72,34474,13957,255,763,126,65,404,0,0,1,72,3,3,0,10,0,0,0,0,0,2688,2816,2688,2816,4128,2208,8331,1578,0,0,0,0,100,51,44,39,39,44,46,51,0,0,72,0,0,0,0,0,0,14779,1126,1009,0,931,77,345,345,100,1,1,0,999,999,40,0,25,0,0,0,0,0,0,0,0,0,0,100,2688,2816,100,0,0,0,0,0,0,0,0,0,0,0,0,0,0,0,0,0,0,0,0,160,795,795,1,1,23,20,50,1,7421,795,2201,2044,0,0,0,10536,0,10862,0,0,1,6,11,3,6,177,0,239,15,272,28,6,693,8013,0
998101,2441,1026,80,47,9999,0,0,247,0,0,0,4134,1021,0,0,62,0,2,2,1651,456,2000,1,0,4,72,72,35859,13770,293,676,122,66,503,0,0,1,73,3,3,0,10,0,0,0,0,0,2688,2816,2688,2816,4128,2208,8070,1571,0,0,0,0,100,63,47,51,53,61,63,52,0,0,72,0,0,0,0,0,0,14779,1126,1009,0,931,77,345,345,100,1,1,0,999,999,40,0,25,0,0,0,0,0,0,0,0,0,0,100,2688,2816,100,0,0,0,0,0,0,0,0,0,0,0,0,0,0,0,0,0,0,0,0,160,795,795,1,1,23,19,50,1,7386,795,2201,2043,0,0,0,15286,0,15662,0,0,2,1,11,3,6,177,0,239,15,272,51,1,693,8013,0
999152,2392,1026,80,47,9999,0,0,347,0,0,0,4148,1439,0,0,62,0,2,2,1651,456,2000,1,0,4,73,72,35643,13914,291,663,124,66,386,0,0,2,73,3,3,0,10,0,0,0,0,0,2688,2816,2688,2816,4128,2208,8080,1567,0,0,0,0,100,56,43,43,39,51,52,56,0,0,72,0,0,0,0,0,0,14780,1129,1008,0,934,73,346,346,100,1,1,0,999,999,40,0,25,0,0,0,0,0,0,0,0,0,0,100,2688,2816,100,0,0,0,0,0,0,0,0,0,0,0,0,0,0,0,0,0,0,0,0,160,795,795,1,1,23,19,50,1,7421,795,2201,2043,0,0,0,13533,0,14253,0,0,0,1,11,3,6,178,0,239,15,272,17,1,693,8013,0
1000100,2392,1026,80,47,9999,0,0,290,0,0,0,4148,1202,0,0,62,0,3,2,1651,456,2000,1,0,4,71,72,35037,13882,280,674,145,65,373,0,0,3,73,3,3,0,10,0,0,0,0,0,2688,2816,2688,2816,4128,2208,7946,1572,0,0,0,0,100,53,38,41,39,50,50,53,0,0,71,0,0,0,0,0,0,14780,1129,1008,0,934,73,346,346,100,2,1,0,999,999,40,0,25,0,0,0,0,0,0,0,0,0,0,100,2688,2816,100,0,0,0,0,0,0,0,0,0,0,0,0,0,0,0,0,0,0,0,0,160,795,795,1,1,23,18,50,1,7387,795,2201,2042,0,0,0,10819,0,11046,0,0,0,0,11,3,6,178,0,239,15,272,0,0,693,8013,0
1001101,2392,1026,80,47,9999,0,0,289,0,0,0,4148,1198,0,0,62,0,2,2,1651,456,2000,1,0,4,72,72,35828,13826,345,787,127,65,360,0,0,2,72,3,3,0,10,0,0,0,0,0,2688,2816,2688,2816,4128,2208,8006,1568,0,0,0,0,100,50,44,41,39,45,50,48,0,0,71,0,0,0,0,0,0,14780,1129,1008,0,934,73,346,346,100,1,1,0,999,999,40,0,25,0,0,0,0,0,0,0,0,0,0,100,2688,2816,100,0,0,0,0,0,0,0,0,0,0,0,0,0,0,0,0,0,0,0,0,160,795,795,1,1,23,17,50,1,7388,795,2201,2041,0,0,0,13710,0,14279,0,0,0,0,11,3,6,196,0,239,15,272,0,0,694,8013,0
1002100,2392,1026,80,47,9999,0,0,442,0,0,0,4148,1833,0,0,62,0,2,2,1651,456,2000,1,0,4,73,72,35071,13940,318,711,187,65,417,0,0,1,73,3,3,0,10,0,0,0,0,0,2688,2816,2688,2816,4128,2208,8609,1616,0,0,0,0,100,52,42,42,38,52,51,49,0,0,73,0,0,0,0,0,0,14780,1129,1008,0,934,73,346,346,100,1,1,0,999,999,40,0,25,0,0,0,0,0,0,0,0,0,0,100,2688,2816,100,0,0,0,0,0,0,0,0,0,0,0,0,0,0,0,0,0,0,0,0,160,795,795,1,1,23,20,50,1,7422,795,2200,2043,0,0,0,14054,0,14560,0,0,0,0,11,3,6,190,0,239,15,272,0,0,693,8013,0
1003101,2392,1026,80,47,9999,0,0,208,0,0,0,4148,862,0,0,62,0,3,2,1651,456,2000,1,0,4,72,72,38448,13940,318,711,187,65,417,0,0,1,73,3,3,0,10,0,0,0,0,0,2688,2816,2688,2816,4128,2208,8487,1602,0,0,0,0,100,54,38,39,36,54,49,51,0,0,74,0,0,0,0,0,0,14780,1129,1008,0,934,73,346,346,100,1,1,0,999,999,40,0,25,0,0,0,0,0,0,0,0,0,0,100,2688,2816,100,0,0,0,0,0,0,0,0,0,0,0,0,0,0,0,0,0,0,0,0,160,796,796,1,1,23,20,50,1,7388,796,2201,2044,0,0,0,9159,0,9410,0,0,2,1,11,3,6,195,0,239,15,272,51,1,694,8013,0
1004100,2392,1026,80,47,9999,0,0,470,0,0,0,4148,1949,0,0,62,0,2,2,1651,456,2000,1,0,4,72,72,36359,14838,392,1441,654,67,472,0,0,1,72,3,3,0,10,0,0,0,0,0,2688,2816,2688,2816,4128,2208,8601,1610,0,0,0,0,100,49,35,34,31,43,49,43,0,0,75,0,0,0,0,0,0,14780,1129,1008,0,934,73,346,346,100,1,1,0,999,999,40,0,25,0,0,0,0,0,0,0,0,0,0,100,2688,2816,100,0,0,0,0,0,0,0,0,0,0,0,0,0,0,0,0,0,0,0,0,160,796,796,1,1,23,18,50,1,7425,796,2201,2042,0,0,0,12585,0,13081,0,0,1,6,11,3,6,185,0,238,15,272,28,6,691,8013,0
1005101,2392,1026,80,47,9999,0,0,341,0,0,0,4148,1414,0,0,62,0,3,2,1651,456,2000,1,0,4,73,72,37299,14838,392,1441,654,67,472,0,0,1,72,3,3,0,10,0,0,0,0,0,2688,2816,2688,2816,4128,2208,7878,1621,0,0,0,0,100,56,44,44,47,55,56,54,0,0,75,0,0,0,0,0,0,14780,1129,1008,0,934,73,346,346,100,1,1,0,999,999,40,0,25,0,0,0,0,0,0,0,0,0,0,100,2688,2816,100,0,0,0,0,0,0,0,0,0,0,0,0,0,0,0,0,0,0,0,0,160,796,796,1,1,23,17,50,1,7390,796,2201,2040,0,0,0,12691,0,13162,0,0,0,0,11,3,6,193,0,239,15,272,0,0,694,8013,0
1006104,2392,1026,80,47,9999,0,0,224,0,0,0,4148,929,0,0,62,0,2,2,1651,456,2000,1,0,4,73,72,34684,14333,253,1070,313,67,436,0,0,2,73,3,3,0,10,0,0,0,0,0,2688,2816,2688,2816,4128,2208,8424,1614,0,0,0,0,100,48,42,37,32,38,40,48,0,0,75,0,0,0,0,0,0,14780,1129,1008,0,934,73,346,346,100,1,1,0,999,999,40,0,25,0,0,0,0,0,0,0,0,0,0,100,2688,2816,100,0,0,0,0,0,0,0,0,0,0,0,0,0,0,0,0,0,0,0,0,160,796,796,1,1,23,17,50,1,7393,796,2201,2041,0,0,0,7674,0,7922,0,0,0,0,11,3,6,190,0,239,15,272,0,0,693,8013,0
1007101,2392,1026,80,47,9999,0,0,357,0,0,0,4148,1480,0,0,62,0,2,2,1651,456,2000,1,0,4,73,72,35559,14078,301,957,163,65,439,0,0,2,73,3,3,0,10,0,0,0,0,0,2688,2816,2688,2816,4128,2208,8391,1602,0,0,0,0,100,53,37,37,35,44,52,53,0,0,75,0,0,0,0,0,0,14780,1129,1008,0,934,73,346,346,100,1,1,0,999,999,40,0,25,0,0,0,0,0,0,0,0,0,0,100,2688,2816,100,0,0,0,0,0,0,0,0,0,0,0,0,0,0,0,0,0,0,0,0,160,796,796,1,1,23,20,50,1,7425,796,2200,2043,0,0,0,7358,0,7643,0,0,0,0,11,3,6,189,0,239,15,272,0,0,693,8013,0
1008102,2392,1026,80,47,9999,0,0,301,0,0,0,4148,1248,0,0,62,0,3,2,1651,456,2000,1,0,4,72,72,35991,13808,260,828,126,65,421,0,0,4,73,3,3,0,10,0,0,0,0,0,2688,2816,2688,2816,4128,2208,8293,1624,0,0,0,0,100,61,49,44,48,61,55,57,0,0,75,0,0,0,0,0,0,14780,1129,1008,0,934,73,346,346,100,3,1,0,999,999,40,0,25,0,0,0,0,0,0,0,0,0,0,100,2688,2816,100,0,0,0,0,0,0,0,0,0,0,0,0,0,0,0,0,0,0,0,0,160,793,793,1,1,23,19,50,1,7388,793,2201,2043,0,0,0,8047,0,8340,0,0,1,6,11,3,6,187,0,238,15,272,28,6,691,8013,0
1009101,2392,1026,80,47,9999,0,0,563,0,0,0,4113,2315,0,0,62,0,2,2,1651,456,2000,1,0,4,73,72,35413,13815,290,784,145,65,501,0,0,1,73,3,3,0,10,0,0,0,0,0,2688,2816,2688,2816,4128,2208,7857,1603,0,0,0,0,100,50,41,35,34,44,45,50,0,0,74,0,0,0,0,0,0,14780,1129,1008,0,934,73,346,346,100,1,1,0,999,999,40,0,25,0,0,0,0,0,0,0,0,0,0,100,2688,2816,100,0,0,0,0,0,0,0,0,0,0,0,0,0,0,0,0,0,0,0,0,160,793,793,1,1,23,21,50,1,7453,793,2200,2044,0,0,0,14042,0,14289,0,0,0,0,11,3,6,187,0,238,15,272,0,0,691,8013,0
1010101,2392,1026,80,47,9999,0,0,218,0,0,0,4113,896,0,0,62,0,2,2,1651,456,2000,1,0,4,73,72,34945,13767,317,695,119,65,381,0,0,1,72,3,3,0,10,0,0,0,0,0,2688,2816,2688,2816,4128,2208,8577,1626,0,0,0,0,100,50,56,51,55,50,40,43,0,0,75,0,0,0,0,0,0,14780,1129,1008,0,934,73,346,346,100,1,1,0,999,999,40,0,25,0,0,0,0,0,0,0,0,0,0,100,2688,2816,100,0,0,0,0,0,0,0,0,0,0,0,0,0,0,0,0,0,0,0,0,160,794,794,1,1,23,14,50,1,7393,794,2201,2038,0,0,0,14279,0,14595,0,0,0,0,11,3,6,187,0,238,15,272,0,0,691,8013,0
1011101,2392,1026,80,47,9999,0,0,424,0,0,0,4113,1743,0,0,62,0,2,2,1651,456,2000,1,0,4,73,72,35023,13816,325,721,169,145,424,0,0,0,73,3,3,0,10,0,0,0,0,0,2688,2816,2688,2816,4128,2208,8515,1597,0,0,0,0,100,44,50,42,43,43,43,44,0,0,75,0,0,0,0,0,0,14780,1129,1008,0,934,73,346,346,100,0,0,0,999,999,40,0,25,0,0,0,0,0,0,0,0,0,0,100,2688,2816,100,0,0,0,0,0,0,0,0,0,0,0,0,0,0,0,0,0,0,0,0,160,794,794,1,1,23,18,50,1,7426,794,2202,2042,0,0,0,7440,0,7693,0,0,0,0,11,3,6,186,0,238,15,272,0,0,691,8013,0
1012102,2392,1026,80,47,9999,0,0,340,0,0,0,4113,1398,0,0,62,0,2,2,1651,456,2000,1,0,4,72,72,36761,14104,372,946,160,65,466,0,0,4,72,3,3,0,10,0,0,0,0,0,2688,2816,2688,2816,4128,2208,8511,1609,0,0,0,0,100,58,43,37,38,58,48,48,0,0,75,0,0,0,0,0,0,14780,1129,1008,0,934,73,346,346,100,1,1,0,999,999,40,0,25,0,0,0,0,0,0,0,0,0,0,100,2688,2816,100,0,0,0,0,0,0,0,0,0,0,0,0,0,0,0,0,0,0,0,0,160,794,794,1,1,23,18,50,1,7389,794,2201,2042,0,0,0,16177,0,16458,0,0,0,0,11,3,6,187,0,238,15,272,0,0,691,8013,0
1013102,2392,1026,80,47,9999,0,0,258,0,0,0,4113,1061,0,0,62,0,2,2,1382,456,2000,1,0,4,72,72,36465,13974,321,834,149,66,459,0,0,0,73,3,3,0,10,0,0,0,0,0,2688,2816,2688,2816,4128,2208,8927,1609,0,0,0,0,100,51,39,38,39,48,48,51,0,0,74,0,0,0,0,0,0,14780,1129,1008,0,934,73,346,346,100,3,0,0,999,999,40,0,25,0,0,0,0,0,0,0,0,0,0,100,2688,2816,100,0,0,0,0,0,0,0,0,0,0,0,0,0,0,0,0,0,0,0,0,160,794,794,1,1,23,17,50,1,7391,794,2201,2041,0,0,0,16070,0,16474,0,0,0,2,11,3,6,187,0,238,15,272,9,2,691,8013,0
1014101,2392,1026,80,47,9999,0,0,250,0,0,0,4113,1028,0,0,62,0,3,2,1382,456,2000,1,0,4,72,72,35598,13836,345,789,134,66,417,0,0,3,72,3,3,0,10,0,0,0,0,0,2688,2816,2688,2816,4128,2208,8190,1613,0,0,0,0,100,55,42,39,39,55,47,53,0,0,74,0,0,0,0,0,0,14780,1129,1008,0,934,73,346,346,100,2,1,0,999,999,40,0,25,0,0,0,0,0,0,0,0,0,0,100,2688,2816,100,0,0,0,0,0,0,0,0,0,0,0,0,0,0,0,0,0,0,0,0,160,794,794,1,1,23,16,50,1,7425,794,2200,2039,0,0,0,17735,0,18074,0,0,0,0,11,3,6,184,0,238,15,272,0,0,691,8013,0
1015102,2392,1026,80,47,9999,0,0,343,0,0,0,4113,1410,0,0,62,0,2,2,1382,456,2000,1,0,4,72,72,34182,13822,373,718,134,65,444,0,0,2,73,3,3,0,10,0,0,0,0,0,2688,2816,2688,2816,4128,2208,8353,1603,0,0,0,0,100,46,40,35,35,46,41,43,0,0,74,0,0,0,0,0,0,14780,1129,1008,0,934,73,346,346,100,1,1,0,999,999,40,0,25,0,0,0,0,0,0,0,0,0,0,100,2688,2816,100,0,0,0,0,0,0,0,0,0,0,0,0,0,0,0,0,0,0,0,0,160,794,794,1,1,23,15,50,1,7394,794,2201,2039,0,0,0,15504,0,15753,0,0,1,6,11,3,6,189,0,238,15,272,28,6,692,8013,0
1016102,2392,1026,80,47,9999,0,0,425,0,0,0,4113,1748,0,0,62,0,2,2,1382,456,2000,1,0,4,72,72,35013,13808,313,684,113,65,385,0,0,1,72,3,3,0,10,0,0,0,0,0,2688,2816,2688,2816,4128,2208,8426,1622,0,0,0,0,100,50,32,40,35,50,48,46,0,0,73,0,0,0,0,0,0,14780,1129,1008,0,934,73,346,346,100,1,1,0,999,999,40,0,25,0,0,0,0,0,0,0,0,0,0,100,2688,2816,100,0,0,0,0,0,0,0,0,0,0,0,0,0,0,0,0,0,0,0,0,160,794,794,1,1,23,18,50,1,7430,794,2201,2042,0,0,0,15630,0,15962,0,0,0,0,11,3,6,188,0,238,15,272,0,0,691,8013,0
1017102,2392,1026,80,47,9999,0,0,388,0,0,0,4113,1595,0,0,62,0,3,2,1382,456,2000,1,0,4,71,72,35643,13676,258,670,125,64,445,0,0,5,73,3,3,0,10,0,0,0,0,0,2688,2816,2688,2816,4128,2208,8436,1598,0,0,0,0,100,58,41,42,43,58,50,48,0,0,74,0,0,0,0,0,0,14780,1129,1008,0,934,73,346,346,100,2,1,0,999,999,40,0,25,0,0,0,0,0,0,0,0,0,0,100,2688,2816,100,0,0,0,0,0,0,0,0,0,0,0,0,0,0,0,0,0,0,0,0,160,794,794,1,1,23,18,50,1,7395,794,2200,2042,0,0,0,8233,0,8495,0,0,0,0,11,3,6,194,0,239,15,272,0,0,694,8013,0
1018103,2392,1026,80,47,9999,0,0,348,0,0,0,4113,1431,0,0,62,0,2,2,1382,456,2000,1,0,4,73,72,34717,13808,364,799,173,65,393,0,0,4,73,3,3,0,10,0,0,0,0,0,2688,2816,2688,2816,4128,2208,8419,1606,0,0,0,0,100,56,46,39,42,49,56,51,0,0,75,0,0,0,0,0,0,14780,1129,1008,0,934,73,346,346,100,2,1,0,999,999,40,0,25,0,0,0,0,0,0,0,0,0,0,100,2688,2816,100,0,0,0,0,0,0,0,0,0,0,0,0,0,0,0,0,0,0,0,0,160,794,794,1,1,23,17,50,1,7429,794,2200,2040,0,0,0,15120,0,15489,0,0,2,1,11,3,6,191,0,239,15,272,51,1,693,8013,0
1019138,2416,1028,80,47,9999,0,0,220,0,0,0,4140,910,0,0,62,0,3,2,1382,456,2000,1,0,4,72,72,37470,13876,307,714,137,64,466,0,0,3,73,3,3,0,10,0,0,0,0,0,2688,2816,2688,2816,4128,2208,8591,1620,0,0,0,0,100,57,38,36,40,52,57,49,0,0,75,0,0,0,0,0,0,14780,1128,1011,0,933,77,346,346,100,3,1,0,999,999,40,0,25,0,0,0,0,0,0,0,0,0,0,100,2688,2816,100,0,0,0,0,0,0,0,0,0,0,0,0,0,0,0,0,0,0,0,0,160,794,794,1,1,23,17,50,1,7397,794,2201,2041,0,0,0,15987,0,16383,0,0,2,1,11,3,6,207,0,245,15,272,53,1,698,8013,1
1020102,2416,1028,80,47,9999,0,0,276,0,0,0,4140,1142,0,0,62,0,2,2,1382,456,2000,1,0,4,72,72,35442,14122,585,918,520,64,364,1,0,2,73,3,3,0,10,0,0,0,0,0,2688,2816,2688,2816,4128,2208,9093,1559,0,0,0,0,100,52,39,38,42,43,45,52,0,0,76,0,0,0,0,0,0,14780,1128,1011,0,933,77,346,346,100,2,1,0,999,999,40,0,25,0,0,0,0,0,0,0,0,0,0,100,2688,2816,100,0,0,0,0,0,0,0,0,0,0,0,0,0,0,0,0,0,0,0,0,160,794,794,1,1,23,15,50,1,7397,794,2201,2039,0,0,0,13265,0,13563,0,0,2,1,11,3,6,208,0,246,15,272,53,1,699,8013,1
1021102,2416,1028,80,47,9999,0,0,265,0,0,0,4140,1097,0,0,62,0,2,2,1382,456,2000,1,0,4,72,72,37816,14184,321,1022,440,66,379,0,0,1,72,3,3,0,10,0,0,0,0,0,2688,2816,2688,2816,4128,2208,9139,1574,0,0,0,0,100,53,35,30,34,49,53,49,0,0,79,0,0,0,0,0,0,14780,1128,1011,0,933,77,346,346,100,1,1,0,999,999,40,0,25,0,0,0,0,0,0,0,0,0,0,100,2688,2816,100,0,0,0,0,0,0,0,0,0,0,0,0,0,0,0,0,0,0,0,0,160,794,794,1,1,23,19,50,1,7431,794,2200,2042,0,0,0,17495,0,17811,0,0,2,1,11,3,6,208,0,246,15,272,51,1,699,8013,1
1022102,2416,1028,80,47,9999,0,0,452,0,0,0,4140,1871,0,0,62,0,3,3,1382,456,2000,1,0,4,72,72,37754,13981,310,803,206,65,400,0,3,7,73,3,3,0,10,0,0,0,0,0,2688,2816,2688,2816,4128,2208,8489,1471,0,0,0,0,100,51,35,35,32,47,48,51,0,0,76,0,0,0,0,0,0,14780,1128,1011,0,933,77,346,346,100,2,1,0,999,999,40,0,25,0,0,0,0,0,0,0,0,0,0,100,2688,2816,100,0,0,0,0,0,0,0,0,0,0,0,0,0,0,0,0,0,0,0,0,160,795,795,1,1,23,18,50,1,7396,795,2201,2042,0,0,0,8020,0,8246,0,0,3,7,11,3,6,209,0,246,15,272,81,7,700,8013,1
1023102,2416,1028,80,47,9999,0,0,382,0,0,0,4140,1581,0,0,62,0,3,4,1651,545,2000,1,0,4,71,72,37612,13756,296,795,135,65,378,0,0,0,72,3,3,0,10,0,0,0,0,0,2688,2816,2688,2816,4128,2208,7766,1383,0,0,0,0,100,54,38,39,36,54,53,53,0,0,72,0,0,0,0,0,0,14780,1128,1011,0,933,77,346,346,100,0,0,0,999,999,40,0,25,0,0,0,0,0,0,0,0,0,0,100,2688,2816,100,0,0,0,0,0,0,0,0,0,0,0,0,0,0,0,0,0,0,0,0,160,795,795,1,1,23,16,50,1,7430,795,2201,2041,0,0,0,9516,0,9679,0,0,4,2,11,3,6,208,0,246,15,272,105,2,699,8013,1
1024102,2416,1028,80,47,9999,0,0,494,0,0,0,4140,2045,0,0,62,0,4,4,1651,545,2000,1,0,4,72,72,35165,13649,341,716,103,63,410,0,0,9,72,3,3,0,10,0,0,0,0,0,2688,2816,2688,2816,4128,2208,7789,1376,0,0,0,0,100,51,34,37,35,50,51,48,0,0,70,0,0,0,0,0,0,14780,1128,1011,0,933,77,346,346,100,4,1,0,999,999,40,0,25,0,0,0,0,0,0,0,0,0,0,100,2688,2816,100,0,0,0,0,0,0,0,0,0,0,0,0,0,0,0,0,0,0,0,0,160,795,795,1,1,23,20,50,1,7395,795,2201,2044,0,0,0,13350,0,13597,0,0,4,2,11,3,6,208,0,246,15,272,105,2,699,8013,1
1025102,2416,1028,80,47,9999,0,0,505,0,0,0,4140,2090,0,0,62,0,3,3,1651,545,2000,1,0,4,71,72,34118,13617,330,676,121,63,389,0,0,0,73,3,3,0,10,0,0,0,0,0,2688,2816,2688,2816,4128,2208,8458,1388,0,0,0,0,100,50,39,35,31,45,50,49,0,0,69,0,0,0,0,0,0,14780,1128,1011,0,933,77,346,346,100,0,0,0,999,999,40,0,25,0,0,0,0,0,0,0,0,0,0,100,2688,2816,100,0,0,0,0,0,0,0,0,0,0,0,0,0,0,0,0,0,0,0,0,160,795,795,1,1,23,19,50,1,7429,795,2201,2044,0,0,0,14256,0,14505,0,0,2,1,11,3,6,209,0,246,15,272,53,1,700,8013,1
1026102,2416,1028,80,47,9999,0,0,390,0,0,0,4140,1614,0,0,62,0,3,3,1651,545,2000,1,0,4,72,72,35763,13616,298,684,129,64,344,0,0,5,73,3,3,0,10,0,0,0,0,0,2688,2816,2688,2816,4128,2208,8455,1472,0,0,0,0,100,56,45,37,43,56,55,52,0,0,72,0,0,0,0,0,0,14780,1128,1011,0,933,77,346,346,100,2,1,0,999,999,40,0,25,0,0,0,0,0,0,0,0,0,0,100,2688,2816,100,0,0,0,0,0,0,0,0,0,0,0,0,0,0,0,0,0,0,0,0,160,795,795,1,1,23,18,50,1,7396,795,2200,2041,0,0,0,15212,0,15485,0,0,0,0,11,3,6,202,0,240,15,272,0,0,694,8013,0
1027103,2416,1028,80,47,9999,0,0,616,0,0,0,4140,2550,0,0,62,0,2,3,1651,545,2000,1,0,4,72,72,35097,13594,276,668,117,66,390,0,0,3,73,3,3,0,10,0,0,0,0,0,2688,2816,2688,2816,4128,2208,8155,1515,0,0,0,0,100,46,38,30,33,43,46,45,0,0,72,0,0,0,0,0,0,14780,1128,1011,0,933,77,346,346,100,3,1,0,999,999,40,0,25,0,0,0,0,0,0,0,0,0,0,100,2688,2816,100,0,0,0,0,0,0,0,0,0,0,0,0,0,0,0,0,0,0,0,0,160,795,795,1,1,23,17,50,1,7377,795,2201,2041,0,0,0,10383,0,10605,0,0,2,1,11,3,6,185,0,238,15,272,51,1,691,8013,0
1028103,2416,1028,80,47,9999,0,0,258,0,0,0,4140,1068,0,0,62,0,3,2,1651,545,2000,1,0,4,72,72,35610,13726,343,705,127,64,368,0,0,3,72,3,3,0,10,0,0,0,0,0,2688,2816,2688,2816,4128,2208,8415,1620,0,0,0,0,100,61,50,43,48,56,61,53,0,0,74,0,0,0,0,0,0,14780,1128,1011,0,933,77,346,346,100,1,1,0,999,999,40,0,25,0,0,0,0,0,0,0,0,0,0,100,2688,2816,100,0,0,0,0,0,0,0,0,0,0,0,0,0,0,0,0,0,0,0,0,160,795,795,1,1,23,18,50,1,7413,795,2201,2042,0,0,0,17508,0,17874,0,0,0,0,11,3,6,182,0,238,15,272,0,0,691,8013,0
1029102,2416,1028,80,47,9999,0,0,385,0,0,0,4140,1593,0,0,62,0,2,2,1651,545,2000,1,0,4,73,72,34934,13761,287,677,123,65,442,0,0,5,73,3,3,0,10,0,0,0,0,0,2688,2816,2688,2816,4128,2208,8341,1623,0,0,0,0,100,52,42,40,41,45,52,50,0,0,74,0,0,0,0,0,0,14780,1128,1011,0,933,77,346,346,100,1,1,0,999,999,40,0,25,0,0,0,0,0,0,0,0,0,0,100,2688,2816,100,0,0,0,0,0,0,0,0,0,0,0,0,0,0,0,0,0,0,0,0,160,796,796,1,1,23,17,50,1,7378,796,2200,2040,0,0,0,15993,0,16357,0,0,0,0,11,3,6,187,0,238,15,272,0,0,691,8013,0
1030103,2416,1028,80,47,9999,0,0,698,0,0,0,4140,2889,0,0,62,0,2,2,1651,545,2000,1,0,4,73,72,34949,13751,369,666,121,65,416,0,0,0,72,3,3,0,10,0,0,0,0,0,2688,2816,2688,2816,4128,2208,8310,1614,0,0,0,0,100,47,39,32,31,44,47,47,0,0,74,0,0,0,0,0,0,14780,1128,1011,0,933,77,346,346,100,0,0,0,999,999,40,0,25,0,0,0,0,0,0,0,0,0,0,100,2688,2816,100,0,0,0,0,0,0,0,0,0,0,0,0,0,0,0,0,0,0,0,0,160,796,796,1,1,23,16,50,1,7442,796,2201,2040,0,0,0,8078,0,8309,0,0,0,0,11,3,6,184,0,238,15,272,0,0,691,8013,0
1031103,2416,1028,80,47,9999,0,0,403,0,0,0,4140,1668,0,0,62,0,3,2,1651,545,2000,1,0,4,73,72,34949,13867,325,684,120,65,372,0,0,3,73,3,3,0,10,0,0,0,0,0,2688,2816,2688,2816,4128,2208,8140,1644,0,0,0,0,100,53,51,48,55,53,53,51,0,0,73,0,0,0,0,0,0,14780,1128,1011,0,933,77,346,346,100,2,1,0,999,999,40,0,25,0,0,0,0,0,0,0,0,0,0,100,2688,2816,100,0,0,0,0,0,0,0,0,0,0,0,0,0,0,0,0,0,0,0,0,160,796,796,1,1,23,19,50,1,7383,796,2201,2043,0,0,0,11016,0,11272,0,0,0,0,11,3,6,185,0,238,15,272,0,0,691,8013,0
1032103,2416,1028,80,47,9999,0,0,391,0,0,0,4140,1618,0,0,62,0,2,2,1651,545,2000,1,0,4,72,72,36674,13896,691,656,133,66,397,0,0,2,73,3,3,0,10,0,0,0,0,0,2688,2816,2688,2816,4128,2208,8203,1620,0,0,0,0,100,50,47,46,47,48,50,50,0,0,74,0,0,0,0,0,0,14780,1128,1011,0,933,77,346,346,100,1,1,0,999,999,40,0,25,0,0,0,0,0,0,0,0,0,0,100,2688,2816,100,0,0,0,0,0,0,0,0,0,0,0,0,0,0,0,0,0,0,0,0,160,796,796,1,1,23,18,50,1,7414,796,2201,2042,0,0,0,14381,0,14655,0,0,0,0,11,3,6,185,0,238,15,272,0,0,691,8013,0
1033103,2416,1028,80,47,9999,0,0,431,0,0,0,4140,1784,0,0,62,0,2,2,1382,456,2000,1,0,4,72,72,36178,13937,323,736,173,65,389,0,0,3,72,3,3,0,10,0,0,0,0,0,2688,2816,2688,2816,4128,2208,8334,1627,0,0,0,0,100,56,42,37,41,54,56,53,0,0,74,0,0,0,0,0,0,14780,1128,1011,0,933,77,346,346,100,1,1,0,999,999,40,0,25,0,0,0,0,0,0,0,0,0,0,100,2688,2816,100,0,0,0,0,0,0,0,0,0,0,0,0,0,0,0,0,0,0,0,0,160,796,796,1,1,23,16,50,1,7381,796,2201,2040,0,0,0,15709,0,16115,0,0,2,1,11,3,6,186,0,238,15,272,51,1,691,8013,0
1034103,2416,1028,80,47,9999,0,0,175,0,0,0,4140,724,0,0,62,0,2,2,1382,456,2000,1,0,4,73,72,35761,13859,326,646,154,67,432,0,0,0,73,3,3,0,10,0,0,0,0,0,2688,2816,2688,2816,4128,2208,8323,1632,0,0,0,0,100,56,42,37,41,54,56,53,0,0,75,0,0,0,0,0,0,14780,1128,1011,0,933,77,346,346,100,0,0,0,999,999,40,0,25,0,0,0,0,0,0,0,0,0,0,100,2688,2816,100,0,0,0,0,0,0,0,0,0,0,0,0,0,0,0,0,0,0,0,0,160,796,796,1,1,23,20,50,1,7381,796,2201,2043,0,0,0,7970,0,8209,0,0,0,0,11,3,6,189,0,238,15,272,0,0,692,8013,0
1035103,2416,1028,80,47,9999,0,0,249,0,0,0,4140,1030,0,0,62,0,2,2,1382,456,2000,1,0,4,73,72,35772,13753,305,666,123,65,417,0,0,2,73,3,3,0,10,0,0,0,0,0,2688,2816,2688,2816,4128,2208,8434,1637,0,0,0,0,100,52,38,36,37,46,52,47,0,0,74,0,0,0,0,0,0,14780,1128,1011,0,933,77,346,346,100,2,1,0,999,999,40,0,25,0,0,0,0,0,0,0,0,0,0,100,2688,2816,100,0,0,0,0,0,0,0,0,0,0,0,0,0,0,0,0,0,0,0,0,160,796,796,1,1,23,19,50,1,7414,796,2202,2043,0,0,0,8800,0,9004,0,0,0,0,11,3,6,187,0,238,15,272,0,0,691,8013,0
1036103,2416,1028,80,47,9999,0,0,195,0,0,0,4140,807,0,0,62,0,3,2,1382,456,2000,1,0,4,72,72,35558,13782,352,666,145,65,371,0,0,5,73,3,3,0,10,0,0,0,0,0,2688,2816,2688,2816,4128,2208,8466,1641,0,0,0,0,100,58,38,39,45,58,55,47,0,0,74,0,0,0,0,0,0,14780,1128,1011,0,933,77,346,346,100,2,1,0,999,999,40,0,25,0,0,0,0,0,0,0,0,0,0,100,2688,2816,100,0,0,0,0,0,0,0,0,0,0,0,0,0,0,0,0,0,0,0,0,160,796,796,1,1,23,18,50,1,7384,796,2201,2042,0,0,0,12880,0,13304,0,0,0,0,11,3,6,194,0,239,15,272,0,0,694,8013,0
1037103,2416,1028,80,47,9999,0,0,335,0,0,0,4140,1386,0,0,62,0,2,2,1382,456,2000,1,0,4,72,72,34815,13894,349,709,117,64,414,0,0,2,73,3,3,0,10,0,0,0,0,0,2688,2816,2688,2816,4128,2208,8310,1642,0,0,0,0,100,51,41,35,36,44,44,51,0,0,75,0,0,0,0,0,0,14780,1128,1011,0,933,77,346,346,100,1,1,0,999,999,40,0,25,0,0,0,0,0,0,0,0,0,0,100,2688,2816,100,0,0,0,0,0,0,0,0,0,0,0,0,0,0,0,0,0,0,0,0,160,796,796,1,1,23,17,50,1,7418,796,2200,2041,0,0,0,16689,0,17030,0,0,0,0,11,3,6,182,0,238,15,272,0,0,691,8013,0
1038103,2416,1028,80,47,9999,0,0,354,0,0,0,4140,1465,0,0,62,0,3,2,1382,456,2000,1,0,4,72,72,35526,13802,313,630,112,66,386,0,0,1,73,3,3,0,10,0,0,0,0,0,2688,2816,2688,2816,4128,2208,8180,1638,0,0,0,0,100,50,34,35,32,42,50,45,0,0,74,0,0,0,0,0,0,14780,1128,1011,0,933,77,346,346,100,1,1,0,999,999,40,0,25,0,0,0,0,0,0,0,0,0,0,100,2688,2816,100,0,0,0,0,0,0,0,0,0,0,0,0,0,0,0,0,0,0,0,0,160,796,796,1,1,24,16,50,1,7383,796,2202,2041,0,0,0,13019,0,13286,0,0,0,0,11,3,6,202,0,240,15,272,0,0,694,8013,0
1039145,2397,1028,80,47,9999,0,0,505,0,0,0,4136,2088,0,0,62,0,2,2,1382,456,2000,1,0,4,73,72,35852,13944,330,883,220,65,449,0,0,3,73,3,3,0,10,0,0,0,0,0,2688,2816,2688,2816,4128,2208,8421,1647,0,0,0,0,100,61,51,49,54,61,59,54,0,0,74,0,0,0,0,0,0,14780,1130,1010,0,935,74,346,346,100,1,1,0,999,999,40,0,25,0,0,0,0,0,0,0,0,0,0,100,2688,2816,100,0,0,0,0,0,0,0,0,0,0,0,0,0,0,0,0,0,0,0,0,160,796,796,1,1,24,20,50,1,7417,796,2202,2045,0,0,0,11816,0,12267,0,0,0,0,11,3,6,185,0,238,15,272,0,0,691,8013,0
1040103,2397,1028,80,47,9999,0,0,399,0,0,0,4136,1650,0,0,62,0,3,2,1382,456,2000,1,0,4,73,72,35792,13880,321,784,188,65,384,0,0,2,73,3,3,0,10,0,0,0,0,0,2688,2816,2688,2816,4128,2208,8246,1641,0,0,0,0,100,48,40,35,39,43,48,48,0,0,74,0,0,0,0,0,0,14780,1130,1010,0,935,74,346,346,100,2,1,0,999,999,40,0,25,0,0,0,0,0,0,0,0,0,0,100,2688,2816,100,0,0,0,0,0,0,0,0,0,0,0,0,0,0,0,0,0,0,0,0,160,796,796,1,1,24,21,50,1,7386,796,2201,2044,0,0,0,13429,0,13638,0,0,0,0,11,3,6,200,0,239,15,272,0,0,694,8013,0
1041103,2397,1028,80,47,9999,0,0,314,0,0,0,4136,1298,0,0,62,0,2,2,1382,456,2000,1,0,4,73,72,35889,13820,296,742,119,66,405,0,0,2,73,3,3,0,10,0,0,0,0,0,2688,2816,2688,2816,4128,2208,8434,1627,0,0,0,0,100,55,44,40,42,55,52,50,0,0,74,0,0,0,0,0,0,14780,1130,1010,0,935,74,346,346,100,1,1,0,999,999,40,0,25,0,0,0,0,0,0,0,0,0,0,100,2688,2816,100,0,0,0,0,0,0,0,0,0,0,0,0,0,0,0,0,0,0,0,0,160,797,797,1,1,24,17,50,1,7385,797,2202,2041,0,0,0,10906,0,11448,0,0,0,0,11,3,6,186,0,238,15,272,0,0,691,8013,0
1042103,2397,1028,80,47,9999,0,0,240,0,0,0,4136,992,0,0,62,0,2,2,1382,456,2000,1,0,4,72,72,33991,13832,351,672,101,67,399,0,0,0,72,3,3,0,10,0,0,0,0,0,2688,2816,2688,2816,4128,2208,8281,1634,0,0,0,0,100,38,36,34,39,38,37,33,0,0,74,0,0,0,0,0,0,14780,1130,1010,0,935,74,346,346,100,0,0,0,999,999,40,0,25,0,0,0,0,0,0,0,0,0,0,100,2688,2816,100,0,0,0,0,0,0,0,0,0,0,0,0,0,0,0,0,0,0,0,0,160,797,797,1,1,24,17,50,1,7418,797,2202,2041,0,0,0,15893,0,16225,0,0,0,0,11,3,6,189,0,239,15,272,0,0,693,8013,0
1043104,2397,1028,80,47,9999,0,0,196,0,0,0,4136,810,0,0,62,0,3,2,1651,456,2000,1,0,4,72,72,35333,13818,373,667,114,65,384,0,0,5,73,3,3,0,10,0,0,0,0,0,2688,2816,2688,2816,4128,2208,8244,1625,0,0,0,0,100,48,36,36,41,46,48,41,0,0,74,0,0,0,0,0,0,14780,1130,1010,0,935,74,346,346,100,3,1,0,999,999,40,0,25,0,0,0,0,0,0,0,0,0,0,100,2688,2816,100,0,0,0,0,0,0,0,0,0,0,0,0,0,0,0,0,0,0,0,0,160,797,797,1,1,24,20,50,1,7386,797,2202,2045,0,0,0,13475,0,13725,0,0,0,0,11,3,6,196,0,239,15,272,0,0,694,8013,0
1044104,2397,1028,80,47,9999,0,0,148,0,0,0,4136,612,0,0,62,0,3,2,1651,456,2000,1,0,4,73,72,34659,13787,325,648,108,65,396,0,0,0,72,3,3,0,10,0,0,0,0,0,2688,2816,2688,2816,4128,2208,8318,1636,0,0,0,0,100,50,38,36,38,50,42,44,0,0,74,0,0,0,0,0,0,14780,1130,1010,0,935,74,346,346,100,0,0,0,999,999,40,0,25,0,0,0,0,0,0,0,0,0,0,100,2688,2816,100,0,0,0,0,0,0,0,0,0,0,0,0,0,0,0,0,0,0,0,0,160,795,795,1,1,22,21,50,1,7418,795,2200,2045,0,0,0,13071,0,13305,0,0,0,0,11,3,6,185,0,238,15,272,0,0,691,8013,0
1045104,2397,1028,80,47,9999,0,0,216,0,0,0,4136,893,0,0,62,0,2,2,1651,456,2000,1,0,4,72,72,35656,13748,360,650,112,65,487,0,0,5,73,3,3,0,10,0,0,0,0,0,2688,2816,2688,2816,4128,2208,8336,1624,0,0,0,0,100,51,43,39,42,46,51,48,0,0,74,0,0,0,0,0,0,14780,1130,1010,0,935,74,346,346,100,5,1,0,999,999,40,0,25,0,0,0,0,0,0,0,0,0,0,100,2688,2816,100,0,0,0,0,0,0,0,0,0,0,0,0,0,0,0,0,0,0,0,0,160,796,796,1,1,24,19,50,1,7386,796,2202,2043,0,0,0,15764,0,16109,0,0,0,0,11,3,6,201,0,239,15,272,0,0,694,8013,0
1046104,2397,1028,80,47,9999,0,0,283,0,0,0,4136,1170,0,0,62,0,2,2,1651,456,2000,1,0,4,72,72,34537,13762,361,620,122,65,420,0,0,3,73,3,3,0,10,0,0,0,0,0,2688,2816,2688,2816,4128,2208,7838,1642,0,0,0,0,100,50,43,37,39,50,50,43,0,0,74,0,0,0,0,0,0,14780,1130,1010,0,935,74,346,346,100,1,1,0,999,999,40,0,25,0,0,0,0,0,0,0,0,0,0,100,2688,2816,100,0,0,0,0,0,0,0,0,0,0,0,0,0,0,0,0,0,0,0,0,160,793,793,1,1,24,19,50,1,7399,793,2202,2043,0,0,0,16750,0,17155,0,0,0,0,11,3,6,187,0,238,15,272,0,0,691,8013,0
1047104,2397,1028,80,47,9999,0,0,228,0,0,0,4136,943,0,0,62,0,3,2,1651,456,2000,1,0,4,73,72,36025,13813,315,616,124,66,401,0,0,1,73,3,3,0,10,0,0,0,0,0,2688,2816,2688,2816,4128,2208,8335,1619,0,0,0,0,100,55,37,35,35,44,55,44,0,0,73,0,0,0,0,0,0,14780,1130,1010,0,935,74,346,346,100,1,1,0,999,999,40,0,25,0,0,0,0,0,0,0,0,0,0,100,2688,2816,100,0,0,0,0,0,0,0,0,0,0,0,0,0,0,0,0,0,0,0,0,160,793,793,1,1,24,17,50,1,7382,793,2202,2042,0,0,0,9796,0,10003,0,0,0,0,11,3,6,198,0,239,15,272,0,0,694,8013,0
1048104,2397,1028,80,47,9999,0,0,184,0,0,0,4136,761,0,0,62,0,3,2,1651,456,2000,1,0,4,72,72,37977,14067,505,912,379,65,461,1,2,5,73,3,3,0,10,0,0,0,0,0,2688,2816,2688,2816,4128,2208,8417,1645,0,0,0,0,100,58,45,40,45,57,58,55,0,0,74,0,0,0,0,0,0,14780,1130,1010,0,935,74,346,346,100,3,1,0,999,999,40,0,25,0,0,0,0,0,0,0,0,0,0,100,2688,2816,100,0,0,0,0,0,0,0,0,0,0,0,0,0,0,0,0,0,0,0,0,160,793,793,1,1,24,20,50,1,7383,793,2202,2045,0,0,0,13755,0,14524,0,0,2,1,11,3,6,208,0,246,15,272,53,1,699,8013,1
1049105,2397,1028,80,47,9999,0,0,212,0,0,0,4136,876,0,0,62,0,2,2,1651,456,2000,1,0,4,72,72,35409,14191,258,936,293,66,419,0,0,0,73,3,3,0,10,0,0,0,0,0,2688,2816,2688,2816,4128,2208,9001,1558,0,0,0,0,100,51,44,42,38,51,51,48,0,0,77,0,0,0,0,0,0,14780,1130,1010,0,935,74,346,346,100,0,0,0,999,999,40,0,25,0,0,0,0,0,0,0,0,0,0,100,2688,2816,100,0,0,0,0,0,0,0,0,0,0,0,0,0,0,0,0,0,0,0,0,160,792,792,1,1,23,20,50,1,7418,792,2200,2044,0,0,0,15365,0,15776,0,0,0,0,11,3,6,205,0,246,15,272,0,0,699,8013,1
1050104,2397,1028,80,47,9999,0,0,98,0,0,0,4136,405,0,0,62,0,2,2,1651,456,2000,1,0,4,72,72,37374,13872,335,806,207,65,374,0,0,3,73,3,3,0,10,0,0,0,0,0,2688,2816,2688,2816,4128,2208,8621,1588,0,0,0,0,100,54,41,36,40,51,52,54,0,0,79,0,0,0,0,0,0,14780,1130,1010,0,935,74,346,346,100,1,1,0,999,999,40,0,25,0,0,0,0,0,0,0,0,0,0,100,2688,2816,100,0,0,0,0,0,0,0,0,0,0,0,0,0,0,0,0,0,0,0,0,160,793,793,1,1,24,19,50,1,7384,793,2202,2043,0,0,0,19361,0,19746,0,0,2,1,11,3,6,207,0,246,15,272,53,1,699,8013,1
1051105,2397,1028,80,47,9999,0,0,305,0,0,0,4136,1261,0,0,62,0,2,2,1651,456,2000,1,0,4,72,72,38308,13883,348,808,158,66,453,0,0,3,73,3,3,0,10,0,0,0,0,0,2688,2816,2688,2816,4128,2208,10121,1595,0,0,0,0,100,61,47,43,45,57,61,52,0,0,79,0,0,0,0,0,0,14780,1130,1010,0,935,74,346,346,100,2,1,0,999,999,40,0,25,0,0,0,0,0,0,0,0,0,0,100,2688,2816,100,0,0,0,0,0,0,0,0,0,0,0,0,0,0,0,0,0,0,0,0,160,793,793,1,1,24,17,50,1,7448,793,2202,2041,0,0,0,17361,0,17751,0,0,2,1,11,3,6,208,0,246,15,272,53,1,700,8013,1
1052105,2397,1028,80,47,9999,0,0,484,0,0,0,4136,2001,0,0,62,0,4,2,1651,456,2000,1,0,4,69,72,39065,13828,351,716,123,64,373,0,0,6,72,3,3,0,10,0,0,0,0,0,2688,2816,2688,2816,4128,2208,8385,1602,0,0,0,0,100,56,37,38,35,48,56,53,0,0,77,0,0,0,0,0,0,14780,1130,1010,0,935,74,346,346,100,2,1,0,999,999,40,0,25,0,0,0,0,0,0,0,0,0,0,100,2688,2816,100,0,0,0,0,0,0,0,0,0,0,0,0,0,0,0,0,0,0,0,0,160,793,793,1,1,23,17,50,1,7414,793,2202,2041,0,0,0,15705,0,15962,0,0,3,7,11,3,6,208,0,246,15,272,81,7,699,8013,1
1053105,2397,1028,80,47,9999,0,0,301,0,0,0,4136,1244,0,0,62,0,4,2,1920,456,2000,1,0,4,71,72,38516,13786,264,709,119,64,384,0,1,1,73,3,3,0,10,0,0,0,0,0,2688,2816,2688,2816,4128,2208,9057,1610,0,0,0,0,100,54,48,46,44,53,50,54,0,0,79,0,0,0,0,0,0,14780,1130,1010,0,935,74,346,346,100,2,1,0,999,999,40,0,25,0,0,0,0,0,0,0,0,0,0,100,2688,2816,100,0,0,0,0,0,0,0,0,0,0,0,0,0,0,0,0,0,0,0,0,160,793,793,1,1,23,19,50,1,7395,793,2201,2042,0,0,0,13324,0,13557,0,0,2,1,11,3,6,208,0,246,15,272,53,1,699,8013,1
1054106,2397,1028,80,47,9999,0,0,132,0,0,0,4136,545,0,0,62,0,3,2,1920,456,2000,1,0,4,73,72,37521,13713,270,700,92,66,363,0,0,3,73,3,3,0,10,0,0,0,0,0,2688,2816,2688,2816,4128,2208,9106,1583,0,0,0,0,100,52,50,50,47,52,49,51,0,0,79,0,0,0,0,0,0,14780,1130,1010,0,935,74,346,346,100,2,1,0,999,999,40,0,25,0,0,0,0,0,0,0,0,0,0,100,2688,2816,100,0,0,0,0,0,0,0,0,0,0,0,0,0,0,0,0,0,0,0,0,160,793,793,1,1,24,20,50,1,7387,793,2202,2045,0,0,0,18989,0,19377,0,0,0,0,11,3,6,211,0,246,15,272,0,0,698,8013,1
1055106,2397,1028,80,47,9999,0,0,179,0,0,0,4136,740,0,0,62,0,2,2,1920,456,2000,1,0,4,72,72,37560,13617,321,609,97,65,382,0,0,3,73,3,3,0,10,0,0,0,0,0,2688,2816,2688,2816,4128,2208,8445,1555,0,0,0,0,100,53,39,41,38,47,53,50,0,0,79,0,0,0,0,0,0,14780,1130,1010,0,935,74,346,346,100,3,1,0,999,999,40,0,25,0,0,0,0,0,0,0,0,0,0,100,2688,2816,100,0,0,0,0,0,0,0,0,0,0,0,0,0,0,0,0,0,0,0,0,160,793,793,1,1,24,17,50,1,7388,793,2202,2042,0,0,0,6410,0,6640,0,0,0,0,11,3,6,191,0,239,15,272,0,0,693,8013,0
1056106,2397,1028,80,47,9999,0,0,295,0,0,0,4136,1220,0,0,62,0,2,2,1920,456,2000,1,0,4,72,72,35372,13686,290,645,129,65,430,0,0,2,73,3,3,0,10,0,0,0,0,0,2688,2816,2688,2816,4128,2208,8639,1607,0,0,0,0,100,48,39,40,36,48,48,46,0,0,77,0,0,0,0,0,0,14780,1130,1010,0,935,74,346,346,100,2,1,0,999,999,40,0,25,0,0,0,0,0,0,0,0,0,0,100,2688,2816,100,0,0,0,0,0,0,0,0,0,0,0,0,0,0,0,0,0,0,0,0,160,793,793,1,1,23,18,50,1,7420,793,2202,2042,0,0,0,13429,0,13952,0,0,2,1,11,3,6,187,0,238,15,272,51,1,691,8013,0
1057106,2397,1028,80,47,9999,0,0,431,0,0,0,4136,1782,0,0,62,0,2,2,1920,456,2000,1,0,4,73,72,36170,13673,241,644,119,64,472,0,0,2,73,3,3,0,10,0,0,0,0,0,2688,2816,2688,2816,4128,2208,8734,1604,0,0,0,0,100,59,44,40,42,59,55,53,0,0,77,0,0,0,0,0,0,14780,1130,1010,0,935,74,346,346,100,1,1,0,999,999,40,0,25,0,0,0,0,0,0,0,0,0,0,100,2688,2816,100,0,0,0,0,0,0,0,0,0,0,0,0,0,0,0,0,0,0,0,0,160,793,793,1,1,24,17,50,1,7390,793,2201,2041,0,0,0,13807,0,14354,0,0,2,1,11,3,6,198,0,245,15,272,53,1,697,8013,1
1058106,2397,1028,80,47,9999,0,0,132,0,0,0,4129,545,0,0,62,0,3,3,1920,456,2000,1,0,4,72,72,36081,13830,359,733,195,65,518,0,0,9,72,3,3,0,10,0,0,0,0,0,2688,2816,2688,2816,4128,2208,8334,1455,0,0,0,0,100,50,39,41,34,43,50,49,0,0,75,0,0,0,0,0,0,14780,1130,1010,0,935,74,346,346,100,3,1,0,999,999,40,0,25,0,0,0,0,0,0,0,0,0,0,100,2688,2816,100,0,0,0,0,0,0,0,0,0,0,0,0,0,0,0,0,0,0,0,0,160,793,793,1,1,24,19,50,1,7425,793,2202,2043,0,0,0,6913,0,7165,0,0,2,4,11,3,6,212,0,246,15,272,67,4,698,8013,1
1059144,2425,1027,80,47,9999,0,0,403,0,0,0,4132,1665,0,0,62,0,3,3,1920,456,2000,1,0,4,72,72,37508,13903,314,842,178,64,396,0,0,1,72,3,3,0,10,0,0,0,0,0,2688,2816,2688,2816,4128,2208,8443,1481,0,0,0,0,100,59,45,43,43,52,50,59,0,0,74,0,0,0,0,0,0,14780,1128,1011,0,933,77,346,346,100,4,1,0,999,999,40,0,25,0,0,0,0,0,0,0,0,0,0,100,2688,2816,100,0,0,0,0,0,0,0,0,0,0,0,0,0,0,0,0,0,0,0,0,160,793,793,1,1,23,19,50,1,7390,793,2202,2043,0,0,0,12617,0,13212,0,0,2,1,11,3,6,212,0,246,15,272,53,1,698,8013,1
1060106,2425,1027,80,47,9999,0,0,110,0,0,0,4132,454,0,0,62,0,2,3,1920,456,2000,1,0,4,73,72,36339,13648,295,697,152,65,375,0,0,2,73,3,3,0,10,0,0,0,0,0,2688,2816,2688,2816,4128,2208,9063,1489,0,0,0,0,100,63,46,44,47,53,63,50,0,0,74,0,0,0,0,0,0,14780,1128,1011,0,933,77,346,346,100,1,1,0,999,999,40,0,25,0,0,0,0,0,0,0,0,0,0,100,2688,2816,100,0,0,0,0,0,0,0,0,0,0,0,0,0,0,0,0,0,0,0,0,160,793,793,1,1,23,17,50,1,7396,793,2202,2042,0,0,0,9343,0,9609,0,0,0,0,11,3,6,212,0,246,15,272,0,0,698,8013,1
1061106,2425,1027,80,47,9999,0,0,230,0,0,0,4132,950,0,0,62,0,3,2,1920,456,2000,1,0,4,72,72,37224,13702,379,734,160,66,374,0,0,0,72,3,3,0,10,0,0,0,0,0,2688,2816,2688,2816,4128,2208,9356,1576,0,0,0,0,100,58,43,40,41,51,58,50,0,0,75,0,0,0,0,0,0,14780,1128,1011,0,933,77,346,346,100,0,0,0,999,999,40,0,25,0,0,0,0,0,0,0,0,0,0,100,2688,2816,100,0,0,0,0,0,0,0,0,0,0,0,0,0,0,0,0,0,0,0,0,160,794,794,1,1,23,17,50,1,7393,794,2201,2041,0,0,0,14786,0,15162,0,0,4,2,11,3,6,211,0,246,15,272,105,2,698,8013,1
1062107,2425,1027,80,47,9999,0,0,236,0,0,0,4132,975,0,0,62,0,3,2,1920,456,2000,1,0,4,71,72,39083,13737,311,660,124,66,420,0,1,6,73,3,3,0,10,0,0,0,0,0,2688,2816,2688,2816,4128,2208,9148,1575,0,0,0,0,100,56,42,39,37,56,56,51,0,0,77,0,0,0,0,0,0,14780,1128,1011,0,933,77,346,346,100,4,1,0,999,999,40,0,25,0,0,0,0,0,0,0,0,0,0,100,2688,2816,100,0,0,0,0,0,0,0,0,0,0,0,0,0,0,0,0,0,0,0,0,160,794,794,1,1,23,16,50,1,7390,794,2201,2040,0,0,0,11913,0,12194,0,0,2,1,11,3,6,211,0,246,15,272,53,1,700,8013,1
1063106,2425,1027,80,47,9999,0,0,281,0,0,0,4132,1161,0,0,62,0,2,2,1382,456,2000,1,0,4,71,72,37423,13652,247,662,124,64,395,0,4,9,73,3,3,0,10,0,0,0,0,0,2688,2816,2688,2816,4128,2208,9011,1569,0,0,0,0,100,55,42,39,39,48,55,48,0,0,77,0,0,0,0,0,0,14780,1128,1011,0,933,77,346,346,100,5,1,0,999,999,40,0,25,0,0,0,0,0,0,0,0,0,0,100,2688,2816,100,0,0,0,0,0,0,0,0,0,0,0,0,0,0,0,0,0,0,0,0,160,794,794,1,1,23,20,50,1,7425,794,2202,2044,0,0,0,15234,0,15476,0,0,2,1,11,3,6,210,0,245,15,272,53,1,698,8013,1
1064107,2425,1027,80,47,9999,0,0,276,0,0,0,4132,1140,0,0,62,0,3,2,1382,456,2000,1,0,4,69,72,44159,13565,290,630,99,65,367,0,0,2,73,3,3,0,10,0,0,0,0,0,2688,2816,2688,2816,4128,2208,9519,1559,0,0,0,0,100,60,43,38,45,56,58,60,0,0,78,0,0,0,0,0,0,14780,1128,1011,0,933,77,346,346,100,2,1,0,999,999,40,0,25,0,0,0,0,0,0,0,0,0,0,100,2688,2816,100,0,0,0,0,0,0,0,0,0,0,0,0,0,0,0,0,0,0,0,0,160,794,794,1,1,23,19,50,1,7391,794,2202,2043,0,0,0,12859,0,13189,0,0,2,1,11,3,6,202,0,240,15,272,53,1,695,8013,0
1065107,2425,1027,80,47,9999,0,0,299,0,0,0,4132,1235,0,0,62,0,2,2,1382,456,2000,1,0,4,72,72,37204,13652,302,624,117,65,414,0,0,1,73,3,3,0,10,0,0,0,0,0,2688,2816,2688,2816,4128,2208,8077,1597,0,0,0,0,100,49,40,39,38,43,46,49,0,0,78,0,0,0,0,0,0,14780,1128,1011,0,933,77,346,346,100,1,1,0,999,999,40,0,25,0,0,0,0,0,0,0,0,0,0,100,2688,2816,100,0,0,0,0,0,0,0,0,0,0,0,0,0,0,0,0,0,0,0,0,160,794,794,1,1,23,17,50,1,7425,794,2202,2042,0,0,0,16777,0,17237,0,0,0,0,11,3,6,200,0,240,15,272,0,0,694,8013,0
1066107,2425,1027,80,47,9999,0,0,348,0,0,0,4132,1437,0,0,62,0,2,2,1382,456,2000,1,0,4,72,72,37158,13673,264,639,113,66,469,0,0,0,73,3,3,0,10,0,0,0,0,0,2688,2816,2688,2816,4128,2208,8719,1605,0,0,0,0,100,57,40,43,40,47,57,50,0,0,77,0,0,0,0,0,0,14780,1128,1011,0,933,77,346,346,100,0,0,0,999,999,40,0,25,0,0,0,0,0,0,0,0,0,0,100,2688,2816,100,0,0,0,0,0,0,0,0,0,0,0,0,0,0,0,0,0,0,0,0,160,794,794,1,1,23,17,50,1,7394,794,2202,2042,0,0,0,17836,0,18178,0,0,1,6,11,3,6,200,0,240,15,272,28,6,694,8013,0
1067107,2425,1027,80,47,9999,0,0,245,0,0,0,4132,1012,0,0,62,0,2,2,1382,456,2000,1,0,4,73,72,36957,13663,329,650,109,65,463,0,0,3,73,3,3,0,10,0,0,0,0,0,2688,2816,2688,2816,4128,2208,8730,1600,0,0,0,0,100,56,41,36,42,56,50,52,0,0,77,0,0,0,0,0,0,14780,1128,1011,0,933,77,346,346,100,1,1,0,999,999,40,0,25,0,0,0,0,0,0,0,0,0,0,100,2688,2816,100,0,0,0,0,0,0,0,0,0,0,0,0,0,0,0,0,0,0,0,0,160,794,794,1,1,23,15,50,1,7396,794,2202,2040,0,0,0,20081,0,20475,0,0,1,6,11,3,6,204,0,239,15,272,28,6,693,8013,0
1068107,2425,1027,80,47,9999,0,0,287,0,0,0,4132,1185,0,0,62,0,3,2,1382,456,2000,1,0,4,72,72,36618,13750,311,629,106,66,411,0,0,1,72,3,3,0,10,0,0,0,0,0,2688,2816,2688,2816,4128,2208,7905,1549,0,0,0,0,100,51,41,31,37,44,46,51,0,0,76,0,0,0,0,0,0,14780,1128,1011,0,933,77,346,346,100,1,1,0,999,999,40,0,25,0,0,0,0,0,0,0,0,0,0,100,2688,2816,100,0,0,0,0,0,0,0,0,0,0,0,0,0,0,0,0,0,0,0,0,160,794,794,1,1,23,19,50,1,7401,794,2202,2043,0,0,0,11098,0,11316,0,0,0,0,11,3,6,199,0,239,15,272,0,0,694,8013,0
1069108,2425,1027,80,47,9999,0,0,261,0,0,0,4150,1083,0,0,62,0,2,2,1382,456,2000,1,0,4,73,72,36167,13680,253,654,104,67,388,0,0,2,73,3,3,0,10,0,0,0,0,0,2688,2816,2688,2816,4128,2208,9261,1604,0,0,0,0,100,60,53,50,52,57,58,60,0,0,76,0,0,0,0,0,0,14780,1128,1011,0,933,77,346,346,100,1,1,0,999,999,40,0,25,0,0,0,0,0,0,0,0,0,0,100,2688,2816,100,0,0,0,0,0,0,0,0,0,0,0,0,0,0,0,0,0,0,0,0,160,794,794,1,1,23,17,50,1,7399,794,2202,2042,0,0,0,16891,0,17341,0,0,2,1,11,3,6,207,0,245,15,272,53,1,698,8013,1
1070108,2425,1027,80,47,9999,0,0,342,0,0,0,4150,1419,0,0,62,0,2,2,1382,456,2000,1,0,4,72,72,34818,13584,316,571,104,65,383,0,0,0,73,3,3,0,10,0,0,0,0,0,2688,2816,2688,2816,4128,2208,9071,1553,0,0,0,0,100,47,43,31,36,47,44,44,0,0,77,0,0,0,0,0,0,14780,1128,1011,0,933,77,346,346,100,0,0,0,999,999,40,0,25,0,0,0,0,0,0,0,0,0,0,100,2688,2816,100,0,0,0,0,0,0,0,0,0,0,0,0,0,0,0,0,0,0,0,0,160,795,795,1,1,23,16,50,1,7437,795,2201,2040,0,0,0,14703,0,15132,0,0,0,0,11,3,6,208,0,246,15,272,0,0,699,8013,1
1071108,2425,1027,80,47,9999,0,0,286,0,0,0,4150,1186,0,0,62,0,3,3,1382,456,2000,1,0,4,71,72,37238,13733,615,666,184,65,396,0,0,6,73,3,3,0,10,0,0,0,0,0,2688,2816,2688,2816,4128,2208,8225,1462,0,0,0,0,100,56,46,45,46,56,56,56,0,0,75,0,0,0,0,0,0,14780,1128,1011,0,933,77,346,346,100,2,1,0,999,999,40,0,25,0,0,0,0,0,0,0,0,0,0,100,2688,2816,100,0,0,0,0,0,0,0,0,0,0,0,0,0,0,0,0,0,0,0,0,160,795,795,1,1,24,16,50,1,7399,795,2201,2040,0,0,0,13974,0,14274,0,0,0,0,11,3,6,206,0,246,15,272,0,0,699,8013,1
1072108,2425,1027,80,47,9999,0,0,503,0,0,0,4150,2087,0,0,62,0,2,2,1382,456,2000,1,0,4,72,72,34704,13621,258,649,152,66,378,0,0,0,72,3,3,0,10,0,0,0,0,0,2688,2816,2688,2816,4128,2208,8822,1587,0,0,0,0,100,45,37,41,36,41,37,45,0,0,76,0,0,0,0,0,0,14780,1128,1011,0,933,77,346,346,100,0,0,0,999,999,40,0,25,0,0,0,0,0,0,0,0,0,0,100,2688,2816,100,0,0,0,0,0,0,0,0,0,0,0,0,0,0,0,0,0,0,0,0,160,795,795,1,1,24,19,50,1,7432,795,2202,2044,0,0,0,11672,0,11950,0,0,0,0,11,3,6,207,0,246,15,272,0,0,699,8013,1
1073108,2425,1027,80,47,9999,0,0,741,0,0,0,4150,3075,0,0,62,0,3,2,1651,456,2000,1,0,4,71,72,34141,13532,262,572,159,65,384,0,0,3,73,3,3,0,10,0,0,0,0,0,2688,2816,2688,2816,4128,2208,8683,1592,0,0,0,0,100,42,32,35,31,39,42,37,0,0,76,0,0,0,0,0,0,14780,1128,1011,0,933,77,346,346,100,3,1,0,999,999,40,0,25,0,0,0,0,0,0,0,0,0,0,100,2688,2816,100,0,0,0,0,0,0,0,0,0,0,0,0,0,0,0,0,0,0,0,0,160,795,795,1,1,24,20,50,1,7426,795,2201,2044,0,0,0,12716,0,13254,0,0,0,0,11,3,6,205,0,245,15,272,0,0,699,8013,1
1074108,2425,1027,80,47,9999,0,0,219,0,0,0,4150,908,0,0,62,0,2,2,1651,456,2000,1,0,4,72,72,37606,14034,298,873,189,66,398,0,0,1,73,3,3,0,10,0,0,0,0,0,2688,2816,2688,2816,4128,2208,9250,1617,0,0,0,0,100,57,44,46,44,55,48,57,0,0,77,0,0,0,0,0,0,14780,1128,1011,0,933,77,346,346,100,1,1,0,999,999,40,0,25,0,0,0,0,0,0,0,0,0,0,100,2688,2816,100,0,0,0,0,0,0,0,0,0,0,0,0,0,0,0,0,0,0,0,0,160,795,795,1,1,24,18,50,1,7403,795,2201,2041,0,0,0,17226,0,17624,0,0,0,0,11,3,6,202,0,245,15,272,0,0,699,8013,1
1075108,2425,1027,80,47,9999,0,0,165,0,0,0,4150,684,0,0,62,0,2,2,1651,456,2000,1,0,4,73,72,36507,13770,270,731,105,66,407,0,0,2,73,3,3,0,10,0,0,0,0,0,2688,2816,2688,2816,4128,2208,7939,1594,0,0,0,0,100,57,52,49,49,53,57,50,0,0,76,0,0,0,0,0,0,14780,1128,1011,0,933,77,346,346,100,1,1,0,999,999,40,0,25,0,0,0,0,0,0,0,0,0,0,100,2688,2816,100,0,0,0,0,0,0,0,0,0,0,0,0,0,0,0,0,0,0,0,0,160,795,795,1,1,24,16,50,1,7436,795,2202,2041,0,0,0,17111,0,17449,0,0,0,0,11,3,6,200,0,240,15,272,0,0,694,8013,0
1076108,2425,1027,80,47,9999,0,0,241,0,0,0,4150,1000,0,0,62,0,2,2,1651,456,2000,1,0,4,72,72,36587,13751,594,690,140,65,373,0,0,1,72,3,3,0,10,0,0,0,0,0,2688,2816,2688,2816,4128,2208,9141,1600,0,0,0,0,100,55,40,42,39,47,55,52,0,0,76,0,0,0,0,0,0,14780,1128,1011,0,933,77,346,346,100,1,1,0,999,999,40,0,25,0,0,0,0,0,0,0,0,0,0,100,2688,2816,100,0,0,0,0,0,0,0,0,0,0,0,0,0,0,0,0,0,0,0,0,160,795,795,1,1,24,16,50,1,7404,795,2202,2041,0,0,0,8769,0,9049,0,0,0,0,11,3,6,199,0,240,15,272,0,0,694,8013,0
1077108,2425,1027,80,47,9999,0,0,461,0,0,0,4150,1913,0,0,62,0,2,2,1651,456,2000,1,0,4,73,72,35909,13750,285,664,113,65,372,0,0,4,73,3,3,0,10,0,0,0,0,0,2688,2816,2688,2816,4128,2208,8603,1604,0,0,0,0,100,55,36,38,35,44,55,46,0,0,75,0,0,0,0,0,0,14780,1128,1011,0,933,77,346,346,100,2,1,0,999,999,40,0,25,0,0,0,0,0,0,0,0,0,0,100,2688,2816,100,0,0,0,0,0,0,0,0,0,0,0,0,0,0,0,0,0,0,0,0,160,795,795,1,1,23,20,50,1,7439,795,2201,2045,0,0,0,17054,0,17406,0,0,0,0,11,3,6,200,0,240,15,272,0,0,694,8013,0
1078108,2425,1027,80,47,9999,0,0,320,0,0,0,4150,1328,0,0,62,0,3,2,1651,456,2000,1,0,4,71,72,36044,13715,276,645,125,65,385,0,0,2,73,3,3,0,10,0,0,0,0,0,2688,2816,2688,2816,4128,2208,8512,1614,0,0,0,0,100,57,41,43,44,56,57,56,0,0,76,0,0,0,0,0,0,14780,1128,1011,0,933,77,346,346,100,1,1,0,999,999,40,0,25,0,0,0,0,0,0,0,0,0,0,100,2688,2816,100,0,0,0,0,0,0,0,0,0,0,0,0,0,0,0,0,0,0,0,0,160,795,795,1,1,21,19,50,1,7404,795,2199,2044,0,0,0,9992,0,10277,0,0,2,1,11,3,6,200,0,240,15,272,51,1,694,8013,0
1079142,2376,1026,80,47,9999,0,0,336,0,0,0,4137,1390,0,0,62,0,2,2,1651,456,2000,1,0,4,73,72,35220,13691,331,694,126,64,391,0,0,0,72,3,3,0,10,0,0,0,0,0,2688,2816,2688,2816,4128,2208,8013,1605,0,0,0,0,100,52,39,40,35,44,52,44,0,0,76,0,0,0,0,0,0,14780,1129,1007,0,934,73,346,346,100,0,0,0,999,999,40,0,25,0,0,0,0,0,0,0,0,0,0,100,2688,2816,100,0,0,0,0,0,0,0,0,0,0,0,0,0,0,0,0,0,0,0,0,160,795,795,1,1,21,19,50,1,7439,795,2199,2044,0,0,0,14313,0,14941,0,0,0,0,11,3,6,201,0,245,15,272,0,0,699,8013,1
1080109,2376,1026,80,47,9999,0,0,286,0,0,0,4137,1183,0,0,62,0,3,2,1651,456,2000,1,0,4,71,72,34935,13768,318,643,146,65,380,0,0,4,73,3,3,0,10,0,0,0,0,0,2688,2816,2688,2816,4128,2208,9073,1624,0,0,0,0,100,52,36,37,33,47,40,52,0,0,76,0,0,0,0,0,0,14780,1129,1007,0,934,73,346,346,100,3,1,0,999,999,40,0,25,0,0,0,0,0,0,0,0,0,0,100,2688,2816,100,0,0,0,0,0,0,0,0,0,0,0,0,0,0,0,0,0,0,0,0,160,795,795,1,1,21,18,50,1,7407,795,2199,2043,0,0,0,10474,0,10735,0,0,0,0,11,3,6,200,0,240,15,272,0,0,694,8013,0
1081109,2376,1026,80,47,9999,0,0,254,0,0,0,4137,1050,0,0,62,0,2,2,1651,456,2000,1,0,4,73,72,36039,13727,296,650,105,66,395,0,0,0,73,3,3,0,10,0,0,0,0,0,2688,2816,2688,2816,4128,2208,7872,1626,0,0,0,0,100,54,44,39,43,53,51,54,0,0,76,0,0,0,0,0,0,14780,1129,1007,0,934,73,346,346,100,0,0,0,999,999,40,0,25,0,0,0,0,0,0,0,0,0,0,100,2688,2816,100,0,0,0,0,0,0,0,0,0,0,0,0,0,0,0,0,0,0,0,0,160,795,795,1,1,24,17,50,1,7407,795,2202,2042,0,0,0,18754,0,19233,0,0,0,2,11,3,6,204,0,246,15,272,9,2,699,8013,1
1082109,2376,1026,80,47,9999,0,0,427,0,0,0,4137,1766,0,0,62,0,2,2,1651,456,2000,1,0,4,71,72,34999,13566,295,599,105,65,375,0,0,4,72,3,3,0,10,0,0,0,0,0,2688,2816,2688,2816,4128,2208,8994,1562,0,0,0,0,100,52,38,29,33,45,46,52,0,0,77,0,0,0,0,0,0,14780,1129,1007,0,934,73,346,346,100,2,1,0,999,999,40,0,25,0,0,0,0,0,0,0,0,0,0,100,2688,2816,100,0,0,0,0,0,0,0,0,0,0,0,0,0,0,0,0,0,0,0,0,160,796,796,1,1,24,21,50,1,7441,796,2202,2045,0,0,0,15702,0,15971,0,0,0,0,11,3,6,201,0,239,15,272,0,0,694,8013,0
1083109,2376,1026,80,47,9999,0,0,287,0,0,0,4137,1187,0,0,62,0,3,2,1651,456,2000,1,0,4,73,72,38036,13654,314,610,127,66,383,0,0,1,73,3,3,0,10,0,0,0,0,0,2688,2816,2688,2816,4128,2208,8660,1618,0,0,0,0,100,55,41,37,39,55,50,51,0,0,77,0,0,0,0,0,0,14780,1129,1007,0,934,73,346,346,100,1,1,0,999,999,40,0,25,0,0,0,0,0,0,0,0,0,0,100,2688,2816,100,0,0,0,0,0,0,0,0,0,0,0,0,0,0,0,0,0,0,0,0,160,795,795,1,1,23,20,50,1,7406,795,2200,2044,0,0,0,9785,0,10026,0,0,0,0,11,3,6,201,0,239,15,272,0,0,694,8013,0
1084109,2376,1026,80,47,9999,0,0,219,0,0,0,4137,906,0,0,62,0,2,2,1651,456,2000,1,0,4,72,72,35449,13615,267,584,99,65,358,0,0,5,73,3,3,0,10,0,0,0,0,0,2688,2816,2688,2816,4128,2208,9206,1610,0,0,0,0,100,50,38,38,37,45,47,50,0,0,76,0,0,0,0,0,0,14780,1129,1007,0,934,73,346,346,100,1,1,0,999,999,40,0,25,0,0,0,0,0,0,0,0,0,0,100,2688,2816,100,0,0,0,0,0,0,0,0,0,0,0,0,0,0,0,0,0,0,0,0,160,793,793,1,1,23,19,50,1,7436,793,2201,2043,0,0,0,12030,0,12260,0,0,0,0,11,3,6,201,0,240,15,272,0,0,694,8013,0
1085110,2376,1026,80,47,9999,0,0,182,0,0,0,4137,752,0,0,62,0,3,2,1651,456,2000,1,0,4,72,72,36109,13637,346,602,145,64,388,0,0,4,73,3,3,0,10,0,0,0,0,0,2688,2816,2688,2816,4128,2208,8650,1611,0,0,0,0,100,56,38,38,43,52,56,50,0,0,76,0,0,0,0,0,0,14780,1129,1007,0,934,73,346,346,100,3,1,0,999,999,40,0,25,0,0,0,0,0,0,0,0,0,0,100,2688,2816,100,0,0,0,0,0,0,0,0,0,0,0,0,0,0,0,0,0,0,0,0,160,793,793,1,1,23,18,50,1,7386,793,2201,2042,0,0,0,17083,0,17432,0,0,0,0,11,3,6,201,0,239,15,272,0,0,694,8013,0
1086109,2376,1026,80,47,9999,0,0,384,0,0,0,4137,1588,0,0,62,0,2,2,1651,456,2000,1,0,4,72,72,34924,13719,302,627,126,65,449,0,0,1,73,3,3,0,10,0,0,0,0,0,2688,2816,2688,2816,4128,2208,8668,1610,0,0,0,0,100,49,35,33,32,42,49,44,0,0,77,0,0,0,0,0,0,14780,1129,1007,0,934,73,346,346,100,1,1,0,999,999,40,0,25,0,0,0,0,0,0,0,0,0,0,100,2688,2816,100,0,0,0,0,0,0,0,0,0,0,0,0,0,0,0,0,0,0,0,0,160,793,793,1,1,23,18,50,1,7418,793,2201,2043,0,0,0,12061,0,12318,0,0,0,1,11,3,6,195,0,239,15,272,5,1,694,8013,0
1087109,2376,1026,80,47,9999,0,0,525,0,0,0,4137,2171,0,0,62,0,3,2,1651,456,2000,1,0,4,72,72,35087,13607,275,586,108,64,387,0,0,4,73,3,3,0,10,0,0,0,0,0,2688,2816,2688,2816,4128,2208,8603,1606,0,0,0,0,100,50,39,36,35,46,50,49,0,0,76,0,0,0,0,0,0,14780,1129,1007,0,934,73,346,346,100,2,1,0,999,999,40,0,25,0,0,0,0,0,0,0,0,0,0,100,2688,2816,100,0,0,0,0,0,0,0,0,0,0,0,0,0,0,0,0,0,0,0,0,160,793,793,1,1,23,21,50,1,7385,793,2201,2044,0,0,0,12619,0,12876,0,0,0,0,11,3,6,188,0,238,15,272,0,0,691,8013,0
1088110,2376,1026,80,47,9999,0,0,206,0,0,0,4137,852,0,0,62,0,2,2,1651,456,2000,1,0,4,73,72,35917,13585,270,623,110,65,461,0,0,1,72,3,3,0,10,0,0,0,0,0,2688,2816,2688,2816,4128,2208,8437,1608,0,0,0,0,100,55,43,40,40,52,49,55,0,0,75,0,0,0,0,0,0,14780,1129,1007,0,934,73,346,346,100,1,1,0,999,999,40,0,25,0,0,0,0,0,0,0,0,0,0,100,2688,2816,100,0,0,0,0,0,0,0,0,0,0,0,0,0,0,0,0,0,0,0,0,160,793,793,1,1,23,20,50,1,7386,793,2201,2045,0,0,0,14018,0,14267,0,0,2,1,11,3,6,195,0,239,15,272,51,1,694,8013,0
1089110,2376,1026,80,47,9999,0,0,258,0,0,0,4142,1068,0,0,62,0,2,2,1651,456,2000,1,0,4,72,72,34192,13661,319,610,121,65,397,0,0,3,73,3,3,0,10,0,0,0,0,0,2688,2816,2688,2816,4128,2208,7844,1599,0,0,0,0,100,50,41,39,39,48,50,50,0,0,75,0,0,0,0,0,0,14780,1129,1007,0,934,73,346,346,100,1,1,0,999,999,40,0,25,0,0,0,0,0,0,0,0,0,0,100,2688,2816,100,0,0,0,0,0,0,0,0,0,0,0,0,0,0,0,0,0,0,0,0,160,794,794,1,1,23,19,50,1,7422,794,2201,2044,0,0,0,11287,0,11529,0,0,0,1,11,3,6,194,0,239,15,272,5,1,694,8013,0
1090110,2376,1026,80,47,9999,0,0,246,0,0,0,4142,1018,0,0,62,0,2,2,1651,456,2000,1,0,4,73,72,35992,13735,277,624,112,65,396,0,0,2,73,3,3,0,10,0,0,0,0,0,2688,2816,2688,2816,4128,2208,8525,1599,0,0,0,0,100,57,43,38,43,57,56,51,0,0,75,0,0,0,0,0,0,14780,1129,1007,0,934,73,346,346,100,2,1,0,999,999,40,0,25,0,0,0,0,0,0,0,0,0,0,100,2688,2816,100,0,0,0,0,0,0,0,0,0,0,0,0,0,0,0,0,0,0,0,0,160,794,794,1,1,23,19,50,1,7388,794,2201,2044,0,0,0,9126,0,9375,0,0,0,0,11,3,6,194,0,239,15,272,0,0,694,8013,0
1091110,2376,1026,80,47,9999,0,0,441,0,0,0,4142,1826,0,0,62,0,2,2,1651,456,2000,1,0,4,73,72,36706,13581,272,583,100,66,365,0,0,0,73,3,3,0,10,0,0,0,0,0,2688,2816,2688,2816,4128,2208,8399,1605,0,0,0,0,100,55,40,34,35,47,55,49,0,0,75,0,0,0,0,0,0,14780,1129,1007,0,934,73,346,346,100,0,0,0,999,999,40,0,25,0,0,0,0,0,0,0,0,0,0,100,2688,2816,100,0,0,0,0,0,0,0,0,0,0,0,0,0,0,0,0,0,0,0,0,160,794,794,1,1,23,17,50,1,7424,794,2202,2042,0,0,0,15716,0,16159,0,0,0,0,11,3,6,195,0,239,15,272,0,0,694,8013,0
1092110,2376,1026,80,47,9999,0,0,375,0,0,0,4142,1553,0,0,62,0,3,2,1651,456,2000,1,0,4,72,72,36081,13624,310,599,133,65,415,0,0,7,73,3,3,0,10,0,0,0,0,0,2688,2816,2688,2816,4128,2208,8411,1601,0,0,0,0,100,55,44,40,48,55,55,50,0,0,74,0,0,0,0,0,0,14780,1129,1007,0,934,73,346,346,100,5,1,0,999,999,40,0,25,0,0,0,0,0,0,0,0,0,0,100,2688,2816,100,0,0,0,0,0,0,0,0,0,0,0,0,0,0,0,0,0,0,0,0,160,794,794,1,1,23,21,50,1,7387,794,2201,2045,0,0,0,17408,0,17764,0,0,2,1,11,3,6,194,0,239,15,272,51,1,694,8013,0
1093110,2376,1026,80,47,9999,0,0,367,0,0,0,4142,1520,0,0,62,0,2,2,1651,456,2000,1,0,4,71,72,37292,13860,334,740,177,64,416,0,0,1,72,3,3,0,10,0,0,0,0,0,2688,2816,2688,2816,4128,2208,8449,1599,0,0,0,0,100,49,41,38,31,42,49,44,0,0,74,0,0,0,0,0,0,14780,1129,1007,0,934,73,346,346,100,1,1,0,999,999,40,0,25,0,0,0,0,0,0,0,0,0,0,100,2688,2816,100,0,0,0,0,0,0,0,0,0,0,0,0,0,0,0,0,0,0,0,0,160,794,794,1,1,23,20,50,1,7405,794,2201,2046,0,0,0,9552,0,9890,0,0,0,0,11,3,6,194,0,239,15,272,0,0,694,8013,0
1094111,2376,1026,80,47,9999,0,0,543,0,0,0,4142,2249,0,0,62,0,3,2,1382,456,1708,1,0,4,72,72,34947,13790,346,736,135,65,395,0,0,4,72,3,3,0,10,0,0,0,0,0,2688,2816,2688,2816,4128,2208,8456,1607,0,0,0,0,100,52,32,32,34,52,48,44,0,0,74,0,0,0,0,0,0,14780,1129,1007,0,934,73,346,346,100,1,1,0,999,999,40,0,25,0,0,0,0,0,0,0,0,0,0,100,2688,2816,100,0,0,0,0,0,0,0,0,0,0,0,0,0,0,0,0,0,0,0,0,160,794,794,1,1,23,19,50,1,7416,794,2202,2044,0,0,0,22820,0,23383,0,0,0,0,11,3,6,206,0,245,15,272,0,0,698,8013,1
1095110,2376,1026,80,47,9999,0,0,165,0,0,0,4142,683,0,0,62,0,2,2,1382,456,1708,1,0,4,72,72,35767,13937,343,701,148,66,429,0,0,3,73,3,3,0,10,0,0,0,0,0,2688,2816,2688,2816,4128,2208,8641,1598,0,0,0,0,100,60,46,46,45,60,53,50,0,0,75,0,0,0,0,0,0,14780,1129,1007,0,934,73,346,346,100,2,1,0,999,999,40,0,25,0,0,0,0,0,0,0,0,0,0,100,2688,2816,100,0,0,0,0,0,0,0,0,0,0,0,0,0,0,0,0,0,0,0,0,160,794,794,1,1,23,18,50,1,7390,794,2202,2043,0,0,0,9073,0,9597,0,0,2,1,11,3,6,203,0,246,15,272,53,1,699,8013,1
1096110,2376,1026,80,47,9999,0,0,538,0,0,0,4142,2228,0,0,62,0,2,2,1382,456,1708,1,0,4,71,72,35790,13818,314,677,160,66,379,0,0,4,73,3,3,0,10,0,0,0,0,0,2688,2816,2688,2816,4128,2208,9073,1608,0,0,0,0,100,51,51,45,43,47,51,51,0,0,75,0,0,0,0,0,0,14780,1129,1007,0,934,73,346,346,100,2,2,0,999,999,40,0,25,0,0,0,0,0,0,0,0,0,0,100,2688,2816,100,0,0,0,0,0,0,0,0,0,0,0,0,0,0,0,0,0,0,0,0,160,794,794,1,1,23,16,50,1,7424,794,2202,2041,0,0,0,11477,0,11733,0,0,2,1,11,3,6,175,0,245,15,272,53,1,698,8013,1
1097110,2376,1026,80,47,9999,0,0,620,0,0,0,4142,2568,0,0,62,0,3,5,1382,456,1708,1,0,4,72,72,40189,13616,291,754,147,64,355,0,1,4,73,3,3,0,10,0,0,0,0,0,2688,2816,2688,2816,4128,2208,8618,1356,0,0,0,0,100,55,43,43,47,53,55,54,0,0,75,0,0,0,0,0,0,14780,1129,1007,0,934,73,346,346,100,2,1,0,999,999,40,0,25,0,0,0,0,0,0,0,0,0,0,100,2688,2816,100,0,0,0,0,0,0,0,0,0,0,0,0,0,0,0,0,0,0,0,0,160,794,794,1,1,23,19,50,1,7390,794,2201,2044,0,0,0,19116,0,19502,0,0,2,1,11,3,6,179,0,246,15,272,53,1,698,8013,1
1098111,2376,1026,80,47,9999,0,0,572,0,0,0,4120,2356,0,0,62,0,3,4,1382,456,1708,1,0,4,72,72,35132,13623,340,681,127,64,323,0,0,5,72,3,3,0,10,0,0,0,0,0,2688,2816,2688,2816,4128,2208,8698,1474,0,0,0,0,100,52,44,46,46,50,52,49,0,0,73,0,0,0,0,0,0,14780,1129,1007,0,934,73,346,346,100,2,1,0,999,999,40,0,25,0,0,0,0,0,0,0,0,0,0,100,2688,2816,100,0,0,0,0,0,0,0,0,0,0,0,0,0,0,0,0,0,0,0,0,160,794,794,1,1,23,18,50,1,7424,794,2201,2043,0,0,0,10465,0,10695,0,0,0,3,11,3,6,183,0,246,15,272,14,3,699,8013,1
1099148,2422,1028,80,47,9999,0,0,395,0,0,0,4130,1631,0,0,62,0,2,4,1382,456,1708,1,0,4,72,72,35580,13697,311,608,101,64,353,0,0,0,73,3,3,0,10,0,0,0,0,0,2688,2816,2688,2816,4128,2208,8769,1464,0,0,0,0,100,51,41,42,43,51,44,51,0,0,75,0,0,0,0,0,0,14780,1129,1011,0,934,77,346,346,100,0,0,0,999,999,40,0,25,0,0,0,0,0,0,0,0,0,0,100,2688,2816,100,0,0,0,0,0,0,0,0,0,0,0,0,0,0,0,0,0,0,0,0,160,794,794,1,1,23,18,50,1,7391,794,2202,2043,0,0,0,19446,0,19817,0,0,0,0,11,3,6,184,0,245,15,272,0,0,698,8013,1
1100111,2422,1028,80,47,9999,0,0,436,0,0,0,4130,1800,0,0,62,0,2,4,1382,456,1708,1,0,4,72,72,34780,13508,274,575,109,64,377,0,0,1,73,3,3,0,10,0,0,0,0,0,2688,2816,2688,2816,4128,2208,8597,1470,0,0,0,0,100,51,40,31,34,46,49,51,0,0,75,0,0,0,0,0,0,14780,1129,1011,0,934,77,346,346,100,1,1,0,999,999,40,0,25,0,0,0,0,0,0,0,0,0,0,100,2688,2816,100,0,0,0,0,0,0,0,0,0,0,0,0,0,0,0,0,0,0,0,0,160,795,795,1,1,23,17,50,1,7396,795,2201,2041,0,0,0,16311,0,16682,0,0,2,1,11,3,6,186,0,245,15,272,53,1,697,8013,1
1101111,2422,1028,80,47,9999,0,0,368,0,0,0,4130,1519,0,0,62,0,3,4,1382,456,1708,1,0,4,72,72,35921,13559,363,584,113,64,367,0,0,5,72,3,3,0,10,0,0,0,0,0,2688,2816,2688,2816,4128,2208,8712,1464,0,0,0,0,100,56,39,39,39,53,51,56,0,0,74,0,0,0,0,0,0,14780,1129,1011,0,934,77,346,346,100,4,1,0,999,999,40,0,25,0,0,0,0,0,0,0,0,0,0,100,2688,2816,100,0,0,0,0,0,0,0,0,0,0,0,0,0,0,0,0,0,0,0,0,160,795,795,1,1,23,14,50,1,7398,795,2201,2038,0,0,0,13567,0,13785,0,0,0,0,11,3,6,171,0,245,15,272,0,0,697,8013,1
1102111,2422,1028,80,47,9999,0,0,194,0,0,0,4130,801,0,0,62,0,2,3,1382,456,1708,1,0,4,72,72,35624,13682,310,620,124,66,343,0,0,0,73,3,3,0,10,0,0,0,0,0,2688,2816,2688,2816,4128,2208,9118,1599,0,0,0,0,100,51,38,38,39,51,48,48,0,0,76,0,0,0,0,0,0,14780,1129,1011,0,934,77,346,346,100,0,0,0,999,999,40,0,25,0,0,0,0,0,0,0,0,0,0,100,2688,2816,100,0,0,0,0,0,0,0,0,0,0,0,0,0,0,0,0,0,0,0,0,160,795,795,1,1,24,14,50,1,7390,795,2201,2038,0,0,0,13790,0,14029,0,0,0,0,11,3,6,169,0,239,15,272,0,0,693,8013,0
1103110,2422,1028,80,47,9999,0,0,251,0,0,0,4130,1036,0,0,62,0,2,3,1382,456,1708,1,0,4,73,72,34481,13644,323,666,151,141,377,0,0,0,73,3,3,0,10,0,0,0,0,0,2688,2816,2688,2816,4128,2208,8917,1596,0,0,0,0,100,39,32,32,30,33,39,34,0,0,78,0,0,0,0,0,0,14780,1129,1011,0,934,77,346,346,100,0,0,0,999,999,40,0,25,0,0,0,0,0,0,0,0,0,0,100,2688,2816,100,0,0,0,0,0,0,0,0,0,0,0,0,0,0,0,0,0,0,0,0,160,795,795,1,1,24,18,50,1,7426,795,2202,2043,0,0,0,10222,0,10437,0,0,0,3,11,3,6,171,0,239,15,272,14,3,693,8013,0
1104111,2422,1028,80,47,9999,0,0,487,0,0,0,4130,2011,0,0,62,0,3,3,1382,492,2000,1,0,4,70,72,35925,13644,323,666,151,141,377,0,0,0,73,3,3,0,10,0,0,0,0,0,2688,2816,2688,2816,4128,2208,8851,1596,0,0,0,0,100,52,36,39,39,52,43,45,0,0,77,0,0,0,0,0,0,14780,1129,1011,0,934,77,346,346,100,0,0,0,999,999,40,0,25,0,0,0,0,0,0,0,0,0,0,100,2688,2816,100,0,0,0,0,0,0,0,0,0,0,0,0,0,0,0,0,0,0,0,0,160,795,795,1,1,24,19,50,1,7395,795,2202,2044,0,0,0,17082,0,17418,0,0,0,0,11,3,6,171,0,239,15,272,0,0,693,8013,0
1105111,2422,1028,80,47,9999,0,0,476,0,0,0,4130,1965,0,0,62,0,2,3,1382,492,2000,1,0,4,73,72,34743,13735,313,736,137,65,369,0,2,6,73,3,3,0,10,0,0,0,0,0,2688,2816,2688,2816,4128,2208,8366,1601,0,0,0,0,100,46,35,32,30,39,46,45,0,0,77,0,0,0,0,0,0,14780,1129,1011,0,934,77,346,346,100,5,1,0,999,999,40,0,25,0,0,0,0,0,0,0,0,0,0,100,2688,2816,100,0,0,0,0,0,0,0,0,0,0,0,0,0,0,0,0,0,0,0,0,160,795,795,1,1,24,18,50,1,7429,795,2201,2042,0,0,0,8387,0,8615,0,0,0,0,11,3,6,171,0,239,15,272,0,0,693,8013,0
1106111,2422,1028,80,47,9999,0,0,306,0,0,0,4130,1263,0,0,62,0,3,3,1382,492,2000,1,0,4,72,72,35223,13690,278,686,127,65,404,0,0,2,72,3,3,0,10,0,0,0,0,0,2688,2816,2688,2816,4128,2208,8258,1607,0,0,0,0,100,56,41,38,43,56,55,46,0,0,78,0,0,0,0,0,0,14780,1129,1011,0,934,77,346,346,100,2,1,0,999,999,40,0,25,0,0,0,0,0,0,0,0,0,0,100,2688,2816,100,0,0,0,0,0,0,0,0,0,0,0,0,0,0,0,0,0,0,0,0,160,795,795,1,1,24,17,50,1,7397,795,2202,2042,0,0,0,7485,0,7737,0,0,0,0,11,3,6,172,0,239,15,272,0,0,693,8013,0
1107111,2422,1028,80,47,9999,0,0,545,0,0,0,4130,2250,0,0,62,0,2,3,1382,492,2000,1,0,4,73,72,35731,13703,345,682,177,64,395,0,0,4,73,3,3,0,10,0,0,0,0,0,2688,2816,2688,2816,4128,2208,8811,1604,0,0,0,0,100,50,36,36,37,39,44,50,0,0,78,0,0,0,0,0,0,14780,1129,1011,0,934,77,346,346,100,2,1,0,999,999,40,0,25,0,0,0,0,0,0,0,0,0,0,100,2688,2816,100,0,0,0,0,0,0,0,0,0,0,0,0,0,0,0,0,0,0,0,0,160,795,795,1,1,24,16,50,1,7398,795,2202,2041,0,0,0,13653,0,14171,0,0,2,1,11,3,6,172,0,239,15,272,51,1,693,8013,0
1108111,2422,1028,80,47,9999,0,0,452,0,0,0,4130,1866,0,0,62,0,2,3,1382,492,2000,1,0,4,72,72,35235,13795,352,723,155,65,363,0,0,3,73,3,3,0,10,0,0,0,0,0,2688,2816,2688,2816,4128,2208,8278,1609,0,0,0,0,100,55,43,38,38,55,52,50,0,0,78,0,0,0,0,0,0,14780,1129,1011,0,934,77,346,346,100,1,1,0,999,999,40,0,25,0,0,0,0,0,0,0,0,0,0,100,2688,2816,100,0,0,0,0,0,0,0,0,0,0,0,0,0,0,0,0,0,0,0,0,160,795,795,1,1,24,20,50,1,7429,795,2201,2044,0,0,0,17364,0,17700,0,0,0,0,11,3,6,171,0,239,15,272,0,0,693,8013,0
1109111,2422,1028,80,47,9999,0,0,371,0,0,0,4119,1528,0,0,62,0,2,3,1382,492,2000,1,0,4,73,72,36878,13746,291,658,198,65,373,0,0,2,73,3,3,0,10,0,0,0,0,0,2688,2816,2688,2816,4128,2208,9599,1606,0,0,0,0,100,56,42,35,40,48,56,41,0,0,78,0,0,0,0,0,0,14780,1129,1011,0,934,77,346,346,100,1,1,0,999,999,40,0,25,0,0,0,0,0,0,0,0,0,0,100,2688,2816,100,0,0,0,0,0,0,0,0,0,0,0,0,0,0,0,0,0,0,0,0,160,795,795,1,1,23,19,50,1,7396,795,2202,2044,0,0,0,9157,0,9407,0,0,2,1,11,3,6,172,0,239,15,272,51,1,693,8013,0
1110111,2422,1028,80,47,9999,0,0,502,0,0,0,4119,2067,0,0,62,0,2,3,1382,492,2000,1,0,4,72,72,35746,14016,360,893,290,65,345,0,0,1,72,3,3,0,10,0,0,0,0,0,2688,2816,2688,2816,4128,2208,8946,1605,0,0,0,0,100,55,41,43,41,55,50,50,0,0,78,0,0,0,0,0,0,14780,1129,1011,0,934,77,346,346,100,1,1,0,999,999,40,0,25,0,0,0,0,0,0,0,0,0,0,100,2688,2816,100,0,0,0,0,0,0,0,0,0,0,0,0,0,0,0,0,0,0,0,0,160,795,795,1,1,23,17,50,1,7431,795,2202,2043,0,0,0,10049,0,10304,0,0,0,0,11,3,6,172,0,239,15,272,0,0,693,8013,0
1111111,2422,1028,80,47,9999,0,0,294,0,0,0,4119,1210,0,0,62,0,2,3,1382,492,2000,1,0,4,73,72,36661,13885,385,709,189,66,370,0,0,0,72,3,3,0,10,0,0,0,0,0,2688,2816,2688,2816,4128,2208,8998,1605,0,0,0,0,100,56,43,43,44,51,56,51,0,0,78,0,0,0,0,0,0,14780,1129,1011,0,934,77,346,346,100,0,0,0,999,999,40,0,25,0,0,0,0,0,0,0,0,0,0,100,2688,2816,100,0,0,0,0,0,0,0,0,0,0,0,0,0,0,0,0,0,0,0,0,160,795,795,1,1,23,20,50,1,7399,795,2202,2045,0,0,0,14074,0,14584,0,0,0,0,11,3,6,172,0,239,15,272,0,0,693,8013,0
1112111,2422,1028,80,47,9999,0,0,428,0,0,0,4119,1762,0,0,62,0,2,3,1382,492,2000,1,0,4,73,72,36359,13841,324,770,176,66,514,0,0,0,73,3,3,0,10,0,0,0,0,0,2688,2816,2688,2816,4128,2208,8848,1606,0,0,0,0,100,50,37,37,34,37,50,49,0,0,78,0,0,0,0,0,0,14780,1129,1011,0,934,77,346,346,100,0,0,0,999,999,40,0,25,0,0,0,0,0,0,0,0,0,0,100,2688,2816,100,0,0,0,0,0,0,0,0,0,0,0,0,0,0,0,0,0,0,0,0,160,795,795,1,1,23,19,50,1,7431,795,2201,2043,0,0,0,13958,0,14587,0,0,0,0,11,3,6,172,0,239,15,272,0,0,693,8013,0
1113112,2422,1028,80,47,9999,0,0,483,0,0,0,4119,1989,0,0,62,0,2,3,1382,492,2000,1,0,4,71,72,34865,13761,280,788,101,66,409,0,0,2,72,3,3,0,10,0,0,0,0,0,2688,2816,2688,2816,4128,2208,9498,1606,0,0,0,0,100,55,40,38,48,55,53,50,0,0,78,0,0,0,0,0,0,14780,1129,1011,0,934,77,346,346,100,1,1,0,999,999,40,0,25,0,0,0,0,0,0,0,0,0,0,100,2688,2816,100,0,0,0,0,0,0,0,0,0,0,0,0,0,0,0,0,0,0,0,0,160,796,796,1,1,23,17,50,1,7398,796,2202,2042,0,0,0,13222,0,13867,0,0,1,6,11,3,6,172,0,239,15,272,28,6,693,8013,0
1114112,2422,1028,80,47,9999,0,0,275,0,0,0,4119,1132,0,0,62,0,2,3,1382,492,2000,1,0,4,73,72,36897,13696,311,662,108,65,400,0,0,2,72,3,3,0,10,0,0,0,0,0,2688,2816,2688,2816,4128,2208,9529,1604,0,0,0,0,100,48,38,36,34,47,48,48,0,0,78,0,0,0,0,0,0,14780,1129,1011,0,934,77,346,346,100,1,1,0,999,999,40,0,25,0,0,0,0,0,0,0,0,0,0,100,2688,2816,100,0,0,0,0,0,0,0,0,0,0,0,0,0,0,0,0,0,0,0,0,160,796,796,1,1,23,20,50,1,7398,796,2202,2046,0,0,0,10131,0,10427,0,0,0,0,11,3,6,176,0,245,15,272,0,0,698,8013,1
1115111,2422,1028,80,47,9999,0,0,615,0,0,0,4119,2533,0,0,62,0,2,3,1382,492,2000,1,0,4,72,72,35248,13689,289,612,98,65,376,0,0,1,72,3,3,0,10,0,0,0,0,0,2688,2816,2688,2816,4128,2208,8775,1569,0,0,0,0,100,45,36,31,32,41,45,41,0,0,77,0,0,0,0,0,0,14780,1129,1011,0,934,77,346,346,100,1,1,0,999,999,40,0,25,0,0,0,0,0,0,0,0,0,0,100,2688,2816,100,0,0,0,0,0,0,0,0,0,0,0,0,0,0,0,0,0,0,0,0,160,796,796,1,1,23,19,50,1,7458,796,2201,2044,0,0,0,13132,0,13668,0,0,0,0,11,3,6,183,0,245,15,272,0,0,697,8013,1
1116112,2422,1028,80,47,9999,0,0,940,0,0,0,4119,3871,0,0,62,0,3,3,1382,492,2000,1,0,4,71,72,36774,13569,277,585,123,64,372,0,0,4,72,3,3,0,10,0,0,0,0,0,2688,2816,2688,2816,4128,2208,9234,1598,0,0,0,0,100,56,42,45,48,52,56,54,0,0,78,0,0,0,0,0,0,14780,1129,1011,0,934,77,346,346,100,3,1,0,999,999,40,0,25,0,0,0,0,0,0,0,0,0,0,100,2688,2816,100,0,0,0,0,0,0,0,0,0,0,0,0,0,0,0,0,0,0,0,0,160,796,796,1,1,24,18,50,1,7426,796,2201,2043,0,0,0,17330,0,17681,0,0,2,1,11,3,6,184,0,245,15,272,53,1,697,8013,1
1117112,2422,1028,80,47,9999,0,0,382,0,0,0,4119,1573,0,0,62,0,2,4,1382,492,2000,1,0,4,72,72,37363,13705,608,611,106,66,370,0,0,0,72,3,3,0,10,0,0,0,0,0,2688,2816,2688,2816,4128,2208,9031,1474,0,0,0,0,100,57,52,47,50,47,57,55,0,0,75,0,0,0,0,0,0,14780,1129,1011,0,934,77,346,346,100,0,0,0,999,999,40,0,25,0,0,0,0,0,0,0,0,0,0,100,2688,2816,100,0,0,0,0,0,0,0,0,0,0,0,0,0,0,0,0,0,0,0,0,160,796,796,1,1,24,17,50,1,7433,796,2202,2042,0,0,0,9285,0,9580,0,0,2,4,11,3,6,187,0,245,15,272,67,4,697,8013,1
1118112,2422,1028,80,47,9999,0,0,545,0,0,0,4119,2244,0,0,62,0,3,3,1382,492,2000,1,0,4,68,72,42734,13695,286,647,130,64,372,0,7,8,73,3,3,0,10,0,0,0,0,0,2688,2816,2688,2816,4128,2208,8768,1475,0,0,0,0,100,62,51,47,51,60,62,56,0,0,73,0,0,0,0,0,0,14780,1129,1011,0,934,77,346,346,100,1,1,0,999,999,40,0,25,0,0,0,0,0,0,0,0,0,0,100,2688,2816,100,0,0,0,0,0,0,0,0,0,0,0,0,0,0,0,0,0,0,0,0,160,796,796,1,1,24,16,50,1,7397,796,2202,2042,0,0,0,10178,0,10421,0,0,2,1,11,3,6,187,0,245,15,272,53,1,697,8013,1
1119155,2381,1027,80,47,9999,0,0,449,0,0,0,4129,1853,0,0,62,0,2,3,1382,492,2000,1,0,4,72,72,37291,13639,289,723,118,65,366,0,2,1,73,3,3,0,10,0,0,0,0,0,2688,2816,2688,2816,4128,2208,9237,1570,0,0,0,0,100,56,40,35,38,52,56,52,0,0,78,0,0,0,0,0,0,14780,1131,1009,0,936,73,346,346,100,1,1,0,999,999,40,0,25,0,0,0,0,0,0,0,0,0,0,100,2688,2816,100,0,0,0,0,0,0,0,0,0,0,0,0,0,0,0,0,0,0,0,0,160,797,797,1,1,24,18,50,1,7433,797,2201,2042,0,0,0,15985,0,16484,0,0,2,1,11,3,6,183,0,245,15,272,53,1,697,8013,1
1120113,2381,1027,80,47,9999,0,0,410,0,0,0,4129,1692,0,0,62,0,2,3,1382,492,2000,1,0,4,72,72,37031,13600,338,623,103,64,340,0,0,3,72,3,3,0,10,0,0,0,0,0,2688,2816,2688,2816,4128,2208,9089,1576,0,0,0,0,100,55,41,41,43,51,55,55,0,0,79,0,0,0,0,0,0,14780,1131,1009,0,936,73,346,346,100,3,1,0,999,999,40,0,25,0,0,0,0,0,0,0,0,0,0,100,2688,2816,100,0,0,0,0,0,0,0,0,0,0,0,0,0,0,0,0,0,0,0,0,160,797,797,1,1,24,19,50,1,7400,797,2201,2044,0,0,0,17631,0,17980,0,0,0,1,11,3,6,172,0,239,15,272,4,1,693,8013,0
1121112,2381,1027,80,47,9999,0,0,416,0,0,0,4129,1717,0,0,62,0,2,3,1382,492,2000,1,0,4,72,72,37577,13669,294,644,175,65,366,0,0,0,73,3,3,0,10,0,0,0,0,0,2688,2816,2688,2816,4128,2208,8413,1618,0,0,0,0,100,60,40,41,36,47,60,50,0,0,79,0,0,0,0,0,0,14780,1131,1009,0,936,73,346,346,100,0,0,0,999,999,40,0,25,0,0,0,0,0,0,0,0,0,0,100,2688,2816,100,0,0,0,0,0,0,0,0,0,0,0,0,0,0,0,0,0,0,0,0,160,797,797,1,1,24,19,50,1,7400,797,2202,2044,0,0,0,14911,0,15189,0,0,0,0,11,3,6,169,0,239,15,272,0,0,693,8013,0
1122113,2381,1027,80,47,9999,0,0,476,0,0,0,4129,1965,0,0,62,0,2,3,1382,492,2000,1,0,4,73,72,36741,13841,374,765,128,65,389,0,0,2,72,3,3,0,10,0,0,0,0,0,2688,2816,2688,2816,4128,2208,8523,1624,0,0,0,0,100,52,38,34,38,44,52,48,0,0,79,0,0,0,0,0,0,14780,1131,1009,0,936,73,346,346,100,1,1,0,999,999,40,0,25,0,0,0,0,0,0,0,0,0,0,100,2688,2816,100,0,0,0,0,0,0,0,0,0,0,0,0,0,0,0,0,0,0,0,0,160,794,794,1,1,23,17,50,1,7429,794,2202,2042,0,0,0,9368,0,9625,0,0,2,1,11,3,6,169,0,239,15,272,51,1,693,8013,0
1123113,2381,1027,80,47,9999,0,0,577,0,0,0,4129,2382,0,0,62,0,2,3,1382,492,2000,1,0,4,72,72,36451,13756,357,652,120,65,368,0,0,1,72,3,3,0,10,0,0,0,0,0,2688,2816,2688,2816,4128,2208,9845,1622,0,0,0,0,100,56,43,40,42,56,54,51,0,0,80,0,0,0,0,0,0,14780,1131,1009,0,936,73,346,346,100,1,1,0,999,999,40,0,25,0,0,0,0,0,0,0,0,0,0,100,2688,2816,100,0,0,0,0,0,0,0,0,0,0,0,0,0,0,0,0,0,0,0,0,160,793,793,1,1,22,16,50,1,7395,793,2200,2041,0,0,0,9040,0,9293,0,0,0,0,11,3,6,169,0,239,15,272,0,0,693,8013,0
1124113,2381,1027,80,47,9999,0,0,610,0,0,0,4129,2518,0,0,62,0,2,3,1382,492,2000,1,0,4,72,72,36961,13743,328,632,142,67,361,0,0,2,73,3,3,0,10,0,0,0,0,0,2688,2816,2688,2816,4128,2208,9082,1632,0,0,0,0,100,45,40,34,36,43,45,45,0,0,79,0,0,0,0,0,0,14780,1131,1009,0,936,73,346,346,100,2,1,0,999,999,40,0,25,0,0,0,0,0,0,0,0,0,0,100,2688,2816,100,0,0,0,0,0,0,0,0,0,0,0,0,0,0,0,0,0,0,0,0,160,793,793,1,1,22,19,50,1,7431,793,2199,2044,0,0,0,17054,0,17513,0,0,0,0,11,3,6,169,0,239,15,272,0,0,693,8013,0
1125113,2381,1027,80,47,9999,0,0,548,0,0,0,4129,2262,0,0,62,0,2,4,1382,492,2000,1,0,4,73,72,37600,13876,341,742,197,66,409,0,0,0,73,3,3,0,10,0,0,0,0,0,2688,2816,2688,2816,4128,2208,8535,1539,0,0,0,0,100,58,43,43,47,58,58,49,0,0,79,0,0,0,0,0,0,14780,1131,1009,0,936,73,346,346,100,0,0,0,999,999,40,0,25,0,0,0,0,0,0,0,0,0,0,100,2688,2816,100,0,0,0,0,0,0,0,0,0,0,0,0,0,0,0,0,0,0,0,0,160,794,794,1,1,22,16,50,1,7399,794,2199,2040,0,0,0,16378,0,16705,0,0,0,1,11,3,6,169,0,239,15,272,4,1,693,8013,0
1126115,2381,1027,80,47,9999,0,0,417,0,0,0,4129,1721,0,0,62,0,2,3,1382,492,2000,1,0,4,72,72,37713,13897,366,765,120,65,365,0,0,2,72,3,3,0,10,0,0,0,0,0,2688,2816,2688,2816,4128,2208,8732,1531,0,0,0,0,100,56,42,41,40,45,56,51,0,0,75,0,0,0,0,0,0,14780,1131,1009,0,936,73,346,346,100,2,1,0,999,999,40,0,25,0,0,0,0,0,0,0,0,0,0,100,2688,2816,100,0,0,0,0,0,0,0,0,0,0,0,0,0,0,0,0,0,0,0,0,160,793,793,1,1,22,19,50,1,7430,793,2200,2044,0,0,0,9935,0,10177,0,0,0,1,11,3,6,169,0,239,15,272,4,1,693,8013,0
1127113,2381,1027,80,47,9999,0,0,628,0,0,0,4129,2593,0,0,62,0,2,3,1382,492,2000,1,0,4,72,72,36209,13744,314,688,130,66,401,0,0,3,73,3,3,0,10,0,0,0,0,0,2688,2816,2688,2816,4128,2208,9077,1632,0,0,0,0,100,55,42,37,41,55,51,50,0,0,78,0,0,0,0,0,0,14780,1131,1009,0,936,73,346,346,100,1,1,0,999,999,40,0,25,0,0,0,0,0,0,0,0,0,0,100,2688,2816,100,0,0,0,0,0,0,0,0,0,0,0,0,0,0,0,0,0,0,0,0,160,793,793,1,1,21,18,50,1,7400,793,2199,2044,0,0,0,8875,0,9267,0,0,0,0,11,3,6,169,0,239,15,272,0,0,693,8013,0
1128113,2381,1027,80,47,9999,0,0,616,0,0,0,4129,2543,0,0,62,0,3,5,1382,492,2000,1,0,4,73,72,35910,13726,353,641,126,64,419,0,0,2,73,3,3,0,10,0,0,0,0,0,2688,2816,2688,2816,4128,2208,9064,1547,0,0,0,0,100,58,47,47,50,52,58,58,0,0,78,0,0,0,0,0,0,14780,1131,1009,0,936,73,346,346,100,1,1,0,999,999,40,0,25,0,0,0,0,0,0,0,0,0,0,100,2688,2816,100,0,0,0,0,0,0,0,0,0,0,0,0,0,0,0,0,0,0,0,0,160,793,793,1,1,21,18,50,1,7396,793,2199,2044,0,0,0,19087,0,19447,0,0,0,2,11,3,6,170,0,239,15,272,21,2,693,8013,0
1129114,2381,1027,80,47,9999,0,0,813,0,0,0,4122,3351,0,0,62,0,2,5,1382,492,2000,1,0,4,72,72,35204,13809,326,760,217,65,374,0,1,4,73,3,3,0,10,0,0,0,0,0,2688,2816,2688,2816,4128,2208,7655,1372,0,0,0,0,100,44,38,31,30,32,44,41,0,0,70,0,0,0,0,0,0,14780,1131,1009,0,936,73,346,346,100,2,1,0,999,999,40,0,25,0,0,0,0,0,0,0,0,0,0,100,2688,2816,100,0,0,0,0,0,0,0,0,0,0,0,0,0,0,0,0,0,0,0,0,160,793,793,1,1,22,17,50,1,7435,793,2200,2042,0,0,0,8337,0,8597,0,0,2,2,11,3,6,174,0,245,15,272,70,2,698,8013,1
1130114,2381,1027,80,47,9999,0,0,317,0,0,0,4122,1306,0,0,62,0,2,4,1382,492,2000,1,0,4,72,72,34300,13683,296,793,165,64,390,0,0,1,72,3,3,0,10,0,0,0,0,0,2688,2816,2688,2816,4128,2208,8367,1479,0,0,0,0,100,56,44,41,47,52,56,49,0,0,72,0,0,0,0,0,0,14780,1131,1009,0,936,73,346,346,100,1,1,0,999,999,40,0,25,0,0,0,0,0,0,0,0,0,0,100,2688,2816,100,0,0,0,0,0,0,0,0,0,0,0,0,0,0,0,0,0,0,0,0,160,793,793,1,1,23,16,50,1,7403,793,2202,2041,0,0,0,11477,0,11700,0,0,0,1,11,3,6,178,0,245,15,272,4,1,698,8013,1
1131113,2381,1027,80,47,9999,0,0,568,0,0,0,4122,2341,0,0,62,0,3,4,1382,492,2000,1,0,4,70,72,36550,13688,659,687,107,65,363,0,0,4,73,3,3,0,10,0,0,0,0,0,2688,2816,2688,2816,4128,2208,9017,1477,0,0,0,0,100,56,44,41,42,51,52,56,0,0,71,0,0,0,0,0,0,14780,1131,1009,0,936,73,346,346,100,2,1,0,999,999,40,0,25,0,0,0,0,0,0,0,0,0,0,100,2688,2816,100,0,0,0,0,0,0,0,0,0,0,0,0,0,0,0,0,0,0,0,0,160,793,793,1,1,23,19,50,1,7437,793,2201,2045,0,0,0,13880,0,14106,0,0,2,1,11,3,6,184,0,246,15,272,53,1,699,8013,1
1132113,2381,1027,80,47,9999,0,0,487,0,0,0,4122,2007,0,0,62,0,4,4,1382,492,2000,1,0,4,71,72,35711,13615,338,673,101,64,331,0,0,5,73,3,3,0,10,0,0,0,0,0,2688,2816,2688,2816,4128,2208,8422,1464,0,0,0,0,100,55,37,38,42,55,50,49,0,0,73,0,0,0,0,0,0,14780,1131,1009,0,936,73,346,346,100,3,1,0,999,999,40,0,25,0,0,0,0,0,0,0,0,0,0,100,2688,2816,100,0,0,0,0,0,0,0,0,0,0,0,0,0,0,0,0,0,0,0,0,160,794,794,1,1,23,17,50,1,7400,794,2201,2041,0,0,0,15297,0,15542,0,0,2,1,11,3,6,183,0,245,15,272,53,1,697,8013,1
1133113,2381,1027,80,47,9999,0,0,581,0,0,0,4122,2394,0,0,62,0,3,4,1382,492,2000,1,0,4,73,72,35149,13752,307,700,113,65,389,0,0,3,73,3,3,0,10,0,0,0,0,0,2688,2816,2688,2816,4128,2208,8666,1463,0,0,0,0,100,43,36,34,31,42,37,43,0,0,74,0,0,0,0,0,0,14780,1131,1009,0,936,73,346,346,100,2,1,0,999,999,40,0,25,0,0,0,0,0,0,0,0,0,0,100,2688,2816,100,0,0,0,0,0,0,0,0,0,0,0,0,0,0,0,0,0,0,0,0,160,794,794,1,1,24,17,50,1,7436,794,2201,2042,0,0,0,13570,0,13805,0,0,2,1,11,3,6,187,0,245,15,272,53,1,697,8013,1
1134114,2381,1027,80,47,9999,0,0,584,0,0,0,4122,2407,0,0,62,0,3,4,1651,545,2000,1,0,4,72,72,34286,13568,289,658,109,64,349,0,0,1,73,3,3,0,10,0,0,0,0,0,2688,2816,2688,2816,4128,2208,8843,1454,0,0,0,0,100,50,41,37,41,47,45,50,0,0,74,0,0,0,0,0,0,14780,1131,1009,0,936,73,346,346,100,1,1,0,999,999,40,0,25,0,0,0,0,0,0,0,0,0,0,100,2688,2816,100,0,0,0,0,0,0,0,0,0,0,0,0,0,0,0,0,0,0,0,0,160,794,794,1,1,24,17,50,1,7404,794,2202,2042,0,0,0,14839,0,15156,0,0,0,1,11,3,6,183,0,245,15,272,4,1,697,8013,1
1135114,2381,1027,80,47,9999,0,0,420,0,0,0,4122,1731,0,0,62,0,2,3,1651,545,2000,1,0,4,72,72,35031,13744,354,684,229,64,382,0,0,5,73,3,3,0,10,0,0,0,0,0,2688,2816,2688,2816,4128,2208,9670,1443,0,0,0,0,100,50,38,41,35,47,44,50,0,0,74,0,0,0,0,0,0,14780,1131,1009,0,936,73,346,346,100,4,1,0,999,999,40,0,25,0,0,0,0,0,0,0,0,0,0,100,2688,2816,100,0,0,0,0,0,0,0,0,0,0,0,0,0,0,0,0,0,0,0,0,160,794,794,1,1,24,20,50,1,7405,794,2201,2044,0,0,0,11997,0,12429,0,0,0,0,11,3,6,179,0,238,15,272,0,0,692,8013,0
1136114,2381,1027,80,47,9999,0,0,343,0,0,0,4122,1413,0,0,62,0,2,3,1651,545,2000,1,0,4,72,72,36721,13788,326,710,195,64,351,0,0,1,73,3,3,0,10,0,0,0,0,0,2688,2816,2688,2816,4128,2208,8940,1569,0,0,0,0,100,51,41,38,39,51,51,51,0,0,77,0,0,0,0,0,0,14780,1131,1009,0,936,73,346,346,100,1,1,0,999,999,40,0,25,0,0,0,0,0,0,0,0,0,0,100,2688,2816,100,0,0,0,0,0,0,0,0,0,0,0,0,0,0,0,0,0,0,0,0,160,794,794,1,1,23,19,50,1,7438,794,2202,2044,0,0,0,13966,0,14258,0,0,1,6,11,3,6,176,0,239,15,272,28,6,693,8013,0
1137115,2381,1027,80,47,9999,0,0,980,0,0,0,4122,4039,0,0,62,0,2,3,1651,545,2000,1,0,4,72,72,36620,13688,550,647,129,65,374,0,0,1,73,3,3,0,10,0,0,0,0,0,2688,2816,2688,2816,4128,2208,8832,1614,0,0,0,0,100,56,43,44,45,54,56,55,0,0,78,0,0,0,0,0,0,14780,1131,1009,0,936,73,346,346,100,1,1,0,999,999,40,0,25,0,0,0,0,0,0,0,0,0,0,100,2688,2816,100,0,0,0,0,0,0,0,0,0,0,0,0,0,0,0,0,0,0,0,0,160,794,794,1,1,23,18,50,1,7414,794,2201,2043,0,0,0,16446,0,16913,0,0,2,1,11,3,6,171,0,239,15,272,51,1,693,8013,0
1138114,2381,1027,80,47,9999,0,0,533,0,0,0,4122,2197,0,0,62,0,2,3,1651,545,2000,1,0,4,72,72,37708,13698,310,660,123,65,390,0,0,1,73,3,3,0,10,0,0,0,0,0,2688,2816,2688,2816,4128,2208,9065,1632,0,0,0,0,100,62,59,57,59,58,62,58,0,0,79,0,0,0,0,0,0,14780,1131,1009,0,936,73,346,346,100,1,1,0,999,999,40,0,25,0,0,0,0,0,0,0,0,0,0,100,2688,2816,100,0,0,0,0,0,0,0,0,0,0,0,0,0,0,0,0,0,0,0,0,160,795,795,1,1,23,18,50,1,7423,795,2201,2043,0,0,0,6494,0,6711,0,0,0,0,11,3,6,169,0,239,15,272,0,0,693,8013,0
1139151,2427,1028,80,47,9999,0,0,453,0,0,0,4119,1865,0,0,62,0,3,3,1651,545,2000,1,0,4,70,72,36773,13813,303,650,106,65,390,0,0,2,73,3,3,0,10,0,0,0,0,0,2688,2816,2688,2816,4128,2208,8913,1610,0,0,0,0,100,53,50,45,49,49,53,50,0,0,77,0,0,0,0,0,0,14780,1129,1011,0,934,77,346,346,100,2,1,0,999,999,40,0,25,0,0,0,0,0,0,0,0,0,0,100,2688,2816,100,0,0,0,0,0,0,0,0,0,0,0,0,0,0,0,0,0,0,0,0,160,795,795,1,1,23,18,50,1,7387,795,2201,2042,0,0,0,16986,0,17338,0,0,2,1,11,3,6,170,0,239,15,272,51,1,693,8013,0
1140115,2427,1028,80,47,9999,0,0,469,0,0,0,4119,1931,0,0,62,0,2,3,1651,545,2000,1,0,4,73,72,34928,13735,292,727,97,65,359,0,0,4,73,3,3,0,10,0,0,0,0,0,2688,2816,2688,2816,4128,2208,9078,1602,0,0,0,0,100,50,43,42,40,45,50,43,0,0,78,0,0,0,0,0,0,14780,1129,1011,0,934,77,346,346,100,2,1,0,999,999,40,0,25,0,0,0,0,0,0,0,0,0,0,100,2688,2816,100,0,0,0,0,0,0,0,0,0,0,0,0,0,0,0,0,0,0,0,0,160,795,795,1,1,23,20,50,1,7404,795,2201,2045,0,0,0,19118,0,19532,0,0,0,2,11,3,6,161,0,238,15,272,9,2,690,8013,0
1141114,2427,1028,80,47,9999,0,0,492,0,0,0,4119,2026,0,0,62,0,2,3,1651,545,2000,1,0,4,72,72,35231,13665,342,647,113,64,407,0,0,4,73,3,3,0,10,0,0,0,0,0,2688,2816,2688,2816,4128,2208,8748,1603,0,0,0,0,100,50,43,42,40,45,50,43,0,0,78,0,0,0,0,0,0,14780,1129,1011,0,934,77,346,346,100,1,1,0,999,999,40,0,25,0,0,0,0,0,0,0,0,0,0,100,2688,2816,100,0,0,0,0,0,0,0,0,0,0,0,0,0,0,0,0,0,0,0,0,160,795,795,1,1,23,19,50,1,7387,795,2201,2045,0,0,0,14202,0,14472,0,0,0,0,11,3,6,181,0,244,15,272,0,0,695,8013,1
1142114,2427,1028,80,47,9999,0,0,286,0,0,0,4119,1178,0,0,62,0,2,3,1651,545,2000,1,0,4,73,72,35917,13779,331,661,171,65,388,0,0,2,73,3,3,0,10,0,0,0,0,0,2688,2816,2688,2816,4128,2208,8623,1578,0,0,0,0,100,50,36,37,39,50,49,43,0,0,77,0,0,0,0,0,0,14780,1129,1011,0,934,77,346,346,100,1,1,0,999,999,40,0,25,0,0,0,0,0,0,0,0,0,0,100,2688,2816,100,0,0,0,0,0,0,0,0,0,0,0,0,0,0,0,0,0,0,0,0,160,795,795,1,1,23,19,50,1,7386,795,2201,2045,0,0,0,8111,0,8347,0,0,0,1,11,3,6,180,0,244,15,272,5,1,695,8013,1
1143115,2427,1028,80,47,9999,0,0,459,0,0,0,4119,1890,0,0,62,0,2,3,1651,545,2000,1,0,4,72,72,36670,13714,314,665,143,64,353,0,0,3,72,3,3,0,10,0,0,0,0,0,2688,2816,2688,2816,4128,2208,8723,1572,0,0,0,0,100,50,36,37,39,50,49,43,0,0,76,0,0,0,0,0,0,14780,1129,1011,0,934,77,346,346,100,2,1,0,999,999,40,0,25,0,0,0,0,0,0,0,0,0,0,100,2688,2816,100,0,0,0,0,0,0,0,0,0,0,0,0,0,0,0,0,0,0,0,0,160,795,795,1,1,23,18,50,1,7419,795,2201,2044,0,0,0,7911,0,8189,0,0,2,1,11,3,6,179,0,244,15,272,51,1,695,8013,1
1144115,2427,1028,80,47,9999,0,0,545,0,0,0,4119,2244,0,0,62,0,2,3,1382,492,2000,1,0,4,73,72,36918,13558,329,568,108,65,368,0,0,2,73,3,3,0,10,0,0,0,0,0,2688,2816,2688,2816,4128,2208,8846,1571,0,0,0,0,100,52,38,39,42,49,52,48,0,0,77,0,0,0,0,0,0,14780,1129,1011,0,934,77,346,346,100,1,1,0,999,999,40,0,25,0,0,0,0,0,0,0,0,0,0,100,2688,2816,100,0,0,0,0,0,0,0,0,0,0,0,0,0,0,0,0,0,0,0,0,160,796,796,1,1,23,16,50,1,7387,796,2201,2042,0,0,0,16320,0,16682,0,0,2,1,11,3,6,170,0,244,15,272,51,1,695,8013,1
1145114,2427,1028,80,47,9999,0,0,532,0,0,0,4119,2191,0,0,62,0,2,3,1382,492,2000,1,0,4,72,72,37392,13654,302,596,105,65,356,0,0,4,73,3,3,0,10,0,0,0,0,0,2688,2816,2688,2816,4128,2208,8414,1561,0,0,0,0,100,53,44,43,45,53,53,53,0,0,77,0,0,0,0,0,0,14780,1129,1011,0,934,77,346,346,100,2,1,0,999,999,40,0,25,0,0,0,0,0,0,0,0,0,0,100,2688,2816,100,0,0,0,0,0,0,0,0,0,0,0,0,0,0,0,0,0,0,0,0,160,796,796,1,1,23,20,50,1,7424,796,2201,2046,0,0,0,9255,0,9510,0,0,3,7,11,3,6,170,0,245,15,272,80,7,697,8013,1
1146115,2427,1028,80,47,9999,0,0,561,0,0,0,4119,2310,0,0,62,0,3,4,1382,492,2000,1,0,4,71,72,37923,13621,283,604,104,65,373,0,0,2,73,3,3,0,10,0,0,0,0,0,2688,2816,2688,2816,4128,2208,8429,1467,0,0,0,0,100,55,40,40,37,47,51,55,0,0,77,0,0,0,0,0,0,14780,1129,1011,0,934,77,346,346,100,1,1,0,999,999,40,0,25,0,0,0,0,0,0,0,0,0,0,100,2688,2816,100,0,0,0,0,0,0,0,0,0,0,0,0,0,0,0,0,0,0,0,0,160,795,795,1,1,23,20,50,1,7389,795,2201,2045,0,0,0,12011,0,12237,0,0,2,1,11,3,6,168,0,244,15,272,51,1,695,8013,1
1147115,2427,1028,80,47,9999,0,0,455,0,0,0,4119,1874,0,0,62,0,2,3,1382,492,2000,1,0,4,72,72,36617,13618,290,752,196,64,378,0,5,5,73,3,3,0,10,0,0,0,0,0,2688,2816,2688,2816,4128,2208,8378,1472,0,0,0,0,100,58,47,47,51,56,57,58,0,0,75,0,0,0,0,0,0,14780,1129,1011,0,934,77,346,346,100,5,1,0,999,999,40,0,25,0,0,0,0,0,0,0,0,0,0,100,2688,2816,100,0,0,0,0,0,0,0,0,0,0,0,0,0,0,0,0,0,0,0,0,160,796,796,1,1,23,18,50,1,7393,796,2202,2043,0,0,0,16537,0,16929,0,0,0,0,11,3,6,167,0,238,15,272,0,0,691,8013,0
1148116,2427,1028,80,47,9999,0,0,491,0,0,0,4119,2022,0,0,62,0,2,3,1382,492,2000,1,0,4,73,72,36716,13695,303,682,146,64,380,0,0,0,72,3,3,0,10,0,0,0,0,0,2688,2816,2688,2816,4128,2208,9120,1625,0,0,0,0,100,52,40,37,34,42,52,49,0,0,78,0,0,0,0,0,0,14780,1129,1011,0,934,77,346,346,100,0,0,0,999,999,40,0,25,0,0,0,0,0,0,0,0,0,0,100,2688,2816,100,0,0,0,0,0,0,0,0,0,0,0,0,0,0,0,0,0,0,0,0,160,796,796,1,1,23,17,50,1,7425,796,2202,2043,0,0,0,13093,0,13453,0,0,0,1,11,3,6,158,0,237,15,272,5,1,690,8013,0
1149116,2427,1028,80,47,9999,0,0,448,0,0,0,4123,1847,0,0,62,0,3,3,1382,492,2000,1,0,4,72,72,36521,13852,375,777,218,66,393,0,0,2,73,3,3,0,10,0,0,0,0,0,2688,2816,2688,2816,4128,2208,8857,1596,0,0,0,0,100,62,45,44,50,62,59,55,0,0,78,0,0,0,0,0,0,14780,1129,1011,0,934,77,346,346,100,1,1,0,999,999,40,0,25,0,0,0,0,0,0,0,0,0,0,100,2688,2816,100,0,0,0,0,0,0,0,0,0,0,0,0,0,0,0,0,0,0,0,0,160,796,796,1,1,23,16,50,1,7391,796,2201,2040,0,0,0,14823,0,15077,0,0,0,0,11,3,6,170,0,239,15,272,0,0,693,8013,0
1150116,2427,1028,80,47,9999,0,0,290,0,0,0,4123,1195,0,0,62,0,2,3,1382,492,2000,1,0,4,72,72,35195,14055,331,865,168,65,361,0,0,2,72,3,3,0,10,0,0,0,0,0,2688,2816,2688,2816,4128,2208,9138,1591,0,0,0,0,100,47,41,36,41,43,47,43,0,0,78,0,0,0,0,0,0,14780,1129,1011,0,934,77,346,346,100,1,1,0,999,999,40,0,25,0,0,0,0,0,0,0,0,0,0,100,2688,2816,100,0,0,0,0,0,0,0,0,0,0,0,0,0,0,0,0,0,0,0,0,160,796,796,1,1,23,19,50,1,7428,796,2201,2045,0,0,0,11736,0,12020,0,0,0,1,11,3,6,176,0,238,15,272,5,1,692,8013,0
1151115,2427,1028,80,47,9999,0,0,430,0,0,0,4123,1772,0,0,62,0,2,3,1382,492,2000,1,0,4,73,72,36192,13876,325,717,193,65,532,0,0,1,73,3,3,0,10,0,0,0,0,0,2688,2816,2688,2816,4128,2208,8987,1550,0,0,0,0,100,50,38,37,37,43,50,44,0,0,78,0,0,0,0,0,0,14780,1129,1011,0,934,77,346,346,100,1,1,0,999,999,40,0,25,0,0,0,0,0,0,0,0,0,0,100,2688,2816,100,0,0,0,0,0,0,0,0,0,0,0,0,0,0,0,0,0,0,0,0,160,796,796,1,1,23,20,50,1,7393,796,2202,2045,0,0,0,10722,0,10994,0,0,2,1,11,3,6,183,0,245,15,272,51,1,697,8013,1
1152115,2427,1028,80,47,9999,0,0,680,0,0,0,4123,2803,0,0,62,0,2,3,1382,492,2000,1,0,4,72,72,36613,13768,290,811,136,65,367,0,0,1,72,3,3,0,10,0,0,0,0,0,2688,2816,2688,2816,4128,2208,8633,1555,0,0,0,0,100,60,43,38,48,60,55,50,0,0,79,0,0,0,0,0,0,14780,1129,1011,0,934,77,346,346,100,1,1,0,999,999,40,0,25,0,0,0,0,0,0,0,0,0,0,100,2688,2816,100,0,0,0,0,0,0,0,0,0,0,0,0,0,0,0,0,0,0,0,0,160,797,797,1,1,23,18,50,1,7426,797,2201,2043,0,0,0,14533,0,15247,0,0,2,1,11,3,6,185,0,245,15,272,53,1,697,8013,1
1153115,2427,1028,80,47,9999,0,0,367,0,0,0,4123,1513,0,0,62,0,3,4,1382,492,2000,1,0,4,71,72,38838,13801,362,732,154,64,376,0,0,5,73,3,3,0,10,0,0,0,0,0,2688,2816,2688,2816,4128,2208,8687,1434,0,0,0,0,100,52,42,41,42,51,52,52,0,0,78,0,0,0,0,0,0,14780,1129,1011,0,934,77,346,346,100,2,1,0,999,999,40,0,25,0,0,0,0,0,0,0,0,0,0,100,2688,2816,100,0,0,0,0,0,0,0,0,0,0,0,0,0,0,0,0,0,0,0,0,160,797,797,1,1,23,17,50,1,7393,797,2201,2041,0,0,0,16957,0,17207,0,0,4,2,11,3,6,180,0,245,15,272,105,2,697,8013,1
1154116,2427,1028,80,47,9999,0,0,221,0,0,0,4123,911,0,0,62,0,2,4,1651,545,2000,1,0,4,72,72,35692,13762,309,743,101,64,360,0,0,2,72,3,3,0,10,0,0,0,0,0,2688,2816,2688,2816,4128,2208,8899,1440,0,0,0,0,100,52,42,38,40,51,52,52,0,0,76,0,0,0,0,0,0,14780,1129,1011,0,934,77,346,346,100,2,1,0,999,999,40,0,25,0,0,0,0,0,0,0,0,0,0,100,2688,2816,100,0,0,0,0,0,0,0,0,0,0,0,0,0,0,0,0,0,0,0,0,160,796,796,1,1,23,16,50,1,7394,796,2201,2041,0,0,0,13237,0,13771,0,0,2,1,11,3,6,178,0,244,15,272,53,1,695,8013,1
1155117,2427,1028,80,47,9999,0,0,369,0,0,0,4123,1521,0,0,62,0,2,4,1651,545,2000,1,0,4,70,72,41566,13558,281,623,108,63,329,0,0,6,73,3,3,0,10,0,0,0,0,0,2688,2816,2688,2816,4128,2208,9145,1426,0,0,0,0,100,53,38,36,37,47,50,53,0,0,74,0,0,0,0,0,0,14780,1129,1011,0,934,77,346,346,100,2,1,0,999,999,40,0,25,0,0,0,0,0,0,0,0,0,0,100,2688,2816,100,0,0,0,0,0,0,0,0,0,0,0,0,0,0,0,0,0,0,0,0,160,797,797,1,1,23,19,50,1,7427,797,2201,2045,0,0,0,14581,0,14834,0,0,2,1,11,3,6,178,0,244,15,272,53,1,695,8013,1
1156117,2427,1028,80,47,9999,0,0,123,0,0,0,4123,507,0,0,62,0,3,4,1651,545,2000,1,0,4,71,72,40731,13501,334,593,121,64,343,0,5,4,73,3,3,0,10,0,0,0,0,0,2688,2816,2688,2816,4128,2208,8639,1422,0,0,0,0,100,62,46,41,46,61,62,62,0,0,74,0,0,0,0,0,0,14780,1129,1011,0,934,77,346,346,100,2,1,0,999,999,40,0,25,0,0,0,0,0,0,0,0,0,0,100,2688,2816,100,0,0,0,0,0,0,0,0,0,0,0,0,0,0,0,0,0,0,0,0,160,797,797,1,1,23,18,50,1,7395,797,2201,2042,0,0,0,17215,0,17593,0,0,2,1,11,3,6,178,0,245,15,272,53,1,697,8013,1
1157117,2427,1028,80,47,9999,0,0,443,0,0,0,4123,1826,0,0,62,0,2,4,1651,545,2000,1,0,4,73,72,35971,13671,602,644,112,64,341,0,0,0,73,3,3,0,10,0,0,0,0,0,2688,2816,2688,2816,4128,2208,8699,1426,0,0,0,0,100,52,39,34,34,46,52,47,0,0,74,0,0,0,0,0,0,14780,1129,1011,0,934,77,346,346,100,0,0,0,999,999,40,0,25,0,0,0,0,0,0,0,0,0,0,100,2688,2816,100,0,0,0,0,0,0,0,0,0,0,0,0,0,0,0,0,0,0,0,0,160,797,797,1,1,23,18,50,1,7431,797,2202,2043,0,0,0,15222,0,15488,0,0,1,1,11,3,6,168,0,243,15,272,33,1,695,8013,1
1158117,2427,1028,80,47,9999,0,0,826,0,0,0,4123,3405,0,0,62,0,3,3,1651,545,2000,1,0,4,73,72,35269,13569,275,616,145,64,350,0,0,2,73,3,3,0,10,0,0,0,0,0,2688,2816,2688,2816,4128,2208,8902,1572,0,0,0,0,100,55,33,31,30,47,55,38,0,0,75,0,0,0,0,0,0,14780,1129,1011,0,934,77,346,346,100,1,1,0,999,999,40,0,25,0,0,0,0,0,0,0,0,0,0,100,2688,2816,100,0,0,0,0,0,0,0,0,0,0,0,0,0,0,0,0,0,0,0,0,160,797,797,1,1,23,15,50,1,7424,797,2201,2040,0,0,0,7745,0,7987,0,0,0,0,11,3,6,161,0,243,15,272,0,0,695,8013,1
1159155,2387,1024,80,47,9999,0,0,612,0,0,0,4101,2509,0,0,62,0,2,5,1651,545,2000,1,0,4,72,72,34769,13609,293,708,157,64,387,0,0,1,73,3,3,0,10,0,0,0,0,0,2688,2816,2688,2816,4128,2208,8306,1439,0,0,0,0,100,61,46,45,49,61,56,58,0,0,76,0,0,0,0,0,0,14779,1128,1006,0,932,73,345,345,100,1,1,0,999,999,40,0,25,0,0,0,0,0,0,0,0,0,0,100,2688,2816,100,0,0,0,0,0,0,0,0,0,0,0,0,0,0,0,0,0,0,0,0,160,794,794,1,1,23,21,50,1,7429,794,2201,2047,0,0,0,16970,0,17414,0,0,0,0,11,3,6,168,0,243,15,272,0,0,695,8013,1
1160117,2387,1024,80,47,9999,0,0,213,0,0,0,4101,873,0,0,62,0,3,4,1651,545,2000,1,0,4,73,72,36395,13785,324,777,120,65,344,0,0,5,72,3,3,0,10,0,0,0,0,0,2688,2816,2688,2816,4128,2208,7446,1338,0,0,0,0,100,52,46,44,44,43,48,52,0,0,70,0,0,0,0,0,0,14779,1128,1006,0,932,73,345,345,100,1,1,0,999,999,40,0,25,0,0,0,0,0,0,0,0,0,0,100,2688,2816,100,0,0,0,0,0,0,0,0,0,0,0,0,0,0,0,0,0,0,0,0,160,795,795,1,1,23,17,50,1,7397,795,2201,2043,0,0,0,12075,0,12366,0,0,0,0,11,3,6,167,0,243,15,272,0,0,695,8013,1
1161118,2387,1024,80,47,9999,0,0,409,0,0,0,4101,1677,0,0,62,0,2,4,1651,545,2000,1,0,4,72,72,34148,13652,283,719,120,63,329,0,1,3,72,3,3,0,10,0,0,0,0,0,2688,2816,2688,2816,4128,2208,8222,1431,0,0,0,0,100,58,45,43,44,52,56,58,0,0,70,0,0,0,0,0,0,14779,1128,1006,0,932,73,345,345,100,2,1,0,999,999,40,0,25,0,0,0,0,0,0,0,0,0,0,100,2688,2816,100,0,0,0,0,0,0,0,0,0,0,0,0,0,0,0,0,0,0,0,0,160,795,795,1,1,23,18,50,1,7396,795,2201,2043,0,0,0,14794,0,15052,0,0,0,0,11,3,6,168,0,243,15,272,0,0,695,8013,1
1162117,2387,1024,80,47,9999,0,0,479,0,0,0,4101,1964,0,0,62,0,2,3,1651,545,2000,1,0,4,72,72,35578,13558,340,588,119,64,341,0,0,4,73,3,3,0,10,0,0,0,0,0,2688,2816,2688,2816,4128,2208,8846,1565,0,0,0,0,100,53,40,38,40,49,53,47,0,0,74,0,0,0,0,0,0,14779,1128,1006,0,932,73,345,345,100,3,1,0,999,999,40,0,25,0,0,0,0,0,0,0,0,0,0,100,2688,2816,100,0,0,0,0,0,0,0,0,0,0,0,0,0,0,0,0,0,0,0,0,160,795,795,1,1,23,17,50,1,7429,795,2201,2043,0,0,0,13405,0,13986,0,0,0,0,11,3,6,169,0,244,15,272,0,0,697,8013,1
1163117,2387,1024,80,47,9999,0,0,211,0,0,0,4101,865,0,0,62,0,2,3,1651,545,2000,1,0,4,73,72,37283,13648,320,600,129,65,363,0,0,1,73,3,3,0,10,0,0,0,0,0,2688,2816,2688,2816,4128,2208,8814,1570,0,0,0,0,100,56,39,31,41,51,56,49,0,0,77,0,0,0,0,0,0,14779,1128,1006,0,932,73,345,345,100,1,1,0,999,999,40,0,25,0,0,0,0,0,0,0,0,0,0,100,2688,2816,100,0,0,0,0,0,0,0,0,0,0,0,0,0,0,0,0,0,0,0,0,160,795,795,1,1,23,19,50,1,7397,795,2201,2044,0,0,0,13261,0,13506,0,0,0,0,11,3,6,170,0,244,15,272,0,0,697,8013,1
1164117,2387,1024,80,47,9999,0,0,314,0,0,0,4101,1287,0,0,62,0,2,3,1382,492,2000,1,0,4,72,72,35365,13707,287,662,118,67,377,0,0,0,72,3,3,0,10,0,0,0,0,0,2688,2816,2688,2816,4128,2208,8914,1582,0,0,0,0,100,50,36,33,37,44,50,47,0,0,77,0,0,0,0,0,0,14779,1128,1006,0,932,73,345,345,100,0,0,0,999,999,40,0,25,0,0,0,0,0,0,0,0,0,0,100,2688,2816,100,0,0,0,0,0,0,0,0,0,0,0,0,0,0,0,0,0,0,0,0,160,795,795,1,1,24,19,50,1,7430,795,2201,2044,0,0,0,12510,0,12745,0,0,0,1,11,3,6,180,0,239,15,272,10,1,694,8013,0
1165118,2387,1024,80,47,9999,0,0,432,0,0,0,4101,1771,0,0,62,0,2,3,1382,492,2000,1,0,4,72,72,35155,13633,353,605,101,66,377,0,0,0,73,3,3,0,10,0,0,0,0,0,2688,2816,2688,2816,4128,2208,9491,1587,0,0,0,0,100,43,35,30,36,36,43,36,0,0,79,0,0,0,0,0,0,14779,1128,1006,0,932,73,345,345,100,0,0,0,999,999,40,0,25,0,0,0,0,0,0,0,0,0,0,100,2688,2816,100,0,0,0,0,0,0,0,0,0,0,0,0,0,0,0,0,0,0,0,0,160,795,795,1,1,24,19,50,1,7396,795,2202,2045,0,0,0,18774,0,19247,0,0,0,4,11,3,6,169,0,239,15,272,18,4,693,8013,0
1166118,2387,1024,80,47,9999,0,0,450,0,0,0,4101,1845,0,0,62,0,2,3,1382,492,2000,1,0,4,73,72,37191,13743,321,617,132,65,383,0,0,1,73,3,3,0,10,0,0,0,0,0,2688,2816,2688,2816,4128,2208,8782,1616,0,0,0,0,100,53,39,33,36,53,45,49,0,0,82,0,0,0,0,0,0,14779,1128,1006,0,932,73,345,345,100,1,1,0,999,999,40,0,25,0,0,0,0,0,0,0,0,0,0,100,2688,2816,100,0,0,0,0,0,0,0,0,0,0,0,0,0,0,0,0,0,0,0,0,160,796,796,1,1,24,18,50,1,7431,796,2202,2044,0,0,0,9778,0,10061,0,0,0,4,11,3,6,159,0,237,15,272,18,4,690,8013,0
1167118,2387,1024,80,47,9999,0,0,610,0,0,0,4101,2501,0,0,62,0,2,3,1382,492,2000,1,0,4,73,72,36972,13701,283,652,120,71,382,0,0,0,73,3,3,0,10,0,0,0,0,0,2688,2816,2688,2816,4128,2208,9323,1629,0,0,0,0,100,52,39,42,37,47,52,51,0,0,82,0,0,0,0,0,0,14779,1128,1006,0,932,73,345,345,100,0,0,0,999,999,40,0,25,0,0,0,0,0,0,0,0,0,0,100,2688,2816,100,0,0,0,0,0,0,0,0,0,0,0,0,0,0,0,0,0,0,0,0,160,795,795,1,1,23,18,50,1,7398,795,2202,2044,0,0,0,12339,0,12625,0,0,0,0,11,3,6,177,0,239,15,272,0,0,694,8013,0
1168118,2387,1024,80,47,9999,0,0,204,0,0,0,4101,836,0,0,62,0,2,4,1382,492,2000,1,0,4,73,72,38363,13997,416,871,242,65,377,0,0,4,73,3,3,0,10,0,0,0,0,0,2688,2816,2688,2816,4128,2208,8388,1522,0,0,0,0,100,59,43,39,45,53,59,51,0,0,80,0,0,0,0,0,0,14779,1128,1006,0,932,73,345,345,100,2,1,0,999,999,40,0,25,0,0,0,0,0,0,0,0,0,0,100,2688,2816,100,0,0,0,0,0,0,0,0,0,0,0,0,0,0,0,0,0,0,0,0,160,795,795,1,1,23,18,50,1,7397,795,2201,2043,0,0,0,10082,0,10324,0,0,0,0,11,3,6,172,0,239,15,272,0,0,693,8013,0
1169118,2387,1024,80,47,9999,0,0,399,0,0,0,4120,1643,0,0,62,0,2,4,1382,492,2000,1,0,4,73,72,37002,14013,326,889,127,65,350,0,0,2,73,3,3,0,10,0,0,0,0,0,2688,2816,2688,2816,4128,2208,8628,1485,0,0,0,0,100,60,44,38,40,54,60,57,0,0,77,0,0,0,0,0,0,14779,1128,1006,0,932,73,345,345,100,1,1,0,999,999,40,0,25,0,0,0,0,0,0,0,0,0,0,100,2688,2816,100,0,0,0,0,0,0,0,0,0,0,0,0,0,0,0,0,0,0,0,0,160,796,796,1,1,23,17,50,1,7433,796,2201,2043,0,0,0,12503,0,12989,0,0,0,0,11,3,6,177,0,239,15,272,0,0,694,8013,0
1170118,2387,1024,80,47,9999,0,0,365,0,0,0,4120,1503,0,0,62,0,2,3,1382,492,2000,1,0,4,72,72,36535,13769,559,747,131,65,342,0,0,2,72,3,3,0,10,0,0,0,0,0,2688,2816,2688,2816,4128,2208,9302,1497,0,0,0,0,100,52,44,41,42,50,52,50,0,0,76,0,0,0,0,0,0,14779,1128,1006,0,932,73,345,345,100,2,1,0,999,999,40,0,25,0,0,0,0,0,0,0,0,0,0,100,2688,2816,100,0,0,0,0,0,0,0,0,0,0,0,0,0,0,0,0,0,0,0,0,160,796,796,1,1,23,17,50,1,7400,796,2201,2043,0,0,0,10029,0,10296,0,0,0,0,11,3,6,179,0,238,15,272,0,0,692,8013,0
1171118,2387,1024,80,47,9999,0,0,466,0,0,0,4120,1919,0,0,62,0,2,3,1382,492,2000,1,0,4,72,72,36535,13904,348,783,288,66,390,0,0,2,73,3,3,0,10,0,0,0,0,0,2688,2816,2688,2816,4128,2208,9287,1571,0,0,0,0,100,55,46,36,38,50,54,55,0,0,79,0,0,0,0,0,0,14779,1128,1006,0,932,73,345,345,100,1,1,0,999,999,40,0,25,0,0,0,0,0,0,0,0,0,0,100,2688,2816,100,0,0,0,0,0,0,0,0,0,0,0,0,0,0,0,0,0,0,0,0,160,796,796,1,1,23,15,50,1,7432,796,2201,2041,0,0,0,9060,0,9315,0,0,0,0,11,3,6,183,0,245,15,272,0,0,697,8013,1
1172118,2387,1024,80,47,9999,0,0,499,0,0,0,4120,2055,0,0,62,0,3,4,1382,492,2000,1,0,4,73,72,38708,13907,318,791,231,65,361,0,0,5,72,3,3,0,10,0,0,0,0,0,2688,2816,2688,2816,4128,2208,8890,1441,0,0,0,0,100,53,36,43,38,45,53,47,0,0,78,0,0,0,0,0,0,14779,1128,1006,0,932,73,345,345,100,3,1,0,999,999,40,0,25,0,0,0,0,0,0,0,0,0,0,100,2688,2816,100,0,0,0,0,0,0,0,0,0,0,0,0,0,0,0,0,0,0,0,0,160,796,796,1,1,23,15,50,1,7397,796,2201,2041,0,0,0,21637,0,21984,0,0,2,1,11,3,6,185,0,245,15,272,53,1,697,8013,1
1173118,2387,1024,80,47,9999,0,0,641,0,0,0,4120,2640,0,0,62,0,3,4,1382,492,2000,1,0,4,72,72,38124,13739,300,799,148,64,334,0,0,0,73,3,3,0,10,0,0,0,0,0,2688,2816,2688,2816,4128,2208,8226,1436,0,0,0,0,100,53,39,39,39,53,48,51,0,0,77,0,0,0,0,0,0,14779,1128,1006,0,932,73,345,345,100,0,0,0,999,999,40,0,25,0,0,0,0,0,0,0,0,0,0,100,2688,2816,100,0,0,0,0,0,0,0,0,0,0,0,0,0,0,0,0,0,0,0,0,160,796,796,1,1,23,19,50,1,7408,796,2201,2044,0,0,0,12418,0,12661,0,0,2,1,11,3,6,187,0,245,15,272,53,1,697,8013,1
1174118,2387,1024,80,47,9999,0,0,386,0,0,0,4120,1590,0,0,62,0,3,4,1651,545,2000,1,0,4,72,72,36160,13563,346,676,102,65,343,0,0,7,72,3,3,0,10,0,0,0,0,0,2688,2816,2688,2816,4128,2208,8887,1447,0,0,0,0,100,60,44,38,38,50,60,49,0,0,75,0,0,0,0,0,0,14779,1128,1006,0,932,73,345,345,100,3,1,0,999,999,40,0,25,0,0,0,0,0,0,0,0,0,0,100,2688,2816,100,0,0,0,0,0,0,0,0,0,0,0,0,0,0,0,0,0,0,0,0,160,796,796,1,1,23,14,50,1,7406,796,2201,2039,0,0,0,20532,0,20979,0,0,2,1,11,3,6,181,0,246,15,272,53,1,698,8013,1
1175118,2387,1024,80,47,9999,0,0,356,0,0,0,4120,1466,0,0,62,0,2,4,1651,545,2000,1,0,4,69,72,37411,13576,332,636,104,65,363,0,0,3,73,3,3,0,10,0,0,0,0,0,2688,2816,2688,2816,4128,2208,8518,1449,0,0,0,0,100,51,37,39,41,51,50,50,0,0,74,0,0,0,0,0,0,14779,1128,1006,0,932,73,345,345,100,2,1,0,999,999,40,0,25,0,0,0,0,0,0,0,0,0,0,100,2688,2816,100,0,0,0,0,0,0,0,0,0,0,0,0,0,0,0,0,0,0,0,0,160,796,796,1,1,23,19,50,1,7403,796,2201,2045,0,0,0,16835,0,17259,0,0,0,3,11,3,6,171,0,244,15,272,14,3,697,8013,1
1176118,2387,1024,80,47,9999,0,0,561,0,0,0,4120,2311,0,0,62,0,2,4,1651,545,2000,1,0,4,72,72,35796,13818,299,801,328,65,330,0,0,3,72,3,3,0,10,0,0,0,0,0,2688,2816,2688,2816,4128,2208,8628,1470,0,0,0,0,100,51,42,41,38,43,47,51,0,0,74,0,0,0,0,0,0,14779,1128,1006,0,932,73,345,345,100,2,1,0,999,999,40,0,25,0,0,0,0,0,0,0,0,0,0,100,2688,2816,100,0,0,0,0,0,0,0,0,0,0,0,0,0,0,0,0,0,0,0,0,160,796,796,1,1,23,19,50,1,7441,796,2201,2044,0,0,0,15776,0,16112,0,0,0,0,11,3,6,159,0,244,15,272,0,0,695,8013,1
1177118,2387,1024,80,47,9999,0,0,634,0,0,0,4120,2612,0,0,62,0,3,4,1651,545,2000,1,0,4,72,72,36605,13811,546,769,198,65,355,0,0,3,73,3,3,0,10,0,0,0,0,0,2688,2816,2688,2816,4128,2208,8800,1331,0,0,0,0,100,58,46,46,47,56,58,58,0,0,74,0,0,0,0,0,0,14779,1128,1006,0,932,73,345,345,100,2,1,0,999,999,40,0,25,0,0,0,0,0,0,0,0,0,0,100,2688,2816,100,0,0,0,0,0,0,0,0,0,0,0,0,0,0,0,0,0,0,0,0,160,796,796,1,1,23,18,50,1,7405,796,2201,2044,0,0,0,12395,0,12664,0,0,2,1,11,3,6,164,0,244,15,272,51,1,695,8013,1
1178118,2387,1024,80,47,9999,0,0,578,0,0,0,4108,2374,0,0,62,0,3,4,1651,545,2000,1,0,4,71,72,36007,13637,332,705,131,64,391,0,0,3,72,3,3,0,10,0,0,0,0,0,2688,2816,2688,2816,4128,2208,8726,1381,0,0,0,0,100,48,34,33,33,43,48,40,0,0,74,0,0,0,0,0,0,14779,1128,1006,0,932,73,345,345,100,2,1,0,999,999,40,0,25,0,0,0,0,0,0,0,0,0,0,100,2688,2816,100,0,0,0,0,0,0,0,0,0,0,0,0,0,0,0,0,0,0,0,0,160,796,796,1,1,23,18,50,1,7441,796,2201,2043,0,0,0,14531,0,16416,0,0,0,0,11,3,6,170,0,243,15,272,0,0,695,8013,1
1179153,2266,1028,80,47,9999,0,0,912,0,0,0,4091,3730,0,0,62,0,4,4,1651,545,2000,1,0,4,72,72,36046,13590,273,616,118,64,353,0,0,2,73,3,3,0,10,0,0,0,0,0,2688,2816,2688,2816,4128,2208,8654,1432,0,0,0,0,100,56,39,40,41,46,51,56,0,0,74,0,0,0,0,0,0,14779,1129,1012,0,934,77,345,345,100,1,1,0,999,999,40,0,25,0,0,0,0,0,0,0,0,0,0,100,2688,2816,100,0,0,0,0,0,0,0,0,0,0,0,0,0,0,0,0,0,0,0,0,160,796,796,1,1,23,17,50,1,7437,796,2201,2044,0,0,0,17627,0,18010,0,0,2,1,11,3,6,172,0,245,15,272,51,1,697,8013,1
1180120,2266,1028,80,47,9999,0,0,764,0,0,0,4091,3125,0,0,62,0,3,4,1651,545,2000,1,0,4,73,72,34072,13462,226,649,123,63,383,0,0,0,72,3,3,0,10,0,0,0,0,0,2688,2816,2688,2816,4128,2208,8781,1424,0,0,0,0,100,53,46,39,38,53,46,50,0,0,74,0,0,0,0,0,0,14779,1129,1012,0,934,77,345,345,100,0,0,0,999,999,40,0,25,0,0,0,0,0,0,0,0,0,0,100,2688,2816,100,0,0,0,0,0,0,0,0,0,0,0,0,0,0,0,0,0,0,0,0,160,797,797,1,1,23,17,50,1,7454,797,2201,2043,0,0,0,16391,0,16700,0,0,0,0,11,3,6,166,0,244,15,272,0,0,695,8013,1
1181119,2266,1028,80,47,9999,0,0,437,0,0,0,4091,1787,0,0,62,0,3,4,1651,545,2000,1,0,4,72,72,33078,13595,346,631,128,66,343,0,0,3,72,3,3,0,10,0,0,0,0,0,2688,2816,2688,2816,4128,2208,8667,1469,0,0,0,0,100,48,45,47,46,43,46,48,0,0,75,0,0,0,0,0,0,14779,1129,1012,0,934,77,345,345,100,1,1,0,999,999,40,0,25,0,0,0,0,0,0,0,0,0,0,100,2688,2816,100,0,0,0,0,0,0,0,0,0,0,0,0,0,0,0,0,0,0,0,0,160,797,797,1,1,23,16,50,1,7411,797,2201,2042,0,0,0,10549,0,10789,0,0,0,0,11,3,6,163,0,243,15,272,0,0,695,8013,1
1182119,2266,1028,80,47,9999,0,0,427,0,0,0,4091,1746,0,0,62,0,3,4,1651,545,2000,1,0,4,71,72,35608,13814,339,824,285,65,350,0,1,8,73,3,3,0,10,0,0,0,0,0,2688,2816,2688,2816,4128,2208,8465,1446,0,0,0,0,100,57,47,48,52,57,55,53,0,0,73,0,0,0,0,0,0,14779,1129,1012,0,934,77,345,345,100,5,1,0,999,999,40,0,25,0,0,0,0,0,0,0,0,0,0,100,2688,2816,100,0,0,0,0,0,0,0,0,0,0,0,0,0,0,0,0,0,0,0,0,160,797,797,1,1,23,17,50,1,7408,797,2201,2044,0,0,0,12883,0,13161,0,0,0,0,11,3,6,163,0,243,15,272,0,0,695,8013,1
1183119,2266,1028,80,47,9999,0,0,336,0,0,0,4091,1374,0,0,62,0,3,4,1651,545,2000,1,0,4,72,72,36087,13739,365,771,154,64,361,0,0,3,73,3,3,0,10,0,0,0,0,0,2688,2816,2688,2816,4128,2208,8261,1461,0,0,0,0,100,48,42,38,38,45,46,48,0,0,73,0,0,0,0,0,0,14779,1129,1012,0,934,77,345,345,100,1,1,0,999,999,40,0,25,0,0,0,0,0,0,0,0,0,0,100,2688,2816,100,0,0,0,0,0,0,0,0,0,0,0,0,0,0,0,0,0,0,0,0,160,797,797,1,1,23,18,50,1,7441,797,2201,2044,0,0,0,18084,0,18423,0,0,0,0,11,3,6,168,0,237,15,272,0,0,690,8013,0
1184119,2266,1028,80,47,9999,0,0,197,0,0,0,4091,805,0,0,62,0,2,4,1651,545,2000,1,0,4,73,72,34364,13653,335,672,105,64,340,0,0,3,73,3,3,0,10,0,0,0,0,0,2688,2816,2688,2816,4128,2208,8315,1459,0,0,0,0,100,52,39,36,37,50,52,48,0,0,73,0,0,0,0,0,0,14779,1129,1012,0,934,77,345,345,100,1,1,0,999,999,40,0,25,0,0,0,0,0,0,0,0,0,0,100,2688,2816,100,0,0,0,0,0,0,0,0,0,0,0,0,0,0,0,0,0,0,0,0,160,797,797,1,1,23,15,50,1,7410,797,2200,2040,0,0,0,16505,0,16962,0,0,0,0,11,3,6,168,0,237,15,272,0,0,690,8013,0
1185120,2266,1028,80,47,9999,0,0,529,0,0,0,4091,2164,0,0,62,0,2,3,1651,545,2000,1,0,4,72,72,34206,13790,332,700,281,64,369,0,0,6,73,3,3,0,10,0,0,0,0,0,2688,2816,2688,2816,4128,2208,9077,1596,0,0,0,0,100,48,32,28,29,48,42,48,0,0,76,0,0,0,0,0,0,14779,1129,1012,0,934,77,345,345,100,2,1,0,999,999,40,0,25,0,0,0,0,0,0,0,0,0,0,100,2688,2816,100,0,0,0,0,0,0,0,0,0,0,0,0,0,0,0,0,0,0,0,0,160,797,797,1,1,23,17,50,1,7444,797,2201,2043,0,0,0,14455,0,14680,0,0,0,0,11,3,6,181,0,239,15,272,0,0,694,8013,0
1186120,2266,1028,80,47,9999,0,0,510,0,0,0,4091,2086,0,0,62,0,3,3,1651,545,2000,1,0,4,71,72,37585,13750,356,720,199,66,371,0,0,1,73,3,3,0,10,0,0,0,0,0,2688,2816,2688,2816,4128,2208,9278,1582,0,0,0,0,100,51,38,36,40,51,47,50,0,0,78,0,0,0,0,0,0,14779,1129,1012,0,934,77,345,345,100,1,1,0,999,999,40,0,25,0,0,0,0,0,0,0,0,0,0,100,2688,2816,100,0,0,0,0,0,0,0,0,0,0,0,0,0,0,0,0,0,0,0,0,160,797,797,1,1,23,15,50,1,7411,797,2201,2041,0,0,0,14039,0,14583,0,0,0,0,11,3,6,164,0,238,15,272,0,0,690,8013,0
1187120,2266,1028,80,47,9999,0,0,602,0,0,0,4091,2462,0,0,62,0,2,4,1651,545,2000,1,0,4,73,72,36689,13712,323,696,109,67,369,0,0,3,73,3,3,0,10,0,0,0,0,0,2688,2816,2688,2816,4128,2208,8984,1460,0,0,0,0,100,51,35,37,36,51,51,48,0,0,77,0,0,0,0,0,0,14779,1129,1012,0,934,77,345,345,100,3,1,0,999,999,40,0,25,0,0,0,0,0,0,0,0,0,0,100,2688,2816,100,0,0,0,0,0,0,0,0,0,0,0,0,0,0,0,0,0,0,0,0,160,797,797,1,1,23,18,50,1,7417,797,2200,2043,0,0,0,18296,0,18687,0,0,0,0,11,3,6,181,0,246,15,272,0,0,698,8013,1
1188120,2266,1028,80,47,9999,0,0,511,0,0,0,4091,2090,0,0,62,0,3,4,1651,545,2000,1,0,4,72,72,35773,13594,280,658,107,65,349,0,0,5,72,3,3,0,10,0,0,0,0,0,2688,2816,2688,2816,4128,2208,9062,1455,0,0,0,0,100,52,38,31,35,41,50,52,0,0,76,0,0,0,0,0,0,14779,1129,1012,0,934,77,345,345,100,2,1,0,999,999,40,0,25,0,0,0,0,0,0,0,0,0,0,100,2688,2816,100,0,0,0,0,0,0,0,0,0,0,0,0,0,0,0,0,0,0,0,0,160,797,797,1,1,23,18,50,1,7413,797,2201,2044,0,0,0,12529,0,13039,0,0,2,1,11,3,6,183,0,245,15,272,53,1,697,8013,1
1189120,2266,1028,80,47,9999,0,0,399,0,0,0,4118,1643,0,0,62,0,2,4,1651,545,2000,1,0,4,72,72,37182,13515,284,664,99,64,353,0,0,2,72,3,3,0,10,0,0,0,0,0,2688,2816,2688,2816,4128,2208,9177,1447,0,0,0,0,100,60,47,45,48,59,60,56,0,0,76,0,0,0,0,0,0,14779,1129,1012,0,934,77,345,345,100,1,1,0,999,999,40,0,25,0,0,0,0,0,0,0,0,0,0,100,2688,2816,100,0,0,0,0,0,0,0,0,0,0,0,0,0,0,0,0,0,0,0,0,160,797,797,1,1,23,16,50,1,7420,797,2201,2042,0,0,0,11908,0,12147,0,0,0,0,11,3,6,186,0,245,15,272,0,0,697,8013,1
1190120,2266,1028,80,47,9999,0,0,582,0,0,0,4118,2396,0,0,62,0,3,4,1651,545,2000,1,0,4,72,72,37192,13502,314,583,89,64,340,0,0,4,73,3,3,0,10,0,0,0,0,0,2688,2816,2688,2816,4128,2208,9500,1442,0,0,0,0,100,55,36,34,29,49,55,46,0,0,77,0,0,0,0,0,0,14779,1129,1012,0,934,77,345,345,100,3,1,0,999,999,40,0,25,0,0,0,0,0,0,0,0,0,0,100,2688,2816,100,0,0,0,0,0,0,0,0,0,0,0,0,0,0,0,0,0,0,0,0,160,797,797,1,1,23,20,50,1,7457,797,2200,2045,0,0,0,9668,0,10194,0,0,2,1,11,3,6,178,0,244,15,272,53,1,695,8013,1
1191120,2266,1028,80,47,9999,0,0,457,0,0,0,4118,1881,0,0,62,0,3,4,1651,545,2000,1,0,4,72,72,35019,13532,283,553,88,64,341,0,0,5,73,3,3,0,10,0,0,0,0,0,2688,2816,2688,2816,4128,2208,8537,1421,0,0,0,0,100,56,44,42,40,48,56,46,0,0,74,0,0,0,0,0,0,14779,1129,1012,0,934,77,345,345,100,4,1,0,999,999,40,0,25,0,0,0,0,0,0,0,0,0,0,100,2688,2816,100,0,0,0,0,0,0,0,0,0,0,0,0,0,0,0,0,0,0,0,0,160,797,797,1,1,23,20,50,1,7423,797,2200,2045,0,0,0,10195,0,10654,0,0,2,2,11,3,6,178,0,245,15,272,58,2,697,8013,1
1192120,2266,1028,80,47,9999,0,0,484,0,0,0,4118,1993,0,0,62,0,2,4,1651,545,2000,1,0,4,71,72,38134,13430,288,558,106,64,351,0,0,4,73,3,3,0,10,0,0,0,0,0,2688,2816,2688,2816,4128,2208,8028,1434,0,0,0,0,100,52,41,36,38,51,52,50,0,0,75,0,0,0,0,0,0,14779,1129,1012,0,934,77,345,345,100,1,1,0,999,999,40,0,25,0,0,0,0,0,0,0,0,0,0,100,2688,2816,100,0,0,0,0,0,0,0,0,0,0,0,0,0,0,0,0,0,0,0,0,160,797,797,1,1,23,18,50,1,7435,797,2201,2044,0,0,0,15162,0,15417,0,0,2,1,11,3,6,179,0,244,15,272,53,1,696,8013,1
1193120,2266,1028,80,47,9999,0,0,228,0,0,0,4118,938,0,0,62,0,3,4,1651,545,2000,1,0,4,72,72,35407,13538,340,583,107,64,354,0,0,6,73,3,3,0,10,0,0,0,0,0,2688,2816,2688,2816,4128,2208,8510,1428,0,0,0,0,100,52,40,31,37,50,50,52,0,0,73,0,0,0,0,0,0,14779,1129,1012,0,934,77,345,345,100,2,1,0,999,999,40,0,25,0,0,0,0,0,0,0,0,0,0,100,2688,2816,100,0,0,0,0,0,0,0,0,0,0,0,0,0,0,0,0,0,0,0,0,160,797,797,1,1,23,17,50,1,7404,797,2201,2043,0,0,0,14122,0,14404,0,0,2,1,11,3,6,177,0,243,15,272,53,1,694,8013,1
1194121,2266,1028,80,47,9999,0,0,505,0,0,0,4118,2079,0,0,62,0,2,3,1651,492,2000,1,0,4,70,72,38505,13634,285,637,123,66,363,0,0,3,73,3,3,0,10,0,0,0,0,0,2688,2816,2688,2816,4128,2208,9314,1526,0,0,0,0,100,54,34,33,36,54,53,46,0,0,77,0,0,0,0,0,0,14779,1129,1012,0,934,77,345,345,100,2,1,0,999,999,40,0,25,0,0,0,0,0,0,0,0,0,0,100,2688,2816,100,0,0,0,0,0,0,0,0,0,0,0,0,0,0,0,0,0,0,0,0,160,797,797,1,1,23,19,50,1,7421,797,2200,2044,0,0,0,14909,0,15190,0,0,2,1,11,3,6,177,0,243,15,272,53,1,694,8013,1
1195121,2266,1028,80,47,9999,0,0,392,0,0,0,4118,1614,0,0,62,0,2,3,1651,492,2000,1,0,4,71,72,36921,13565,296,624,117,65,368,0,0,0,73,3,3,0,10,0,0,0,0,0,2688,2816,2688,2816,4128,2208,9260,1543,0,0,0,0,100,54,38,36,34,51,54,52,0,0,79,0,0,0,0,0,0,14779,1129,1012,0,934,77,345,345,100,0,0,0,999,999,40,0,25,0,0,0,0,0,0,0,0,0,0,100,2688,2816,100,0,0,0,0,0,0,0,0,0,0,0,0,0,0,0,0,0,0,0,0,160,797,797,1,1,23,21,50,1,7399,797,2201,2047,0,0,0,15938,0,16224,0,0,3,7,11,3,6,166,0,243,15,272,81,7,694,8013,1
1196121,2266,1028,80,47,9999,0,0,306,0,0,0,4118,1260,0,0,62,0,2,4,1651,492,2000,1,0,4,73,72,36969,13627,336,624,102,64,372,0,0,6,72,3,3,0,10,0,0,0,0,0,2688,2816,2688,2816,4128,2208,9482,1534,0,0,0,0,100,45,35,35,37,45,44,38,0,0,78,0,0,0,0,0,0,14779,1129,1012,0,934,77,345,345,100,0,1,0,999,999,40,0,25,0,0,0,0,0,0,0,0,0,0,100,2688,2816,100,0,0,0,0,0,0,0,0,0,0,0,0,0,0,0,0,0,0,0,0,160,798,798,1,1,24,19,50,1,7401,798,2202,2045,0,0,0,18613,0,18961,0,0,2,1,11,3,6,176,0,243,15,272,53,1,694,8013,1
1197121,2266,1028,80,47,9999,0,0,463,0,0,0,4118,1906,0,0,62,0,3,4,1651,492,2000,1,0,4,68,72,37173,13663,559,638,100,64,356,0,1,3,73,3,3,0,10,0,0,0,0,0,2688,2816,2688,2816,4128,2208,8358,1413,0,0,0,0,100,54,35,33,33,46,54,49,0,0,73,0,0,0,0,0,0,14779,1129,1012,0,934,77,345,345,100,7,1,0,999,999,40,0,25,0,0,0,0,0,0,0,0,0,0,100,2688,2816,100,0,0,0,0,0,0,0,0,0,0,0,0,0,0,0,0,0,0,0,0,160,795,795,1,1,23,18,50,1,7431,795,2201,2044,0,0,0,8167,0,8440,0,0,2,1,11,3,6,179,0,245,15,272,53,1,698,8013,1
1198120,2266,1028,80,47,9999,0,0,552,0,0,0,4118,2273,0,0,62,0,2,4,1651,492,2000,1,0,4,73,72,36987,13463,276,542,128,64,394,0,0,3,73,3,3,0,10,0,0,0,0,0,2688,2816,2688,2816,4128,2208,8424,1442,0,0,0,0,100,58,41,41,46,58,55,56,0,0,77,0,0,0,0,0,0,14779,1129,1012,0,934,77,345,345,100,1,1,0,999,999,40,0,25,0,0,0,0,0,0,0,0,0,0,100,2688,2816,100,0,0,0,0,0,0,0,0,0,0,0,0,0,0,0,0,0,0,0,0,160,795,795,1,1,23,17,50,1,7383,795,2202,2043,0,0,0,14753,0,15340,0,0,0,0,11,3,6,178,0,245,15,272,0,0,698,8013,1
1199156,2402,1026,80,47,9999,0,0,418,0,0,0,4121,1722,0,0,62,0,2,3,1651,492,2000,1,0,4,71,72,37126,13812,300,838,178,64,351,0,0,0,73,3,3,0,10,0,0,0,0,0,2688,2816,2688,2816,4128,2208,9610,1573,0,0,0,0,100,56,38,36,36,52,56,56,0,0,75,0,0,0,0,0,0,14780,1129,1007,0,934,73,346,346,100,0,0,0,999,999,40,0,25,0,0,0,0,0,0,0,0,0,0,100,2688,2816,100,0,0,0,0,0,0,0,0,0,0,0,0,0,0,0,0,0,0,0,0,160,795,795,1,1,23,16,50,1,7417,795,2201,2043,0,0,0,9491,0,9760,0,0,1,6,11,3,6,172,0,207,15,272,28,6,584,8013,1
1200121,2402,1026,80,47,9999,0,0,462,0,0,0,4121,1903,0,0,62,0,3,3,1651,492,2000,1,0,4,72,72,35143,13725,257,722,122,64,373,0,1,3,72,3,3,0,10,0,0,0,0,0,2688,2816,2688,2816,4128,2208,8809,1602,0,0,0,0,100,50,34,35,38,50,46,48,0,0,75,0,0,0,0,0,0,14780,1129,1007,0,934,73,346,346,100,3,2,0,999,999,40,0,25,0,0,0,0,0,0,0,0,0,0,100,2688,2816,100,0,0,0,0,0,0,0,0,0,0,0,0,0,0,0,0,0,0,0,0,160,795,795,1,1,23,17,50,1,7384,795,2201,2043,0,0,0,16903,0,17235,0,0,0,0,11,3,6,170,0,207,15,272,0,0,584,8013,1
1201121,2402,1026,80,47,9999,0,0,900,0,0,0,4121,3708,0,0,62,0,2,3,1651,492,2000,1,0,4,71,72,35966,13670,319,692,126,65,392,0,0,1,72,3,3,0,10,0,0,0,0,0,2688,2816,2688,2816,4128,2208,8781,1602,0,0,0,0,100,50,40,37,39,50,48,48,0,0,76,0,0,0,0,0,0,14780,1129,1007,0,934,73,346,346,100,1,1,0,999,999,40,0,25,0,0,0,0,0,0,0,0,0,0,100,2688,2816,100,0,0,0,0,0,0,0,0,0,0,0,0,0,0,0,0,0,0,0,0,160,795,795,1,1,23,20,50,1,7420,795,2201,2046,0,0,0,9323,0,10896,0,0,0,0,11,3,6,170,0,201,15,272,0,0,580,8013,0
1202121,2402,1026,80,47,9999,0,0,301,0,0,0,4121,1240,0,0,62,0,3,3,1651,492,2000,1,0,4,72,72,34572,13688,344,626,121,65,353,0,0,5,73,3,3,0,10,0,0,0,0,0,2688,2816,2688,2816,4128,2208,8830,1632,0,0,0,0,100,53,45,44,43,42,53,45,0,0,76,0,0,0,0,0,0,14780,1129,1007,0,934,73,346,346,100,2,1,0,999,999,40,0,25,0,0,0,0,0,0,0,0,0,0,100,2688,2816,100,0,0,0,0,0,0,0,0,0,0,0,0,0,0,0,0,0,0,0,0,160,795,795,1,1,23,15,50,1,7386,795,2201,2040,0,0,0,7606,0,7914,0,0,0,0,11,3,6,172,0,203,15,272,0,0,586,8013,0
1203121,2402,1026,80,47,9999,0,0,399,0,0,0,4121,1644,0,0,62,0,2,3,1651,492,2000,1,0,4,72,72,37043,13710,303,634,138,66,357,0,0,1,73,3,3,0,10,0,0,0,0,0,2688,2816,2688,2816,4128,2208,8812,1613,0,0,0,0,100,56,51,50,46,56,54,50,0,0,77,0,0,0,0,0,0,14780,1129,1007,0,934,73,346,346,100,1,1,0,999,999,40,0,25,0,0,0,0,0,0,0,0,0,0,100,2688,2816,100,0,0,0,0,0,0,0,0,0,0,0,0,0,0,0,0,0,0,0,0,160,795,795,1,1,23,19,50,1,7386,795,2201,2045,0,0,0,17510,0,17965,0,0,0,0,11,3,6,171,0,203,15,272,0,0,586,8013,0
1204121,2402,1026,80,47,9999,0,0,522,0,0,0,4121,2151,0,0,62,0,2,3,1382,492,2000,1,0,4,72,72,34882,13659,335,665,125,64,387,0,0,2,73,3,3,0,10,0,0,0,0,0,2688,2816,2688,2816,4128,2208,9335,1622,0,0,0,0,100,50,38,31,35,46,50,44,0,0,77,0,0,0,0,0,0,14780,1129,1007,0,934,73,346,346,100,1,1,0,999,999,40,0,25,0,0,0,0,0,0,0,0,0,0,100,2688,2816,100,0,0,0,0,0,0,0,0,0,0,0,0,0,0,0,0,0,0,0,0,160,795,795,1,1,23,18,50,1,7422,795,2201,2045,0,0,0,17773,0,18211,0,0,0,0,11,3,6,179,0,245,15,272,0,0,698,8013,1
1205121,2402,1026,80,47,9999,0,0,274,0,0,0,4121,1129,0,0,62,0,3,3,1382,492,2000,1,0,4,72,72,34959,13673,344,661,113,64,371,0,0,5,73,3,3,0,10,0,0,0,0,0,2688,2816,2688,2816,4128,2208,9160,1620,0,0,0,0,100,54,36,36,39,54,53,43,0,0,77,0,0,0,0,0,0,14780,1129,1007,0,934,73,346,346,100,4,1,0,999,999,40,0,25,0,0,0,0,0,0,0,0,0,0,100,2688,2816,100,0,0,0,0,0,0,0,0,0,0,0,0,0,0,0,0,0,0,0,0,160,795,795,1,1,23,18,50,1,7388,795,2201,2044,0,0,0,10079,0,10315,0,0,0,0,11,3,6,175,0,243,15,272,0,0,694,8013,1
1206122,2402,1026,80,47,9999,0,0,199,0,0,0,4121,820,0,0,62,0,2,3,1382,492,2000,1,0,4,72,72,36162,13640,300,629,110,64,379,0,0,4,73,3,3,0,10,0,0,0,0,0,2688,2816,2688,2816,4128,2208,8113,1539,0,0,0,0,100,50,36,34,31,44,50,41,0,0,77,0,0,0,0,0,0,14780,1129,1007,0,934,73,346,346,100,1,1,0,999,999,40,0,25,0,0,0,0,0,0,0,0,0,0,100,2688,2816,100,0,0,0,0,0,0,0,0,0,0,0,0,0,0,0,0,0,0,0,0,160,794,794,1,1,23,17,50,1,7424,794,2201,2043,0,0,0,12878,0,13119,0,0,0,2,11,3,6,177,0,239,15,272,9,2,693,8013,0
1207122,2402,1026,80,47,9999,0,0,179,0,0,0,4121,737,0,0,62,0,3,3,1382,492,2000,1,0,4,72,72,35380,13617,323,613,187,64,362,0,0,3,73,3,3,0,10,0,0,0,0,0,2688,2816,2688,2816,4128,2208,9694,1628,0,0,0,0,100,50,32,35,39,50,48,50,0,0,78,0,0,0,0,0,0,14780,1129,1007,0,934,73,346,346,100,2,1,0,999,999,40,0,25,0,0,0,0,0,0,0,0,0,0,100,2688,2816,100,0,0,0,0,0,0,0,0,0,0,0,0,0,0,0,0,0,0,0,0,160,794,794,1,1,23,15,50,1,7387,794,2201,2041,0,0,0,13918,0,14406,0,0,1,6,11,3,6,177,0,239,15,272,28,6,693,8013,0
1208122,2402,1026,80,47,9999,0,0,418,0,0,0,4121,1722,0,0,62,0,2,3,1382,492,2000,1,0,4,71,72,36698,13807,312,774,109,64,373,0,0,3,73,3,3,0,10,0,0,0,0,0,2688,2816,2688,2816,4128,2208,9012,1625,0,0,0,0,100,53,39,39,38,45,53,45,0,0,79,0,0,0,0,0,0,14780,1129,1007,0,934,73,346,346,100,1,1,0,999,999,40,0,25,0,0,0,0,0,0,0,0,0,0,100,2688,2816,100,0,0,0,0,0,0,0,0,0,0,0,0,0,0,0,0,0,0,0,0,160,795,795,1,1,23,19,50,1,7389,795,2201,2045,0,0,0,13947,0,14309,0,0,0,0,11,3,6,181,0,244,15,272,0,0,697,8013,1
1209122,2402,1026,80,47,9999,0,0,351,0,0,0,4126,1448,0,0,62,0,2,3,1382,492,2000,1,0,4,73,72,34738,13743,463,633,103,65,385,0,0,1,72,3,3,0,10,0,0,0,0,0,2688,2816,2688,2816,4128,2208,9405,1605,0,0,0,0,100,54,39,38,37,47,49,54,0,0,80,0,0,0,0,0,0,14780,1129,1007,0,934,73,346,346,100,1,1,0,999,999,40,0,25,0,0,0,0,0,0,0,0,0,0,100,2688,2816,100,0,0,0,0,0,0,0,0,0,0,0,0,0,0,0,0,0,0,0,0,160,795,795,1,1,23,18,50,1,7421,795,2201,2044,0,0,0,11268,0,11538,0,0,0,2,11,3,6,181,0,245,15,272,9,2,698,8013,1
1210122,2402,1026,80,47,9999,0,0,221,0,0,0,4126,911,0,0,62,0,2,3,1382,492,2000,1,0,4,72,72,36855,13743,463,633,103,65,385,0,0,1,72,3,3,0,10,0,0,0,0,0,2688,2816,2688,2816,4128,2208,8720,1602,0,0,0,0,100,55,44,42,42,55,55,54,0,0,80,0,0,0,0,0,0,14780,1129,1007,0,934,73,346,346,100,1,1,0,999,999,40,0,25,0,0,0,0,0,0,0,0,0,0,100,2688,2816,100,0,0,0,0,0,0,0,0,0,0,0,0,0,0,0,0,0,0,0,0,160,795,795,1,1,23,16,50,1,7388,795,2200,2042,0,0,0,12042,0,12325,0,0,0,2,11,3,6,177,0,245,15,272,9,2,698,8013,1
1211122,2402,1026,80,47,9999,0,0,231,0,0,0,4126,953,0,0,62,0,2,3,1382,492,2000,1,0,4,71,72,37096,13542,245,617,122,65,389,0,0,2,73,3,3,0,10,0,0,0,0,0,2688,2816,2688,2816,4128,2208,9093,1595,0,0,0,0,100,52,42,30,38,44,52,49,0,0,79,0,0,0,0,0,0,14780,1129,1007,0,934,73,346,346,100,1,1,0,999,999,40,0,25,0,0,0,0,0,0,0,0,0,0,100,2688,2816,100,0,0,0,0,0,0,0,0,0,0,0,0,0,0,0,0,0,0,0,0,160,795,795,1,1,23,20,50,1,7426,795,2201,2046,0,0,0,12901,0,13457,0,0,0,0,11,3,6,172,0,207,15,272,0,0,584,8013,1
1212122,2402,1026,80,47,9999,0,0,88,0,0,0,4126,363,0,0,62,0,2,3,1382,492,2000,1,0,4,71,72,38212,13731,332,707,133,65,385,0,0,4,73,3,3,0,10,0,0,0,0,0,2688,2816,2688,2816,4128,2208,8188,1595,0,0,0,0,100,61,39,41,45,61,53,52,0,0,78,0,0,0,0,0,0,14780,1129,1007,0,934,73,346,346,100,1,1,0,999,999,40,0,25,0,0,0,0,0,0,0,0,0,0,100,2688,2816,100,0,0,0,0,0,0,0,0,0,0,0,0,0,0,0,0,0,0,0,0,160,795,795,1,1,23,20,50,1,7389,795,2201,2046,0,0,0,17505,0,17957,0,0,0,0,11,3,6,174,0,210,15,272,0,0,606,8013,0
1213122,2402,1026,80,47,9999,0,0,332,0,0,0,4126,1369,0,0,62,0,2,3,1382,492,2000,1,0,4,71,72,36502,13707,306,662,125,65,412,0,0,1,73,3,3,0,10,0,0,0,0,0,2688,2816,2688,2816,4128,2208,9414,1615,0,0,0,0,100,53,36,35,36,47,44,53,0,0,77,0,0,0,0,0,0,14780,1129,1007,0,934,73,346,346,100,1,1,0,999,999,40,0,25,0,0,0,0,0,0,0,0,0,0,100,2688,2816,100,0,0,0,0,0,0,0,0,0,0,0,0,0,0,0,0,0,0,0,0,160,796,796,1,1,23,18,50,1,7422,796,2200,2044,0,0,0,10313,0,11122,0,0,0,4,11,3,6,180,0,245,15,272,18,4,698,8013,1
1214122,2402,1026,80,47,9999,0,0,385,0,0,0,4126,1588,0,0,62,0,2,3,1382,492,2000,1,0,4,72,72,36272,13676,289,746,132,65,363,0,0,2,73,3,3,0,10,0,0,0,0,0,2688,2816,2688,2816,4128,2208,9748,1593,0,0,0,0,100,50,35,37,34,49,48,50,0,0,78,0,0,0,0,0,0,14780,1129,1007,0,934,73,346,346,100,2,1,0,999,999,40,0,25,0,0,0,0,0,0,0,0,0,0,100,2688,2816,100,0,0,0,0,0,0,0,0,0,0,0,0,0,0,0,0,0,0,0,0,160,796,796,1,1,23,16,50,1,7391,796,2201,2042,0,0,0,9403,0,9682,0,0,0,0,11,3,6,174,0,244,15,272,0,0,696,8013,1
1215122,2402,1026,80,47,9999,0,0,332,0,0,0,4126,1369,0,0,62,0,2,3,1382,492,2000,1,0,4,72,72,36638,13799,372,737,169,65,439,0,0,1,72,3,3,0,10,0,0,0,0,0,2688,2816,2688,2816,4128,2208,9909,1557,0,0,0,0,100,57,46,37,46,56,57,52,0,0,80,0,0,0,0,0,0,14780,1129,1007,0,934,73,346,346,100,1,1,0,999,999,40,0,25,0,0,0,0,0,0,0,0,0,0,100,2688,2816,100,0,0,0,0,0,0,0,0,0,0,0,0,0,0,0,0,0,0,0,0,160,796,796,1,1,23,15,50,1,7391,796,2201,2042,0,0,0,13127,0,13818,0,0,2,1,11,3,6,178,0,244,15,272,51,1,695,8013,1
1216123,2402,1026,80,47,9999,0,0,447,0,0,0,4126,1844,0,0,62,0,2,5,1382,492,2000,1,0,4,73,72,36553,13896,292,864,203,65,460,0,0,2,73,3,3,0,10,0,0,0,0,0,2688,2816,2688,2816,4128,2208,9919,1448,0,0,0,0,100,51,41,37,36,47,51,49,0,0,78,0,0,0,0,0,0,14780,1129,1007,0,934,73,346,346,100,1,1,0,999,999,40,0,25,0,0,0,0,0,0,0,0,0,0,100,2688,2816,100,0,0,0,0,0,0,0,0,0,0,0,0,0,0,0,0,0,0,0,0,160,796,796,1,1,23,20,50,1,7425,796,2201,2046,0,0,0,17525,0,17914,0,0,2,1,11,3,6,179,0,245,15,272,53,1,697,8013,1
1217122,2402,1026,80,47,9999,0,0,462,0,0,0,4126,1906,0,0,62,0,3,4,1382,492,2000,1,0,4,69,72,37553,13833,377,870,115,64,342,0,0,4,73,3,3,0,10,0,0,0,0,0,2688,2816,2688,2816,4128,2208,7878,1319,0,0,0,0,100,58,39,37,39,51,58,41,0,0,71,0,0,0,0,0,0,14780,1129,1007,0,934,73,346,346,100,2,1,0,999,999,40,0,25,0,0,0,0,0,0,0,0,0,0,100,2688,2816,100,0,0,0,0,0,0,0,0,0,0,0,0,0,0,0,0,0,0,0,0,160,796,796,1,1,23,20,50,1,7391,796,2201,2046,0,0,0,17201,0,17553,0,0,2,1,11,3,6,180,0,244,15,272,53,1,697,8013,1
1218122,2402,1026,80,47,9999,0,0,468,0,0,0,4120,1928,0,0,62,0,3,4,1382,492,2000,1,0,4,72,72,35602,14209,465,1176,426,64,329,0,0,6,72,3,3,0,10,0,0,0,0,0,2688,2816,2688,2816,4128,2208,8941,1447,0,0,0,0,100,56,50,45,44,52,56,52,0,0,73,0,0,0,0,0,0,14780,1129,1007,0,934,73,346,346,100,3,1,0,999,999,40,0,25,0,0,0,0,0,0,0,0,0,0,100,2688,2816,100,0,0,0,0,0,0,0,0,0,0,0,0,0,0,0,0,0,0,0,0,160,796,796,1,1,23,18,50,1,7425,796,2201,2045,0,0,0,9502,0,9752,0,0,2,1,11,3,6,175,0,239,15,272,51,1,693,8013,0
1219161,2426,1029,80,47,9999,0,0,514,0,0,0,4119,2117,0,0,62,0,2,3,1382,492,2000,1,0,4,73,72,35580,13864,295,883,311,67,417,0,0,0,73,3,3,0,10,0,0,0,0,0,2688,2816,2688,2816,4128,2208,9048,1579,0,0,0,0,100,57,44,43,42,57,50,45,0,0,75,0,0,0,0,0,0,14780,1130,1013,0,935,77,346,346,100,0,0,0,999,999,40,0,25,0,0,0,0,0,0,0,0,0,0,100,2688,2816,100,0,0,0,0,0,0,0,0,0,0,0,0,0,0,0,0,0,0,0,0,160,796,796,1,1,23,17,50,1,7394,796,2201,2044,0,0,0,15979,0,16256,0,0,0,0,11,3,6,178,0,238,15,272,0,0,692,8013,0
1220123,2426,1029,80,47,9999,0,0,464,0,0,0,4119,1911,0,0,62,0,2,3,1382,492,2000,1,0,4,73,72,35327,13700,346,724,167,65,374,0,0,3,73,3,3,0,10,0,0,0,0,0,2688,2816,2688,2816,4128,2208,8483,1573,0,0,0,0,100,48,41,39,34,45,48,43,0,0,77,0,0,0,0,0,0,14780,1130,1013,0,935,77,346,346,100,1,1,0,999,999,40,0,25,0,0,0,0,0,0,0,0,0,0,100,2688,2816,100,0,0,0,0,0,0,0,0,0,0,0,0,0,0,0,0,0,0,0,0,160,796,796,1,1,23,17,50,1,7428,796,2200,2042,0,0,0,16555,0,16940,0,0,0,0,11,3,6,173,0,237,15,272,0,0,689,8013,0
1221123,2426,1029,80,47,9999,0,0,310,0,0,0,4119,1276,0,0,62,0,3,3,1382,492,2000,1,0,4,71,72,36241,13652,312,629,109,64,375,0,0,3,73,3,3,0,10,0,0,0,0,0,2688,2816,2688,2816,4128,2208,9045,1524,0,0,0,0,100,57,46,40,45,57,53,55,0,0,78,0,0,0,0,0,0,14780,1130,1013,0,935,77,346,346,100,2,1,0,999,999,40,0,25,0,0,0,0,0,0,0,0,0,0,100,2688,2816,100,0,0,0,0,0,0,0,0,0,0,0,0,0,0,0,0,0,0,0,0,160,796,796,1,1,23,16,50,1,7396,796,2201,2042,0,0,0,10038,0,10253,0,0,2,1,11,3,6,176,0,238,15,272,51,1,692,8013,0
1222123,2426,1029,80,47,9999,0,0,742,0,0,0,4119,3056,0,0,62,0,2,3,1382,492,2000,1,0,4,72,72,36862,13635,292,645,126,65,364,0,0,3,73,3,3,0,10,0,0,0,0,0,2688,2816,2688,2816,4128,2208,9090,1561,0,0,0,0,100,52,43,33,41,44,46,52,0,0,79,0,0,0,0,0,0,14780,1130,1013,0,935,77,346,346,100,2,1,0,999,999,40,0,25,0,0,0,0,0,0,0,0,0,0,100,2688,2816,100,0,0,0,0,0,0,0,0,0,0,0,0,0,0,0,0,0,0,0,0,160,796,796,1,1,23,16,50,1,7421,796,2201,2042,0,0,0,9583,0,9853,0,0,2,1,11,3,6,177,0,238,15,272,51,1,692,8013,0
1223354,2426,1029,80,47,9999,0,0,505,0,0,0,4119,2080,0,0,62,0,2,3,1382,492,2000,1,0,4,72,72,34864,13571,236,645,120,64,367,0,0,0,73,3,3,0,10,0,0,0,0,0,2688,2816,2688,2816,4128,2208,9230,1575,0,0,0,0,100,52,45,46,44,42,52,47,0,0,79,0,0,0,0,0,0,14780,1130,1013,0,935,77,346,346,100,0,0,0,999,999,40,0,25,0,0,0,0,0,0,0,0,0,0,100,2688,2816,100,0,0,0,0,0,0,0,0,0,0,0,0,0,0,0,0,0,0,0,0,160,796,796,1,1,23,17,50,1,7395,796,2201,2043,0,0,0,11441,0,11833,0,0,0,0,11,3,6,174,0,238,15,272,0,0,691,8013,0
1224123,2426,1029,80,47,9999,0,0,566,0,0,0,4119,2331,0,0,62,0,3,4,1382,492,2000,1,0,4,72,72,37212,13680,310,645,143,64,381,0,0,5,72,3,3,0,10,0,0,0,0,0,2688,2816,2688,2816,4128,2208,8374,1410,0,0,0,0,100,63,57,55,59,58,63,47,0,0,77,0,0,0,0,0,0,14780,1130,1013,0,935,77,346,346,100,3,1,0,999,999,40,0,25,0,0,0,0,0,0,0,0,0,0,100,2688,2816,100,0,0,0,0,0,0,0,0,0,0,0,0,0,0,0,0,0,0,0,0,160,797,797,1,1,23,20,50,1,7394,797,2201,2047,0,0,0,18710,0,19188,0,0,0,0,11,3,6,173,0,237,15,272,0,0,689,8013,0
1225123,2426,1029,80,47,9999,0,0,263,0,0,0,4119,1083,0,0,62,0,2,4,1382,492,2000,1,0,4,72,72,35496,13778,296,816,135,64,469,0,0,2,73,3,3,0,10,0,0,0,0,0,2688,2816,2688,2816,4128,2208,8377,1398,0,0,0,0,100,48,40,37,35,39,48,43,0,0,74,0,0,0,0,0,0,14780,1130,1013,0,935,77,346,346,100,2,1,0,999,999,40,0,25,0,0,0,0,0,0,0,0,0,0,100,2688,2816,100,0,0,0,0,0,0,0,0,0,0,0,0,0,0,0,0,0,0,0,0,160,797,797,1,1,23,15,50,1,7429,797,2200,2041,0,0,0,13201,0,13434,0,0,0,0,11,3,6,178,0,237,15,272,0,0,690,8013,0
1226123,2426,1029,80,47,9999,0,0,287,0,0,0,4119,1182,0,0,62,0,2,3,1382,492,2000,1,0,4,73,72,34590,13584,308,728,101,64,337,0,0,2,72,3,3,0,10,0,0,0,0,0,2688,2816,2688,2816,4128,2208,8629,1437,0,0,0,0,100,51,39,39,42,51,43,41,0,0,75,0,0,0,0,0,0,14780,1130,1013,0,935,77,346,346,100,1,1,0,999,999,40,0,25,0,0,0,0,0,0,0,0,0,0,100,2688,2816,100,0,0,0,0,0,0,0,0,0,0,0,0,0,0,0,0,0,0,0,0,160,797,797,1,1,24,16,50,1,7399,797,2202,2042,0,0,0,14323,0,14599,0,0,2,1,11,3,6,172,0,238,15,272,51,1,692,8013,0
1227124,2426,1029,80,47,9999,0,0,381,0,0,0,4119,1569,0,0,62,0,2,3,1382,492,2000,1,0,4,72,72,34283,13502,324,608,120,65,383,0,0,1,73,3,3,0,10,0,0,0,0,0,2688,2816,2688,2816,4128,2208,8683,1550,0,0,0,0,100,41,37,41,43,41,38,37,0,0,77,0,0,0,0,0,0,14780,1130,1013,0,935,77,346,346,100,1,1,0,999,999,40,0,25,0,0,0,0,0,0,0,0,0,0,100,2688,2816,100,0,0,0,0,0,0,0,0,0,0,0,0,0,0,0,0,0,0,0,0,160,796,796,1,1,24,16,50,1,7413,796,2202,2042,0,0,0,18882,0,19193,0,0,0,4,11,3,6,172,0,238,15,272,18,4,691,8013,0
1228123,2426,1029,80,47,9999,0,0,370,0,0,0,4119,1524,0,0,62,0,3,3,1382,492,2000,1,0,4,71,72,35510,13647,311,581,120,64,370,0,0,3,72,3,3,0,10,0,0,0,0,0,2688,2816,2688,2816,4128,2208,9448,1540,0,0,0,0,100,57,48,43,48,57,55,53,0,0,77,0,0,0,0,0,0,14780,1130,1013,0,935,77,346,346,100,2,1,0,999,999,40,0,25,0,0,0,0,0,0,0,0,0,0,100,2688,2816,100,0,0,0,0,0,0,0,0,0,0,0,0,0,0,0,0,0,0,0,0,160,797,797,1,1,24,21,50,1,7396,797,2202,2047,0,0,0,13897,0,14150,0,0,0,0,11,3,6,168,0,246,15,272,0,0,698,8013,1
1229127,2426,1029,80,47,9999,0,0,290,0,0,0,4129,1197,0,0,62,0,2,3,1382,492,2000,1,0,4,71,72,36935,13609,320,703,148,65,438,0,0,4,73,3,3,0,10,0,0,0,0,0,2688,2816,2688,2816,4128,2208,8884,1463,0,0,0,0,100,49,40,40,41,48,49,42,0,0,78,0,0,0,0,0,0,14780,1130,1013,0,935,77,346,346,100,2,1,0,999,999,40,0,25,0,0,0,0,0,0,0,0,0,0,100,2688,2816,100,0,0,0,0,0,0,0,0,0,0,0,0,0,0,0,0,0,0,0,0,160,797,797,1,1,23,18,50,1,7397,797,2201,2045,0,0,0,8930,0,9212,0,0,0,0,11,3,6,169,0,245,15,272,0,0,697,8013,1
1230124,2426,1029,80,47,9999,0,0,320,0,0,0,4129,1321,0,0,62,0,2,3,1382,492,2000,1,0,4,72,72,34778,13744,335,759,124,65,371,0,0,1,72,3,3,0,10,0,0,0,0,0,2688,2816,2688,2816,4128,2208,9912,1459,0,0,0,0,100,52,45,42,41,51,52,49,0,0,79,0,0,0,0,0,0,14780,1130,1013,0,935,77,346,346,100,1,1,0,999,999,40,0,25,0,0,0,0,0,0,0,0,0,0,100,2688,2816,100,0,0,0,0,0,0,0,0,0,0,0,0,0,0,0,0,0,0,0,0,160,797,797,1,1,23,20,50,1,7432,797,2201,2047,0,0,0,12489,0,12726,0,0,0,1,11,3,6,177,0,238,15,272,17,1,692,8013,0
1231124,2426,1029,80,47,9999,0,0,369,0,0,0,4129,1523,0,0,62,0,3,4,1382,492,2000,1,0,4,71,72,37980,13637,282,651,132,65,382,0,0,7,73,3,3,0,10,0,0,0,0,0,2688,2816,2688,2816,4128,2208,8319,1388,0,0,0,0,100,53,43,41,43,51,53,48,0,0,74,0,0,0,0,0,0,14780,1130,1013,0,935,77,346,346,100,3,1,0,999,999,40,0,25,0,0,0,0,0,0,0,0,0,0,100,2688,2816,100,0,0,0,0,0,0,0,0,0,0,0,0,0,0,0,0,0,0,0,0,160,797,797,1,1,23,17,50,1,7399,797,2201,2043,0,0,0,15718,0,16251,0,0,0,1,11,3,6,176,0,238,15,272,17,1,692,8013,0
1232124,2426,1029,80,47,9999,0,0,557,0,0,0,4129,2299,0,0,62,0,2,4,1382,492,2000,1,0,4,72,72,34100,13530,249,740,129,63,371,0,2,1,72,3,3,0,10,0,0,0,0,0,2688,2816,2688,2816,4128,2208,8263,1405,0,0,0,0,100,50,39,40,33,43,50,43,0,0,73,0,0,0,0,0,0,14780,1130,1013,0,935,77,346,346,100,1,1,0,999,999,40,0,25,0,0,0,0,0,0,0,0,0,0,100,2688,2816,100,0,0,0,0,0,0,0,0,0,0,0,0,0,0,0,0,0,0,0,0,160,797,797,1,1,23,18,50,1,7434,797,2201,2044,0,0,0,16079,0,16472,0,0,0,1,11,3,6,175,0,238,15,272,17,1,692,8013,0
1233124,2426,1029,80,47,9999,0,0,466,0,0,0,4129,1924,0,0,62,0,3,4,1382,492,2000,1,0,4,72,72,34507,13415,294,637,117,64,391,0,0,5,73,3,3,0,10,0,0,0,0,0,2688,2816,2688,2816,4128,2208,8292,1408,0,0,0,0,100,59,42,45,48,59,55,54,0,0,73,0,0,0,0,0,0,14780,1130,1013,0,935,77,346,346,100,1,1,0,999,999,40,0,25,0,0,0,0,0,0,0,0,0,0,100,2688,2816,100,0,0,0,0,0,0,0,0,0,0,0,0,0,0,0,0,0,0,0,0,160,797,797,1,1,23,16,50,1,7399,797,2201,2042,0,0,0,16569,0,16882,0,0,1,3,11,3,6,177,0,238,15,272,26,3,692,8013,0
1234124,2426,1029,80,47,9999,0,0,310,0,0,0,4129,1279,0,0,62,0,2,3,1651,545,2000,1,0,4,73,72,36120,13984,351,864,422,65,339,1,0,3,73,3,3,0,10,0,0,0,0,0,2688,2816,2688,2816,4128,2208,9192,1523,0,0,0,0,100,46,40,37,37,40,46,41,0,0,76,0,0,0,0,0,0,14780,1130,1013,0,935,77,346,346,100,2,1,0,999,999,40,0,25,0,0,0,0,0,0,0,0,0,0,100,2688,2816,100,0,0,0,0,0,0,0,0,0,0,0,0,0,0,0,0,0,0,0,0,160,797,797,1,1,23,19,50,1,7404,797,2201,2046,0,0,0,9104,0,9440,0,0,0,0,11,3,6,173,0,242,15,272,0,0,693,8013,1
1235124,2426,1029,80,47,9999,0,0,313,0,0,0,4129,1292,0,0,62,0,2,3,1651,545,2000,1,0,4,73,72,35346,13901,343,842,304,64,379,0,0,2,73,3,3,0,10,0,0,0,0,0,2688,2816,2688,2816,4128,2208,9640,1510,0,0,0,0,100,50,38,35,35,43,43,50,0,0,77,0,0,0,0,0,0,14780,1130,1013,0,935,77,346,346,100,1,1,0,999,999,40,0,25,0,0,0,0,0,0,0,0,0,0,100,2688,2816,100,0,0,0,0,0,0,0,0,0,0,0,0,0,0,0,0,0,0,0,0,160,794,794,1,1,23,19,50,1,7409,794,2201,2046,0,0,0,18061,0,18384,0,0,2,1,11,3,6,171,0,244,15,272,51,1,695,8013,1
1236125,2426,1029,80,47,9999,0,0,177,0,0,0,4129,730,0,0,62,0,3,3,1651,545,2000,1,0,4,71,72,36114,13732,353,710,141,65,381,0,0,5,73,3,3,0,10,0,0,0,0,0,2688,2816,2688,2816,4128,2208,8496,1468,0,0,0,0,100,51,42,34,40,50,49,51,0,0,75,0,0,0,0,0,0,14780,1130,1013,0,935,77,346,346,100,1,1,0,999,999,40,0,25,0,0,0,0,0,0,0,0,0,0,100,2688,2816,100,0,0,0,0,0,0,0,0,0,0,0,0,0,0,0,0,0,0,0,0,160,795,795,1,1,23,18,50,1,7399,795,2201,2044,0,0,0,14667,0,14936,0,0,4,2,11,3,6,181,0,244,15,272,105,2,695,8013,1
1237125,2426,1029,80,47,9999,0,0,610,0,0,0,4129,2518,0,0,62,0,3,3,1651,545,2000,1,0,4,72,72,35834,13699,317,680,108,64,378,0,0,3,72,3,3,0,10,0,0,0,0,0,2688,2816,2688,2816,4128,2208,9235,1495,0,0,0,0,100,54,37,36,35,46,52,54,0,0,74,0,0,0,0,0,0,14780,1130,1013,0,935,77,346,346,100,3,1,0,999,999,40,0,25,0,0,0,0,0,0,0,0,0,0,100,2688,2816,100,0,0,0,0,0,0,0,0,0,0,0,0,0,0,0,0,0,0,0,0,160,795,795,1,1,23,16,50,1,7434,795,2201,2043,0,0,0,16087,0,16523,0,0,2,1,11,3,6,182,0,244,15,272,53,1,695,8013,1
1238124,2426,1029,80,47,9999,0,0,321,0,0,0,4129,1325,0,0,62,0,3,3,1651,545,2000,1,0,4,69,72,40671,13559,507,616,107,64,367,0,1,8,73,3,3,0,10,0,0,0,0,0,2688,2816,2688,2816,4128,2208,9129,1494,0,0,0,0,100,59,44,41,45,59,59,55,0,0,77,0,0,0,0,0,0,14780,1130,1013,0,935,77,346,346,100,3,1,0,999,999,40,0,25,0,0,0,0,0,0,0,0,0,0,100,2688,2816,100,0,0,0,0,0,0,0,0,0,0,0,0,0,0,0,0,0,0,0,0,160,795,795,1,1,23,16,50,1,7400,795,2201,2043,0,0,0,18084,0,18430,0,0,0,0,11,3,6,179,0,238,15,272,0,0,692,8013,0
1239164,2387,1025,80,47,9999,0,0,520,0,0,0,4115,2139,0,0,62,0,2,3,1651,545,2000,1,0,4,72,72,36534,13559,346,601,94,66,347,0,0,3,73,3,3,0,10,0,0,0,0,0,2688,2816,2688,2816,4128,2208,9908,1573,0,0,0,0,100,52,38,37,36,48,49,52,0,0,79,0,0,0,0,0,0,14779,1128,1006,0,933,73,345,345,100,2,1,0,999,999,40,0,25,0,0,0,0,0,0,0,0,0,0,100,2688,2816,100,0,0,0,0,0,0,0,0,0,0,0,0,0,0,0,0,0,0,0,0,160,795,795,1,1,23,18,50,1,7433,795,2201,2045,0,0,0,15989,0,16407,0,0,0,1,11,3,6,179,0,239,15,272,17,1,692,8013,0
1240125,2387,1025,80,47,9999,0,0,317,0,0,0,4115,1304,0,0,62,0,2,3,1651,545,2000,1,0,4,73,72,36068,13580,276,604,108,65,374,0,0,2,73,3,3,0,10,0,0,0,0,0,2688,2816,2688,2816,4128,2208,9232,1585,0,0,0,0,100,58,44,41,45,52,48,58,0,0,80,0,0,0,0,0,0,14779,1128,1006,0,933,73,345,345,100,1,1,0,999,999,40,0,25,0,0,0,0,0,0,0,0,0,0,100,2688,2816,100,0,0,0,0,0,0,0,0,0,0,0,0,0,0,0,0,0,0,0,0,160,794,794,1,1,21,20,50,1,7402,794,2199,2047,0,0,0,10241,0,10485,0,0,0,0,11,3,6,178,0,238,15,272,0,0,692,8013,0
1241125,2387,1025,80,47,9999,0,0,342,0,0,0,4115,1407,0,0,62,0,2,3,1651,545,2000,1,0,4,72,72,36773,13560,271,578,109,64,384,0,0,3,73,3,3,0,10,0,0,0,0,0,2688,2816,2688,2816,4128,2208,9209,1569,0,0,0,0,100,55,43,39,40,50,55,50,0,0,80,0,0,0,0,0,0,14779,1128,1006,0,933,73,345,345,100,1,1,0,999,999,40,0,25,0,0,0,0,0,0,0,0,0,0,100,2688,2816,100,0,0,0,0,0,0,0,0,0,0,0,0,0,0,0,0,0,0,0,0,160,794,794,1,1,21,19,50,1,7399,794,2198,2045,0,0,0,17360,0,17694,0,0,0,0,11,3,6,175,0,239,15,272,0,0,693,8013,0
1242126,2387,1025,80,47,9999,0,0,350,0,0,0,4115,1440,0,0,62,0,2,3,1651,545,2000,1,0,4,73,72,37223,13793,335,793,174,65,359,0,0,3,73,3,3,0,10,0,0,0,0,0,2688,2816,2688,2816,4128,2208,9921,1592,0,0,0,0,100,53,40,38,36,51,53,49,0,0,80,0,0,0,0,0,0,14779,1128,1006,0,933,73,345,345,100,2,1,0,999,999,40,0,25,0,0,0,0,0,0,0,0,0,0,100,2688,2816,100,0,0,0,0,0,0,0,0,0,0,0,0,0,0,0,0,0,0,0,0,160,794,794,1,1,23,17,50,1,7436,794,2200,2043,0,0,0,12670,0,13046,0,0,0,0,11,3,6,170,0,239,15,272,0,0,693,8013,0
1243125,2387,1025,80,47,9999,0,0,718,0,0,0,4115,2954,0,0,62,0,3,3,1651,545,2000,1,0,4,72,72,36496,13758,291,697,108,65,348,0,0,3,72,3,3,0,10,0,0,0,0,0,2688,2816,2688,2816,4128,2208,9240,1576,0,0,0,0,100,53,41,37,41,45,53,38,0,0,80,0,0,0,0,0,0,14779,1128,1006,0,933,73,345,345,100,2,1,0,999,999,40,0,25,0,0,0,0,0,0,0,0,0,0,100,2688,2816,100,0,0,0,0,0,0,0,0,0,0,0,0,0,0,0,0,0,0,0,0,160,794,794,1,1,23,15,50,1,7429,794,2201,2042,0,0,0,14606,0,14890,0,0,0,0,11,3,6,179,0,238,15,272,0,0,692,8013,0
1244125,2387,1025,80,47,9999,0,0,633,0,0,0,4115,2604,0,0,62,0,2,3,1382,492,2000,1,0,4,72,72,34562,13627,285,653,121,66,381,0,0,0,73,3,3,0,10,0,0,0,0,0,2688,2816,2688,2816,4128,2208,8661,1613,0,0,0,0,100,50,39,39,42,44,50,48,0,0,80,0,0,0,0,0,0,14779,1128,1006,0,933,73,345,345,100,0,0,0,999,999,40,0,25,0,0,0,0,0,0,0,0,0,0,100,2688,2816,100,0,0,0,0,0,0,0,0,0,0,0,0,0,0,0,0,0,0,0,0,160,794,794,1,1,23,19,50,1,7462,794,2200,2045,0,0,0,13448,0,13833,0,0,0,0,11,3,6,175,0,239,15,272,0,0,693,8013,0
1245125,2387,1025,80,47,9999,0,0,306,0,0,0,4115,1259,0,0,62,0,3,4,1382,492,2000,1,0,4,72,72,36995,13713,371,629,138,65,407,0,0,2,72,3,3,0,10,0,0,0,0,0,2688,2816,2688,2816,4128,2208,8378,1498,0,0,0,0,100,63,54,52,57,63,53,52,0,0,77,0,0,0,0,0,0,14779,1128,1006,0,933,73,345,345,100,1,1,0,999,999,40,0,25,0,0,0,0,0,0,0,0,0,0,100,2688,2816,100,0,0,0,0,0,0,0,0,0,0,0,0,0,0,0,0,0,0,0,0,160,795,795,1,1,23,19,50,1,7403,795,2200,2045,0,0,0,18535,0,18999,0,0,0,0,11,3,6,183,0,239,15,272,0,0,692,8013,0
1246125,2387,1025,80,47,9999,0,0,537,0,0,0,4115,2209,0,0,62,0,2,3,1382,492,2000,1,0,4,72,72,35228,13787,314,784,110,66,408,0,0,3,73,3,3,0,10,0,0,0,0,0,2688,2816,2688,2816,4128,2208,9102,1573,0,0,0,0,100,49,38,36,29,40,45,49,0,0,76,0,0,0,0,0,0,14779,1128,1006,0,933,73,345,345,100,2,1,0,999,999,40,0,25,0,0,0,0,0,0,0,0,0,0,100,2688,2816,100,0,0,0,0,0,0,0,0,0,0,0,0,0,0,0,0,0,0,0,0,160,795,795,1,1,23,17,50,1,7433,795,2201,2044,0,0,0,13619,0,14167,0,0,0,0,11,3,6,183,0,239,15,272,0,0,692,8013,0
1247125,2387,1025,80,47,9999,0,0,576,0,0,0,4115,2370,0,0,62,0,3,3,1382,492,2000,1,0,4,73,72,36787,13727,332,791,117,65,389,0,0,2,73,3,3,0,10,0,0,0,0,0,2688,2816,2688,2816,4128,2208,9088,1583,0,0,0,0,100,55,40,36,43,54,51,55,0,0,78,0,0,0,0,0,0,14779,1128,1006,0,933,73,345,345,100,1,1,0,999,999,40,0,25,0,0,0,0,0,0,0,0,0,0,100,2688,2816,100,0,0,0,0,0,0,0,0,0,0,0,0,0,0,0,0,0,0,0,0,160,795,795,1,1,23,16,50,1,7387,795,2201,2043,0,0,0,16442,0,16783,0,0,0,1,11,3,6,179,0,239,15,272,17,1,694,8013,0
1248125,2387,1025,80,47,9999,0,0,481,0,0,0,4115,1979,0,0,62,0,4,3,1382,492,2000,1,0,4,72,72,36457,13892,364,792,198,66,401,0,0,2,73,3,3,0,10,0,0,0,0,0,2688,2816,2688,2816,4128,2208,9274,1592,0,0,0,0,100,53,46,43,43,49,48,53,0,0,79,0,0,0,0,0,0,14779,1128,1006,0,933,73,345,345,100,2,1,0,999,999,40,0,25,0,0,0,0,0,0,0,0,0,0,100,2688,2816,100,0,0,0,0,0,0,0,0,0,0,0,0,0,0,0,0,0,0,0,0,160,795,795,1,1,23,16,50,1,7387,795,2200,2042,0,0,0,13357,0,13572,0,0,1,6,11,3,6,177,0,238,15,272,28,6,690,8013,0
1249125,2387,1025,80,47,9999,0,0,313,0,0,0,4127,1291,0,0,62,0,3,3,1382,492,2000,1,0,4,71,72,34779,13864,316,783,174,66,378,0,0,2,72,3,3,0,10,0,0,0,0,0,2688,2816,2688,2816,4128,2208,7646,1505,0,0,0,0,100,40,34,33,31,40,40,39,0,0,75,0,0,0,0,0,0,14779,1128,1006,0,933,73,345,345,100,2,1,0,999,999,40,0,25,0,0,0,0,0,0,0,0,0,0,100,2688,2816,100,0,0,0,0,0,0,0,0,0,0,0,0,0,0,0,0,0,0,0,0,160,795,795,1,1,23,19,50,1,7427,795,2201,2046,0,0,0,16750,0,17094,0,0,1,6,11,3,6,191,0,239,15,272,28,6,693,8013,0
1250126,2387,1025,80,47,9999,0,0,324,0,0,0,4127,1337,0,0,62,0,2,2,1382,492,2000,1,0,4,72,72,33395,13648,346,683,120,64,384,0,0,1,72,3,3,0,10,0,0,0,0,0,2688,2816,2688,2816,4128,2208,8126,1523,0,0,0,0,100,47,46,39,45,47,41,45,0,0,71,0,0,0,0,0,0,14779,1128,1006,0,933,73,345,345,100,1,1,0,999,999,40,0,25,0,0,0,0,0,0,0,0,0,0,100,2688,2816,100,0,0,0,0,0,0,0,0,0,0,0,0,0,0,0,0,0,0,0,0,160,795,795,1,1,21,15,50,1,7395,795,2199,2042,0,0,0,11689,0,12114,0,0,0,3,11,3,6,198,0,240,15,272,14,3,694,8013,0
1251125,2387,1025,80,47,9999,0,0,490,0,0,0,4127,2022,0,0,62,0,2,2,1382,492,2000,1,0,4,72,72,35461,13656,347,608,115,63,425,0,0,4,73,3,3,0,10,0,0,0,0,0,2688,2816,2688,2816,4128,2208,8351,1621,0,0,0,0,100,57,42,40,38,51,57,51,0,0,73,0,0,0,0,0,0,14779,1128,1006,0,933,73,345,345,100,1,1,0,999,999,40,0,25,0,0,0,0,0,0,0,0,0,0,100,2688,2816,100,0,0,0,0,0,0,0,0,0,0,0,0,0,0,0,0,0,0,0,0,160,795,795,1,1,21,21,50,1,7426,795,2198,2047,0,0,0,18242,0,18588,0,0,0,0,11,3,6,198,0,240,15,272,0,0,694,8013,0
1252125,2387,1025,80,47,9999,0,0,547,0,0,0,4127,2257,0,0,62,0,3,2,1382,492,2000,1,0,4,73,72,36132,13681,304,576,112,65,404,0,0,2,72,3,3,0,10,0,0,0,0,0,2688,2816,2688,2816,4128,2208,8395,1621,0,0,0,0,100,54,43,41,46,50,50,54,0,0,74,0,0,0,0,0,0,14779,1128,1006,0,933,73,345,345,100,0,1,0,999,999,40,0,25,0,0,0,0,0,0,0,0,0,0,100,2688,2816,100,0,0,0,0,0,0,0,0,0,0,0,0,0,0,0,0,0,0,0,0,160,797,797,1,1,23,17,50,1,7401,797,2200,2043,0,0,0,8709,0,8972,0,0,0,0,11,3,6,198,0,239,15,272,0,0,694,8013,0
1253126,2387,1025,80,47,9999,0,0,300,0,0,0,4127,1238,0,0,62,0,3,2,1382,492,2000,1,0,4,72,72,34286,13643,327,645,120,65,418,0,0,0,73,3,3,0,10,0,0,0,0,0,2688,2816,2688,2816,4128,2208,9506,1656,0,0,0,0,100,55,45,39,38,45,55,41,0,0,77,0,0,0,0,0,0,14779,1128,1006,0,933,73,345,345,100,2,0,0,999,999,40,0,25,0,0,0,0,0,0,0,0,0,0,100,2688,2816,100,0,0,0,0,0,0,0,0,0,0,0,0,0,0,0,0,0,0,0,0,160,797,797,1,1,23,22,50,1,7436,797,2201,2049,0,0,0,13964,0,14786,0,0,0,0,11,3,6,168,0,125,15,272,0,0,356,8013,0
1254125,2387,1025,80,47,9999,0,0,279,0,0,0,4127,1151,0,0,62,0,4,3,1651,492,2000,1,0,4,71,72,35781,13751,357,663,131,65,408,0,0,3,73,3,3,0,10,0,0,0,0,0,2688,2816,2688,2816,4128,2208,6503,1456,0,0,0,0,100,53,43,41,43,53,52,48,0,0,69,0,0,0,0,0,0,14779,1128,1006,0,933,73,345,345,100,2,1,0,999,999,40,0,25,0,0,0,0,0,0,0,0,0,0,100,2688,2816,100,0,0,0,0,0,0,0,0,0,0,0,0,0,0,0,0,0,0,0,0,160,797,797,1,1,32,17,50,1,7405,797,2210,2044,0,0,0,10786,0,11124,0,0,2,6,11,3,6,170,0,125,15,272,57,6,356,8013,0
1255126,2387,1025,80,47,9999,0,0,0,0,0,0,4127,0,0,0,62,0,3,4,1651,492,2000,1,0,4,73,72,31757,13766,329,773,112,64,375,0,0,1,72,3,3,0,10,0,0,0,0,0,2688,2816,2688,2816,4128,2208,5949,1334,0,0,0,0,100,41,39,31,31,38,41,39,0,0,59,0,0,0,0,0,0,14779,1128,1006,0,933,73,345,345,100,1,1,0,999,999,40,0,25,0,0,0,0,0,0,0,0,0,0,100,2688,2816,100,0,0,0,0,0,0,0,0,0,0,0,0,0,0,0,0,0,0,0,0,160,797,797,1,1,32,18,50,1,7407,797,2209,2043,0,0,0,14198,0,14495,0,0,0,0,11,3,6,144,0,124,15,272,0,0,354,8013,0
1256126,2387,1025,80,47,9999,0,0,113,0,0,0,4127,466,0,0,62,0,2,3,1651,492,2000,1,0,4,72,72,30912,13546,301,766,163,63,372,0,0,2,73,3,3,0,10,0,0,0,0,0,2688,2816,2688,2816,4128,2208,6334,1473,0,0,0,0,100,39,35,33,32,31,31,39,0,0,57,0,0,0,0,0,0,14779,1128,1006,0,933,73,345,345,100,2,1,0,999,999,40,0,25,0,0,0,0,0,0,0,0,0,0,100,2688,2816,100,0,0,0,0,0,0,0,0,0,0,0,0,0,0,0,0,0,0,0,0,160,798,798,1,1,32,16,50,1,7443,798,2209,2042,0,0,0,13715,0,14099,0,0,1,1,11,3,6,143,0,124,15,272,33,1,354,8013,0
1257126,2387,1025,80,47,9999,0,0,194,0,0,0,4127,800,0,0,62,0,2,2,1651,492,2000,1,0,4,73,72,30106,13538,303,677,147,64,399,0,0,1,73,3,3,0,10,0,0,0,0,0,2688,2816,2688,2816,4128,2208,6894,1575,0,0,0,0,100,48,37,36,42,48,45,41,0,0,60,0,0,0,0,0,0,14779,1128,1006,0,933,73,345,345,100,1,1,0,999,999,40,0,25,0,0,0,0,0,0,0,0,0,0,100,2688,2816,100,0,0,0,0,0,0,0,0,0,0,0,0,0,0,0,0,0,0,0,0,160,798,798,1,1,32,17,50,1,7410,798,2209,2042,0,0,0,14664,0,14924,0,0,1,3,11,3,6,155,0,125,15,272,30,3,354,8013,0
1258126,2387,1025,80,47,9999,0,0,195,0,0,0,4127,804,0,0,62,0,2,2,1651,492,2000,1,0,4,73,72,31784,13810,475,768,193,65,419,0,0,1,73,3,3,0,10,0,0,0,0,0,2688,2816,2688,2816,4128,2208,6875,1580,0,0,0,0,100,52,43,41,43,45,52,46,0,0,63,0,0,0,0,0,0,14779,1128,1006,0,933,73,345,345,100,1,1,0,999,999,40,0,25,0,0,0,0,0,0,0,0,0,0,100,2688,2816,100,0,0,0,0,0,0,0,0,0,0,0,0,0,0,0,0,0,0,0,0,160,798,798,1,1,32,18,50,1,7442,798,2210,2045,0,0,0,10580,0,10976,0,0,0,3,11,3,6,155,0,125,15,272,19,3,354,8013,0
1259167,2414,1032,80,47,9999,0,0,102,0,0,0,4141,422,0,0,62,0,3,2,1651,492,2000,1,0,4,72,72,33548,13825,364,784,121,65,407,0,0,6,72,3,3,0,10,0,0,0,0,0,2688,2816,2688,2816,4128,2208,7107,1575,0,0,0,0,100,52,39,34,39,48,52,43,0,0,64,0,0,0,0,0,0,14874,1133,1015,0,938,77,346,346,100,2,1,0,999,999,40,0,25,0,0,0,0,0,0,0,0,0,0,100,2688,2816,100,0,0,0,0,0,0,0,0,0,0,0,0,0,0,0,0,0,0,0,0,160,798,798,1,1,24,19,50,1,7410,798,2201,2044,0,0,0,17366,0,17755,0,0,0,3,11,3,6,163,0,124,15,272,19,3,352,8013,0
1260127,2414,1032,80,47,9999,0,0,232,0,0,0,4141,960,0,0,62,0,2,2,1651,492,2000,1,0,4,73,72,32192,13781,349,754,113,65,418,0,0,1,73,3,3,0,10,0,0,0,0,0,2688,2816,2688,2816,4128,2208,7211,1595,0,0,0,0,100,52,40,43,41,52,48,50,0,0,65,0,0,0,0,0,0,14874,1133,1015,0,938,77,346,346,100,1,1,0,999,999,40,0,25,0,0,0,0,0,0,0,0,0,0,100,2688,2816,100,0,0,0,0,0,0,0,0,0,0,0,0,0,0,0,0,0,0,0,0,160,798,798,1,1,24,18,50,1,7445,798,2202,2045,0,0,0,13941,0,14249,0,0,0,2,11,3,6,180,0,128,15,272,9,2,360,8013,0
1261127,2414,1032,80,47,9999,0,0,134,0,0,0,4141,554,0,0,62,0,2,2,1651,492,2000,1,0,4,73,72,34533,13765,295,693,125,64,409,0,0,3,73,3,3,0,10,0,0,0,0,0,2688,2816,2688,2816,4128,2208,7216,1666,0,0,0,0,100,52,40,43,41,52,48,50,0,0,65,0,0,0,0,0,0,14874,1133,1015,0,938,77,346,346,100,1,1,0,999,999,40,0,25,0,0,0,0,0,0,0,0,0,0,100,2688,2816,100,0,0,0,0,0,0,0,0,0,0,0,0,0,0,0,0,0,0,0,0,160,799,799,1,1,32,18,50,1,7412,799,2210,2045,0,0,0,8769,0,9054,0,0,0,1,11,3,6,177,0,134,15,272,9,1,364,8013,1
1262127,2414,1032,80,47,9999,0,0,273,0,0,0,4141,1130,0,0,62,0,2,2,1651,492,2000,1,0,4,71,72,34639,13814,384,738,166,65,406,0,0,5,72,3,3,0,10,0,0,0,0,0,2688,2816,2688,2816,4128,2208,8447,1633,0,0,0,0,100,53,42,41,46,48,53,52,0,0,66,0,0,0,0,0,0,14874,1133,1015,0,938,77,346,346,100,1,1,0,999,999,40,0,25,0,0,0,0,0,0,0,0,0,0,100,2688,2816,100,0,0,0,0,0,0,0,0,0,0,0,0,0,0,0,0,0,0,0,0,160,799,799,1,1,32,19,50,1,7412,799,2210,2045,0,0,0,13227,0,13794,0,0,0,0,11,3,6,188,0,245,15,272,0,0,697,8013,1
1263127,2414,1032,80,47,9999,0,0,463,0,0,0,4141,1917,0,0,62,0,2,2,1651,492,2000,1,0,4,72,72,38758,14066,233,835,299,65,364,0,0,4,73,3,3,0,10,0,0,0,0,0,2688,2816,2688,2816,4128,2208,8895,1626,0,0,0,0,100,52,38,34,31,49,52,46,0,0,74,0,0,0,0,0,0,14874,1133,1015,0,938,77,346,346,100,2,2,0,999,999,40,0,25,0,0,0,0,0,0,0,0,0,0,100,2688,2816,100,0,0,0,0,0,0,0,0,0,0,0,0,0,0,0,0,0,0,0,0,160,799,799,1,1,32,18,50,1,7446,799,2209,2044,0,0,0,16115,0,16511,0,0,0,0,11,3,6,184,0,245,15,272,0,0,698,8013,1
1264128,2414,1032,80,47,9999,0,0,342,0,0,0,4141,1416,0,0,62,0,2,2,1382,456,2000,1,0,4,73,72,37500,13877,314,790,217,65,378,0,0,1,73,3,3,0,10,0,0,0,0,0,2688,2816,2688,2816,4128,2208,9049,1642,0,0,0,0,100,55,39,37,41,52,55,54,0,0,78,0,0,0,0,0,0,14874,1133,1015,0,938,77,346,346,100,1,1,0,999,999,40,0,25,0,0,0,0,0,0,0,0,0,0,100,2688,2816,100,0,0,0,0,0,0,0,0,0,0,0,0,0,0,0,0,0,0,0,0,160,799,799,1,1,32,19,50,1,7412,799,2210,2045,0,0,0,9183,0,9448,0,0,0,0,11,3,6,181,0,245,15,272,0,0,698,8013,1
1265127,2414,1032,80,47,9999,0,0,826,0,0,0,4141,3420,0,0,62,0,2,2,1382,456,2000,1,0,4,73,72,37263,13881,375,769,167,66,387,0,0,1,72,3,3,0,10,0,0,0,0,0,2688,2816,2688,2816,4128,2208,8759,1646,0,0,0,0,100,56,40,30,39,56,53,45,0,0,78,0,0,0,0,0,0,14874,1133,1015,0,938,77,346,346,100,1,1,0,999,999,40,0,25,0,0,0,0,0,0,0,0,0,0,100,2688,2816,100,0,0,0,0,0,0,0,0,0,0,0,0,0,0,0,0,0,0,0,0,160,799,799,1,1,32,19,50,1,7476,799,2210,2045,0,0,0,9367,0,9720,0,0,1,6,11,3,6,177,0,252,15,272,28,6,702,8013,2
1266127,2414,1032,80,47,9999,0,0,481,0,0,0,4141,1991,0,0,62,0,3,2,1382,456,2000,1,0,4,73,72,37511,13925,375,728,150,66,398,0,0,1,73,3,3,0,10,0,0,0,0,0,2688,2816,2688,2816,4128,2208,9303,1675,0,0,0,0,100,50,36,35,34,45,50,48,0,0,80,0,0,0,0,0,0,14874,1133,1015,0,938,77,346,346,100,1,1,0,999,999,40,0,25,0,0,0,0,0,0,0,0,0,0,100,2688,2816,100,0,0,0,0,0,0,0,0,0,0,0,0,0,0,0,0,0,0,0,0,160,799,799,1,1,23,18,50,1,7414,799,2202,2045,0,0,0,17635,0,18059,0,0,0,0,11,3,6,192,0,251,15,272,0,0,702,8013,2
1267127,2414,1032,80,47,9999,0,0,521,0,0,0,4141,2157,0,0,62,0,2,3,1382,456,2000,1,0,4,73,72,36953,13840,300,707,142,64,396,0,0,4,73,3,3,0,10,0,0,0,0,0,2688,2816,2688,2816,4128,2208,8997,1542,0,0,0,0,100,62,53,56,57,62,52,60,0,0,79,0,0,0,0,0,0,14874,1133,1015,0,938,77,346,346,100,2,1,0,999,999,40,0,25,0,0,0,0,0,0,0,0,0,0,100,2688,2816,100,0,0,0,0,0,0,0,0,0,0,0,0,0,0,0,0,0,0,0,0,160,799,799,1,1,23,20,50,1,7418,799,2202,2046,0,0,0,16726,0,17114,0,0,0,0,11,3,6,180,0,237,15,272,0,0,690,8013,0
1268128,2414,1032,80,47,9999,0,0,272,0,0,0,4141,1126,0,0,62,0,2,2,1382,456,2000,1,0,4,72,72,36128,13834,377,805,211,65,386,0,0,2,72,3,3,0,10,0,0,0,0,0,2688,2816,2688,2816,4128,2208,7996,1671,0,0,0,0,100,48,38,37,35,37,45,48,0,0,77,0,0,0,0,0,0,14874,1133,1015,0,938,77,346,346,100,1,1,0,999,999,40,0,25,0,0,0,0,0,0,0,0,0,0,100,2688,2816,100,0,0,0,0,0,0,0,0,0,0,0,0,0,0,0,0,0,0,0,0,160,799,799,1,1,23,19,50,1,7421,799,2202,2045,0,0,0,10911,0,11141,0,0,0,4,11,3,6,181,0,238,15,272,18,4,692,8013,0
1269132,2414,1032,80,47,9999,0,0,399,0,0,0,4124,1645,0,0,62,0,2,2,1382,456,2000,1,0,4,73,72,36379,13846,624,648,185,65,373,0,0,0,73,3,3,0,10,0,0,0,0,0,2688,2816,2688,2816,4128,2208,8642,1654,0,0,0,0,100,64,45,45,48,64,56,56,0,0,77,0,0,0,0,0,0,14874,1133,1015,0,938,77,346,346,100,0,0,0,999,999,40,0,25,0,0,0,0,0,0,0,0,0,0,100,2688,2816,100,0,0,0,0,0,0,0,0,0,0,0,0,0,0,0,0,0,0,0,0,160,799,799,1,1,23,18,50,1,7414,799,2201,2045,0,0,0,8420,0,8683,0,0,0,0,11,3,6,189,0,239,15,272,0,0,693,8013,0
1270127,2414,1032,80,47,9999,0,0,247,0,0,0,4124,1018,0,0,62,0,2,2,1382,456,2000,1,0,4,73,72,36574,13853,280,757,144,65,391,0,0,2,73,3,3,0,10,0,0,0,0,0,2688,2816,2688,2816,4128,2208,8846,1673,0,0,0,0,100,50,41,42,42,50,47,48,0,0,78,0,0,0,0,0,0,14874,1133,1015,0,938,77,346,346,100,1,1,0,999,999,40,0,25,0,0,0,0,0,0,0,0,0,0,100,2688,2816,100,0,0,0,0,0,0,0,0,0,0,0,0,0,0,0,0,0,0,0,0,160,799,799,1,1,23,20,50,1,7447,799,2201,2046,0,0,0,13268,0,13866,0,0,0,0,11,3,6,189,0,239,15,272,0,0,693,8013,0
1271128,2414,1032,80,47,9999,0,0,262,0,0,0,4124,1080,0,0,62,0,2,2,1382,456,2000,1,0,4,71,72,36300,13675,291,696,108,65,393,0,0,1,72,3,3,0,10,0,0,0,0,0,2688,2816,2688,2816,4128,2208,8095,1677,0,0,0,0,100,50,40,35,36,41,47,50,0,0,76,0,0,0,0,0,0,14874,1133,1015,0,938,77,346,346,100,1,1,0,999,999,40,0,25,0,0,0,0,0,0,0,0,0,0,100,2688,2816,100,0,0,0,0,0,0,0,0,0,0,0,0,0,0,0,0,0,0,0,0,160,799,799,1,1,23,19,50,1,7414,799,2201,2046,0,0,0,16984,0,17325,0,0,0,0,11,3,6,192,0,239,15,272,0,0,693,8013,0
1272128,2414,1032,80,47,9999,0,0,394,0,0,0,4124,1624,0,0,62,0,2,2,1382,456,2000,1,0,4,73,72,35560,13850,375,744,272,64,409,0,0,3,72,3,3,0,10,0,0,0,0,0,2688,2816,2688,2816,4128,2208,8823,1685,0,0,0,0,100,53,38,43,45,53,53,48,0,0,77,0,0,0,0,0,0,14874,1133,1015,0,938,77,346,346,100,2,1,0,999,999,40,0,25,0,0,0,0,0,0,0,0,0,0,100,2688,2816,100,0,0,0,0,0,0,0,0,0,0,0,0,0,0,0,0,0,0,0,0,160,799,799,1,1,23,19,50,1,7447,799,2201,2046,0,0,0,7974,0,8201,0,0,0,0,11,3,6,190,0,239,15,272,0,0,693,8013,0
1273128,2414,1032,80,47,9999,0,0,290,0,0,0,4124,1195,0,0,62,0,2,2,1382,456,2000,1,0,4,72,72,35864,14057,322,840,277,66,411,0,0,0,72,3,3,0,10,0,0,0,0,0,2688,2816,2688,2816,4128,2208,9319,1676,0,0,0,0,100,58,51,48,50,51,51,58,0,0,77,0,0,0,0,0,0,14874,1133,1015,0,938,77,346,346,100,0,0,0,999,999,40,0,25,0,0,0,0,0,0,0,0,0,0,100,2688,2816,100,0,0,0,0,0,0,0,0,0,0,0,0,0,0,0,0,0,0,0,0,160,799,799,1,1,32,20,50,1,7415,799,2210,2046,0,0,0,9586,0,9836,0,0,0,0,11,3,6,190,0,239,15,272,0,0,693,8013,0
1274132,2414,1032,80,47,9999,0,0,484,0,0,0,4124,1996,0,0,62,0,2,2,1382,456,2000,1,0,4,71,72,35863,13853,398,761,153,65,396,0,0,3,73,3,3,0,10,0,0,0,0,0,2688,2816,2688,2816,4128,2208,8077,1679,0,0,0,0,100,53,42,40,42,51,53,48,0,0,77,0,0,0,0,0,0,14874,1133,1015,0,938,77,346,346,100,2,1,0,999,999,40,0,25,0,0,0,0,0,0,0,0,0,0,100,2688,2816,100,0,0,0,0,0,0,0,0,0,0,0,0,0,0,0,0,0,0,0,0,160,797,797,1,1,32,18,50,1,7414,797,2210,2045,0,0,0,9924,0,10336,0,0,0,0,11,3,6,190,0,239,15,272,0,0,693,8013,0
1275130,2414,1032,80,47,9999,0,0,362,0,0,0,4124,1492,0,0,62,0,2,2,1382,456,2000,1,0,4,73,72,35203,13930,342,731,150,65,369,0,0,0,73,3,3,0,10,0,0,0,0,0,2688,2816,2688,2816,4128,2208,8703,1680,0,0,0,0,100,50,33,36,34,49,50,45,0,0,77,0,0,0,0,0,0,14874,1133,1015,0,938,77,346,346,100,0,0,0,999,999,40,0,25,0,0,0,0,0,0,0,0,0,0,100,2688,2816,100,0,0,0,0,0,0,0,0,0,0,0,0,0,0,0,0,0,0,0,0,160,797,797,1,1,23,20,50,1,7447,797,2202,2046,0,0,0,14353,0,14606,0,0,0,0,11,3,6,192,0,239,15,272,0,0,693,8013,0
1276129,2414,1032,80,47,9999,0,0,248,0,0,0,4124,1022,0,0,62,0,2,2,1382,456,2000,1,0,4,72,72,36711,14003,351,776,295,65,380,0,0,2,73,3,3,0,10,0,0,0,0,0,2688,2816,2688,2816,4128,2208,8709,1676,0,0,0,0,100,60,44,39,44,57,60,53,0,0,77,0,0,0,0,0,0,14874,1133,1015,0,938,77,346,346,100,1,1,0,999,999,40,0,25,0,0,0,0,0,0,0,0,0,0,100,2688,2816,100,0,0,0,0,0,0,0,0,0,0,0,0,0,0,0,0,0,0,0,0,160,797,797,1,1,23,22,50,1,7412,797,2202,2049,0,0,0,8877,0,9123,0,0,0,0,11,3,6,192,0,239,15,272,0,0,693,8013,0
1277130,2414,1032,80,47,9999,0,0,376,0,0,0,4124,1550,0,0,62,0,2,2,1382,456,2000,1,0,4,73,72,36455,13993,320,803,259,66,357,0,0,2,72,3,3,0,10,0,0,0,0,0,2688,2816,2688,2816,4128,2208,9361,1678,0,0,0,0,100,51,39,40,36,45,47,51,0,0,77,0,0,0,0,0,0,14874,1133,1015,0,938,77,346,346,100,1,1,0,999,999,40,0,25,0,0,0,0,0,0,0,0,0,0,100,2688,2816,100,0,0,0,0,0,0,0,0,0,0,0,0,0,0,0,0,0,0,0,0,160,797,797,1,1,23,21,50,1,7447,797,2202,2048,0,0,0,13101,0,13762,0,0,1,6,11,3,6,192,0,239,15,272,28,6,693,8013,0
1278131,2414,1032,80,47,9999,0,0,236,0,0,0,4124,973,0,0,62,0,3,3,1382,456,2000,1,0,4,72,72,37668,13942,495,701,211,65,384,0,2,7,72,3,3,0,10,0,0,0,0,0,2688,2816,2688,2816,4128,2208,8077,1565,0,0,0,0,100,55,36,36,32,37,41,55,0,0,74,0,0,0,0,0,0,14874,1133,1015,0,938,77,346,346,100,3,1,0,999,999,40,0,25,0,0,0,0,0,0,0,0,0,0,100,2688,2816,100,0,0,0,0,0,0,0,0,0,0,0,0,0,0,0,0,0,0,0,0,160,797,797,1,1,23,22,50,1,7413,797,2202,2049,0,0,0,16902,0,17362,0,0,0,0,11,3,6,192,0,239,15,272,0,0,693,8013,0
1279172,2380,1028,80,47,9999,0,0,491,0,0,0,4118,2021,0,0,62,0,2,2,1382,456,2000,1,0,4,72,72,35445,13814,315,822,183,64,394,0,2,1,73,3,3,0,10,0,0,0,0,0,2688,2816,2688,2816,4128,2208,8583,1670,0,0,0,0,100,62,48,49,54,62,55,55,0,0,74,0,0,0,0,0,0,14874,1131,1010,0,936,73,346,346,100,1,1,0,999,999,40,0,25,0,0,0,0,0,0,0,0,0,0,100,2688,2816,100,0,0,0,0,0,0,0,0,0,0,0,0,0,0,0,0,0,0,0,0,160,797,797,1,1,23,20,50,1,7446,797,2202,2047,0,0,0,8931,0,9211,0,0,0,2,11,3,6,192,0,239,15,272,9,2,693,8013,0
1280131,2380,1028,80,47,9999,0,0,271,0,0,0,4118,1115,0,0,62,0,3,2,1382,456,2000,1,0,4,72,72,34692,13750,366,664,126,65,392,0,0,1,72,3,3,0,10,0,0,0,0,0,2688,2816,2688,2816,4128,2208,8714,1663,0,0,0,0,100,49,38,36,39,40,49,44,0,0,76,0,0,0,0,0,0,14874,1131,1010,0,936,73,346,346,100,0,0,0,999,999,40,0,25,0,0,0,0,0,0,0,0,0,0,100,2688,2816,100,0,0,0,0,0,0,0,0,0,0,0,0,0,0,0,0,0,0,0,0,160,797,797,1,1,23,21,50,1,7414,797,2201,2047,0,0,0,9354,0,9568,0,0,0,2,11,3,6,192,0,239,15,272,9,2,693,8013,0
1281131,2380,1028,80,47,9999,0,0,205,0,0,0,4118,844,0,0,62,0,2,2,1382,456,2000,1,0,4,73,72,34683,13723,336,631,121,66,398,0,0,2,73,3,3,0,10,0,0,0,0,0,2688,2816,2688,2816,4128,2208,8731,1669,0,0,0,0,100,53,40,42,42,53,50,50,0,0,77,0,0,0,0,0,0,14874,1131,1010,0,936,73,346,346,100,1,1,0,999,999,40,0,25,0,0,0,0,0,0,0,0,0,0,100,2688,2816,100,0,0,0,0,0,0,0,0,0,0,0,0,0,0,0,0,0,0,0,0,160,798,798,1,1,32,20,50,1,7413,798,2210,2047,0,0,0,11683,0,11937,0,0,0,0,11,3,6,187,0,238,15,272,0,0,691,8013,0
1282131,2380,1028,80,47,9999,0,0,132,0,0,0,4118,543,0,0,62,0,2,2,1382,456,2000,1,0,4,72,72,35150,13728,299,655,126,64,396,0,0,1,73,3,3,0,10,0,0,0,0,0,2688,2816,2688,2816,4128,2208,8836,1653,0,0,0,0,100,52,39,35,38,46,52,46,0,0,78,0,0,0,0,0,0,14874,1131,1010,0,936,73,346,346,100,1,1,0,999,999,40,0,25,0,0,0,0,0,0,0,0,0,0,100,2688,2816,100,0,0,0,0,0,0,0,0,0,0,0,0,0,0,0,0,0,0,0,0,160,798,798,1,1,24,21,50,1,7446,798,2202,2048,0,0,0,10824,0,11080,0,0,0,0,11,3,6,179,0,238,15,272,0,0,692,8013,0
1283131,2380,1028,80,47,9999,0,0,460,0,0,0,4118,1894,0,0,62,0,2,2,1382,456,2000,1,0,4,72,72,36465,13753,355,675,189,65,404,0,0,2,73,3,3,0,10,0,0,0,0,0,2688,2816,2688,2816,4128,2208,8668,1622,0,0,0,0,100,56,35,35,38,50,56,45,0,0,77,0,0,0,0,0,0,14874,1131,1010,0,936,73,346,346,100,1,1,0,999,999,40,0,25,0,0,0,0,0,0,0,0,0,0,100,2688,2816,100,0,0,0,0,0,0,0,0,0,0,0,0,0,0,0,0,0,0,0,0,160,798,798,1,1,24,21,50,1,7416,798,2201,2047,0,0,0,16671,0,17008,0,0,0,0,11,3,6,181,0,239,15,272,0,0,693,8013,0
1284132,2380,1028,80,47,9999,0,0,530,0,0,0,4118,2182,0,0,62,0,2,5,1382,456,2000,1,0,4,72,72,36666,13851,329,727,145,63,355,0,0,6,73,3,3,0,10,0,0,0,0,0,2688,2816,2688,2816,4128,2208,8318,1338,0,0,0,0,100,49,35,28,38,42,46,49,0,0,76,0,0,0,0,0,0,14874,1131,1010,0,936,73,346,346,100,2,1,0,999,999,40,0,25,0,0,0,0,0,0,0,0,0,0,100,2688,2816,100,0,0,0,0,0,0,0,0,0,0,0,0,0,0,0,0,0,0,0,0,160,798,798,1,1,32,21,50,1,7448,798,2210,2048,0,0,0,11428,0,11688,0,0,1,6,11,3,6,180,0,239,15,272,28,6,692,8013,0
1285132,2380,1028,80,47,9999,0,0,576,0,0,0,4118,2371,0,0,62,0,2,4,1382,456,2000,1,0,4,72,72,34688,13713,297,839,113,65,336,0,0,2,73,3,3,0,10,0,0,0,0,0,2688,2816,2688,2816,4128,2208,7604,1387,0,0,0,0,100,50,41,35,42,46,50,50,0,0,69,0,0,0,0,0,0,14874,1131,1010,0,936,73,346,346,100,2,1,0,999,999,40,0,25,0,0,0,0,0,0,0,0,0,0,100,2688,2816,100,0,0,0,0,0,0,0,0,0,0,0,0,0,0,0,0,0,0,0,0,160,798,798,1,1,32,19,50,1,7417,798,2210,2046,0,0,0,10303,0,10525,0,0,0,0,11,3,6,175,0,237,15,272,0,0,689,8013,0
1286135,2380,1028,80,47,9999,0,0,566,0,0,0,4118,2330,0,0,62,0,2,3,1382,456,2000,1,0,4,72,72,33736,13528,244,725,142,64,360,0,0,1,72,3,3,0,10,0,0,0,0,0,2688,2816,2688,2816,4128,2208,7853,1385,0,0,0,0,100,53,39,35,41,53,52,50,0,0,67,0,0,0,0,0,0,14874,1131,1010,0,936,73,346,346,100,1,1,0,999,999,40,0,25,0,0,0,0,0,0,0,0,0,0,100,2688,2816,100,0,0,0,0,0,0,0,0,0,0,0,0,0,0,0,0,0,0,0,0,160,798,798,1,1,24,20,50,1,7475,798,2202,2047,0,0,0,16936,0,17492,0,0,2,1,11,3,6,183,0,244,15,272,53,1,695,8013,1
1287132,2380,1028,80,47,9999,0,0,470,0,0,0,4118,1935,0,0,62,0,3,4,1382,456,2000,1,0,4,72,72,35830,13632,347,632,117,65,376,0,0,7,72,3,3,0,10,0,0,0,0,0,2688,2816,2688,2816,4128,2208,7558,1408,0,0,0,0,100,51,38,39,39,51,50,45,0,0,71,0,0,0,0,0,0,14874,1131,1010,0,936,73,346,346,100,2,1,0,999,999,40,0,25,0,0,0,0,0,0,0,0,0,0,100,2688,2816,100,0,0,0,0,0,0,0,0,0,0,0,0,0,0,0,0,0,0,0,0,160,798,798,1,1,24,15,50,1,7404,798,2201,2041,0,0,0,12376,0,12616,0,0,2,1,11,3,6,182,0,244,15,272,53,1,695,8013,1
1288134,2380,1028,80,47,9999,0,0,188,0,0,0,4118,774,0,0,62,0,2,3,1382,456,2000,1,0,4,72,72,34213,13661,303,651,110,65,366,0,0,1,72,3,3,0,10,0,0,0,0,0,2688,2816,2688,2816,4128,2208,8320,1487,0,0,0,0,100,57,56,57,56,57,55,50,0,0,70,0,0,0,0,0,0,14874,1131,1010,0,936,73,346,346,100,1,1,0,999,999,40,0,25,0,0,0,0,0,0,0,0,0,0,100,2688,2816,100,0,0,0,0,0,0,0,0,0,0,0,0,0,0,0,0,0,0,0,0,160,799,799,1,1,24,18,50,1,7405,799,2202,2045,0,0,0,12113,0,12648,0,0,2,3,11,3,6,182,0,243,15,272,62,3,694,8013,1
1289132,2380,1028,80,47,9999,0,0,400,0,0,0,4118,1647,0,0,62,0,3,2,1382,456,2000,1,0,4,70,72,35444,13567,336,577,111,64,414,0,0,5,73,3,3,0,10,0,0,0,0,0,2688,2816,2688,2816,4128,2208,9171,1610,0,0,0,0,100,50,46,45,45,49,50,45,0,0,71,0,0,0,0,0,0,14874,1131,1010,0,936,73,346,346,100,1,1,0,999,999,40,0,25,0,0,0,0,0,0,0,0,0,0,100,2688,2816,100,0,0,0,0,0,0,0,0,0,0,0,0,0,0,0,0,0,0,0,0,160,799,799,1,1,24,19,50,1,7440,799,2202,2046,0,0,0,9120,0,9339,0,0,2,1,11,3,6,181,0,243,15,272,53,1,694,8013,1
1290134,2380,1028,80,47,9999,0,0,343,0,0,0,4123,1414,0,0,62,0,4,2,1382,456,2000,1,0,4,72,72,38160,13726,328,681,141,66,399,0,2,4,73,3,3,0,10,0,0,0,0,0,2688,2816,2688,2816,4128,2208,8670,1596,0,0,0,0,100,57,39,40,39,57,53,50,0,0,75,0,0,0,0,0,0,14874,1131,1010,0,936,73,346,346,100,5,1,0,999,999,40,0,25,0,0,0,0,0,0,0,0,0,0,100,2688,2816,100,0,0,0,0,0,0,0,0,0,0,0,0,0,0,0,0,0,0,0,0,160,798,798,1,1,24,19,50,1,7404,798,2202,2046,0,0,0,16846,0,17149,0,0,2,1,11,3,6,181,0,243,15,272,53,1,694,8013,1
1291132,2380,1028,80,47,9999,0,0,240,0,0,0,4131,991,0,0,62,0,3,2,1382,456,2000,1,0,4,72,72,33849,13746,290,694,120,67,468,0,0,1,72,3,3,0,10,0,0,0,0,0,2688,2816,2688,2816,4128,2208,8805,1593,0,0,0,0,100,48,34,38,35,44,48,43,0,0,76,0,0,0,0,0,0,14874,1131,1010,0,936,73,346,346,100,1,1,0,999,999,40,0,25,0,0,0,0,0,0,0,0,0,0,100,2688,2816,100,0,0,0,0,0,0,0,0,0,0,0,0,0,0,0,0,0,0,0,0,160,799,799,1,1,24,19,50,1,7437,799,2202,2046,0,0,0,13045,0,13290,0,0,2,1,11,3,6,181,0,243,15,272,53,1,694,8013,1
1292133,2380,1028,80,47,9999,0,0,336,0,0,0,4131,1388,0,0,62,0,2,2,1382,456,2000,1,0,4,73,72,36603,13630,344,643,122,65,393,0,0,2,73,3,3,0,10,0,0,0,0,0,2688,2816,2688,2816,4128,2208,8709,1594,0,0,0,0,100,48,37,36,33,39,48,44,0,0,76,0,0,0,0,0,0,14874,1131,1010,0,936,73,346,346,100,1,1,0,999,999,40,0,25,0,0,0,0,0,0,0,0,0,0,100,2688,2816,100,0,0,0,0,0,0,0,0,0,0,0,0,0,0,0,0,0,0,0,0,160,799,799,1,1,24,20,50,1,7403,799,2202,2047,0,0,0,16277,0,16640,0,0,0,0,11,3,6,182,0,243,15,272,0,0,694,8013,1
1293133,2380,1028,80,47,9999,0,0,382,0,0,0,4131,1578,0,0,62,0,2,2,1382,456,2000,1,0,4,72,72,37636,13623,277,669,184,65,387,0,0,4,73,3,3,0,10,0,0,0,0,0,2688,2816,2688,2816,4128,2208,8846,1595,0,0,0,0,100,57,38,34,39,55,50,57,0,0,76,0,0,0,0,0,0,14874,1131,1010,0,936,73,346,346,100,1,1,0,999,999,40,0,25,0,0,0,0,0,0,0,0,0,0,100,2688,2816,100,0,0,0,0,0,0,0,0,0,0,0,0,0,0,0,0,0,0,0,0,160,799,799,1,1,24,19,50,1,7439,799,2202,2046,0,0,0,16302,0,16583,0,0,2,1,11,3,6,179,0,243,15,272,53,1,694,8013,1
1294133,2380,1028,80,47,9999,0,0,513,0,0,0,4131,2119,0,0,62,0,3,3,1382,456,2000,1,0,4,72,72,39475,13624,277,606,152,64,412,0,0,6,72,3,3,0,10,0,0,0,0,0,2688,2816,2688,2816,4128,2208,9493,1560,0,0,0,0,100,57,37,41,41,47,57,55,0,0,76,0,0,0,0,0,0,14874,1131,1010,0,936,73,346,346,100,2,1,0,999,999,40,0,25,0,0,0,0,0,0,0,0,0,0,100,2688,2816,100,0,0,0,0,0,0,0,0,0,0,0,0,0,0,0,0,0,0,0,0,160,799,799,1,1,24,18,50,1,7406,799,2202,2045,0,0,0,10344,0,10621,0,0,2,1,11,3,6,179,0,243,15,272,53,1,694,8013,1
1295133,2380,1028,80,47,9999,0,0,393,0,0,0,4131,1623,0,0,62,0,3,3,1382,456,2000,1,0,4,71,72,37077,13631,347,694,127,65,373,0,0,2,73,3,3,0,10,0,0,0,0,0,2688,2816,2688,2816,4128,2208,8104,1496,0,0,0,0,100,58,47,41,46,56,54,58,0,0,72,0,0,0,0,0,0,14874,1131,1010,0,936,73,346,346,100,2,1,0,999,999,40,0,25,0,0,0,0,0,0,0,0,0,0,100,2688,2816,100,0,0,0,0,0,0,0,0,0,0,0,0,0,0,0,0,0,0,0,0,160,799,799,1,1,24,19,50,1,7407,799,2201,2046,0,0,0,14772,0,15091,0,0,2,1,11,3,6,178,0,243,15,272,53,1,694,8013,1
1296133,2380,1028,80,47,9999,0,0,360,0,0,0,4131,1487,0,0,62,0,3,3,1382,456,2000,1,0,4,72,72,36416,13652,341,694,109,64,362,0,1,4,72,3,3,0,10,0,0,0,0,0,2688,2816,2688,2816,4128,2208,8141,1505,0,0,0,0,100,48,35,37,33,41,46,48,0,0,71,0,0,0,0,0,0,14874,1131,1010,0,936,73,346,346,100,1,1,0,999,999,40,0,25,0,0,0,0,0,0,0,0,0,0,100,2688,2816,100,0,0,0,0,0,0,0,0,0,0,0,0,0,0,0,0,0,0,0,0,160,799,799,1,1,24,20,50,1,7437,799,2202,2047,0,0,0,10324,0,10539,0,0,2,1,11,3,6,178,0,243,15,272,53,1,694,8013,1
1297134,2380,1028,80,47,9999,0,0,227,0,0,0,4131,937,0,0,62,0,4,3,1382,456,2000,1,0,4,71,72,35945,13668,283,722,124,64,362,0,0,3,73,3,3,0,10,0,0,0,0,0,2688,2816,2688,2816,4128,2208,8124,1504,0,0,0,0,100,60,46,40,48,60,60,50,0,0,71,0,0,0,0,0,0,14874,1131,1010,0,936,73,346,346,100,1,1,0,999,999,40,0,25,0,0,0,0,0,0,0,0,0,0,100,2688,2816,100,0,0,0,0,0,0,0,0,0,0,0,0,0,0,0,0,0,0,0,0,160,799,799,1,1,24,20,50,1,7406,799,2202,2047,0,0,0,17812,0,18161,0,0,0,0,11,3,6,181,0,243,15,272,0,0,694,8013,1
1298133,2380,1028,80,47,9999,0,0,400,0,0,0,4117,1646,0,0,62,0,3,4,1382,456,2000,1,0,4,73,72,32616,13596,432,692,114,64,356,0,0,1,72,3,3,0,10,0,0,0,0,0,2688,2816,2688,2816,4128,2208,7572,1381,0,0,0,0,100,45,37,37,33,39,43,45,0,0,68,0,0,0,0,0,0,14874,1131,1010,0,936,73,346,346,100,1,1,0,999,999,40,0,25,0,0,0,0,0,0,0,0,0,0,100,2688,2816,100,0,0,0,0,0,0,0,0,0,0,0,0,0,0,0,0,0,0,0,0,160,799,799,1,1,24,20,50,1,7441,799,2202,2047,0,0,0,19688,0,20160,0,0,0,0,11,3,6,178,0,243,15,272,0,0,694,8013,1
1299178,2421,1033,80,47,9999,0,0,412,0,0,0,4124,1699,0,0,62,0,3,3,1382,456,2000,1,0,4,72,72,34832,13604,364,596,122,64,376,0,0,4,73,3,3,0,10,0,0,0,0,0,2688,2816,2688,2816,4128,2208,8210,1508,0,0,0,0,100,53,43,44,42,51,53,44,0,0,70,0,0,0,0,0,0,14874,1134,1016,0,938,77,346,346,100,2,1,0,999,999,40,0,25,0,0,0,0,0,0,0,0,0,0,100,2688,2816,100,0,0,0,0,0,0,0,0,0,0,0,0,0,0,0,0,0,0,0,0,160,799,799,1,1,24,21,50,1,7408,799,2202,2048,0,0,0,12607,0,13054,0,0,0,0,11,3,6,180,0,238,15,272,0,0,692,8013,0
1300134,2421,1033,80,47,9999,0,0,460,0,0,0,4124,1897,0,0,62,0,2,3,1382,456,2000,1,0,4,72,72,34562,13665,301,658,193,65,356,0,0,1,72,3,3,0,10,0,0,0,0,0,2688,2816,2688,2816,4128,2208,8364,1529,0,0,0,0,100,57,48,43,49,57,52,51,0,0,72,0,0,0,0,0,0,14874,1134,1016,0,938,77,346,346,100,1,1,0,999,999,40,0,25,0,0,0,0,0,0,0,0,0,0,100,2688,2816,100,0,0,0,0,0,0,0,0,0,0,0,0,0,0,0,0,0,0,0,0,160,800,800,1,1,24,20,50,1,7443,800,2202,2047,0,0,0,12640,0,13155,0,0,0,0,11,3,6,178,0,237,15,272,0,0,690,8013,0
1301134,2421,1033,80,47,9999,0,0,244,0,0,0,4124,1006,0,0,62,0,3,2,1382,456,2000,1,0,4,73,72,36053,13832,381,669,238,65,369,0,0,4,73,3,3,0,10,0,0,0,0,0,2688,2816,2688,2816,4128,2208,8745,1697,0,0,0,0,100,53,44,39,43,46,44,53,0,0,75,0,0,0,0,0,0,14874,1134,1016,0,938,77,346,346,100,2,1,0,999,999,40,0,25,0,0,0,0,0,0,0,0,0,0,100,2688,2816,100,0,0,0,0,0,0,0,0,0,0,0,0,0,0,0,0,0,0,0,0,160,800,800,1,1,24,21,50,1,7407,800,2202,2048,0,0,0,15804,0,16119,0,0,0,0,11,3,6,179,0,237,15,272,0,0,690,8013,0
1302134,2421,1033,80,47,9999,0,0,388,0,0,0,4124,1600,0,0,62,0,2,2,1382,456,2000,1,0,4,72,72,35234,14170,266,982,331,67,448,0,0,0,73,3,3,0,10,0,0,0,0,0,2688,2816,2688,2816,4128,2208,8665,1697,0,0,0,0,100,55,40,42,42,55,50,47,0,0,76,0,0,0,0,0,0,14874,1134,1016,0,938,77,346,346,100,0,0,0,999,999,40,0,25,0,0,0,0,0,0,0,0,0,0,100,2688,2816,100,0,0,0,0,0,0,0,0,0,0,0,0,0,0,0,0,0,0,0,0,160,800,800,1,1,24,20,50,1,7405,800,2202,2047,0,0,0,13101,0,13502,0,0,0,0,11,3,6,180,0,237,15,272,0,0,690,8013,0
1303134,2421,1033,80,47,9999,0,0,306,0,0,0,4124,1261,0,0,62,0,2,2,1382,456,2000,1,0,4,72,72,35001,14000,312,813,163,65,406,0,0,2,72,3,3,0,10,0,0,0,0,0,2688,2816,2688,2816,4128,2208,8845,1683,0,0,0,0,100,50,40,41,42,42,49,50,0,0,77,0,0,0,0,0,0,14874,1134,1016,0,938,77,346,346,100,1,1,0,999,999,40,0,25,0,0,0,0,0,0,0,0,0,0,100,2688,2816,100,0,0,0,0,0,0,0,0,0,0,0,0,0,0,0,0,0,0,0,0,160,799,799,1,1,23,21,50,1,7444,799,2201,2047,0,0,0,12606,0,13114,0,0,0,0,11,3,6,173,0,238,15,272,0,0,691,8013,0
1304135,2421,1033,80,47,9999,0,0,302,0,0,0,4124,1245,0,0,62,0,2,2,1382,456,2000,1,0,4,72,72,36856,14203,280,850,355,66,395,0,0,2,73,3,3,0,10,0,0,0,0,0,2688,2816,2688,2816,4128,2208,8818,1697,0,0,0,0,100,51,41,37,41,51,50,51,0,0,78,0,0,0,0,0,0,14874,1134,1016,0,938,77,346,346,100,1,1,0,999,999,40,0,25,0,0,0,0,0,0,0,0,0,0,100,2688,2816,100,0,0,0,0,0,0,0,0,0,0,0,0,0,0,0,0,0,0,0,0,160,799,799,1,1,24,21,50,1,7410,799,2202,2048,0,0,0,18347,0,18791,0,0,1,6,11,3,6,173,0,239,15,272,28,6,692,8013,0
1305137,2421,1033,80,47,9999,0,0,347,0,0,0,4124,1431,0,0,62,0,2,2,1382,456,2000,1,0,4,72,72,35990,14030,296,852,272,65,392,0,0,4,73,3,3,0,10,0,0,0,0,0,2688,2816,2688,2816,4128,2208,8376,1691,0,0,0,0,100,51,40,34,40,40,47,51,0,0,78,0,0,0,0,0,0,14874,1134,1016,0,938,77,346,346,100,2,1,0,999,999,40,0,25,0,0,0,0,0,0,0,0,0,0,100,2688,2816,100,0,0,0,0,0,0,0,0,0,0,0,0,0,0,0,0,0,0,0,0,160,800,800,1,1,24,22,50,1,7447,800,2202,2049,0,0,0,17565,0,17987,0,0,0,0,11,3,6,178,0,238,15,272,0,0,692,8013,0
1306135,2421,1033,80,47,9999,0,0,235,0,0,0,4124,969,0,0,62,0,2,2,1382,456,2000,1,0,4,72,72,35990,13751,318,723,131,64,402,0,0,1,73,3,3,0,10,0,0,0,0,0,2688,2816,2688,2816,4128,2208,9555,1640,0,0,0,0,100,56,44,42,45,50,56,45,0,0,79,0,0,0,0,0,0,14874,1134,1016,0,938,77,346,346,100,1,1,0,999,999,40,0,25,0,0,0,0,0,0,0,0,0,0,100,2688,2816,100,0,0,0,0,0,0,0,0,0,0,0,0,0,0,0,0,0,0,0,0,160,800,800,1,1,24,20,50,1,7412,800,2201,2046,0,0,0,17509,0,18004,0,0,0,0,11,3,6,181,0,238,15,272,0,0,690,8013,0
1307135,2421,1033,80,47,9999,0,0,588,0,0,0,4124,2424,0,0,62,0,2,2,1382,456,2000,1,0,4,73,72,35739,13786,356,697,124,65,402,0,0,3,73,3,3,0,10,0,0,0,0,0,2688,2816,2688,2816,4128,2208,8772,1692,0,0,0,0,100,54,42,38,39,54,47,49,0,0,79,0,0,0,0,0,0,14874,1134,1016,0,938,77,346,346,100,2,1,0,999,999,40,0,25,0,0,0,0,0,0,0,0,0,0,100,2688,2816,100,0,0,0,0,0,0,0,0,0,0,0,0,0,0,0,0,0,0,0,0,160,800,800,1,1,24,21,50,1,7466,800,2202,2048,0,0,0,14675,0,15064,0,0,0,0,11,3,6,180,0,237,15,272,0,0,690,8013,0
1308138,2421,1033,80,47,9999,0,0,460,0,0,0,4124,1897,0,0,62,0,3,2,1382,456,2000,1,0,4,73,72,35445,13898,485,660,137,65,407,0,0,3,71,3,3,0,10,0,0,0,0,0,2688,2816,2688,2816,4128,2208,8073,1709,0,0,0,0,100,53,37,36,34,43,53,48,0,0,78,0,0,0,0,0,0,14874,1134,1016,0,938,77,346,346,100,2,1,0,999,999,40,0,25,0,0,0,0,0,0,0,0,0,0,100,2688,2816,100,0,0,0,0,0,0,0,0,0,0,0,0,0,0,0,0,0,0,0,0,160,801,801,1,1,24,20,50,1,7442,801,2202,2047,0,0,0,9992,0,10558,0,0,0,4,11,3,6,180,0,237,15,272,19,4,690,8013,0
1309135,2421,1033,80,47,9999,0,0,333,0,0,0,4124,1373,0,0,62,0,2,2,1382,456,2000,1,0,4,73,72,36967,13789,324,688,175,74,374,0,0,2,73,3,3,0,10,0,0,0,0,0,2688,2816,2688,2816,4128,2208,8778,1697,0,0,0,0,100,64,64,63,67,64,58,61,0,0,78,0,0,0,0,0,0,14874,1134,1016,0,938,77,346,346,100,2,1,0,999,999,40,0,25,0,0,0,0,0,0,0,0,0,0,100,2688,2816,100,0,0,0,0,0,0,0,0,0,0,0,0,0,0,0,0,0,0,0,0,160,801,801,1,1,24,21,50,1,7421,801,2202,2048,0,0,0,18059,0,18645,0,0,0,0,11,3,6,180,0,237,15,272,0,0,690,8013,0
1310135,2421,1033,80,47,9999,0,0,356,0,0,0,4127,1469,0,0,62,0,2,2,1382,456,2000,1,0,4,72,72,36167,13957,356,820,139,64,396,0,0,1,73,3,3,0,10,0,0,0,0,0,2688,2816,2688,2816,4128,2208,8786,1686,0,0,0,0,100,50,46,43,41,40,49,50,0,0,77,0,0,0,0,0,0,14874,1134,1016,0,938,77,346,346,100,1,1,0,999,999,40,0,25,0,0,0,0,0,0,0,0,0,0,100,2688,2816,100,0,0,0,0,0,0,0,0,0,0,0,0,0,0,0,0,0,0,0,0,160,801,801,1,1,24,20,50,1,7455,801,2202,2047,0,0,0,13742,0,13966,0,0,0,0,11,3,6,182,0,238,15,272,0,0,690,8013,0
1311135,2421,1033,80,47,9999,0,0,287,0,0,0,4127,1184,0,0,62,0,3,2,1382,456,2000,1,0,4,72,72,36008,13821,298,735,113,65,416,0,0,2,73,3,3,0,10,0,0,0,0,0,2688,2816,2688,2816,4128,2208,8717,1687,0,0,0,0,100,56,43,46,49,51,56,50,0,0,77,0,0,0,0,0,0,14874,1134,1016,0,938,77,346,346,100,1,1,0,999,999,40,0,25,0,0,0,0,0,0,0,0,0,0,100,2688,2816,100,0,0,0,0,0,0,0,0,0,0,0,0,0,0,0,0,0,0,0,0,160,798,798,1,1,24,20,50,1,7417,798,2202,2047,0,0,0,19219,0,19542,0,0,0,0,11,3,6,182,0,238,15,272,0,0,690,8013,0
1312135,2421,1033,80,47,9999,0,0,632,0,0,0,4127,2608,0,0,62,0,2,2,1382,456,2000,1,0,4,73,72,35499,13747,278,664,114,65,394,0,0,2,72,3,3,0,10,0,0,0,0,0,2688,2816,2688,2816,4128,2208,8863,1686,0,0,0,0,100,47,41,39,42,45,47,45,0,0,78,0,0,0,0,0,0,14874,1134,1016,0,938,77,346,346,100,1,1,0,999,999,40,0,25,0,0,0,0,0,0,0,0,0,0,100,2688,2816,100,0,0,0,0,0,0,0,0,0,0,0,0,0,0,0,0,0,0,0,0,160,798,798,1,1,24,20,50,1,7446,798,2202,2048,0,0,0,12263,0,12506,0,0,0,0,11,3,6,182,0,238,15,272,0,0,690,8013,0
1313135,2421,1033,80,47,9999,0,0,329,0,0,0,4127,1357,0,0,62,0,2,2,1382,456,2000,1,0,4,72,72,34841,13779,394,639,210,65,393,0,0,1,72,3,3,0,10,0,0,0,0,0,2688,2816,2688,2816,4128,2208,8189,1683,0,0,0,0,100,52,38,32,36,39,52,47,0,0,78,0,0,0,0,0,0,14874,1134,1016,0,938,77,346,346,100,1,1,0,999,999,40,0,25,0,0,0,0,0,0,0,0,0,0,100,2688,2816,100,0,0,0,0,0,0,0,0,0,0,0,0,0,0,0,0,0,0,0,0,160,798,798,1,1,24,17,50,1,7417,798,2202,2044,0,0,0,13202,0,13629,0,0,0,0,11,3,6,182,0,238,15,272,0,0,690,8013,0
1314135,2421,1033,80,47,9999,0,0,316,0,0,0,4127,1304,0,0,62,0,3,2,1382,456,2000,1,0,4,72,72,35662,14019,298,800,219,66,406,0,0,5,73,3,3,0,10,0,0,0,0,0,2688,2816,2688,2816,4128,2208,8132,1694,0,0,0,0,100,53,43,37,41,49,53,44,0,0,77,0,0,0,0,0,0,14874,1134,1016,0,938,77,346,346,100,3,1,0,999,999,40,0,25,0,0,0,0,0,0,0,0,0,0,100,2688,2816,100,0,0,0,0,0,0,0,0,0,0,0,0,0,0,0,0,0,0,0,0,160,798,798,1,1,24,22,50,1,7420,798,2202,2049,0,0,0,19175,0,19603,0,0,0,4,11,3,6,182,0,238,15,272,19,4,690,8013,0
1315135,2421,1033,80,47,9999,0,0,307,0,0,0,4127,1266,0,0,62,0,2,2,1382,456,2000,1,0,4,72,72,36489,13787,311,734,137,64,378,0,0,1,72,3,3,0,10,0,0,0,0,0,2688,2816,2688,2816,4128,2208,8798,1681,0,0,0,0,100,54,45,38,40,43,54,49,0,0,77,0,0,0,0,0,0,14874,1134,1016,0,938,77,346,346,100,1,1,0,999,999,40,0,25,0,0,0,0,0,0,0,0,0,0,100,2688,2816,100,0,0,0,0,0,0,0,0,0,0,0,0,0,0,0,0,0,0,0,0,160,798,798,1,1,24,16,50,1,7449,798,2202,2044,0,0,0,18370,0,18764,0,0,0,0,11,3,6,186,0,244,15,272,0,0,695,8013,1
1316136,2421,1033,80,47,9999,0,0,390,0,0,0,4127,1609,0,0,62,0,3,2,1382,456,2000,1,0,4,72,72,35475,13703,322,693,129,66,412,0,0,3,73,3,3,0,10,0,0,0,0,0,2688,2816,2688,2816,4128,2208,9070,1669,0,0,0,0,100,48,44,42,39,48,48,47,0,0,78,0,0,0,0,0,0,14874,1134,1016,0,938,77,346,346,100,1,1,0,999,999,40,0,25,0,0,0,0,0,0,0,0,0,0,100,2688,2816,100,0,0,0,0,0,0,0,0,0,0,0,0,0,0,0,0,0,0,0,0,160,799,799,1,1,24,21,50,1,7417,799,2202,2048,0,0,0,10482,0,10878,0,0,1,6,11,3,6,185,0,244,15,272,34,6,695,8013,1
1317135,2421,1033,80,47,9999,0,0,518,0,0,0,4127,2137,0,0,62,0,2,2,1382,456,2000,1,0,4,73,72,35076,13652,291,616,119,65,397,0,0,2,72,3,3,0,10,0,0,0,0,0,2688,2816,2688,2816,4128,2208,9226,1683,0,0,0,0,100,50,36,37,33,45,50,47,0,0,79,0,0,0,0,0,0,14874,1134,1016,0,938,77,346,346,100,2,1,0,999,999,40,0,25,0,0,0,0,0,0,0,0,0,0,100,2688,2816,100,0,0,0,0,0,0,0,0,0,0,0,0,0,0,0,0,0,0,0,0,160,799,799,1,1,24,17,50,1,7451,799,2202,2044,0,0,0,16934,0,17340,0,0,0,1,11,3,6,186,0,244,15,272,10,1,695,8013,1
1318136,2421,1033,80,47,9999,0,0,353,0,0,0,4127,1456,0,0,62,0,3,3,1382,456,2000,1,0,4,71,72,37208,13671,412,635,107,66,382,0,0,3,73,3,3,0,10,0,0,0,0,0,2688,2816,2688,2816,4128,2208,8613,1568,0,0,0,0,100,62,47,44,47,60,62,55,0,0,77,0,0,0,0,0,0,14874,1134,1016,0,938,77,346,346,100,2,1,0,999,999,40,0,25,0,0,0,0,0,0,0,0,0,0,100,2688,2816,100,0,0,0,0,0,0,0,0,0,0,0,0,0,0,0,0,0,0,0,0,160,799,799,1,1,24,17,50,1,7420,799,2201,2044,0,0,0,13556,0,13815,0,0,0,0,11,3,6,186,0,244,15,272,0,0,695,8013,1
1319171,2378,1030,80,47,9999,0,0,547,0,0,0,4127,2257,0,0,62,0,2,3,1382,456,2000,1,0,4,72,72,37161,13549,290,610,111,64,390,0,0,1,73,3,3,0,10,0,0,0,0,0,2688,2816,2688,2816,4128,2208,8606,1553,0,0,0,0,100,46,46,42,44,46,44,40,0,0,76,0,0,0,0,0,0,14898,1134,1012,0,938,73,346,346,100,1,1,0,999,999,40,0,25,0,0,0,0,0,0,0,0,0,0,100,2688,2816,100,0,0,0,0,0,0,0,0,0,0,0,0,0,0,0,0,0,0,0,0,160,799,799,1,1,24,21,50,1,7452,799,2202,2048,0,0,0,13559,0,13813,0,0,0,0,11,3,6,186,0,244,15,272,0,0,696,8013,1
1320136,2378,1030,80,47,9999,0,0,479,0,0,0,4103,1965,0,0,62,0,3,3,1382,456,2000,1,0,4,73,72,34115,13676,309,644,124,66,452,0,0,7,73,3,3,0,10,0,0,0,0,0,2688,2816,2688,2816,4128,2208,8518,1568,0,0,0,0,100,43,42,42,39,38,42,43,0,0,74,0,0,0,0,0,0,14898,1134,1012,0,938,73,346,346,100,7,1,0,999,999,40,0,25,0,0,0,0,0,0,0,0,0,0,100,2688,2816,100,0,0,0,0,0,0,0,0,0,0,0,0,0,0,0,0,0,0,0,0,160,799,799,1,1,24,22,50,1,7425,799,2202,2049,0,0,0,11642,0,12046,0,0,0,0,11,3,6,185,0,244,15,272,0,0,696,8013,1
1321136,2378,1030,80,47,9999,0,0,228,0,0,0,4103,935,0,0,62,0,2,3,1382,456,2000,1,0,4,69,72,36204,13631,278,630,105,64,390,0,0,3,73,3,3,0,10,0,0,0,0,0,2688,2816,2688,2816,4128,2208,7837,1556,0,0,0,0,100,56,47,43,44,56,51,49,0,0,74,0,0,0,0,0,0,14898,1134,1012,0,938,73,346,346,100,2,1,0,999,999,40,0,25,0,0,0,0,0,0,0,0,0,0,100,2688,2816,100,0,0,0,0,0,0,0,0,0,0,0,0,0,0,0,0,0,0,0,0,160,799,799,1,1,24,20,50,1,7419,799,2202,2048,0,0,0,21801,0,22286,0,0,2,2,11,3,6,178,0,243,15,272,58,2,694,8013,1
1322135,2378,1030,80,47,9999,0,0,381,0,0,0,4103,1563,0,0,62,0,2,3,1382,456,2000,1,0,4,72,72,34727,13631,278,630,105,64,390,0,0,3,73,3,3,0,10,0,0,0,0,0,2688,2816,2688,2816,4128,2208,8408,1497,0,0,0,0,100,55,41,38,35,43,55,46,0,0,75,0,0,0,0,0,0,14898,1134,1012,0,938,73,346,346,100,2,1,0,999,999,40,0,25,0,0,0,0,0,0,0,0,0,0,100,2688,2816,100,0,0,0,0,0,0,0,0,0,0,0,0,0,0,0,0,0,0,0,0,160,799,799,1,1,24,21,50,1,7451,799,2202,2049,0,0,0,7769,0,7999,0,0,2,1,11,3,6,179,0,244,15,272,53,1,695,8013,1
1323136,2378,1030,80,47,9999,0,0,425,0,0,0,4103,1743,0,0,62,0,3,3,1382,456,2000,1,0,4,73,72,36520,13537,277,647,126,64,402,0,0,2,73,3,3,0,10,0,0,0,0,0,2688,2816,2688,2816,4128,2208,9218,1509,0,0,0,0,100,55,44,36,40,53,50,55,0,0,74,0,0,0,0,0,0,14898,1134,1012,0,938,73,346,346,100,1,1,0,999,999,40,0,25,0,0,0,0,0,0,0,0,0,0,100,2688,2816,100,0,0,0,0,0,0,0,0,0,0,0,0,0,0,0,0,0,0,0,0,160,800,800,1,1,24,21,50,1,7419,800,2202,2049,0,0,0,11547,0,11818,0,0,0,0,11,3,6,178,0,243,15,272,0,0,694,8013,1
1324136,2378,1030,80,47,9999,0,0,337,0,0,0,4103,1382,0,0,62,0,2,3,1382,492,2000,1,0,4,71,72,35239,13722,340,713,133,64,386,0,0,4,73,3,3,0,10,0,0,0,0,0,2688,2816,2688,2816,4128,2208,8448,1494,0,0,0,0,100,52,38,36,36,46,44,52,0,0,73,0,0,0,0,0,0,14898,1134,1012,0,938,73,346,346,100,1,1,0,999,999,40,0,25,0,0,0,0,0,0,0,0,0,0,100,2688,2816,100,0,0,0,0,0,0,0,0,0,0,0,0,0,0,0,0,0,0,0,0,160,800,800,1,1,24,21,50,1,7450,800,2202,2049,0,0,0,10833,0,11093,0,0,2,1,11,3,6,178,0,243,15,272,53,1,694,8013,1
1325136,2378,1030,80,47,9999,0,0,312,0,0,0,4103,1280,0,0,62,0,3,3,1382,492,2000,1,0,4,71,72,35818,13681,306,709,111,64,367,0,0,3,72,3,3,0,10,0,0,0,0,0,2688,2816,2688,2816,4128,2208,8315,1493,0,0,0,0,100,61,40,38,41,51,61,49,0,0,73,0,0,0,0,0,0,14898,1134,1012,0,938,73,346,346,100,1,1,0,999,999,40,0,25,0,0,0,0,0,0,0,0,0,0,100,2688,2816,100,0,0,0,0,0,0,0,0,0,0,0,0,0,0,0,0,0,0,0,0,160,800,800,1,1,24,20,50,1,7421,800,2202,2048,0,0,0,18929,0,19310,0,0,0,0,11,3,6,178,0,243,15,272,0,0,694,8013,1
1326137,2378,1030,80,47,9999,0,0,441,0,0,0,4103,1809,0,0,62,0,2,2,1382,492,2000,1,0,4,70,72,39549,13613,327,686,114,64,394,0,0,7,73,3,3,0,10,0,0,0,0,0,2688,2816,2688,2816,4128,2208,8180,1526,0,0,0,0,100,53,42,37,39,53,53,49,0,0,73,0,0,0,0,0,0,14898,1134,1012,0,938,73,346,346,100,3,2,0,999,999,40,0,25,0,0,0,0,0,0,0,0,0,0,100,2688,2816,100,0,0,0,0,0,0,0,0,0,0,0,0,0,0,0,0,0,0,0,0,160,800,800,1,1,24,21,50,1,7448,800,2202,2048,0,0,0,15755,0,16238,0,0,2,5,11,3,6,179,0,243,15,272,72,5,694,8013,1
1327136,2378,1030,80,47,9999,0,0,550,0,0,0,4103,2256,0,0,62,0,4,3,1382,492,2000,1,0,4,71,72,36774,13616,327,610,114,64,360,0,0,4,73,3,3,0,10,0,0,0,0,0,2688,2816,2688,2816,4128,2208,8241,1592,0,0,0,0,100,59,36,42,37,51,46,59,0,0,74,0,0,0,0,0,0,14898,1134,1012,0,938,73,346,346,100,2,1,0,999,999,40,0,25,0,0,0,0,0,0,0,0,0,0,100,2688,2816,100,0,0,0,0,0,0,0,0,0,0,0,0,0,0,0,0,0,0,0,0,160,800,800,1,1,24,19,50,1,7423,800,2202,2047,0,0,0,13781,0,14016,0,0,2,1,11,3,6,179,0,243,15,272,53,1,694,8013,1
1328137,2378,1030,80,47,9999,0,0,356,0,0,0,4103,1460,0,0,62,0,3,3,1382,492,2000,1,0,4,70,72,37926,13645,303,606,117,64,456,0,0,7,73,3,3,0,10,0,0,0,0,0,2688,2816,2688,2816,4128,2208,8188,1513,0,0,0,0,100,52,38,38,41,52,51,50,0,0,73,0,0,0,0,0,0,14898,1134,1012,0,938,73,346,346,100,4,1,0,999,999,40,0,25,0,0,0,0,0,0,0,0,0,0,100,2688,2816,100,0,0,0,0,0,0,0,0,0,0,0,0,0,0,0,0,0,0,0,0,160,800,800,1,1,24,21,50,1,7427,800,2202,2049,0,0,0,16254,0,16760,0,0,2,1,11,3,6,179,0,243,15,272,53,1,694,8013,1
1329136,2378,1030,80,47,9999,0,0,681,0,0,0,4103,2794,0,0,62,0,3,3,1382,492,2000,1,0,4,73,72,34997,13640,358,677,120,65,393,0,0,0,72,3,3,0,10,0,0,0,0,0,2688,2816,2688,2816,4128,2208,8361,1509,0,0,0,0,100,46,40,39,39,46,44,46,0,0,73,0,0,0,0,0,0,14898,1134,1012,0,938,73,346,346,100,0,0,0,999,999,40,0,25,0,0,0,0,0,0,0,0,0,0,100,2688,2816,100,0,0,0,0,0,0,0,0,0,0,0,0,0,0,0,0,0,0,0,0,160,800,800,1,1,24,21,50,1,7427,800,2202,2048,0,0,0,22443,0,22869,0,0,2,1,11,3,6,178,0,243,15,272,53,1,694,8013,1
1330136,2378,1030,80,47,9999,0,0,434,0,0,0,4101,1779,0,0,62,0,4,4,1382,492,2000,1,0,4,73,72,35411,13687,310,639,125,65,490,0,0,2,73,3,3,0,10,0,0,0,0,0,2688,2816,2688,2816,4128,2208,7525,1417,0,0,0,0,100,59,52,51,52,59,58,52,0,0,70,0,0,0,0,0,0,14898,1134,1012,0,938,73,346,346,100,2,1,0,999,999,40,0,25,0,0,0,0,0,0,0,0,0,0,100,2688,2816,100,0,0,0,0,0,0,0,0,0,0,0,0,0,0,0,0,0,0,0,0,160,800,800,1,1,24,22,50,1,7367,800,2201,2049,0,0,0,19378,0,19752,0,0,0,0,11,3,6,178,0,243,15,272,0,0,694,8013,1
1331136,2378,1030,80,47,9999,0,0,596,0,0,0,4101,2444,0,0,62,0,3,3,1382,492,2000,1,0,4,73,72,34285,13652,284,726,133,64,362,0,0,2,73,3,3,0,10,0,0,0,0,0,2688,2816,2688,2816,4128,2208,8351,1505,0,0,0,0,100,50,50,45,43,46,50,44,0,0,71,0,0,0,0,0,0,14898,1134,1012,0,938,73,346,346,100,1,1,0,999,999,40,0,25,0,0,0,0,0,0,0,0,0,0,100,2688,2816,100,0,0,0,0,0,0,0,0,0,0,0,0,0,0,0,0,0,0,0,0,160,800,800,1,1,24,20,50,1,7400,800,2202,2048,0,0,0,18631,0,19011,0,0,2,1,11,3,6,178,0,243,15,272,53,1,694,8013,1
1332138,2378,1030,80,47,9999,0,0,414,0,0,0,4101,1697,0,0,62,0,3,2,1382,492,2000,1,0,4,73,72,33770,13617,336,698,117,64,381,0,0,0,73,3,3,0,10,0,0,0,0,0,2688,2816,2688,2816,4128,2208,8743,1606,0,0,0,0,100,61,46,43,44,61,50,46,0,0,74,0,0,0,0,0,0,14898,1134,1012,0,938,73,346,346,100,1,1,0,999,999,40,0,25,0,0,0,0,0,0,0,0,0,0,100,2688,2816,100,0,0,0,0,0,0,0,0,0,0,0,0,0,0,0,0,0,0,0,0,160,801,801,1,1,24,17,50,1,7366,801,2202,2045,0,0,0,20171,0,20554,0,0,2,1,11,3,6,179,0,243,15,272,53,1,694,8013,1
1333137,2378,1030,80,47,9999,0,0,301,0,0,0,4101,1234,0,0,62,0,2,2,1382,492,2000,1,0,4,72,72,37591,13662,333,611,121,64,400,0,0,4,73,3,3,0,10,0,0,0,0,0,2688,2816,2688,2816,4128,2208,8304,1595,0,0,0,0,100,51,37,37,33,47,46,51,0,0,75,0,0,0,0,0,0,14898,1134,1012,0,938,73,346,346,100,2,1,0,999,999,40,0,25,0,0,0,0,0,0,0,0,0,0,100,2688,2816,100,0,0,0,0,0,0,0,0,0,0,0,0,0,0,0,0,0,0,0,0,160,801,801,1,1,24,21,50,1,7399,801,2202,2049,0,0,0,13181,0,13624,0,0,2,1,11,3,6,178,0,243,15,272,53,1,694,8013,1
1334137,2378,1030,80,47,9999,0,0,250,0,0,0,4101,1025,0,0,62,0,4,3,1651,492,2000,1,0,4,70,72,38574,13631,280,609,107,64,400,0,2,8,73,3,3,0,10,0,0,0,0,0,2688,2816,2688,2816,4128,2208,7574,1512,0,0,0,0,100,53,41,38,40,53,53,47,0,0,73,0,0,0,0,0,0,14898,1134,1012,0,938,73,346,346,100,5,1,0,999,999,40,0,25,0,0,0,0,0,0,0,0,0,0,100,2688,2816,100,0,0,0,0,0,0,0,0,0,0,0,0,0,0,0,0,0,0,0,0,160,801,801,1,1,24,17,50,1,7352,801,2202,2045,0,0,0,18295,0,18621,0,0,0,1,11,3,6,178,0,243,15,272,4,1,694,8013,1
1335136,2378,1030,80,47,9999,0,0,258,0,0,0,4101,1058,0,0,62,0,3,4,1651,492,2000,1,0,4,73,72,37696,13574,287,673,106,67,469,0,0,1,73,3,3,0,10,0,0,0,0,0,2688,2816,2688,2816,4128,2208,7595,1389,0,0,0,0,100,52,43,41,41,45,51,52,0,0,69,0,0,0,0,0,0,14898,1134,1012,0,938,73,346,346,100,1,1,0,999,999,40,0,25,0,0,0,0,0,0,0,0,0,0,100,2688,2816,100,0,0,0,0,0,0,0,0,0,0,0,0,0,0,0,0,0,0,0,0,160,801,801,1,1,24,22,50,1,7353,801,2202,2050,0,0,0,19575,0,19881,0,0,2,1,11,3,6,178,0,243,15,272,53,1,694,8013,1
1336137,2378,1030,80,47,9999,0,0,341,0,0,0,4101,1398,0,0,62,0,2,3,1651,492,2000,1,0,4,71,72,32127,13690,356,731,116,62,370,0,0,1,72,3,3,0,10,0,0,0,0,0,2688,2816,2688,2816,4128,2208,8161,1521,0,0,0,0,100,50,38,34,35,38,50,42,0,0,70,0,0,0,0,0,0,14898,1134,1012,0,938,73,346,346,100,1,1,0,999,999,40,0,25,0,0,0,0,0,0,0,0,0,0,100,2688,2816,100,0,0,0,0,0,0,0,0,0,0,0,0,0,0,0,0,0,0,0,0,160,801,801,1,1,24,17,50,1,7387,801,2202,2045,0,0,0,16928,0,17345,0,0,2,1,11,3,6,177,0,243,15,272,53,1,694,8013,1
1337137,2378,1030,80,47,9999,0,0,504,0,0,0,4101,2066,0,0,62,0,3,3,1651,492,2000,1,0,4,72,72,36139,13610,312,632,136,64,430,0,0,7,73,3,3,0,10,0,0,0,0,0,2688,2816,2688,2816,4128,2208,8094,1488,0,0,0,0,100,57,43,41,40,57,55,51,0,0,71,0,0,0,0,0,0,14898,1134,1012,0,938,73,346,346,100,3,1,0,999,999,40,0,25,0,0,0,0,0,0,0,0,0,0,100,2688,2816,100,0,0,0,0,0,0,0,0,0,0,0,0,0,0,0,0,0,0,0,0,160,801,801,1,1,24,22,50,1,7355,801,2202,2050,0,0,0,12565,0,13263,0,0,2,1,11,3,6,176,0,243,15,272,53,1,694,8013,1
1338137,2378,1030,80,47,9999,0,0,264,0,0,0,4101,1082,0,0,62,0,3,3,1651,492,2000,1,0,4,73,72,38559,13610,339,747,143,65,363,0,1,1,72,3,3,0,10,0,0,0,0,0,2688,2816,2688,2816,4128,2208,8648,1497,0,0,0,0,100,58,47,45,48,58,58,58,0,0,71,0,0,0,0,0,0,14898,1134,1012,0,938,73,346,346,100,1,1,0,999,999,40,0,25,0,0,0,0,0,0,0,0,0,0,100,2688,2816,100,0,0,0,0,0,0,0,0,0,0,0,0,0,0,0,0,0,0,0,0,160,801,801,1,1,24,18,50,1,7387,801,2202,2045,0,0,0,19837,0,20271,0,0,2,1,11,3,6,176,0,243,15,272,54,1,694,8013,1
1339175,2394,1035,80,47,9999,0,0,393,0,0,0,4120,1619,0,0,62,0,3,3,1651,492,2000,1,0,4,71,72,38407,13596,310,674,127,64,404,0,2,5,73,3,3,0,10,0,0,0,0,0,2688,2816,2688,2816,4128,2208,8064,1488,0,0,0,0,100,56,40,35,37,53,43,56,0,0,71,0,0,0,0,0,0,14898,1136,1018,0,940,77,346,346,100,2,1,0,999,999,40,0,25,0,0,0,0,0,0,0,0,0,0,100,2688,2816,100,0,0,0,0,0,0,0,0,0,0,0,0,0,0,0,0,0,0,0,0,160,801,801,1,1,24,20,50,1,7355,801,2202,2048,0,0,0,10448,0,10674,0,0,2,1,11,3,6,176,0,243,15,272,54,1,694,8013,1
1340138,2394,1035,80,47,9999,0,0,377,0,0,0,4127,1555,0,0,62,0,3,3,1651,492,2000,1,0,4,71,72,36992,13842,345,849,195,65,391,0,0,4,73,3,3,0,10,0,0,0,0,0,2688,2816,2688,2816,4128,2208,7462,1483,0,0,0,0,100,57,39,43,36,51,57,50,0,0,70,0,0,0,0,0,0,14898,1136,1018,0,940,77,346,346,100,2,1,0,999,999,40,0,25,0,0,0,0,0,0,0,0,0,0,100,2688,2816,100,0,0,0,0,0,0,0,0,0,0,0,0,0,0,0,0,0,0,0,0,160,802,802,1,1,24,19,50,1,7389,802,2202,2047,0,0,0,11696,0,11950,0,0,2,1,11,3,6,177,0,243,15,272,54,1,694,8013,1
1341138,2394,1035,80,47,9999,0,0,366,0,0,0,4127,1510,0,0,62,0,3,3,1651,492,2000,1,0,4,72,72,36758,13707,370,769,117,65,376,0,1,4,72,3,3,0,10,0,0,0,0,0,2688,2816,2688,2816,4128,2208,8144,1493,0,0,0,0,100,52,39,41,44,46,52,52,0,0,71,0,0,0,0,0,0,14898,1136,1018,0,940,77,346,346,100,3,1,0,999,999,40,0,25,0,0,0,0,0,0,0,0,0,0,100,2688,2816,100,0,0,0,0,0,0,0,0,0,0,0,0,0,0,0,0,0,0,0,0,160,802,802,1,1,24,20,50,1,7355,802,2202,2048,0,0,0,15963,0,16563,0,0,0,0,11,3,6,181,0,238,15,272,0,0,691,8013,0
1342139,2394,1035,80,47,9999,0,0,378,0,0,0,4127,1560,0,0,62,0,2,3,1651,492,2000,1,0,4,73,72,36275,13678,352,629,133,65,362,0,0,7,73,3,3,0,10,0,0,0,0,0,2688,2816,2688,2816,4128,2208,8081,1574,0,0,0,0,100,52,36,40,35,44,52,42,0,0,72,0,0,0,0,0,0,14898,1136,1018,0,940,77,346,346,100,2,1,0,999,999,40,0,25,0,0,0,0,0,0,0,0,0,0,100,2688,2816,100,0,0,0,0,0,0,0,0,0,0,0,0,0,0,0,0,0,0,0,0,160,802,802,1,1,24,18,50,1,7355,802,2202,2046,0,0,0,17607,0,18090,0,0,0,0,11,3,6,181,0,238,15,272,0,0,691,8013,0
1343138,2394,1035,80,47,9999,0,0,298,0,0,0,4127,1229,0,0,62,0,2,2,1651,492,2000,1,0,4,72,72,33211,13682,317,624,125,64,361,0,0,1,73,3,3,0,10,0,0,0,0,0,2688,2816,2688,2816,4128,2208,8839,1686,0,0,0,0,100,48,35,39,30,47,47,48,0,0,75,0,0,0,0,0,0,14898,1136,1018,0,940,77,346,346,100,1,1,0,999,999,40,0,25,0,0,0,0,0,0,0,0,0,0,100,2688,2816,100,0,0,0,0,0,0,0,0,0,0,0,0,0,0,0,0,0,0,0,0,160,802,802,1,1,24,19,50,1,7392,802,2202,2047,0,0,0,17381,0,17702,0,0,1,6,11,3,6,182,0,238,15,272,28,6,691,8013,0
1344138,2394,1035,80,47,9999,0,0,342,0,0,0,4127,1411,0,0,62,0,3,2,1651,456,2000,1,0,4,72,72,35576,13606,335,595,150,64,431,0,0,3,73,3,3,0,10,0,0,0,0,0,2688,2816,2688,2816,4128,2208,8793,1690,0,0,0,0,100,58,43,37,43,58,52,46,0,0,77,0,0,0,0,0,0,14898,1136,1018,0,940,77,346,346,100,3,1,0,999,999,40,0,25,0,0,0,0,0,0,0,0,0,0,100,2688,2816,100,0,0,0,0,0,0,0,0,0,0,0,0,0,0,0,0,0,0,0,0,160,801,801,1,1,23,19,50,1,7356,801,2201,2047,0,0,0,17878,0,18467,0,0,0,0,11,3,6,182,0,238,15,272,0,0,691,8013,0
1345138,2394,1035,80,47,9999,0,0,376,0,0,0,4127,1551,0,0,62,0,2,2,1651,456,2000,1,0,4,72,72,35242,13847,335,678,143,65,393,0,0,1,73,3,3,0,10,0,0,0,0,0,2688,2816,2688,2816,4128,2208,8622,1677,0,0,0,0,100,52,38,37,33,42,47,52,0,0,78,0,0,0,0,0,0,14898,1136,1018,0,940,77,346,346,100,1,1,0,999,999,40,0,25,0,0,0,0,0,0,0,0,0,0,100,2688,2816,100,0,0,0,0,0,0,0,0,0,0,0,0,0,0,0,0,0,0,0,0,160,801,801,1,1,24,19,50,1,7391,801,2202,2047,0,0,0,14699,0,15307,0,0,1,6,11,3,6,182,0,238,15,272,28,6,691,8013,0
1346139,2394,1035,80,47,9999,0,0,185,0,0,0,4127,763,0,0,62,0,2,2,1651,456,2000,1,0,4,72,72,35995,13684,284,642,140,65,402,0,0,2,73,3,3,0,10,0,0,0,0,0,2688,2816,2688,2816,4128,2208,8652,1678,0,0,0,0,100,58,45,38,39,52,58,48,0,0,77,0,0,0,0,0,0,14898,1136,1018,0,940,77,346,346,100,1,1,0,999,999,40,0,25,0,0,0,0,0,0,0,0,0,0,100,2688,2816,100,0,0,0,0,0,0,0,0,0,0,0,0,0,0,0,0,0,0,0,0,160,802,802,1,1,24,20,50,1,7356,802,2201,2047,0,0,0,13702,0,14215,0,0,0,0,11,3,6,182,0,238,15,272,0,0,691,8013,0
1347140,2394,1035,80,47,9999,0,0,643,0,0,0,4127,2653,0,0,62,0,3,2,1651,456,2000,1,0,4,73,72,36718,13628,279,647,150,66,453,0,0,0,73,3,3,0,10,0,0,0,0,0,2688,2816,2688,2816,4128,2208,8739,1685,0,0,0,0,100,52,42,38,41,52,50,50,0,0,77,0,0,0,0,0,0,14898,1136,1018,0,940,77,346,346,100,0,0,0,999,999,40,0,25,0,0,0,0,0,0,0,0,0,0,100,2688,2816,100,0,0,0,0,0,0,0,0,0,0,0,0,0,0,0,0,0,0,0,0,160,802,802,1,1,24,21,50,1,7387,802,2202,2049,0,0,0,9006,0,9266,0,0,0,0,11,3,6,178,0,238,15,272,0,0,691,8013,0
1348139,2394,1035,80,47,9999,0,0,266,0,0,0,4127,1097,0,0,62,0,3,2,1651,456,2000,1,0,4,71,72,35479,14012,345,872,191,65,387,0,0,5,72,3,3,0,10,0,0,0,0,0,2688,2816,2688,2816,4128,2208,8680,1642,0,0,0,0,100,53,42,44,43,47,53,47,0,0,77,0,0,0,0,0,0,14898,1136,1018,0,940,77,346,346,100,2,1,0,999,999,40,0,25,0,0,0,0,0,0,0,0,0,0,100,2688,2816,100,0,0,0,0,0,0,0,0,0,0,0,0,0,0,0,0,0,0,0,0,160,802,802,1,1,24,19,50,1,7358,802,2202,2048,0,0,0,9748,0,9989,0,0,0,0,11,3,6,179,0,238,15,272,0,0,691,8013,0
1349139,2394,1035,80,47,9999,0,0,196,0,0,0,4127,808,0,0,62,0,2,2,1651,456,2000,1,0,4,73,72,36106,13756,267,811,190,64,447,0,0,3,73,3,3,0,10,0,0,0,0,0,2688,2816,2688,2816,4128,2208,8759,1647,0,0,0,0,100,48,37,34,32,47,48,44,0,0,77,0,0,0,0,0,0,14898,1136,1018,0,940,77,346,346,100,2,1,0,999,999,40,0,25,0,0,0,0,0,0,0,0,0,0,100,2688,2816,100,0,0,0,0,0,0,0,0,0,0,0,0,0,0,0,0,0,0,0,0,160,799,799,1,1,24,21,50,1,7358,799,2201,2048,0,0,0,14279,0,14538,0,0,0,0,11,3,6,179,0,238,15,272,0,0,691,8013,0
1350139,2394,1035,80,47,9999,0,0,793,0,0,0,4133,3277,0,0,62,0,2,2,1651,456,2000,1,0,4,72,72,34478,13823,379,769,167,65,392,0,0,1,72,3,3,0,10,0,0,0,0,0,2688,2816,2688,2816,4128,2208,8787,1649,0,0,0,0,100,44,39,38,37,44,37,43,0,0,78,0,0,0,0,0,0,14898,1136,1018,0,940,77,346,346,100,1,1,0,999,999,40,0,25,0,0,0,0,0,0,0,0,0,0,100,2688,2816,100,0,0,0,0,0,0,0,0,0,0,0,0,0,0,0,0,0,0,0,0,160,800,800,1,1,24,19,50,1,7421,800,2202,2047,0,0,0,18964,0,19346,0,0,0,4,11,3,6,180,0,238,15,272,19,4,691,8013,0
1351139,2394,1035,80,47,9999,0,0,316,0,0,0,4133,1306,0,0,62,0,3,2,1651,456,2000,1,0,4,73,72,34784,13710,339,594,117,67,442,0,0,4,73,3,3,0,10,0,0,0,0,0,2688,2816,2688,2816,4128,2208,8904,1673,0,0,0,0,100,55,48,47,47,55,48,40,0,0,77,0,0,0,0,0,0,14898,1136,1018,0,940,77,346,346,100,2,1,0,999,999,40,0,25,0,0,0,0,0,0,0,0,0,0,100,2688,2816,100,0,0,0,0,0,0,0,0,0,0,0,0,0,0,0,0,0,0,0,0,160,800,800,1,1,24,20,50,1,7359,800,2202,2048,0,0,0,19428,0,19888,0,0,0,4,11,3,6,182,0,238,15,272,19,4,691,8013,0
1352139,2394,1035,80,47,9999,0,0,168,0,0,0,4133,694,0,0,62,0,2,2,1651,456,2000,1,0,4,72,72,36902,13741,283,666,122,66,419,0,0,2,73,3,3,0,10,0,0,0,0,0,2688,2816,2688,2816,4128,2208,9457,1663,0,0,0,0,100,52,47,43,44,48,43,52,0,0,77,0,0,0,0,0,0,14898,1136,1018,0,940,77,346,346,100,2,1,0,999,999,40,0,25,0,0,0,0,0,0,0,0,0,0,100,2688,2816,100,0,0,0,0,0,0,0,0,0,0,0,0,0,0,0,0,0,0,0,0,160,799,799,1,1,24,21,50,1,7395,799,2202,2049,0,0,0,7871,0,8085,0,0,0,0,11,3,6,176,0,239,15,272,0,0,693,8013,0
1353139,2394,1035,80,47,9999,0,0,263,0,0,0,4133,1086,0,0,62,0,3,2,1651,456,2000,1,0,4,71,72,36170,13646,280,669,115,66,445,0,0,4,72,3,3,0,10,0,0,0,0,0,2688,2816,2688,2816,4128,2208,8893,1688,0,0,0,0,100,61,44,40,47,56,61,47,0,0,78,0,0,0,0,0,0,14898,1136,1018,0,940,77,346,346,100,3,1,0,999,999,40,0,25,0,0,0,0,0,0,0,0,0,0,100,2688,2816,100,0,0,0,0,0,0,0,0,0,0,0,0,0,0,0,0,0,0,0,0,160,800,800,1,1,24,21,50,1,7360,800,2202,2048,0,0,0,13759,0,14294,0,0,0,0,11,3,6,172,0,239,15,272,0,0,693,8013,0
1354140,2394,1035,80,47,9999,0,0,240,0,0,0,4133,991,0,0,62,0,2,2,1651,456,2000,1,0,4,72,72,36952,13741,284,718,118,64,390,0,0,6,73,3,3,0,10,0,0,0,0,0,2688,2816,2688,2816,4128,2208,9043,1712,0,0,0,0,100,43,31,35,33,43,42,42,0,0,78,0,0,0,0,0,0,14898,1136,1018,0,940,77,346,346,100,2,1,0,999,999,40,0,25,0,0,0,0,0,0,0,0,0,0,100,2688,2816,100,0,0,0,0,0,0,0,0,0,0,0,0,0,0,0,0,0,0,0,0,160,800,800,1,1,24,22,50,1,7364,800,2201,2049,0,0,0,15108,0,15544,0,0,0,0,11,3,6,175,0,239,15,272,0,0,693,8013,0
1355140,2394,1035,80,47,9999,0,0,258,0,0,0,4133,1066,0,0,62,0,2,2,1651,456,2000,1,0,4,73,72,35470,13690,254,689,136,65,530,0,0,0,73,3,3,0,10,0,0,0,0,0,2688,2816,2688,2816,4128,2208,8411,1701,0,0,0,0,100,51,39,37,35,43,51,50,0,0,79,0,0,0,0,0,0,14898,1136,1018,0,940,77,346,346,100,0,0,0,999,999,40,0,25,0,0,0,0,0,0,0,0,0,0,100,2688,2816,100,0,0,0,0,0,0,0,0,0,0,0,0,0,0,0,0,0,0,0,0,160,800,800,1,1,24,21,50,1,7396,800,2201,2048,0,0,0,14431,0,14648,0,0,1,6,11,3,6,174,0,239,15,272,28,6,693,8013,0
1356139,2394,1035,80,47,9999,0,0,356,0,0,0,4133,1471,0,0,62,0,3,2,1651,456,2000,1,0,4,72,72,38685,13746,338,696,137,64,429,0,0,5,73,3,3,0,10,0,0,0,0,0,2688,2816,2688,2816,4128,2208,8671,1682,0,0,0,0,100,56,39,39,43,56,48,44,0,0,77,0,0,0,0,0,0,14898,1136,1018,0,940,77,346,346,100,2,1,0,999,999,40,0,25,0,0,0,0,0,0,0,0,0,0,100,2688,2816,100,0,0,0,0,0,0,0,0,0,0,0,0,0,0,0,0,0,0,0,0,160,799,799,1,1,23,22,50,1,7358,799,2201,2050,0,0,0,9047,0,9305,0,0,2,1,11,3,6,175,0,239,15,272,51,1,693,8013,0
1357139,2394,1035,80,47,9999,0,0,382,0,0,0,4133,1578,0,0,62,0,2,2,1651,456,2000,1,0,4,72,72,36531,13766,298,713,113,65,398,0,0,0,73,3,3,0,10,0,0,0,0,0,2688,2816,2688,2816,4128,2208,7972,1677,0,0,0,0,100,48,34,35,32,44,42,48,0,0,77,0,0,0,0,0,0,14898,1136,1018,0,940,77,346,346,100,0,0,0,999,999,40,0,25,0,0,0,0,0,0,0,0,0,0,100,2688,2816,100,0,0,0,0,0,0,0,0,0,0,0,0,0,0,0,0,0,0,0,0,160,800,800,1,1,24,21,50,1,7395,800,2202,2049,0,0,0,14491,0,14832,0,0,1,6,11,3,6,175,0,239,15,272,28,6,693,8013,0
1358139,2394,1035,80,47,9999,0,0,396,0,0,0,4133,1636,0,0,62,0,3,2,1651,456,2000,1,0,4,73,72,35660,13778,369,681,166,65,388,0,0,2,73,3,3,0,10,0,0,0,0,0,2688,2816,2688,2816,4128,2208,9136,1682,0,0,0,0,100,58,43,44,48,56,58,57,0,0,76,0,0,0,0,0,0,14898,1136,1018,0,940,77,346,346,100,1,1,0,999,999,40,0,25,0,0,0,0,0,0,0,0,0,0,100,2688,2816,100,0,0,0,0,0,0,0,0,0,0,0,0,0,0,0,0,0,0,0,0,160,800,800,1,1,24,20,50,1,7361,800,2202,2048,0,0,0,19439,0,19841,0,0,0,0,11,3,6,175,0,239,15,272,0,0,693,8013,0
1359191,2353,1032,80,47,9999,0,0,289,0,0,0,4133,1194,0,0,62,0,2,2,1651,456,2000,1,0,4,72,72,35244,13677,322,671,133,65,413,0,0,4,73,3,3,0,10,0,0,0,0,0,2688,2816,2688,2816,4128,2208,8568,1684,0,0,0,0,100,52,42,39,38,42,52,41,0,0,76,0,0,0,0,0,0,14898,1135,1013,0,940,73,346,346,100,2,1,0,999,999,40,0,25,0,0,0,0,0,0,0,0,0,0,100,2688,2816,100,0,0,0,0,0,0,0,0,0,0,0,0,0,0,0,0,0,0,0,0,160,801,801,1,1,24,21,50,1,7399,801,2201,2049,0,0,0,15569,0,16036,0,0,0,4,11,3,6,178,0,239,15,272,19,4,694,8013,0
1360140,2353,1032,80,47,9999,0,0,338,0,0,0,4130,1395,0,0,62,0,3,2,1651,456,2000,1,0,4,73,72,34782,13679,312,627,122,64,401,0,0,4,73,3,3,0,10,0,0,0,0,0,2688,2816,2688,2816,4128,2208,8581,1668,0,0,0,0,100,57,43,36,44,53,57,48,0,0,76,0,0,0,0,0,0,14898,1135,1013,0,940,73,346,346,100,2,1,0,999,999,40,0,25,0,0,0,0,0,0,0,0,0,0,100,2688,2816,100,0,0,0,0,0,0,0,0,0,0,0,0,0,0,0,0,0,0,0,0,160,801,801,1,1,24,21,50,1,7365,801,2201,2048,0,0,0,11404,0,11657,0,0,0,4,11,3,6,168,0,239,15,272,19,4,693,8013,0
1361140,2353,1032,80,47,9999,0,0,153,0,0,0,4130,631,0,0,62,0,2,2,1651,456,2000,1,0,4,73,72,35424,13942,371,812,279,65,406,0,0,3,73,3,3,0,10,0,0,0,0,0,2688,2816,2688,2816,4128,2208,9274,1645,0,0,0,0,100,51,39,30,37,38,46,51,0,0,77,0,0,0,0,0,0,14898,1135,1013,0,940,73,346,346,100,2,1,0,999,999,40,0,25,0,0,0,0,0,0,0,0,0,0,100,2688,2816,100,0,0,0,0,0,0,0,0,0,0,0,0,0,0,0,0,0,0,0,0,160,801,801,1,1,24,20,50,1,7361,801,2202,2048,0,0,0,19611,0,20062,0,0,1,6,11,3,6,170,0,239,15,272,28,6,693,8013,0
1362140,2353,1032,80,47,9999,0,0,336,0,0,0,4130,1387,0,0,62,0,2,2,1651,456,2000,1,0,4,72,72,35508,13799,346,773,161,65,422,0,0,3,72,3,3,0,10,0,0,0,0,0,2688,2816,2688,2816,4128,2208,8705,1641,0,0,0,0,100,51,41,29,39,51,51,50,0,0,77,0,0,0,0,0,0,14898,1135,1013,0,940,73,346,346,100,1,1,0,999,999,40,0,25,0,0,0,0,0,0,0,0,0,0,100,2688,2816,100,0,0,0,0,0,0,0,0,0,0,0,0,0,0,0,0,0,0,0,0,160,801,801,1,1,24,22,50,1,7394,801,2201,2049,0,0,0,14993,0,15390,0,0,1,6,11,3,6,179,0,238,15,272,28,6,692,8013,0
1363140,2353,1032,80,47,9999,0,0,79,0,0,0,4130,326,0,0,62,0,3,2,1651,456,2000,1,0,4,72,72,36286,13756,295,706,111,65,419,0,0,3,73,3,3,0,10,0,0,0,0,0,2688,2816,2688,2816,4128,2208,8012,1638,0,0,0,0,100,49,33,37,37,48,41,49,0,0,77,0,0,0,0,0,0,14898,1135,1013,0,940,73,346,346,100,2,1,0,999,999,40,0,25,0,0,0,0,0,0,0,0,0,0,100,2688,2816,100,0,0,0,0,0,0,0,0,0,0,0,0,0,0,0,0,0,0,0,0,160,801,801,1,1,24,21,50,1,7363,801,2202,2049,0,0,0,7699,0,7926,0,0,0,0,11,3,6,179,0,239,15,272,0,0,692,8013,0
1364140,2353,1032,80,47,9999,0,0,209,0,0,0,4130,863,0,0,62,0,2,2,1382,456,2000,1,0,4,72,72,34543,13694,274,654,105,64,374,0,0,0,73,3,3,0,10,0,0,0,0,0,2688,2816,2688,2816,4128,2208,8633,1656,0,0,0,0,100,51,32,32,32,44,51,42,0,0,77,0,0,0,0,0,0,14898,1135,1013,0,940,73,346,346,100,0,0,0,999,999,40,0,25,0,0,0,0,0,0,0,0,0,0,100,2688,2816,100,0,0,0,0,0,0,0,0,0,0,0,0,0,0,0,0,0,0,0,0,160,802,802,1,1,24,21,50,1,7400,802,2202,2049,0,0,0,13403,0,13621,0,0,0,0,11,3,6,177,0,239,15,272,0,0,694,8013,0
1365141,2353,1032,80,47,9999,0,0,339,0,0,0,4130,1400,0,0,62,0,3,2,1382,456,2000,1,0,4,72,72,35631,13580,264,623,131,64,406,0,0,4,73,3,3,0,10,0,0,0,0,0,2688,2816,2688,2816,4128,2208,8710,1676,0,0,0,0,100,58,41,32,43,58,49,48,0,0,76,0,0,0,0,0,0,14898,1135,1013,0,940,73,346,346,100,1,1,0,999,999,40,0,25,0,0,0,0,0,0,0,0,0,0,100,2688,2816,100,0,0,0,0,0,0,0,0,0,0,0,0,0,0,0,0,0,0,0,0,160,802,802,1,1,24,20,50,1,7367,802,2202,2048,0,0,0,14120,0,14631,0,0,2,1,11,3,6,175,0,239,15,272,51,1,693,8013,0
1366141,2353,1032,80,47,9999,0,0,338,0,0,0,4130,1395,0,0,62,0,2,2,1382,456,2000,1,0,4,72,72,34580,13718,277,770,164,63,395,0,0,1,73,3,3,0,10,0,0,0,0,0,2688,2816,2688,2816,4128,2208,8640,1676,0,0,0,0,100,48,41,36,37,44,48,47,0,0,76,0,0,0,0,0,0,14898,1135,1013,0,940,73,346,346,100,1,1,0,999,999,40,0,25,0,0,0,0,0,0,0,0,0,0,100,2688,2816,100,0,0,0,0,0,0,0,0,0,0,0,0,0,0,0,0,0,0,0,0,160,802,802,1,1,24,22,50,1,7396,802,2201,2050,0,0,0,16447,0,16868,0,0,0,0,11,3,6,171,0,239,15,272,0,0,693,8013,0
1367141,2353,1032,80,47,9999,0,0,272,0,0,0,4130,1123,0,0,62,0,3,2,1382,456,2000,1,0,4,72,72,35504,13659,270,660,145,64,416,0,0,2,72,3,3,0,10,0,0,0,0,0,2688,2816,2688,2816,4128,2208,8579,1682,0,0,0,0,100,54,40,37,39,48,54,54,0,0,76,0,0,0,0,0,0,14898,1135,1013,0,940,73,346,346,100,1,1,0,999,999,40,0,25,0,0,0,0,0,0,0,0,0,0,100,2688,2816,100,0,0,0,0,0,0,0,0,0,0,0,0,0,0,0,0,0,0,0,0,160,802,802,1,1,32,21,50,1,7369,802,2210,2049,0,0,0,13932,0,14151,0,0,0,0,11,3,6,175,0,239,15,272,0,0,693,8013,0
1368141,2353,1032,80,47,9999,0,0,403,0,0,0,4130,1664,0,0,62,0,3,2,1382,456,2000,1,0,4,71,72,35711,13715,701,662,111,64,404,0,0,2,72,3,3,0,10,0,0,0,0,0,2688,2816,2688,2816,4128,2208,8528,1686,0,0,0,0,100,52,44,47,44,48,50,52,0,0,76,0,0,0,0,0,0,14898,1135,1013,0,940,73,346,346,100,2,1,0,999,999,40,0,25,0,0,0,0,0,0,0,0,0,0,100,2688,2816,100,0,0,0,0,0,0,0,0,0,0,0,0,0,0,0,0,0,0,0,0,160,802,802,1,1,32,21,50,1,7369,802,2210,2049,0,0,0,10510,0,10744,0,0,1,6,11,3,6,176,0,239,15,272,28,6,693,8013,0
1369141,2353,1032,80,47,9999,0,0,359,0,0,0,4130,1482,0,0,62,0,2,2,1382,456,2000,1,0,4,73,72,34982,13777,318,663,136,65,468,0,0,2,73,3,3,0,10,0,0,0,0,0,2688,2816,2688,2816,4128,2208,8225,1637,0,0,0,0,100,52,32,37,32,41,52,38,0,0,77,0,0,0,0,0,0,14898,1135,1013,0,940,73,346,346,100,1,1,0,999,999,40,0,25,0,0,0,0,0,0,0,0,0,0,100,2688,2816,100,0,0,0,0,0,0,0,0,0,0,0,0,0,0,0,0,0,0,0,0,160,802,802,1,1,32,20,50,1,7405,802,2210,2049,0,0,0,10662,0,10868,0,0,0,0,11,3,6,173,0,237,15,272,0,0,689,8013,0
1370141,2353,1032,80,47,9999,0,0,112,0,0,0,4117,461,0,0,62,0,3,2,1382,456,2000,1,0,4,72,72,36221,13680,287,628,120,65,458,0,0,4,73,3,3,0,10,0,0,0,0,0,2688,2816,2688,2816,4128,2208,8626,1594,0,0,0,0,100,54,47,42,46,54,48,43,0,0,76,0,0,0,0,0,0,14898,1135,1013,0,940,73,346,346,100,3,1,0,999,999,40,0,25,0,0,0,0,0,0,0,0,0,0,100,2688,2816,100,0,0,0,0,0,0,0,0,0,0,0,0,0,0,0,0,0,0,0,0,160,802,802,1,1,32,16,50,1,7377,802,2210,2044,0,0,0,11589,0,11926,0,0,1,6,11,3,6,181,0,244,15,272,28,6,695,8013,1
1371142,2353,1032,80,47,9999,0,0,669,0,0,0,4117,2754,0,0,62,0,3,2,1382,456,2000,1,0,4,72,72,34559,13673,343,653,118,65,398,0,0,1,72,3,3,0,10,0,0,0,0,0,2688,2816,2688,2816,4128,2208,9277,1551,0,0,0,0,100,53,45,35,43,52,53,47,0,0,76,0,0,0,0,0,0,14898,1135,1013,0,940,73,346,346,100,1,1,0,999,999,40,0,25,0,0,0,0,0,0,0,0,0,0,100,2688,2816,100,0,0,0,0,0,0,0,0,0,0,0,0,0,0,0,0,0,0,0,0,160,802,802,1,1,32,21,50,1,7435,802,2210,2049,0,0,0,17088,0,17468,0,0,2,1,11,3,6,178,0,244,15,272,54,1,694,8013,1
1372141,2353,1032,80,47,9999,0,0,750,0,0,0,4117,3087,0,0,62,0,2,2,1382,456,2000,1,0,4,72,72,36594,13738,322,707,128,63,397,0,0,4,73,3,3,0,10,0,0,0,0,0,2688,2816,2688,2816,4128,2208,8967,1587,0,0,0,0,100,52,44,40,42,51,44,52,0,0,77,0,0,0,0,0,0,14898,1135,1013,0,940,73,346,346,100,1,1,0,999,999,40,0,25,0,0,0,0,0,0,0,0,0,0,100,2688,2816,100,0,0,0,0,0,0,0,0,0,0,0,0,0,0,0,0,0,0,0,0,160,802,802,1,1,32,16,50,1,7403,802,2210,2045,0,0,0,9229,0,9465,0,0,2,1,11,3,6,176,0,243,15,272,54,1,694,8013,1
1373141,2353,1032,80,47,9999,0,0,292,0,0,0,4117,1202,0,0,62,0,3,2,1382,456,2000,1,0,4,70,72,38641,13671,284,616,131,65,431,0,2,6,73,3,3,0,10,0,0,0,0,0,2688,2816,2688,2816,4128,2208,9159,1589,0,0,0,0,100,56,47,49,41,48,51,56,0,0,75,0,0,0,0,0,0,14898,1135,1013,0,940,73,346,346,100,3,1,0,999,999,40,0,25,0,0,0,0,0,0,0,0,0,0,100,2688,2816,100,0,0,0,0,0,0,0,0,0,0,0,0,0,0,0,0,0,0,0,0,160,802,802,1,1,32,22,50,1,7407,802,2209,2049,0,0,0,13573,0,13862,0,0,2,1,11,3,6,175,0,243,15,272,54,1,694,8013,1
1374141,2353,1032,80,47,9999,0,0,492,0,0,0,4117,2025,0,0,62,0,3,3,1651,456,2000,1,0,4,70,72,37714,13640,297,686,116,64,372,0,0,4,73,3,3,0,10,0,0,0,0,0,2688,2816,2688,2816,4128,2208,8802,1522,0,0,0,0,100,57,40,40,43,51,54,57,0,0,76,0,0,0,0,0,0,14898,1135,1013,0,940,73,346,346,100,2,1,0,999,999,40,0,25,0,0,0,0,0,0,0,0,0,0,100,2688,2816,100,0,0,0,0,0,0,0,0,0,0,0,0,0,0,0,0,0,0,0,0,160,803,803,1,1,32,17,50,1,7377,803,2210,2045,0,0,0,18829,0,19190,0,0,2,1,11,3,6,176,0,243,15,272,54,1,694,8013,1
1375141,2353,1032,80,47,9999,0,0,444,0,0,0,4117,1827,0,0,62,0,3,3,1651,456,2000,1,0,4,70,72,38366,13695,305,719,127,65,415,0,3,7,73,3,3,0,10,0,0,0,0,0,2688,2816,2688,2816,4128,2208,8452,1493,0,0,0,0,100,47,37,34,31,46,45,47,0,0,73,0,0,0,0,0,0,14898,1135,1013,0,940,73,346,346,100,3,1,0,999,999,40,0,25,0,0,0,0,0,0,0,0,0,0,100,2688,2816,100,0,0,0,0,0,0,0,0,0,0,0,0,0,0,0,0,0,0,0,0,160,803,803,1,1,32,21,50,1,7379,803,2210,2049,0,0,0,11841,0,12124,0,0,3,7,11,3,6,175,0,243,15,272,83,7,694,8013,1
1376142,2353,1032,80,47,9999,0,0,244,0,0,0,4117,1004,0,0,62,0,3,3,1651,456,2000,1,0,4,68,72,37448,13657,318,669,106,64,346,0,2,10,73,3,3,0,10,0,0,0,0,0,2688,2816,2688,2816,4128,2208,8456,1487,0,0,0,0,100,53,43,37,37,50,53,48,0,0,72,0,0,0,0,0,0,14898,1135,1013,0,940,73,346,346,100,2,1,0,999,999,40,0,25,0,0,0,0,0,0,0,0,0,0,100,2688,2816,100,0,0,0,0,0,0,0,0,0,0,0,0,0,0,0,0,0,0,0,0,160,803,803,1,1,24,16,50,1,7407,803,2201,2044,0,0,0,12725,0,12984,0,0,0,0,11,3,6,178,0,244,15,272,0,0,694,8013,1
1377141,2353,1032,80,47,9999,0,0,317,0,0,0,4117,1305,0,0,62,0,2,3,1651,456,2000,1,0,4,72,72,37157,13493,277,600,100,64,366,0,1,1,72,3,3,0,10,0,0,0,0,0,2688,2816,2688,2816,4128,2208,7971,1478,0,0,0,0,100,57,42,39,43,51,51,57,0,0,72,0,0,0,0,0,0,14898,1135,1013,0,940,73,346,346,100,1,1,0,999,999,40,0,25,0,0,0,0,0,0,0,0,0,0,100,2688,2816,100,0,0,0,0,0,0,0,0,0,0,0,0,0,0,0,0,0,0,0,0,160,803,803,1,1,24,21,50,1,7374,803,2202,2049,0,0,0,20241,0,20643,0,0,2,1,11,3,6,175,0,243,15,272,54,1,694,8013,1
1378142,2353,1032,80,47,9999,0,0,374,0,0,0,4117,1539,0,0,62,0,3,2,1651,456,2000,1,0,4,70,72,37773,13614,363,607,166,64,354,0,0,5,73,3,3,0,10,0,0,0,0,0,2688,2816,2688,2816,4128,2208,9327,1594,0,0,0,0,100,57,42,39,43,51,51,57,0,0,73,0,0,0,0,0,0,14898,1135,1013,0,940,73,346,346,100,2,1,0,999,999,40,0,25,0,0,0,0,0,0,0,0,0,0,100,2688,2816,100,0,0,0,0,0,0,0,0,0,0,0,0,0,0,0,0,0,0,0,0,160,803,803,1,1,24,17,50,1,7407,803,2202,2045,0,0,0,16610,0,16961,0,0,2,1,11,3,6,175,0,243,15,272,54,1,694,8013,1
1379176,2373,1036,80,47,9999,0,0,106,0,0,0,4117,436,0,0,62,0,2,3,1651,456,2000,1,0,4,71,72,39435,13724,313,678,148,66,384,0,1,4,73,3,3,0,10,0,0,0,0,0,2688,2816,2688,2816,4128,2208,8588,1477,0,0,0,0,100,61,50,44,47,55,61,56,0,0,74,0,0,0,0,0,0,14898,1137,1019,0,941,77,345,345,100,3,1,0,999,999,40,0,25,0,0,0,0,0,0,0,0,0,0,100,2688,2816,100,0,0,0,0,0,0,0,0,0,0,0,0,0,0,0,0,0,0,0,0,160,803,803,1,1,24,21,50,1,7375,803,2201,2048,0,0,0,9510,0,9763,0,0,2,1,11,3,6,176,0,243,15,272,54,1,694,8013,1
1380143,2373,1036,80,47,9999,0,0,387,0,0,0,4122,1595,0,0,62,0,3,2,1651,456,2000,1,0,4,71,72,38027,13699,364,706,174,64,378,0,0,5,72,3,3,0,10,0,0,0,0,0,2688,2816,2688,2816,4128,2208,8979,1568,0,0,0,0,100,55,39,39,36,54,55,51,0,0,74,0,0,0,0,0,0,14898,1137,1019,0,941,77,345,345,100,1,1,0,999,999,40,0,25,0,0,0,0,0,0,0,0,0,0,100,2688,2816,100,0,0,0,0,0,0,0,0,0,0,0,0,0,0,0,0,0,0,0,0,160,803,803,1,1,24,21,50,1,7412,803,2202,2049,0,0,0,14619,0,14875,0,0,2,1,11,3,6,176,0,243,15,272,54,1,694,8013,1
1381142,2373,1036,80,47,9999,0,0,318,0,0,0,4122,1310,0,0,62,0,3,2,1651,456,2000,1,0,4,71,72,35437,13733,287,768,151,67,390,0,0,2,73,3,3,0,10,0,0,0,0,0,2688,2816,2688,2816,4128,2208,9129,1569,0,0,0,0,100,53,45,41,41,51,53,52,0,0,78,0,0,0,0,0,0,14898,1137,1019,0,941,77,345,345,100,2,1,0,999,999,40,0,25,0,0,0,0,0,0,0,0,0,0,100,2688,2816,100,0,0,0,0,0,0,0,0,0,0,0,0,0,0,0,0,0,0,0,0,160,804,804,1,1,25,21,50,1,7375,804,2202,2048,0,0,0,15792,0,16281,0,0,2,1,11,3,6,175,0,243,15,272,54,1,694,8013,1
1382142,2373,1036,80,47,9999,0,0,353,0,0,0,4122,1455,0,0,62,0,2,3,1651,456,2000,1,0,4,71,72,36312,13700,268,673,120,65,397,0,1,4,72,3,3,0,10,0,0,0,0,0,2688,2816,2688,2816,4128,2208,8596,1476,0,0,0,0,100,48,46,39,38,48,45,43,0,0,76,0,0,0,0,0,0,14898,1137,1019,0,941,77,345,345,100,2,1,0,999,999,40,0,25,0,0,0,0,0,0,0,0,0,0,100,2688,2816,100,0,0,0,0,0,0,0,0,0,0,0,0,0,0,0,0,0,0,0,0,160,804,804,1,1,25,20,50,1,7375,804,2203,2048,0,0,0,17459,0,17933,0,0,1,3,11,3,6,176,0,243,15,272,26,3,694,8013,1
1383142,2373,1036,80,47,9999,0,0,437,0,0,0,4122,1801,0,0,62,0,2,2,1651,456,2000,1,0,4,71,72,36459,13542,269,687,113,65,371,0,0,2,73,3,3,0,10,0,0,0,0,0,2688,2816,2688,2816,4128,2208,8356,1565,0,0,0,0,100,48,41,38,34,44,46,48,0,0,76,0,0,0,0,0,0,14898,1137,1019,0,941,77,345,345,100,2,1,0,999,999,40,0,25,0,0,0,0,0,0,0,0,0,0,100,2688,2816,100,0,0,0,0,0,0,0,0,0,0,0,0,0,0,0,0,0,0,0,0,160,804,804,1,1,24,20,50,1,7409,804,2201,2047,0,0,0,17189,0,17492,0,0,2,2,11,3,6,175,0,243,15,272,71,2,694,8013,1
1384142,2373,1036,80,47,9999,0,0,254,0,0,0,4122,1046,0,0,62,0,3,2,1651,456,2000,1,0,4,70,72,38081,13719,371,656,167,64,388,0,0,5,73,3,3,0,10,0,0,0,0,0,2688,2816,2688,2816,4128,2208,9716,1581,0,0,0,0,100,56,44,43,44,54,54,56,0,0,77,0,0,0,0,0,0,14898,1137,1019,0,941,77,345,345,100,2,1,0,999,999,40,0,25,0,0,0,0,0,0,0,0,0,0,100,2688,2816,100,0,0,0,0,0,0,0,0,0,0,0,0,0,0,0,0,0,0,0,0,160,804,804,1,1,24,20,50,1,7361,804,2202,2043,0,0,0,16493,0,16919,0,0,0,0,11,3,6,180,0,244,15,272,0,0,694,8013,1
1385142,2373,1036,80,47,9999,0,0,284,0,0,0,4122,1170,0,0,62,0,2,2,1651,456,2000,1,0,4,72,72,36431,13843,313,790,176,65,390,0,0,2,73,3,3,0,10,0,0,0,0,0,2688,2816,2688,2816,4128,2208,8914,1576,0,0,0,0,100,51,38,37,39,50,51,50,0,0,77,0,0,0,0,0,0,14898,1137,1019,0,941,77,345,345,100,2,2,0,999,999,40,0,25,0,0,0,0,0,0,0,0,0,0,100,2688,2816,100,0,0,0,0,0,0,0,0,0,0,0,0,0,0,0,0,0,0,0,0,160,804,804,1,1,24,20,50,1,7397,804,2202,2043,0,0,0,10385,0,10638,0,0,3,6,11,3,6,176,0,243,15,272,78,6,694,8013,1
1386142,2373,1036,80,47,9999,0,0,144,0,0,0,4122,593,0,0,62,0,3,2,1651,456,2000,1,0,4,71,72,41917,13738,365,714,121,65,393,0,4,3,73,3,3,0,10,0,0,0,0,0,2688,2816,2688,2816,4128,2208,9107,1562,0,0,0,0,100,51,37,35,36,41,51,50,0,0,77,0,0,0,0,0,0,14898,1137,1019,0,941,77,345,345,100,2,1,0,999,999,40,0,25,0,0,0,0,0,0,0,0,0,0,100,2688,2816,100,0,0,0,0,0,0,0,0,0,0,0,0,0,0,0,0,0,0,0,0,160,804,804,1,1,24,20,50,1,7360,804,2202,2043,0,0,0,12802,0,13093,0,0,2,1,11,3,6,178,0,244,15,272,54,1,694,8013,1
1387143,2373,1036,80,47,9999,0,0,536,0,0,0,4122,2209,0,0,62,0,2,2,1651,456,2000,1,0,4,72,72,36674,13668,340,655,101,65,381,0,0,1,73,3,3,0,10,0,0,0,0,0,2688,2816,2688,2816,4128,2208,9070,1560,0,0,0,0,100,58,46,42,46,58,55,56,0,0,79,0,0,0,0,0,0,14898,1137,1019,0,941,77,345,345,100,1,1,0,999,999,40,0,25,0,0,0,0,0,0,0,0,0,0,100,2688,2816,100,0,0,0,0,0,0,0,0,0,0,0,0,0,0,0,0,0,0,0,0,160,801,801,1,1,24,21,50,1,7392,801,2202,2044,0,0,0,8064,0,8327,0,0,2,1,11,3,6,181,0,244,15,272,54,1,694,8013,1
1388142,2373,1036,80,47,9999,0,0,254,0,0,0,4122,1046,0,0,62,0,3,3,1651,456,2000,1,0,4,71,72,37201,13649,295,606,107,65,396,0,1,9,72,3,3,0,10,0,0,0,0,0,2688,2816,2688,2816,4128,2208,7773,1486,0,0,0,0,100,50,40,35,39,46,48,50,0,0,77,0,0,0,0,0,0,14898,1137,1019,0,941,77,345,345,100,4,1,0,999,999,40,0,25,0,0,0,0,0,0,0,0,0,0,100,2688,2816,100,0,0,0,0,0,0,0,0,0,0,0,0,0,0,0,0,0,0,0,0,160,801,801,1,1,24,21,50,1,7361,801,2202,2044,0,0,0,9744,0,10175,0,0,2,1,11,3,6,177,0,244,15,272,54,1,694,8013,1
1389143,2373,1036,80,47,9999,0,0,442,0,0,0,4122,1821,0,0,62,0,2,2,1651,456,2000,1,0,4,73,72,38332,13599,330,697,152,64,378,0,2,1,73,3,3,0,10,0,0,0,0,0,2688,2816,2688,2816,4128,2208,9323,1564,0,0,0,0,100,64,48,47,46,61,54,64,0,0,76,0,0,0,0,0,0,14898,1137,1019,0,941,77,345,345,100,1,1,0,999,999,40,0,25,0,0,0,0,0,0,0,0,0,0,100,2688,2816,100,0,0,0,0,0,0,0,0,0,0,0,0,0,0,0,0,0,0,0,0,160,801,801,1,1,24,22,50,1,7361,801,2202,2045,0,0,0,17144,0,17593,0,0,2,1,11,3,6,176,0,243,15,272,54,1,694,8013,1
1390142,2373,1036,80,47,9999,0,0,407,0,0,0,4127,1679,0,0,62,0,2,2,1651,456,2000,1,0,4,72,72,38304,13960,335,840,190,65,387,0,0,2,73,3,3,0,10,0,0,0,0,0,2688,2816,2688,2816,4128,2208,9299,1585,0,0,0,0,100,53,38,39,43,52,52,53,0,0,79,0,0,0,0,0,0,14898,1137,1019,0,941,77,345,345,100,2,1,0,999,999,40,0,25,0,0,0,0,0,0,0,0,0,0,100,2688,2816,100,0,0,0,0,0,0,0,0,0,0,0,0,0,0,0,0,0,0,0,0,160,802,802,1,1,24,21,50,1,7396,802,2202,2044,0,0,0,10310,0,10624,0,0,0,0,11,3,6,178,0,239,15,272,0,0,694,8013,0
1391142,2373,1036,80,47,9999,0,0,307,0,0,0,4127,1266,0,0,62,0,3,2,1651,456,2000,1,0,4,72,72,36667,13770,298,718,151,65,407,0,0,2,73,3,3,0,10,0,0,0,0,0,2688,2816,2688,2816,4128,2208,8939,1665,0,0,0,0,100,54,44,40,45,52,48,54,0,0,78,0,0,0,0,0,0,14898,1137,1019,0,941,77,345,345,100,2,1,0,999,999,40,0,25,0,0,0,0,0,0,0,0,0,0,100,2688,2816,100,0,0,0,0,0,0,0,0,0,0,0,0,0,0,0,0,0,0,0,0,160,802,802,1,1,24,21,50,1,7359,802,2202,2044,0,0,0,9831,0,10098,0,0,0,0,11,3,6,178,0,239,15,272,0,0,693,8013,0
1392142,2373,1036,80,47,9999,0,0,351,0,0,0,4127,1448,0,0,62,0,2,2,1651,456,2000,1,0,4,72,72,35333,13687,337,640,130,65,405,0,0,1,73,3,3,0,10,0,0,0,0,0,2688,2816,2688,2816,4128,2208,8956,1697,0,0,0,0,100,53,38,43,43,44,53,41,0,0,79,0,0,0,0,0,0,14898,1137,1019,0,941,77,345,345,100,1,1,0,999,999,40,0,25,0,0,0,0,0,0,0,0,0,0,100,2688,2816,100,0,0,0,0,0,0,0,0,0,0,0,0,0,0,0,0,0,0,0,0,160,802,802,1,1,24,21,50,1,7400,802,2202,2044,0,0,0,17714,0,18079,0,0,0,0,11,3,6,172,0,239,15,272,0,0,693,8013,0
1393143,2373,1036,80,47,9999,0,0,672,0,0,0,4127,2773,0,0,62,0,3,4,1651,456,2000,1,0,4,73,72,36765,13673,312,591,116,65,403,0,1,5,73,3,3,0,10,0,0,0,0,0,2688,2816,2688,2816,4128,2208,7449,1521,0,0,0,0,100,52,41,39,37,47,47,52,0,0,77,0,0,0,0,0,0,14898,1137,1019,0,941,77,345,345,100,3,1,0,999,999,40,0,25,0,0,0,0,0,0,0,0,0,0,100,2688,2816,100,0,0,0,0,0,0,0,0,0,0,0,0,0,0,0,0,0,0,0,0,160,802,802,1,1,24,22,50,1,7391,802,2202,2045,0,0,0,10716,0,11150,0,0,0,0,11,3,6,172,0,239,15,272,0,0,693,8013,0
1394143,2373,1036,80,47,9999,0,0,335,0,0,0,4127,1382,0,0,62,0,2,3,1651,545,2000,1,0,4,72,72,35198,13707,293,742,111,65,336,0,0,0,73,3,3,0,10,0,0,0,0,0,2688,2816,2688,2816,4128,2208,7678,1518,0,0,0,0,100,54,42,44,47,52,48,54,0,0,71,0,0,0,0,0,0,14898,1137,1019,0,941,77,345,345,100,0,0,0,999,999,40,0,25,0,0,0,0,0,0,0,0,0,0,100,2688,2816,100,0,0,0,0,0,0,0,0,0,0,0,0,0,0,0,0,0,0,0,0,160,802,802,1,1,24,20,50,1,7393,802,2202,2043,0,0,0,11549,0,11851,0,0,0,0,11,3,6,172,0,239,15,272,0,0,693,8013,0
1395144,2373,1036,80,47,9999,0,0,252,0,0,0,4127,1040,0,0,62,0,2,3,1651,545,2000,1,0,4,72,72,35331,13656,307,659,126,65,379,0,0,6,73,3,3,0,10,0,0,0,0,0,2688,2816,2688,2816,4128,2208,7678,1593,0,0,0,0,100,50,52,45,45,46,50,45,0,0,72,0,0,0,0,0,0,14898,1137,1019,0,941,77,345,345,100,2,1,0,999,999,40,0,25,0,0,0,0,0,0,0,0,0,0,100,2688,2816,100,0,0,0,0,0,0,0,0,0,0,0,0,0,0,0,0,0,0,0,0,160,802,802,1,1,24,22,50,1,7367,802,2202,2046,0,0,0,8950,0,9199,0,0,0,0,11,3,6,174,0,239,15,272,0,0,693,8013,0
1396143,2373,1036,80,47,9999,0,0,120,0,0,0,4124,494,0,0,62,0,2,2,1651,545,2000,1,0,4,72,72,36591,13675,322,622,125,65,388,0,0,1,73,3,3,0,10,0,0,0,0,0,2688,2816,2688,2816,4128,2208,9493,1702,0,0,0,0,100,59,46,44,49,57,59,51,0,0,75,0,0,0,0,0,0,14898,1137,1019,0,941,77,345,345,100,1,1,0,999,999,40,0,25,0,0,0,0,0,0,0,0,0,0,100,2688,2816,100,0,0,0,0,0,0,0,0,0,0,0,0,0,0,0,0,0,0,0,0,160,802,802,1,1,24,20,50,1,7363,802,2202,2043,0,0,0,15781,0,16447,0,0,2,1,11,3,6,175,0,239,15,272,51,1,693,8013,0
1397143,2373,1036,79,47,9999,0,0,399,0,0,0,4124,1645,0,0,62,0,2,2,1651,545,2000,1,0,4,72,72,37205,13736,271,683,117,64,500,0,0,0,72,3,3,0,10,0,0,0,0,0,2688,2816,2688,2816,4128,2208,8854,1690,0,0,0,0,100,52,41,35,40,48,52,50,0,0,77,0,0,0,0,0,0,14898,1137,1019,0,941,77,345,345,100,0,0,0,999,999,40,0,25,0,0,0,0,0,0,0,0,0,0,100,2688,2816,100,0,0,0,0,0,0,0,0,0,0,0,0,0,0,0,0,0,0,0,0,160,802,802,1,1,24,22,50,1,7402,802,2201,2045,0,0,0,16266,0,16750,0,0,0,0,11,3,6,176,0,239,15,272,0,0,693,8013,0
1398143,2373,1036,79,47,9999,0,0,365,0,0,0,4124,1505,0,0,62,0,3,2,1651,545,2000,1,0,4,72,72,36200,13826,362,721,197,66,392,0,0,2,73,3,3,0,10,0,0,0,0,0,2688,2816,2688,2816,4128,2208,8890,1690,0,0,0,0,100,54,41,38,39,49,54,46,0,0,78,0,0,0,0,0,0,14898,1137,1019,0,941,77,345,345,100,1,1,0,999,999,40,0,25,0,0,0,0,0,0,0,0,0,0,100,2688,2816,100,0,0,0,0,0,0,0,0,0,0,0,0,0,0,0,0,0,0,0,0,160,802,802,1,1,24,21,50,1,7366,802,2202,2045,0,0,0,16024,0,16438,0,0,1,6,11,3,6,172,0,239,15,272,28,6,693,8013,0
1399183,2347,1033,79,47,9999,0,0,279,0,0,0,4124,1150,0,0,62,0,2,2,1651,545,2000,1,0,4,73,72,35348,13823,346,680,176,65,403,0,0,2,73,3,3,0,10,0,0,0,0,0,2688,2816,2688,2816,4128,2208,8750,1711,0,0,0,0,100,55,48,49,50,55,50,53,0,0,81,0,0,0,0,0,0,14898,1136,1015,0,941,73,346,346,100,1,1,0,999,999,40,0,25,0,0,0,0,0,0,0,0,0,0,100,2688,2816,100,0,0,0,0,0,0,0,0,0,0,0,0,0,0,0,0,0,0,0,0,160,802,802,1,1,24,22,50,1,7402,802,2202,2045,0,0,0,12850,0,13329,0,0,0,0,11,3,6,177,0,239,15,272,0,0,694,8013,0
1400143,2347,1033,79,47,9999,0,0,277,0,0,0,4125,1142,0,0,62,0,3,3,1651,545,2000,1,0,4,72,72,37316,13772,305,667,155,66,379,0,0,3,73,3,3,0,10,0,0,0,0,0,2688,2816,2688,2816,4128,2208,8627,1576,0,0,0,0,100,50,37,38,37,44,50,46,0,0,79,0,0,0,0,0,0,14898,1136,1015,0,941,73,346,346,100,2,1,0,999,999,40,0,25,0,0,0,0,0,0,0,0,0,0,100,2688,2816,100,0,0,0,0,0,0,0,0,0,0,0,0,0,0,0,0,0,0,0,0,160,802,802,1,1,24,21,50,1,7370,802,2202,2044,0,0,0,16988,0,17336,0,0,0,0,11,3,6,178,0,239,15,272,0,0,694,8013,0
1401144,2347,1033,79,47,9999,0,0,462,0,0,0,4125,1905,0,0,62,0,2,3,1651,545,2000,1,0,4,72,72,35071,13661,264,763,118,64,393,0,0,1,72,3,3,0,10,0,0,0,0,0,2688,2816,2688,2816,4128,2208,8095,1576,0,0,0,0,100,54,48,41,48,54,47,53,0,0,77,0,0,0,0,0,0,14898,1136,1015,0,941,73,346,346,100,1,1,0,999,999,40,0,25,0,0,0,0,0,0,0,0,0,0,100,2688,2816,100,0,0,0,0,0,0,0,0,0,0,0,0,0,0,0,0,0,0,0,0,160,802,802,1,1,24,21,50,1,7370,802,2202,2044,0,0,0,10427,0,10690,0,0,0,0,11,3,6,178,0,239,15,272,0,0,694,8013,0
1402143,2347,1033,79,47,9999,0,0,268,0,0,0,4125,1105,0,0,62,0,2,3,1651,545,2000,1,0,4,71,72,35288,13731,353,711,108,64,387,0,0,6,72,3,3,0,10,0,0,0,0,0,2688,2816,2688,2816,4128,2208,8500,1581,0,0,0,0,100,53,48,42,43,45,48,53,0,0,76,0,0,0,0,0,0,14898,1136,1015,0,941,73,346,346,100,2,1,0,999,999,40,0,25,0,0,0,0,0,0,0,0,0,0,100,2688,2816,100,0,0,0,0,0,0,0,0,0,0,0,0,0,0,0,0,0,0,0,0,160,802,802,1,1,24,21,50,1,7404,802,2202,2044,0,0,0,11170,0,11425,0,0,0,4,11,3,6,175,0,239,15,272,19,4,693,8013,0
1403143,2347,1033,79,47,9999,0,0,133,0,0,0,4125,548,0,0,62,0,3,3,1651,545,2000,1,0,4,73,72,35549,13814,298,719,179,65,423,0,0,0,72,3,3,0,10,0,0,0,0,0,2688,2816,2688,2816,4128,2208,8585,1591,0,0,0,0,100,57,40,39,44,57,51,52,0,0,76,0,0,0,0,0,0,14898,1136,1015,0,941,73,346,346,100,0,0,0,999,999,40,0,25,0,0,0,0,0,0,0,0,0,0,100,2688,2816,100,0,0,0,0,0,0,0,0,0,0,0,0,0,0,0,0,0,0,0,0,160,801,801,1,1,23,21,50,1,7370,801,2201,2044,0,0,0,11274,0,11547,0,0,0,0,11,3,6,170,0,244,15,272,0,0,695,8013,1
1404143,2347,1033,79,47,9999,0,0,261,0,0,0,4125,1076,0,0,62,0,2,2,1382,492,2000,1,0,4,72,72,35082,13622,340,705,157,64,373,0,0,4,73,3,3,0,10,0,0,0,0,0,2688,2816,2688,2816,4128,2208,9194,1504,0,0,0,0,100,48,33,38,37,36,48,35,0,0,74,0,0,0,0,0,0,14898,1136,1015,0,941,73,346,346,100,2,1,0,999,999,40,0,25,0,0,0,0,0,0,0,0,0,0,100,2688,2816,100,0,0,0,0,0,0,0,0,0,0,0,0,0,0,0,0,0,0,0,0,160,802,802,1,1,23,20,50,1,7403,802,2201,2044,0,0,0,11860,0,12144,0,0,0,0,11,3,6,169,0,239,15,272,0,0,693,8013,0
1405143,2347,1033,79,47,9999,0,0,235,0,0,0,4125,969,0,0,62,0,2,2,1382,492,2000,1,0,4,72,72,38112,13616,346,571,122,64,373,0,0,4,73,3,3,0,10,0,0,0,0,0,2688,2816,2688,2816,4128,2208,9815,1665,0,0,0,0,100,55,43,39,40,52,55,48,0,0,78,0,0,0,0,0,0,14898,1136,1015,0,941,73,346,346,100,2,1,0,999,999,40,0,25,0,0,0,0,0,0,0,0,0,0,100,2688,2816,100,0,0,0,0,0,0,0,0,0,0,0,0,0,0,0,0,0,0,0,0,160,802,802,1,1,23,21,50,1,7370,802,2201,2045,0,0,0,10993,0,11536,0,0,0,4,11,3,6,176,0,239,15,272,19,4,694,8013,0
1406144,2347,1033,79,47,9999,0,0,158,0,0,0,4125,651,0,0,62,0,2,2,1382,492,2000,1,0,4,71,72,37171,13672,265,655,178,65,374,0,0,4,73,3,3,0,10,0,0,0,0,0,2688,2816,2688,2816,4128,2208,9362,1659,0,0,0,0,100,54,37,41,39,51,52,54,0,0,78,0,0,0,0,0,0,14898,1136,1015,0,941,73,346,346,100,2,1,0,999,999,40,0,25,0,0,0,0,0,0,0,0,0,0,100,2688,2816,100,0,0,0,0,0,0,0,0,0,0,0,0,0,0,0,0,0,0,0,0,160,801,801,1,1,24,20,50,1,7401,801,2202,2044,0,0,0,16706,0,17134,0,0,0,0,11,3,6,172,0,239,15,272,0,0,693,8013,0
1407144,2347,1033,79,47,9999,0,0,380,0,0,0,4125,1567,0,0,62,0,3,2,1382,492,2000,1,0,4,71,72,37443,13724,511,711,165,63,440,0,0,4,73,3,3,0,10,0,0,0,0,0,2688,2816,2688,2816,4128,2208,9142,1677,0,0,0,0,100,51,36,39,38,49,51,45,0,0,79,0,0,0,0,0,0,14898,1136,1015,0,941,73,346,346,100,2,1,0,999,999,40,0,25,0,0,0,0,0,0,0,0,0,0,100,2688,2816,100,0,0,0,0,0,0,0,0,0,0,0,0,0,0,0,0,0,0,0,0,160,802,802,1,1,24,21,50,1,7370,802,2202,2045,0,0,0,13493,0,13719,0,0,0,0,11,3,6,182,0,209,15,272,0,0,603,8013,0
1408144,2347,1033,79,47,9999,0,0,129,0,0,0,4125,532,0,0,62,0,3,2,1382,492,2000,1,0,4,72,72,35306,13670,282,739,130,65,387,0,0,1,73,3,3,0,10,0,0,0,0,0,2688,2816,2688,2816,4128,2208,8762,1666,0,0,0,0,100,53,47,39,47,50,52,53,0,0,79,0,0,0,0,0,0,14898,1136,1015,0,941,73,346,346,100,1,1,0,999,999,40,0,25,0,0,0,0,0,0,0,0,0,0,100,2688,2816,100,0,0,0,0,0,0,0,0,0,0,0,0,0,0,0,0,0,0,0,0,160,802,802,1,1,24,21,50,1,7371,802,2202,2044,0,0,0,17761,0,18288,0,0,1,6,11,3,6,179,0,200,15,272,28,6,578,8013,0
1409144,2347,1033,79,47,9999,0,0,154,0,0,0,4125,635,0,0,62,0,2,2,1382,492,2000,1,0,4,73,72,34739,13723,268,695,123,64,432,0,0,0,72,3,3,0,10,0,0,0,0,0,2688,2816,2688,2816,4128,2208,8423,1656,0,0,0,0,100,53,40,43,41,47,53,50,0,0,77,0,0,0,0,0,0,14898,1136,1015,0,941,73,346,346,100,0,0,0,999,999,40,0,25,0,0,0,0,0,0,0,0,0,0,100,2688,2816,100,0,0,0,0,0,0,0,0,0,0,0,0,0,0,0,0,0,0,0,0,160,802,802,1,1,24,20,50,1,7402,802,2201,2043,0,0,0,12065,0,12316,0,0,1,6,11,3,6,177,0,200,15,272,28,6,578,8013,0
1410144,2347,1033,79,47,9999,0,0,152,0,0,0,4138,628,0,0,62,0,2,2,1382,492,2000,1,0,4,72,72,36051,13699,315,662,118,65,393,0,0,2,73,3,3,0,10,0,0,0,0,0,2688,2816,2688,2816,4128,2208,8291,1644,0,0,0,0,100,55,43,37,43,52,55,50,0,0,75,0,0,0,0,0,0,14898,1136,1015,0,941,73,346,346,100,1,1,0,999,999,40,0,25,0,0,0,0,0,0,0,0,0,0,100,2688,2816,100,0,0,0,0,0,0,0,0,0,0,0,0,0,0,0,0,0,0,0,0,160,802,802,1,1,24,19,50,1,7370,802,2201,2042,0,0,0,18124,0,18517,0,0,0,0,11,3,6,177,0,183,15,272,0,0,527,8013,0
1411144,2347,1033,79,47,9999,0,0,0,0,0,0,4138,0,0,0,62,0,2,2,1382,492,2000,1,0,4,73,72,36379,13727,278,753,149,64,439,0,0,4,73,3,3,0,10,0,0,0,0,0,2688,2816,2688,2816,4128,2208,7962,1644,0,0,0,0,100,60,45,46,43,50,60,53,0,0,73,0,0,0,0,0,0,14898,1136,1015,0,941,73,346,346,100,2,1,0,999,999,40,0,25,0,0,0,0,0,0,0,0,0,0,100,2688,2816,100,0,0,0,0,0,0,0,0,0,0,0,0,0,0,0,0,0,0,0,0,160,803,803,1,1,24,20,50,1,7400,803,2202,2042,0,0,0,13084,0,13320,0,0,0,0,11,3,6,177,0,183,15,272,0,0,527,8013,0
1412144,2347,1033,79,47,9999,0,0,172,0,0,0,4138,711,0,0,62,0,2,2,1382,492,2000,1,0,4,72,72,34070,13708,295,689,155,67,478,0,0,0,72,3,3,0,10,0,0,0,0,0,2688,2816,2688,2816,4128,2208,8102,1638,0,0,0,0,100,45,34,40,31,44,45,41,0,0,73,0,0,0,0,0,0,14898,1136,1015,0,941,73,346,346,100,0,0,0,999,999,40,0,25,0,0,0,0,0,0,0,0,0,0,100,2688,2816,100,0,0,0,0,0,0,0,0,0,0,0,0,0,0,0,0,0,0,0,0,160,803,803,1,1,25,18,50,1,7369,803,2203,2041,0,0,0,13480,0,13804,0,0,2,1,11,3,6,171,0,239,15,272,51,1,693,8013,0
1413144,2347,1033,79,47,9999,0,0,455,0,0,0,4138,1882,0,0,62,0,3,2,1382,492,2000,1,0,4,72,72,36025,13882,407,811,268,65,399,0,0,4,73,3,3,0,10,0,0,0,0,0,2688,2816,2688,2816,4128,2208,9226,1697,0,0,0,0,100,46,35,37,32,46,34,37,0,0,74,0,0,0,0,0,0,14898,1136,1015,0,941,73,346,346,100,4,1,0,999,999,40,0,25,0,0,0,0,0,0,0,0,0,0,100,2688,2816,100,0,0,0,0,0,0,0,0,0,0,0,0,0,0,0,0,0,0,0,0,160,803,803,1,1,25,18,50,1,7387,803,2203,2042,0,0,0,9708,0,10078,0,0,0,4,11,3,6,168,0,201,15,272,19,4,580,8013,0
1414145,2347,1033,79,47,9999,0,0,806,0,0,0,4138,3335,0,0,62,0,3,3,1651,456,2000,1,0,4,71,72,35058,14029,321,836,204,64,399,0,0,4,72,3,3,0,10,0,0,0,0,0,2688,2816,2688,2816,4128,2208,9118,1686,0,0,0,0,100,50,45,36,38,46,50,48,0,0,76,0,0,0,0,0,0,14898,1136,1015,0,941,73,346,346,100,4,1,0,999,999,40,0,25,0,0,0,0,0,0,0,0,0,0,100,2688,2816,100,0,0,0,0,0,0,0,0,0,0,0,0,0,0,0,0,0,0,0,0,160,803,803,1,1,24,17,50,1,7400,803,2202,2041,0,0,0,8930,0,9172,0,0,0,0,11,3,6,167,0,200,15,272,0,0,578,8013,0
1415144,2347,1033,79,47,9999,0,0,241,0,0,0,4138,997,0,0,62,0,2,3,1651,456,2000,1,0,4,72,72,34619,13803,312,750,133,65,412,0,0,1,73,3,3,0,10,0,0,0,0,0,2688,2816,2688,2816,4128,2208,8402,1618,0,0,0,0,100,48,40,42,42,48,46,47,0,0,75,0,0,0,0,0,0,14898,1136,1015,0,941,73,346,346,100,1,1,0,999,999,40,0,25,0,0,0,0,0,0,0,0,0,0,100,2688,2816,100,0,0,0,0,0,0,0,0,0,0,0,0,0,0,0,0,0,0,0,0,160,803,803,1,1,24,18,50,1,7372,803,2201,2041,0,0,0,9910,0,10159,0,0,0,0,11,3,6,180,0,200,15,272,0,0,578,8013,0
1416144,2347,1033,79,47,9999,0,0,349,0,0,0,4138,1444,0,0,62,0,2,2,1651,456,2000,1,0,4,72,72,36553,13738,347,706,132,66,417,0,0,4,73,3,3,0,10,0,0,0,0,0,2688,2816,2688,2816,4128,2208,8195,1698,0,0,0,0,100,48,51,44,44,42,48,47,0,0,74,0,0,0,0,0,0,14898,1136,1015,0,941,73,346,346,100,2,1,0,999,999,40,0,25,0,0,0,0,0,0,0,0,0,0,100,2688,2816,100,0,0,0,0,0,0,0,0,0,0,0,0,0,0,0,0,0,0,0,0,160,803,803,1,1,24,18,50,1,7403,803,2202,2042,0,0,0,12063,0,12545,0,0,1,6,11,3,6,177,0,200,15,272,28,6,578,8013,0
1417144,2347,1033,79,47,9999,0,0,362,0,0,0,4138,1497,0,0,62,0,3,4,1651,456,2000,1,0,4,72,72,35902,13899,333,831,188,66,367,0,0,2,72,3,3,0,10,0,0,0,0,0,2688,2816,2688,2816,4128,2208,7289,1441,0,0,0,0,100,59,46,46,52,59,59,57,0,0,73,0,0,0,0,0,0,14898,1136,1015,0,941,73,346,346,100,1,1,0,999,999,40,0,25,0,0,0,0,0,0,0,0,0,0,100,2688,2816,100,0,0,0,0,0,0,0,0,0,0,0,0,0,0,0,0,0,0,0,0,160,803,803,1,1,24,18,50,1,7372,803,2202,2042,0,0,0,12508,0,12895,0,0,0,0,11,3,6,178,0,200,15,272,0,0,578,8013,0
1418144,2347,1033,79,47,9999,0,0,272,0,0,0,4117,1119,0,0,62,0,3,3,1651,456,2000,1,0,4,73,72,34022,13735,295,720,149,64,377,0,0,7,72,3,3,0,10,0,0,0,0,0,2688,2816,2688,2816,4128,2208,7768,1556,0,0,0,0,100,42,36,33,27,42,41,42,0,0,70,0,0,0,0,0,0,14898,1136,1015,0,941,73,346,346,100,4,1,0,999,999,40,0,25,0,0,0,0,0,0,0,0,0,0,100,2688,2816,100,0,0,0,0,0,0,0,0,0,0,0,0,0,0,0,0,0,0,0,0,160,803,803,1,1,24,18,50,1,7407,803,2202,2041,0,0,0,13797,0,13985,0,0,0,0,11,3,6,183,0,239,15,272,0,0,692,8013,0
1419180,2377,1036,79,47,9999,0,0,373,0,0,0,4117,1535,0,0,62,0,4,3,1651,456,2000,1,0,4,72,72,34857,13735,295,720,149,64,377,0,0,7,72,3,3,0,10,0,0,0,0,0,2688,2816,2688,2816,4128,2208,8522,1507,0,0,0,0,100,52,44,40,39,52,50,50,0,0,72,0,0,0,0,0,0,14897,1137,1020,0,942,77,345,345,100,4,1,0,999,999,40,0,25,0,0,0,0,0,0,0,0,0,0,100,2688,2816,100,0,0,0,0,0,0,0,0,0,0,0,0,0,0,0,0,0,0,0,0,160,804,804,1,1,24,19,50,1,7373,804,2201,2042,0,0,0,11910,0,12130,0,0,0,4,11,3,6,189,0,239,15,272,19,4,693,8013,0
1420145,2377,1036,79,47,9999,0,0,178,0,0,0,4124,734,0,0,62,0,3,3,1651,456,2000,1,0,4,73,72,32801,13569,333,646,176,68,393,0,0,0,73,3,3,0,10,0,0,0,0,0,2688,2816,2688,2816,4128,2208,8348,1545,0,0,0,0,100,46,43,45,41,46,43,46,0,0,74,0,0,0,0,0,0,14897,1137,1020,0,942,77,345,345,100,0,0,0,999,999,40,0,25,0,0,0,0,0,0,0,0,0,0,100,2688,2816,100,0,0,0,0,0,0,0,0,0,0,0,0,0,0,0,0,0,0,0,0,160,804,804,1,1,24,19,50,1,7399,804,2202,2042,0,0,0,13399,0,13900,0,0,0,0,11,3,6,182,0,209,15,272,0,0,603,8013,0
1421145,2377,1036,79,47,9999,0,0,287,0,0,0,4124,1183,0,0,62,0,2,3,1651,456,2000,1,0,4,72,72,33459,13537,341,603,133,64,391,0,0,1,73,3,3,0,10,0,0,0,0,0,2688,2816,2688,2816,4128,2208,7904,1559,0,0,0,0,100,46,45,42,39,43,42,46,0,0,72,0,0,0,0,0,0,14897,1137,1020,0,942,77,345,345,100,1,1,0,999,999,40,0,25,0,0,0,0,0,0,0,0,0,0,100,2688,2816,100,0,0,0,0,0,0,0,0,0,0,0,0,0,0,0,0,0,0,0,0,160,804,804,1,1,24,19,50,1,7374,804,2201,2042,0,0,0,9692,0,10045,0,0,0,0,11,3,6,182,0,209,15,272,0,0,603,8013,0
1422145,2377,1036,79,47,9999,0,0,507,0,0,0,4124,2090,0,0,62,0,3,3,1651,456,2000,1,0,4,73,72,35579,13604,302,599,114,63,391,0,0,2,73,3,3,0,10,0,0,0,0,0,2688,2816,2688,2816,4128,2208,8019,1549,0,0,0,0,100,56,48,42,44,56,45,54,0,0,71,0,0,0,0,0,0,14897,1137,1020,0,942,77,345,345,100,1,1,0,999,999,40,0,25,0,0,0,0,0,0,0,0,0,0,100,2688,2816,100,0,0,0,0,0,0,0,0,0,0,0,0,0,0,0,0,0,0,0,0,160,804,804,1,1,24,19,50,1,7372,804,2201,2041,0,0,0,19750,0,20211,0,0,0,0,11,3,6,184,0,209,15,272,0,0,604,8013,0
1423145,2377,1036,79,47,9999,0,0,380,0,0,0,4124,1567,0,0,62,0,2,2,1651,456,2000,1,0,4,72,72,34278,13528,270,677,124,65,383,0,0,2,73,3,3,0,10,0,0,0,0,0,2688,2816,2688,2816,4128,2208,8699,1662,0,0,0,0,100,50,42,35,40,50,42,48,0,0,73,0,0,0,0,0,0,14897,1137,1020,0,942,77,345,345,100,2,1,0,999,999,40,0,25,0,0,0,0,0,0,0,0,0,0,100,2688,2816,100,0,0,0,0,0,0,0,0,0,0,0,0,0,0,0,0,0,0,0,0,160,804,804,1,1,24,18,50,1,7408,804,2202,2042,0,0,0,11248,0,11488,0,0,0,0,11,3,6,181,0,209,15,272,0,0,603,8013,0
1424145,2377,1036,79,47,9999,0,0,298,0,0,0,4124,1228,0,0,62,0,3,2,1651,456,2000,1,0,4,72,72,35295,13559,310,579,108,64,373,0,0,2,73,3,3,0,10,0,0,0,0,0,2688,2816,2688,2816,4128,2208,8569,1658,0,0,0,0,100,54,42,37,41,54,47,54,0,0,75,0,0,0,0,0,0,14897,1137,1020,0,942,77,345,345,100,1,1,0,999,999,40,0,25,0,0,0,0,0,0,0,0,0,0,100,2688,2816,100,0,0,0,0,0,0,0,0,0,0,0,0,0,0,0,0,0,0,0,0,160,804,804,1,1,24,17,50,1,7376,804,2202,2041,0,0,0,14743,0,14993,0,0,0,0,11,3,6,182,0,209,15,272,0,0,603,8013,0
1425145,2377,1036,79,47,9999,0,0,440,0,0,0,4124,1814,0,0,62,0,2,2,1651,456,2000,1,0,4,72,72,35372,13882,338,773,266,64,402,0,0,3,73,3,3,0,10,0,0,0,0,0,2688,2816,2688,2816,4128,2208,8473,1662,0,0,0,0,100,50,32,34,31,34,42,50,0,0,76,0,0,0,0,0,0,14897,1137,1020,0,942,77,345,345,100,2,1,0,999,999,40,0,25,0,0,0,0,0,0,0,0,0,0,100,2688,2816,100,0,0,0,0,0,0,0,0,0,0,0,0,0,0,0,0,0,0,0,0,160,801,801,1,1,24,19,50,1,7404,801,2201,2042,0,0,0,19776,0,20210,0,0,0,0,11,3,6,182,0,209,15,272,0,0,603,8013,0
1426145,2377,1036,79,47,9999,0,0,408,0,0,0,4124,1682,0,0,62,0,2,2,1651,456,2000,1,0,4,73,72,37736,13995,353,880,283,65,462,0,0,4,72,3,3,0,10,0,0,0,0,0,2688,2816,2688,2816,4128,2208,8598,1674,0,0,0,0,100,53,36,41,36,53,49,51,0,0,77,0,0,0,0,0,0,14897,1137,1020,0,942,77,345,345,100,2,1,0,999,999,40,0,25,0,0,0,0,0,0,0,0,0,0,100,2688,2816,100,0,0,0,0,0,0,0,0,0,0,0,0,0,0,0,0,0,0,0,0,160,801,801,1,1,24,21,50,1,7371,801,2202,2044,0,0,0,12918,0,13181,0,0,0,0,11,3,6,188,0,218,15,272,0,0,632,8013,0
1427146,2377,1036,79,47,9999,0,0,424,0,0,0,4124,1748,0,0,62,0,2,2,1651,456,2000,1,0,4,73,72,36670,13948,302,815,156,65,515,0,0,2,73,3,3,0,10,0,0,0,0,0,2688,2816,2688,2816,4128,2208,8741,1672,0,0,0,0,100,56,40,37,41,56,56,53,0,0,76,0,0,0,0,0,0,14897,1137,1020,0,942,77,345,345,100,1,1,0,999,999,40,0,25,0,0,0,0,0,0,0,0,0,0,100,2688,2816,100,0,0,0,0,0,0,0,0,0,0,0,0,0,0,0,0,0,0,0,0,160,801,801,1,1,24,21,50,1,7377,801,2202,2045,0,0,0,8763,0,9072,0,0,0,0,11,3,6,189,0,239,15,272,0,0,693,8013,0
1428146,2377,1036,79,47,9999,0,0,307,0,0,0,4124,1266,0,0,62,0,3,2,1651,456,2000,1,0,4,73,72,37434,13803,267,752,111,64,410,0,0,2,72,3,3,0,10,0,0,0,0,0,2688,2816,2688,2816,4128,2208,8791,1693,0,0,0,0,100,52,36,30,30,48,47,52,0,0,77,0,0,0,0,0,0,14897,1137,1020,0,942,77,345,345,100,1,1,0,999,999,40,0,25,0,0,0,0,0,0,0,0,0,0,100,2688,2816,100,0,0,0,0,0,0,0,0,0,0,0,0,0,0,0,0,0,0,0,0,160,801,801,1,1,24,21,50,1,7378,801,2202,2045,0,0,0,9742,0,9962,0,0,0,0,11,3,6,189,0,230,15,272,0,0,667,8013,0
1429145,2377,1036,79,47,9999,0,0,308,0,0,0,4124,1270,0,0,62,0,2,2,1651,456,2000,1,0,4,73,72,37434,13639,284,661,106,65,420,0,0,5,73,3,3,0,10,0,0,0,0,0,2688,2816,2688,2816,4128,2208,8143,1686,0,0,0,0,100,57,45,43,47,57,56,51,0,0,77,0,0,0,0,0,0,14897,1137,1020,0,942,77,345,345,100,2,1,0,999,999,40,0,25,0,0,0,0,0,0,0,0,0,0,100,2688,2816,100,0,0,0,0,0,0,0,0,0,0,0,0,0,0,0,0,0,0,0,0,160,801,801,1,1,24,21,50,1,7374,801,2202,2045,0,0,0,16809,0,17232,0,0,0,0,11,3,6,189,0,230,15,272,0,0,667,8013,0
1430146,2377,1036,79,47,9999,0,0,393,0,0,0,4120,1619,0,0,62,0,2,2,1651,456,2000,1,0,4,72,72,35412,13662,307,660,105,64,412,0,0,0,72,3,3,0,10,0,0,0,0,0,2688,2816,2688,2816,4128,2208,8116,1691,0,0,0,0,100,50,35,27,31,43,42,50,0,0,77,0,0,0,0,0,0,14897,1137,1020,0,942,77,345,345,100,0,0,0,999,999,40,0,25,0,0,0,0,0,0,0,0,0,0,100,2688,2816,100,0,0,0,0,0,0,0,0,0,0,0,0,0,0,0,0,0,0,0,0,160,802,802,1,1,24,21,50,1,7409,802,2202,2045,0,0,0,16609,0,17101,0,0,0,0,11,3,6,189,0,210,15,272,0,0,606,8013,0
1431146,2377,1036,79,47,9999,0,0,305,0,0,0,4120,1256,0,0,62,0,2,2,1651,456,2000,1,0,4,73,72,34990,13628,291,612,109,65,400,0,0,1,73,3,3,0,10,0,0,0,0,0,2688,2816,2688,2816,4128,2208,8774,1688,0,0,0,0,100,58,42,39,45,51,58,48,0,0,78,0,0,0,0,0,0,14897,1137,1020,0,942,77,345,345,100,1,1,0,999,999,40,0,25,0,0,0,0,0,0,0,0,0,0,100,2688,2816,100,0,0,0,0,0,0,0,0,0,0,0,0,0,0,0,0,0,0,0,0,160,802,802,1,1,24,21,50,1,7359,802,2202,2044,0,0,0,10286,0,10525,0,0,2,1,11,3,6,178,0,200,15,272,51,1,578,8013,0
1432146,2377,1036,79,47,9999,0,0,264,0,0,0,4120,1087,0,0,62,0,2,2,1651,456,2000,1,0,4,71,72,37353,13637,290,689,151,65,400,0,0,1,73,3,3,0,10,0,0,0,0,0,2688,2816,2688,2816,4128,2208,8713,1688,0,0,0,0,100,54,42,39,40,52,51,54,0,0,77,0,0,0,0,0,0,14897,1137,1020,0,942,77,345,345,100,1,1,0,999,999,40,0,25,0,0,0,0,0,0,0,0,0,0,100,2688,2816,100,0,0,0,0,0,0,0,0,0,0,0,0,0,0,0,0,0,0,0,0,160,802,802,1,1,24,21,50,1,7392,802,2202,2045,0,0,0,10969,0,11335,0,0,0,0,11,3,6,172,0,239,15,272,0,0,693,8013,0
1433146,2377,1036,79,47,9999,0,0,255,0,0,0,4120,1050,0,0,62,0,3,4,1651,456,2000,1,0,4,73,72,36331,13835,343,723,130,65,386,0,0,0,72,3,3,0,10,0,0,0,0,0,2688,2816,2688,2816,4128,2208,8126,1520,0,0,0,0,100,50,36,31,32,43,49,50,0,0,79,0,0,0,0,0,0,14897,1137,1020,0,942,77,345,345,100,0,0,0,999,999,40,0,25,0,0,0,0,0,0,0,0,0,0,100,2688,2816,100,0,0,0,0,0,0,0,0,0,0,0,0,0,0,0,0,0,0,0,0,160,802,802,1,1,24,21,50,1,7362,802,2202,2045,0,0,0,16575,0,16941,0,0,0,0,11,3,6,183,0,209,15,272,0,0,603,8013,0
1434146,2377,1036,79,47,9999,0,0,275,0,0,0,4120,1133,0,0,62,0,2,3,1651,545,2000,1,0,4,71,72,36685,14007,495,894,391,63,388,0,0,5,73,3,3,0,10,0,0,0,0,0,2688,2816,2688,2816,4128,2208,7223,1457,0,0,0,0,100,51,34,32,35,51,42,51,0,0,70,0,0,0,0,0,0,14897,1137,1020,0,942,77,345,345,100,2,1,0,999,999,40,0,25,0,0,0,0,0,0,0,0,0,0,100,2688,2816,100,0,0,0,0,0,0,0,0,0,0,0,0,0,0,0,0,0,0,0,0,160,802,802,1,1,24,20,50,1,7362,802,2202,2044,0,0,0,7335,0,7564,0,0,0,0,11,3,6,171,0,239,15,272,0,0,693,8013,0
1435147,2377,1036,79,47,9999,0,0,825,0,0,0,4120,3399,0,0,62,0,2,3,1651,545,2000,1,0,4,72,72,34863,14157,367,1062,332,65,350,0,0,2,72,3,3,0,10,0,0,0,0,0,2688,2816,2688,2816,4128,2208,8440,1590,0,0,0,0,100,53,38,37,37,43,53,44,0,0,72,0,0,0,0,0,0,14897,1137,1020,0,942,77,345,345,100,2,1,0,999,999,40,0,25,0,0,0,0,0,0,0,0,0,0,100,2688,2816,100,0,0,0,0,0,0,0,0,0,0,0,0,0,0,0,0,0,0,0,0,160,802,802,1,1,24,21,50,1,7422,802,2202,2044,0,0,0,11172,0,11400,0,0,0,0,11,3,6,178,0,238,15,272,0,0,692,8013,0
1436147,2377,1036,79,47,9999,0,0,634,0,0,0,4120,2612,0,0,62,0,3,3,1651,545,2000,1,0,4,71,72,35594,13812,359,742,186,64,380,0,0,8,73,3,3,0,10,0,0,0,0,0,2688,2816,2688,2816,4128,2208,9453,1580,0,0,0,0,100,54,40,38,43,54,49,50,0,0,74,0,0,0,0,0,0,14897,1137,1020,0,942,77,345,345,100,3,1,0,999,999,40,0,25,0,0,0,0,0,0,0,0,0,0,100,2688,2816,100,0,0,0,0,0,0,0,0,0,0,0,0,0,0,0,0,0,0,0,0,160,801,801,1,1,23,21,50,1,7370,801,2200,2043,0,0,0,11678,0,11960,0,0,0,0,11,3,6,149,0,204,15,272,0,0,590,8013,0
1437147,2377,1036,79,47,9999,0,0,313,0,0,0,4120,1289,0,0,62,0,2,2,1651,545,2000,1,0,4,72,72,36195,13770,282,767,110,64,392,0,0,1,72,3,3,0,10,0,0,0,0,0,2688,2816,2688,2816,4128,2208,7848,1517,0,0,0,0,100,52,51,46,48,47,52,50,0,0,73,0,0,0,0,0,0,14897,1137,1020,0,942,77,345,345,100,1,1,0,999,999,40,0,25,0,0,0,0,0,0,0,0,0,0,100,2688,2816,100,0,0,0,0,0,0,0,0,0,0,0,0,0,0,0,0,0,0,0,0,160,802,802,1,1,24,21,50,1,7397,802,2202,2045,0,0,0,18155,0,18544,0,0,0,0,11,3,6,172,0,237,15,272,0,0,689,8013,0
1438147,2377,1036,79,47,9999,0,0,408,0,0,0,4120,1680,0,0,62,0,3,2,1651,545,2000,1,0,4,72,72,36178,13587,294,719,117,65,396,0,0,2,72,3,3,0,10,0,0,0,0,0,2688,2816,2688,2816,4128,2208,8845,1492,0,0,0,0,100,63,53,46,54,63,53,58,0,0,70,0,0,0,0,0,0,14897,1137,1020,0,942,77,345,345,100,1,1,0,999,999,40,0,25,0,0,0,0,0,0,0,0,0,0,100,2688,2816,100,0,0,0,0,0,0,0,0,0,0,0,0,0,0,0,0,0,0,0,0,160,802,802,1,1,24,21,50,1,7362,802,2202,2045,0,0,0,17470,0,17908,0,0,1,6,11,3,6,178,0,239,15,272,28,6,693,8013,0
1439200,2353,1033,79,47,9999,0,0,424,0,0,0,4120,1746,0,0,62,0,2,2,1651,545,2000,1,0,4,73,72,34946,13754,331,726,124,65,404,0,0,3,73,3,3,0,10,0,0,0,0,0,2688,2816,2688,2816,4128,2208,8462,1656,0,0,0,0,100,49,42,36,34,49,48,44,0,0,77,0,0,0,0,0,0,14898,1136,1014,0,941,73,346,346,100,3,1,0,999,999,40,0,25,0,0,0,0,0,0,0,0,0,0,100,2688,2816,100,0,0,0,0,0,0,0,0,0,0,0,0,0,0,0,0,0,0,0,0,160,802,802,1,1,24,20,50,1,7397,802,2202,2044,0,0,0,16710,0,17358,0,0,0,0,11,3,6,173,0,237,15,272,0,0,689,8013,0
1440147,2353,1033,79,47,9999,0,0,330,0,0,0,4120,1359,0,0,62,0,3,3,1651,545,2000,1,0,4,73,72,35827,13690,242,701,135,65,428,0,0,2,72,3,3,0,10,0,0,0,0,0,2688,2816,2688,2816,4128,2208,9164,1532,0,0,0,0,100,50,36,34,31,43,50,41,0,0,78,0,0,0,0,0,0,14898,1136,1014,0,941,73,346,346,100,2,1,0,999,999,40,0,25,0,0,0,0,0,0,0,0,0,0,100,2688,2816,100,0,0,0,0,0,0,0,0,0,0,0,0,0,0,0,0,0,0,0,0,160,802,802,1,1,24,21,50,1,7363,802,2201,2044,0,0,0,11731,0,12030,0,0,0,0,11,3,6,171,0,239,15,272,0,0,693,8013,0
1441147,2353,1033,79,47,9999,0,0,240,0,0,0,4120,988,0,0,62,0,2,2,1651,545,2000,1,0,4,72,72,37738,13620,283,732,149,64,450,0,2,7,73,3,3,0,10,0,0,0,0,0,2688,2816,2688,2816,4128,2208,8329,1515,0,0,0,0,100,55,43,37,42,55,53,52,0,0,75,0,0,0,0,0,0,14898,1136,1014,0,941,73,346,346,100,6,1,0,999,999,40,0,25,0,0,0,0,0,0,0,0,0,0,100,2688,2816,100,0,0,0,0,0,0,0,0,0,0,0,0,0,0,0,0,0,0,0,0,160,802,802,1,1,32,18,50,1,7363,802,2209,2041,0,0,0,15310,0,15551,0,0,0,0,11,3,6,174,0,239,15,272,0,0,693,8013,0
1442147,2353,1033,79,47,9999,0,0,191,0,0,0,4120,786,0,0,62,0,2,2,1651,545,2000,1,0,4,72,72,35845,13734,304,745,126,65,446,0,0,0,73,3,3,0,10,0,0,0,0,0,2688,2816,2688,2816,4128,2208,9036,1621,0,0,0,0,100,50,38,36,36,44,46,50,0,0,77,0,0,0,0,0,0,14898,1136,1014,0,941,73,346,346,100,0,0,0,999,999,40,0,25,0,0,0,0,0,0,0,0,0,0,100,2688,2816,100,0,0,0,0,0,0,0,0,0,0,0,0,0,0,0,0,0,0,0,0,160,803,803,1,1,32,19,50,1,7397,803,2209,2042,0,0,0,13473,0,13706,0,0,0,0,11,3,6,177,0,239,15,272,0,0,694,8013,0
1443148,2353,1033,79,47,9999,0,0,411,0,0,0,4120,1693,0,0,62,0,2,2,1651,545,2000,1,0,4,72,72,35195,13621,280,645,123,65,423,0,0,1,72,3,3,0,10,0,0,0,0,0,2688,2816,2688,2816,4128,2208,9113,1604,0,0,0,0,100,46,39,31,38,46,44,41,0,0,78,0,0,0,0,0,0,14898,1136,1014,0,941,73,346,346,100,1,1,0,999,999,40,0,25,0,0,0,0,0,0,0,0,0,0,100,2688,2816,100,0,0,0,0,0,0,0,0,0,0,0,0,0,0,0,0,0,0,0,0,160,803,803,1,1,32,22,50,1,7365,803,2210,2046,0,0,0,18580,0,18947,0,0,0,0,11,3,6,171,0,237,15,272,0,0,689,8013,0
1444147,2353,1033,79,47,9999,0,0,226,0,0,0,4120,931,0,0,62,0,2,2,1382,456,2000,1,0,4,73,72,34419,13562,273,643,116,64,396,0,0,1,73,3,3,0,10,0,0,0,0,0,2688,2816,2688,2816,4128,2208,8792,1508,0,0,0,0,100,44,42,33,37,44,43,39,0,0,78,0,0,0,0,0,0,14898,1136,1014,0,941,73,346,346,100,0,0,0,999,999,40,0,25,0,0,0,0,0,0,0,0,0,0,100,2688,2816,100,0,0,0,0,0,0,0,0,0,0,0,0,0,0,0,0,0,0,0,0,160,803,803,1,1,32,18,50,1,7398,803,2210,2041,0,0,0,16275,0,16546,0,0,0,0,11,3,6,173,0,239,15,272,0,0,693,8013,0
1445149,2353,1033,79,47,9999,0,0,314,0,0,0,4120,1293,0,0,62,0,2,2,1382,456,2000,1,0,4,73,72,35669,13690,329,702,112,65,396,0,0,1,73,3,3,0,10,0,0,0,0,0,2688,2816,2688,2816,4128,2208,9081,1607,0,0,0,0,100,56,36,34,35,50,56,45,0,0,79,0,0,0,0,0,0,14898,1136,1014,0,941,73,346,346,100,1,1,0,999,999,40,0,25,0,0,0,0,0,0,0,0,0,0,100,2688,2816,100,0,0,0,0,0,0,0,0,0,0,0,0,0,0,0,0,0,0,0,0,160,803,803,1,1,32,23,50,1,7365,803,2209,2046,0,0,0,12113,0,12373,0,0,2,1,11,3,6,174,0,239,15,272,51,1,693,8013,0
1446151,2353,1033,79,47,9999,0,0,306,0,0,0,4120,1260,0,0,62,0,2,2,1382,456,2000,1,0,4,73,72,36813,13695,282,633,124,65,435,0,0,1,73,3,3,0,10,0,0,0,0,0,2688,2816,2688,2816,4128,2208,8531,1609,0,0,0,0,100,52,36,35,38,50,49,52,0,0,79,0,0,0,0,0,0,14898,1136,1014,0,941,73,346,346,100,1,1,0,999,999,40,0,25,0,0,0,0,0,0,0,0,0,0,100,2688,2816,100,0,0,0,0,0,0,0,0,0,0,0,0,0,0,0,0,0,0,0,0,160,803,803,1,1,32,18,50,1,7386,803,2210,2042,0,0,0,17702,0,18002,0,0,0,0,11,3,6,173,0,239,15,272,0,0,693,8013,0
1447149,2353,1033,79,47,9999,0,0,192,0,0,0,4120,791,0,0,62,0,2,2,1382,456,2000,1,0,4,72,72,36807,13735,387,796,141,64,390,0,0,1,73,3,3,0,10,0,0,0,0,0,2688,2816,2688,2816,4128,2208,8985,1617,0,0,0,0,100,51,37,32,30,44,51,48,0,0,78,0,0,0,0,0,0,14898,1136,1014,0,941,73,346,346,100,1,1,0,999,999,40,0,25,0,0,0,0,0,0,0,0,0,0,100,2688,2816,100,0,0,0,0,0,0,0,0,0,0,0,0,0,0,0,0,0,0,0,0,160,803,803,1,1,32,23,50,1,7367,803,2209,2046,0,0,0,20280,0,21025,0,0,0,0,11,3,6,173,0,237,15,272,0,0,689,8013,0
1448149,2353,1033,79,47,9999,0,0,240,0,0,0,4120,988,0,0,62,0,2,2,1382,456,2000,1,0,4,73,72,36545,13718,302,696,117,65,396,0,0,1,72,3,3,0,10,0,0,0,0,0,2688,2816,2688,2816,4128,2208,8814,1528,0,0,0,0,100,65,43,42,42,65,60,48,0,0,79,0,0,0,0,0,0,14898,1136,1014,0,941,73,346,346,100,1,1,0,999,999,40,0,25,0,0,0,0,0,0,0,0,0,0,100,2688,2816,100,0,0,0,0,0,0,0,0,0,0,0,0,0,0,0,0,0,0,0,0,160,803,803,1,1,32,18,50,1,7368,803,2210,2042,0,0,0,8360,0,8602,0,0,1,6,11,3,6,176,0,238,15,272,28,6,692,8013,0
1449149,2353,1033,79,47,9999,0,0,268,0,0,0,4120,1104,0,0,62,0,2,2,1382,456,2000,1,0,4,73,72,36550,13635,272,653,111,65,390,0,0,2,73,3,3,0,10,0,0,0,0,0,2688,2816,2688,2816,4128,2208,8951,1587,0,0,0,0,100,57,36,38,39,52,57,51,0,0,78,0,0,0,0,0,0,14898,1136,1014,0,941,73,346,346,100,1,1,0,999,999,40,0,25,0,0,0,0,0,0,0,0,0,0,100,2688,2816,100,0,0,0,0,0,0,0,0,0,0,0,0,0,0,0,0,0,0,0,0,160,803,803,1,1,32,23,50,1,7400,803,2210,2047,0,0,0,13631,0,14191,0,0,0,0,11,3,6,173,0,239,15,272,0,0,693,8013,0
1450149,2353,1033,79,47,9999,0,0,363,0,0,0,4117,1494,0,0,62,0,2,2,1382,456,2000,1,0,4,73,72,36138,13570,271,604,126,65,394,0,0,1,72,3,3,0,10,0,0,0,0,0,2688,2816,2688,2816,4128,2208,9085,1602,0,0,0,0,100,56,43,31,41,55,56,48,0,0,78,0,0,0,0,0,0,14898,1136,1014,0,941,73,346,346,100,1,1,0,999,999,40,0,25,0,0,0,0,0,0,0,0,0,0,100,2688,2816,100,0,0,0,0,0,0,0,0,0,0,0,0,0,0,0,0,0,0,0,0,160,803,803,1,1,24,18,50,1,7367,803,2201,2041,0,0,0,17617,0,18051,0,0,0,0,11,3,6,174,0,239,15,272,0,0,693,8013,0
1451149,2353,1033,79,47,9999,0,0,233,0,0,0,4117,959,0,0,62,0,2,2,1382,456,2000,1,0,4,72,72,36203,13612,310,582,105,65,387,0,0,0,73,3,3,0,10,0,0,0,0,0,2688,2816,2688,2816,4128,2208,9563,1606,0,0,0,0,100,54,36,32,33,43,46,54,0,0,79,0,0,0,0,0,0,14898,1136,1014,0,941,73,346,346,100,0,0,0,999,999,40,0,25,0,0,0,0,0,0,0,0,0,0,100,2688,2816,100,0,0,0,0,0,0,0,0,0,0,0,0,0,0,0,0,0,0,0,0,160,803,803,1,1,24,23,50,1,7401,803,2202,2047,0,0,0,11241,0,11471,0,0,0,0,11,3,6,173,0,238,15,272,0,0,692,8013,0
1452149,2353,1033,79,47,9999,0,0,292,0,0,0,4117,1202,0,0,62,0,3,2,1382,456,2000,1,0,4,73,72,35216,13564,281,582,102,65,379,0,0,1,73,3,3,0,10,0,0,0,0,0,2688,2816,2688,2816,4128,2208,8933,1597,0,0,0,0,100,55,40,38,39,50,55,49,0,0,78,0,0,0,0,0,0,14898,1136,1014,0,941,73,346,346,100,1,1,0,999,999,40,0,25,0,0,0,0,0,0,0,0,0,0,100,2688,2816,100,0,0,0,0,0,0,0,0,0,0,0,0,0,0,0,0,0,0,0,0,160,803,803,1,1,24,18,50,1,7367,803,2202,2042,0,0,0,9542,0,9796,0,0,0,0,11,3,6,174,0,238,15,272,0,0,692,8013,0
1453150,2353,1033,79,47,9999,0,0,90,0,0,0,4117,370,0,0,62,0,2,2,1382,456,2000,1,0,4,71,72,36882,13906,472,869,439,65,374,1,0,6,73,3,3,0,10,0,0,0,0,0,2688,2816,2688,2816,4128,2208,9074,1553,0,0,0,0,100,47,41,32,37,42,47,46,0,0,77,0,0,0,0,0,0,14898,1136,1014,0,941,73,346,346,100,3,1,0,999,999,40,0,25,0,0,0,0,0,0,0,0,0,0,100,2688,2816,100,0,0,0,0,0,0,0,0,0,0,0,0,0,0,0,0,0,0,0,0,160,803,803,1,1,24,22,50,1,7370,803,2202,2046,0,0,0,14721,0,15258,0,0,0,0,11,3,6,177,0,237,15,272,0,0,690,8013,0
1454149,2353,1033,79,47,9999,0,0,165,0,0,0,4117,679,0,0,62,0,2,2,1382,456,2000,1,0,4,73,72,34493,13920,315,799,305,65,402,0,0,3,72,3,3,0,10,0,0,0,0,0,2688,2816,2688,2816,4128,2208,8762,1479,0,0,0,0,100,45,33,32,30,42,45,43,0,0,77,0,0,0,0,0,0,14898,1136,1014,0,941,73,346,346,100,2,1,0,999,999,40,0,25,0,0,0,0,0,0,0,0,0,0,100,2688,2816,100,0,0,0,0,0,0,0,0,0,0,0,0,0,0,0,0,0,0,0,0,160,803,803,1,1,24,17,50,1,7403,803,2202,2041,0,0,0,16122,0,16469,0,0,0,0,11,3,6,170,0,239,15,272,0,0,693,8013,0
1455149,2353,1033,79,47,9999,0,0,286,0,0,0,4117,1177,0,0,62,0,3,2,1382,456,2000,1,0,4,72,72,35369,13755,295,728,199,66,393,0,0,2,73,3,3,0,10,0,0,0,0,0,2688,2816,2688,2816,4128,2208,8927,1631,0,0,0,0,100,56,40,36,41,56,53,46,0,0,78,0,0,0,0,0,0,14898,1136,1014,0,941,73,346,346,100,1,1,0,999,999,40,0,25,0,0,0,0,0,0,0,0,0,0,100,2688,2816,100,0,0,0,0,0,0,0,0,0,0,0,0,0,0,0,0,0,0,0,0,160,804,804,1,1,24,16,50,1,7370,804,2202,2040,0,0,0,12390,0,12637,0,0,0,0,11,3,6,178,0,239,15,272,0,0,692,8013,0
1456150,2353,1033,79,47,9999,0,0,238,0,0,0,4117,979,0,0,62,0,2,2,1382,456,2000,1,0,4,73,72,34645,13815,378,769,195,66,374,0,0,1,73,3,3,0,10,0,0,0,0,0,2688,2816,2688,2816,4128,2208,9055,1524,0,0,0,0,100,47,36,29,35,39,47,37,0,0,77,0,0,0,0,0,0,14898,1136,1014,0,941,73,346,346,100,1,1,0,999,999,40,0,25,0,0,0,0,0,0,0,0,0,0,100,2688,2816,100,0,0,0,0,0,0,0,0,0,0,0,0,0,0,0,0,0,0,0,0,160,804,804,1,1,24,18,50,1,7422,804,2201,2041,0,0,0,21297,0,21818,0,0,0,0,11,3,6,173,0,237,15,272,0,0,690,8013,0
1457150,2353,1033,79,47,9999,0,0,590,0,0,0,4117,2429,0,0,62,0,3,2,1382,456,2000,1,0,4,72,72,35240,13735,365,663,172,65,400,0,0,2,73,3,3,0,10,0,0,0,0,0,2688,2816,2688,2816,4128,2208,8703,1504,0,0,0,0,100,54,41,34,42,54,51,53,0,0,77,0,0,0,0,0,0,14898,1136,1014,0,941,73,346,346,100,1,1,0,999,999,40,0,25,0,0,0,0,0,0,0,0,0,0,100,2688,2816,100,0,0,0,0,0,0,0,0,0,0,0,0,0,0,0,0,0,0,0,0,160,804,804,1,1,24,17,50,1,7400,804,2202,2041,0,0,0,9046,0,9364,0,0,0,0,11,3,6,176,0,239,15,272,0,0,693,8013,0
1458149,2353,1033,79,47,9999,0,0,294,0,0,0,4117,1210,0,0,62,0,3,2,1382,456,2000,1,0,4,71,72,36131,13769,260,787,130,64,376,0,0,2,73,3,3,0,10,0,0,0,0,0,2688,2816,2688,2816,4128,2208,9090,1633,0,0,0,0,100,53,52,49,48,52,53,50,0,0,78,0,0,0,0,0,0,14898,1136,1014,0,941,73,346,346,100,1,1,0,999,999,40,0,25,0,0,0,0,0,0,0,0,0,0,100,2688,2816,100,0,0,0,0,0,0,0,0,0,0,0,0,0,0,0,0,0,0,0,0,160,804,804,1,1,24,17,50,1,7407,804,2201,2040,0,0,0,15740,0,16038,0,0,0,0,11,3,6,178,0,239,15,272,0,0,693,8013,0
1459185,2375,1037,79,47,9999,0,0,368,0,0,0,4117,1515,0,0,62,0,4,2,1382,456,2000,1,0,4,71,72,35184,13637,300,654,123,64,399,0,0,3,73,3,3,0,10,0,0,0,0,0,2688,2816,2688,2816,4128,2208,8878,1637,0,0,0,0,100,55,46,42,47,55,48,50,0,0,78,0,0,0,0,0,0,14898,1138,1020,0,943,77,346,346,100,2,1,0,999,999,40,0,25,0,0,0,0,0,0,0,0,0,0,100,2688,2816,100,0,0,0,0,0,0,0,0,0,0,0,0,0,0,0,0,0,0,0,0,160,804,804,1,1,24,17,50,1,7374,804,2202,2041,0,0,0,8188,0,8400,0,0,0,0,11,3,6,169,0,239,15,272,0,0,693,8013,0
1460150,2375,1037,79,47,9999,0,0,411,0,0,0,4132,1698,0,0,62,0,3,2,1382,456,2000,1,0,4,73,72,34604,13584,311,645,102,65,384,0,0,2,72,3,3,0,10,0,0,0,0,0,2688,2816,2688,2816,4128,2208,8398,1604,0,0,0,0,100,45,35,31,29,45,37,33,0,0,79,0,0,0,0,0,0,14898,1138,1020,0,943,77,346,346,100,2,1,0,999,999,40,0,25,0,0,0,0,0,0,0,0,0,0,100,2688,2816,100,0,0,0,0,0,0,0,0,0,0,0,0,0,0,0,0,0,0,0,0,160,804,804,1,1,24,17,50,1,7383,804,2202,2041,0,0,0,13161,0,13648,0,0,0,0,11,3,6,168,0,239,15,272,0,0,693,8013,0
1461150,2375,1037,79,47,9999,0,0,380,0,0,0,4132,1570,0,0,62,0,2,2,1382,456,2000,1,0,4,73,72,33174,13619,286,578,103,65,374,0,0,0,73,3,3,0,10,0,0,0,0,0,2688,2816,2688,2816,4128,2208,9053,1584,0,0,0,0,100,47,38,37,35,47,45,42,0,0,79,0,0,0,0,0,0,14898,1138,1020,0,943,77,346,346,100,0,0,0,999,999,40,0,25,0,0,0,0,0,0,0,0,0,0,100,2688,2816,100,0,0,0,0,0,0,0,0,0,0,0,0,0,0,0,0,0,0,0,0,160,804,804,1,1,24,17,50,1,7373,804,2201,2040,0,0,0,19496,0,20032,0,0,2,1,11,3,6,174,0,250,15,272,51,1,699,8013,2
1462150,2375,1037,79,47,9999,0,0,448,0,0,0,4132,1851,0,0,62,0,3,4,1382,456,2000,1,0,4,72,72,34696,13750,387,691,275,67,392,0,0,3,73,3,3,0,10,0,0,0,0,0,2688,2816,2688,2816,4128,2208,9687,1543,0,0,0,0,100,55,43,40,41,50,55,43,0,0,81,0,0,0,0,0,0,14898,1138,1020,0,943,77,346,346,100,2,1,0,999,999,40,0,25,0,0,0,0,0,0,0,0,0,0,100,2688,2816,100,0,0,0,0,0,0,0,0,0,0,0,0,0,0,0,0,0,0,0,0,160,804,804,1,1,24,17,50,1,7373,804,2202,2041,0,0,0,19178,0,19532,0,0,0,0,11,3,6,175,0,243,15,272,0,0,694,8013,1
1463150,2375,1037,79,47,9999,0,0,321,0,0,0,4132,1326,0,0,62,0,2,4,1382,456,2000,1,0,4,72,72,37096,13858,364,862,222,65,390,0,0,2,73,3,3,0,10,0,0,0,0,0,2688,2816,2688,2816,4128,2208,7962,1302,0,0,0,0,100,53,38,38,37,50,53,48,0,0,73,0,0,0,0,0,0,14898,1138,1020,0,943,77,346,346,100,1,1,0,999,999,40,0,25,0,0,0,0,0,0,0,0,0,0,100,2688,2816,100,0,0,0,0,0,0,0,0,0,0,0,0,0,0,0,0,0,0,0,0,160,802,802,1,1,24,18,50,1,7406,802,2202,2042,0,0,0,11317,0,11629,0,0,2,1,11,3,6,175,0,243,15,272,54,1,694,8013,1
1464150,2375,1037,79,47,9999,0,0,315,0,0,0,4132,1301,0,0,62,0,3,3,1651,492,2000,1,0,4,73,72,35667,13675,323,715,150,64,346,0,0,2,73,3,3,0,10,0,0,0,0,0,2688,2816,2688,2816,4128,2208,8666,1409,0,0,0,0,100,58,43,44,45,58,54,55,0,0,72,0,0,0,0,0,0,14898,1138,1020,0,943,77,346,346,100,2,1,0,999,999,40,0,25,0,0,0,0,0,0,0,0,0,0,100,2688,2816,100,0,0,0,0,0,0,0,0,0,0,0,0,0,0,0,0,0,0,0,0,160,802,802,1,1,24,17,50,1,7372,802,2201,2040,0,0,0,16964,0,17501,0,0,0,5,11,3,6,176,0,243,15,272,24,5,694,8013,1
1465150,2375,1037,79,47,9999,0,0,277,0,0,0,4132,1144,0,0,62,0,2,2,1651,492,2000,1,0,4,70,72,37342,13542,300,673,138,64,372,0,0,6,73,3,3,0,10,0,0,0,0,0,2688,2816,2688,2816,4128,2208,9380,1510,0,0,0,0,100,55,44,37,38,42,55,45,0,0,75,0,0,0,0,0,0,14898,1138,1020,0,943,77,346,346,100,2,1,0,999,999,40,0,25,0,0,0,0,0,0,0,0,0,0,100,2688,2816,100,0,0,0,0,0,0,0,0,0,0,0,0,0,0,0,0,0,0,0,0,160,802,802,1,1,24,18,50,1,7404,802,2202,2043,0,0,0,15526,0,15798,0,0,0,0,11,3,6,173,0,239,15,272,0,0,693,8013,0
1466150,2375,1037,79,47,9999,0,0,297,0,0,0,4132,1227,0,0,62,0,2,2,1651,492,2000,1,0,4,71,72,36934,13672,296,722,124,65,407,0,0,2,73,3,3,0,10,0,0,0,0,0,2688,2816,2688,2816,4128,2208,8854,1604,0,0,0,0,100,57,44,41,45,50,57,50,0,0,77,0,0,0,0,0,0,14898,1138,1020,0,943,77,346,346,100,2,1,0,999,999,40,0,25,0,0,0,0,0,0,0,0,0,0,100,2688,2816,100,0,0,0,0,0,0,0,0,0,0,0,0,0,0,0,0,0,0,0,0,160,802,802,1,1,24,18,50,1,7371,802,2202,2042,0,0,0,10796,0,11058,0,0,0,0,11,3,6,172,0,239,15,272,0,0,693,8013,0
1467150,2375,1037,79,47,9999,0,0,386,0,0,0,4132,1594,0,0,62,0,2,2,1651,492,2000,1,0,4,72,72,36148,13667,277,660,121,66,394,0,0,2,73,3,3,0,10,0,0,0,0,0,2688,2816,2688,2816,4128,2208,9738,1603,0,0,0,0,100,56,48,41,45,55,56,48,0,0,79,0,0,0,0,0,0,14898,1138,1020,0,943,77,346,346,100,1,1,0,999,999,40,0,25,0,0,0,0,0,0,0,0,0,0,100,2688,2816,100,0,0,0,0,0,0,0,0,0,0,0,0,0,0,0,0,0,0,0,0,160,802,802,1,1,24,18,50,1,7373,802,2202,2043,0,0,0,13154,0,13435,0,0,0,0,11,3,6,154,0,237,15,272,0,0,690,8013,0
1468150,2375,1037,79,47,9999,0,0,346,0,0,0,4132,1429,0,0,62,0,2,2,1651,492,2000,1,0,4,73,72,36429,13841,374,875,183,65,409,0,0,2,73,3,3,0,10,0,0,0,0,0,2688,2816,2688,2816,4128,2208,8509,1542,0,0,0,0,100,57,45,41,43,49,57,51,0,0,79,0,0,0,0,0,0,14898,1138,1020,0,943,77,346,346,100,1,1,0,999,999,40,0,25,0,0,0,0,0,0,0,0,0,0,100,2688,2816,100,0,0,0,0,0,0,0,0,0,0,0,0,0,0,0,0,0,0,0,0,160,802,802,1,1,24,19,50,1,7409,802,2201,2043,0,0,0,17416,0,17892,0,0,0,0,11,3,6,158,0,237,15,272,0,0,690,8013,0
1469150,2375,1037,79,47,9999,0,0,213,0,0,0,4132,880,0,0,62,0,2,2,1651,492,2000,1,0,4,72,72,37539,13827,328,790,128,66,431,0,0,1,72,3,3,0,10,0,0,0,0,0,2688,2816,2688,2816,4128,2208,9056,1568,0,0,0,0,100,54,43,37,44,54,53,50,0,0,79,0,0,0,0,0,0,14898,1138,1020,0,943,77,346,346,100,1,1,0,999,999,40,0,25,0,0,0,0,0,0,0,0,0,0,100,2688,2816,100,0,0,0,0,0,0,0,0,0,0,0,0,0,0,0,0,0,0,0,0,160,802,802,1,1,24,19,50,1,7374,802,2202,2043,0,0,0,10916,0,11179,0,0,0,0,11,3,6,161,0,244,15,272,0,0,695,8013,1
1470150,2375,1037,79,47,9999,0,0,249,0,0,0,4128,1027,0,0,62,0,2,2,1651,492,2000,1,0,4,73,72,37253,13704,298,732,127,65,491,0,0,1,73,3,3,0,10,0,0,0,0,0,2688,2816,2688,2816,4128,2208,8724,1580,0,0,0,0,100,56,43,41,43,45,48,56,0,0,81,0,0,0,0,0,0,14898,1138,1020,0,943,77,346,346,100,1,1,0,999,999,40,0,25,0,0,0,0,0,0,0,0,0,0,100,2688,2816,100,0,0,0,0,0,0,0,0,0,0,0,0,0,0,0,0,0,0,0,0,160,803,803,1,1,24,18,50,1,7409,803,2202,2042,0,0,0,11208,0,11497,0,0,0,1,11,3,6,154,0,243,15,272,5,1,694,8013,1
1471151,2375,1037,79,47,9999,0,0,228,0,0,0,4128,941,0,0,62,0,3,4,1651,492,2000,1,0,4,72,72,37032,13632,274,709,123,65,414,0,0,3,72,3,3,0,10,0,0,0,0,0,2688,2816,2688,2816,4128,2208,7557,1262,0,0,0,0,100,57,45,40,45,57,52,45,0,0,77,0,0,0,0,0,0,14898,1138,1020,0,943,77,346,346,100,3,1,0,999,999,40,0,25,0,0,0,0,0,0,0,0,0,0,100,2688,2816,100,0,0,0,0,0,0,0,0,0,0,0,0,0,0,0,0,0,0,0,0,160,803,803,1,1,24,19,50,1,7373,803,2202,2043,0,0,0,19128,0,19535,0,0,0,0,11,3,6,157,0,244,15,272,0,0,695,8013,1
1472151,2375,1037,79,47,9999,0,0,303,0,0,0,4128,1250,0,0,62,0,2,3,1651,492,2000,1,0,4,71,72,35520,13728,329,874,123,65,348,0,0,1,72,3,3,0,10,0,0,0,0,0,2688,2816,2688,2816,4128,2208,8179,1427,0,0,0,0,100,47,39,39,40,43,47,43,0,0,72,0,0,0,0,0,0,14898,1138,1020,0,943,77,346,346,100,1,1,0,999,999,40,0,25,0,0,0,0,0,0,0,0,0,0,100,2688,2816,100,0,0,0,0,0,0,0,0,0,0,0,0,0,0,0,0,0,0,0,0,160,803,803,1,1,24,18,50,1,7408,803,2201,2041,0,0,0,12891,0,13142,0,0,0,0,11,3,6,155,0,237,15,272,0,0,690,8013,0
1473151,2375,1037,79,47,9999,0,0,249,0,0,0,4128,1027,0,0,62,0,3,3,1651,492,2000,1,0,4,73,72,34492,13551,316,653,113,64,389,0,0,3,73,3,3,0,10,0,0,0,0,0,2688,2816,2688,2816,4128,2208,8370,1437,0,0,0,0,100,57,42,42,44,57,47,53,0,0,73,0,0,0,0,0,0,14898,1138,1020,0,943,77,346,346,100,2,1,0,999,999,40,0,25,0,0,0,0,0,0,0,0,0,0,100,2688,2816,100,0,0,0,0,0,0,0,0,0,0,0,0,0,0,0,0,0,0,0,0,160,803,803,1,1,24,17,50,1,7377,803,2201,2040,0,0,0,14139,0,14367,0,0,2,1,11,3,6,163,0,250,15,272,51,1,700,8013,2
1474151,2375,1037,79,47,9999,0,0,316,0,0,0,4128,1304,0,0,62,0,2,3,1651,492,2000,1,0,4,73,72,34764,13563,307,695,117,69,422,0,0,0,73,3,3,0,10,0,0,0,0,0,2688,2816,2688,2816,4128,2208,9267,1446,0,0,0,0,100,37,41,39,39,31,37,36,0,0,77,0,0,0,0,0,0,14898,1138,1020,0,943,77,346,346,100,0,0,0,999,999,40,0,25,0,0,0,0,0,0,0,0,0,0,100,2688,2816,100,0,0,0,0,0,0,0,0,0,0,0,0,0,0,0,0,0,0,0,0,160,803,803,1,1,24,22,50,1,7377,803,2202,2047,0,0,0,10287,0,10525,0,0,0,0,11,3,6,164,0,250,15,272,0,0,700,8013,2
1475151,2375,1037,79,47,9999,0,0,212,0,0,0,4128,875,0,0,62,0,2,4,1651,492,2000,1,0,4,72,72,34538,13562,346,646,117,65,391,0,0,3,73,3,3,0,10,0,0,0,0,0,2688,2816,2688,2816,4128,2208,8393,1351,0,0,0,0,100,52,38,37,36,40,52,42,0,0,75,0,0,0,0,0,0,14898,1138,1020,0,943,77,346,346,100,3,1,0,999,999,40,0,25,0,0,0,0,0,0,0,0,0,0,100,2688,2816,100,0,0,0,0,0,0,0,0,0,0,0,0,0,0,0,0,0,0,0,0,160,803,803,1,1,24,17,50,1,7410,803,2201,2040,0,0,0,13920,0,14394,0,0,0,4,11,3,6,164,0,250,15,272,19,4,700,8013,2
1476151,2375,1037,79,47,9999,0,0,142,0,0,0,4128,586,0,0,62,0,2,3,1651,492,2000,1,0,4,73,72,35892,13539,299,672,133,64,380,0,0,2,73,3,3,0,10,0,0,0,0,0,2688,2816,2688,2816,4128,2208,9291,1462,0,0,0,0,100,57,46,40,47,54,57,56,0,0,75,0,0,0,0,0,0,14898,1138,1020,0,943,77,346,346,100,1,1,0,999,999,40,0,25,0,0,0,0,0,0,0,0,0,0,100,2688,2816,100,0,0,0,0,0,0,0,0,0,0,0,0,0,0,0,0,0,0,0,0,160,803,803,1,1,24,19,50,1,7375,803,2202,2043,0,0,0,17658,0,18111,0,0,2,1,11,3,6,177,0,243,15,272,54,1,694,8013,1
1477151,2375,1037,79,47,9999,0,0,346,0,0,0,4128,1428,0,0,62,0,2,2,1651,492,2000,1,0,4,73,72,37049,13498,246,635,97,64,371,0,0,2,73,3,3,0,10,0,0,0,0,0,2688,2816,2688,2816,4128,2208,8571,1437,0,0,0,0,100,54,40,36,37,50,54,41,0,0,75,0,0,0,0,0,0,14898,1138,1020,0,943,77,346,346,100,2,1,0,999,999,40,0,25,0,0,0,0,0,0,0,0,0,0,100,2688,2816,100,0,0,0,0,0,0,0,0,0,0,0,0,0,0,0,0,0,0,0,0,160,803,803,1,1,24,19,50,1,7412,803,2202,2044,0,0,0,7222,0,7469,0,0,0,1,11,3,6,172,0,133,15,272,9,1,362,8013,1
1478151,2375,1037,79,47,9999,0,0,695,0,0,0,4128,2868,0,0,62,0,3,2,1651,492,2000,1,0,4,72,72,36964,13479,314,579,120,64,388,0,0,2,73,3,3,0,10,0,0,0,0,0,2688,2816,2688,2816,4128,2208,7710,1541,0,0,0,0,100,64,52,48,53,59,64,59,0,0,74,0,0,0,0,0,0,14898,1138,1020,0,943,77,346,346,100,1,1,0,999,999,40,0,25,0,0,0,0,0,0,0,0,0,0,100,2688,2816,100,0,0,0,0,0,0,0,0,0,0,0,0,0,0,0,0,0,0,0,0,160,803,803,1,1,24,19,50,1,7408,803,2202,2043,0,0,0,12927,0,13418,0,0,0,0,11,3,6,182,0,251,15,272,0,0,702,8013,2
1479195,2337,1035,79,47,9999,0,0,496,0,0,0,4128,2047,0,0,62,0,4,3,1651,492,2000,1,0,4,71,72,38021,13679,277,697,147,63,402,0,0,7,73,3,3,0,10,0,0,0,0,0,2688,2816,2688,2816,4128,2208,8920,1508,0,0,0,0,100,52,47,45,46,50,52,50,0,0,76,0,0,0,0,0,0,14898,1137,1016,0,942,74,346,346,100,3,1,0,999,999,40,0,25,0,0,0,0,0,0,0,0,0,0,100,2688,2816,100,0,0,0,0,0,0,0,0,0,0,0,0,0,0,0,0,0,0,0,0,160,803,803,1,1,24,19,50,1,7414,803,2202,2043,0,0,0,18082,0,18453,0,0,0,0,11,3,6,177,0,252,15,272,0,0,703,8013,2
1480151,2337,1035,79,47,9999,0,0,137,0,0,0,4119,564,0,0,62,0,3,3,1651,492,2000,1,0,4,70,72,35640,13624,271,714,114,64,373,0,0,1,73,3,3,0,10,0,0,0,0,0,2688,2816,2688,2816,4128,2208,8096,1530,0,0,0,0,100,47,50,44,45,44,47,43,0,0,77,0,0,0,0,0,0,14898,1137,1016,0,942,74,346,346,100,1,1,0,999,999,40,0,25,0,0,0,0,0,0,0,0,0,0,100,2688,2816,100,0,0,0,0,0,0,0,0,0,0,0,0,0,0,0,0,0,0,0,0,160,803,803,1,1,24,20,50,1,7383,803,2201,2044,0,0,0,16821,0,17249,0,0,0,0,11,3,6,170,0,238,15,272,0,0,691,8013,0
1481151,2337,1035,79,47,9999,0,0,294,0,0,0,4119,1210,0,0,62,0,2,3,1651,492,2000,1,0,4,73,72,34075,13513,285,637,115,63,387,0,0,1,73,3,3,0,10,0,0,0,0,0,2688,2816,2688,2816,4128,2208,8567,1531,0,0,0,0,100,47,42,41,40,43,47,45,0,0,76,0,0,0,0,0,0,14898,1137,1016,0,942,74,346,346,100,1,1,0,999,999,40,0,25,0,0,0,0,0,0,0,0,0,0,100,2688,2816,100,0,0,0,0,0,0,0,0,0,0,0,0,0,0,0,0,0,0,0,0,160,803,803,1,1,24,18,50,1,7366,803,2202,2042,0,0,0,13755,0,14026,0,0,2,1,11,3,6,179,0,238,15,272,51,1,691,8013,0
1482151,2337,1035,79,47,9999,0,0,394,0,0,0,4119,1622,0,0,62,0,3,3,1651,492,2000,1,0,4,73,72,34113,13593,296,626,114,64,380,0,0,2,72,3,3,0,10,0,0,0,0,0,2688,2816,2688,2816,4128,2208,9179,1524,0,0,0,0,100,59,43,33,38,49,59,50,0,0,76,0,0,0,0,0,0,14898,1137,1016,0,942,74,346,346,100,1,1,0,999,999,40,0,25,0,0,0,0,0,0,0,0,0,0,100,2688,2816,100,0,0,0,0,0,0,0,0,0,0,0,0,0,0,0,0,0,0,0,0,160,804,804,1,1,24,19,50,1,7401,804,2202,2044,0,0,0,12410,0,12607,0,0,0,4,11,3,6,175,0,239,15,272,19,4,693,8013,0
1483152,2337,1035,79,47,9999,0,0,416,0,0,0,4119,1713,0,0,62,0,4,3,1651,492,2000,1,0,4,73,72,35290,13528,285,604,106,65,365,0,0,3,73,3,3,0,10,0,0,0,0,0,2688,2816,2688,2816,4128,2208,8510,1566,0,0,0,0,100,47,42,37,39,47,45,41,0,0,75,0,0,0,0,0,0,14898,1137,1016,0,942,74,346,346,100,2,1,0,999,999,40,0,25,0,0,0,0,0,0,0,0,0,0,100,2688,2816,100,0,0,0,0,0,0,0,0,0,0,0,0,0,0,0,0,0,0,0,0,160,804,804,1,1,24,18,50,1,7365,804,2202,2042,0,0,0,16358,0,16761,0,0,0,4,11,3,6,173,0,239,15,272,19,4,693,8013,0
1484152,2337,1035,79,47,9999,0,0,266,0,0,0,4119,1095,0,0,62,0,3,3,1651,492,2000,1,0,4,72,72,33229,13586,302,616,123,63,415,0,0,0,73,3,3,0,10,0,0,0,0,0,2688,2816,2688,2816,4128,2208,9569,1594,0,0,0,0,100,47,36,38,32,36,47,37,0,0,77,0,0,0,0,0,0,14898,1137,1016,0,942,74,346,346,100,0,0,0,999,999,40,0,25,0,0,0,0,0,0,0,0,0,0,100,2688,2816,100,0,0,0,0,0,0,0,0,0,0,0,0,0,0,0,0,0,0,0,0,160,804,804,1,1,24,20,50,1,7403,804,2202,2045,0,0,0,13627,0,13894,0,0,1,6,11,3,6,144,0,200,15,272,28,6,578,8013,0
1485151,2337,1035,79,47,9999,0,0,252,0,0,0,4119,1037,0,0,62,0,3,4,1651,492,2000,1,0,4,72,72,33650,13729,313,652,152,65,421,0,0,1,73,3,3,0,10,0,0,0,0,0,2688,2816,2688,2816,4128,2208,7242,1453,0,0,0,0,100,53,41,41,42,53,45,53,0,0,75,0,0,0,0,0,0,14898,1137,1016,0,942,74,346,346,100,1,1,0,999,999,40,0,25,0,0,0,0,0,0,0,0,0,0,100,2688,2816,100,0,0,0,0,0,0,0,0,0,0,0,0,0,0,0,0,0,0,0,0,160,804,804,1,1,24,19,50,1,7366,804,2201,2042,0,0,0,18470,0,18820,0,0,0,0,11,3,6,172,0,239,15,272,0,0,693,8013,0
1486152,2337,1035,79,47,9999,0,0,387,0,0,0,4119,1594,0,0,62,0,2,3,1651,492,2000,1,0,4,73,72,34260,13832,343,875,117,63,366,0,0,3,72,3,3,0,10,0,0,0,0,0,2688,2816,2688,2816,4128,2208,8180,1438,0,0,0,0,100,48,35,37,32,39,48,44,0,0,69,0,0,0,0,0,0,14898,1137,1016,0,942,74,346,346,100,2,1,0,999,999,40,0,25,0,0,0,0,0,0,0,0,0,0,100,2688,2816,100,0,0,0,0,0,0,0,0,0,0,0,0,0,0,0,0,0,0,0,0,160,804,804,1,1,24,20,50,1,7368,804,2202,2044,0,0,0,10355,0,10660,0,0,0,0,11,3,6,173,0,239,15,272,0,0,693,8013,0
1487152,2337,1035,79,47,9999,0,0,393,0,0,0,4119,1618,0,0,62,0,2,4,1651,492,2000,1,0,4,72,72,34141,13790,336,726,154,64,395,0,0,3,73,3,3,0,10,0,0,0,0,0,2688,2816,2688,2816,4128,2208,8878,1594,0,0,0,0,100,53,32,35,32,44,53,45,0,0,73,0,0,0,0,0,0,14898,1137,1016,0,942,74,346,346,100,2,1,0,999,999,40,0,25,0,0,0,0,0,0,0,0,0,0,100,2688,2816,100,0,0,0,0,0,0,0,0,0,0,0,0,0,0,0,0,0,0,0,0,160,804,804,1,1,24,19,50,1,7406,804,2202,2043,0,0,0,10811,0,11057,0,0,0,0,11,3,6,168,0,125,15,272,0,0,356,8013,0
1488152,2337,1035,79,47,9999,0,0,474,0,0,0,4119,1952,0,0,62,0,3,4,1651,492,2000,1,0,4,71,72,35792,13768,280,782,149,64,456,0,0,3,73,3,3,0,10,0,0,0,0,0,2688,2816,2688,2816,4128,2208,6384,1373,0,0,0,0,100,60,49,48,48,59,52,60,0,0,66,0,0,0,0,0,0,14898,1137,1016,0,942,74,346,346,100,3,1,0,999,999,40,0,25,0,0,0,0,0,0,0,0,0,0,100,2688,2816,100,0,0,0,0,0,0,0,0,0,0,0,0,0,0,0,0,0,0,0,0,160,804,804,1,1,24,20,50,1,7370,804,2202,2044,0,0,0,17119,0,17472,0,0,0,0,11,3,6,173,0,237,15,272,0,0,689,8013,0
1489152,2337,1035,79,47,9999,0,0,324,0,0,0,4119,1334,0,0,62,0,2,3,1651,492,2000,1,0,4,73,72,33078,13614,299,742,137,64,363,0,0,3,72,3,3,0,10,0,0,0,0,0,2688,2816,2688,2816,4128,2208,9092,1512,0,0,0,0,100,50,36,33,30,46,46,50,0,0,71,0,0,0,0,0,0,14898,1137,1016,0,942,74,346,346,100,1,1,0,999,999,40,0,25,0,0,0,0,0,0,0,0,0,0,100,2688,2816,100,0,0,0,0,0,0,0,0,0,0,0,0,0,0,0,0,0,0,0,0,160,804,804,1,1,24,19,50,1,7406,804,2201,2042,0,0,0,15709,0,16050,0,0,0,0,11,3,6,171,0,235,15,272,0,0,685,8013,0
1490152,2337,1035,79,47,9999,0,0,167,0,0,0,4132,690,0,0,62,0,3,3,1651,492,2000,1,0,4,73,72,36118,13788,384,689,180,65,388,0,0,4,73,3,3,0,10,0,0,0,0,0,2688,2816,2688,2816,4128,2208,8093,1554,0,0,0,0,100,51,41,37,41,51,48,50,0,0,73,0,0,0,0,0,0,14898,1137,1016,0,942,74,346,346,100,2,1,0,999,999,40,0,25,0,0,0,0,0,0,0,0,0,0,100,2688,2816,100,0,0,0,0,0,0,0,0,0,0,0,0,0,0,0,0,0,0,0,0,160,804,804,1,1,24,20,50,1,7379,804,2202,2044,0,0,0,17852,0,18186,0,0,0,0,11,3,6,177,0,238,15,272,0,0,692,8013,0
1491152,2337,1035,79,47,9999,0,0,205,0,0,0,4132,847,0,0,62,0,2,3,1651,492,2000,1,0,4,72,72,34894,13815,311,804,136,65,380,0,0,0,72,3,3,0,10,0,0,0,0,0,2688,2816,2688,2816,4128,2208,8833,1549,0,0,0,0,100,52,41,44,41,50,52,52,0,0,75,0,0,0,0,0,0,14898,1137,1016,0,942,74,346,346,100,0,0,0,999,999,40,0,25,0,0,0,0,0,0,0,0,0,0,100,2688,2816,100,0,0,0,0,0,0,0,0,0,0,0,0,0,0,0,0,0,0,0,0,160,804,804,1,1,24,19,50,1,7411,804,2202,2043,0,0,0,10661,0,10998,0,0,0,0,11,3,6,172,0,226,15,272,0,0,658,8013,0
1492152,2337,1035,79,47,9999,0,0,362,0,0,0,4132,1495,0,0,62,0,3,2,1651,492,2000,1,0,4,73,72,35385,13618,274,736,151,65,392,0,0,3,72,3,3,0,10,0,0,0,0,0,2688,2816,2688,2816,4128,2208,8414,1634,0,0,0,0,100,54,41,31,40,53,54,48,0,0,75,0,0,0,0,0,0,14898,1137,1016,0,942,74,346,346,100,1,1,0,999,999,40,0,25,0,0,0,0,0,0,0,0,0,0,100,2688,2816,100,0,0,0,0,0,0,0,0,0,0,0,0,0,0,0,0,0,0,0,0,160,804,804,1,1,24,20,50,1,7380,804,2201,2044,0,0,0,13285,0,14030,0,0,1,6,11,3,6,179,0,238,15,272,28,6,692,8013,0
1493152,2337,1035,79,47,9999,0,0,197,0,0,0,4132,814,0,0,62,0,2,2,1651,492,2000,1,0,4,72,72,37055,13740,320,674,112,66,435,0,0,4,73,3,3,0,10,0,0,0,0,0,2688,2816,2688,2816,4128,2208,8658,1636,0,0,0,0,100,46,35,37,31,41,39,46,0,0,79,0,0,0,0,0,0,14898,1137,1016,0,942,74,346,346,100,5,1,0,999,999,40,0,25,0,0,0,0,0,0,0,0,0,0,100,2688,2816,100,0,0,0,0,0,0,0,0,0,0,0,0,0,0,0,0,0,0,0,0,160,805,805,1,1,24,18,50,1,7379,805,2201,2042,0,0,0,20531,0,20890,0,0,0,4,11,3,6,176,0,237,15,272,19,4,689,8013,0
1494152,2337,1035,79,47,9999,0,0,348,0,0,0,4132,1437,0,0,62,0,3,3,1382,456,2000,1,0,4,73,72,36678,13812,323,678,120,66,405,0,0,3,72,3,3,0,10,0,0,0,0,0,2688,2816,2688,2816,4128,2208,8158,1588,0,0,0,0,100,53,42,41,38,50,50,53,0,0,78,0,0,0,0,0,0,14898,1137,1016,0,942,74,346,346,100,1,1,0,999,999,40,0,25,0,0,0,0,0,0,0,0,0,0,100,2688,2816,100,0,0,0,0,0,0,0,0,0,0,0,0,0,0,0,0,0,0,0,0,160,804,804,1,1,24,20,50,1,7414,804,2202,2045,0,0,0,9509,0,9822,0,0,0,0,11,3,6,180,0,239,15,272,0,0,694,8013,0
1495154,2337,1035,79,47,9999,0,0,197,0,0,0,4132,814,0,0,62,0,2,3,1382,456,2000,1,0,4,72,72,35415,13637,312,727,100,64,375,0,0,1,73,3,3,0,10,0,0,0,0,0,2688,2816,2688,2816,4128,2208,8665,1565,0,0,0,0,100,48,39,32,34,47,48,48,0,0,77,0,0,0,0,0,0,14898,1137,1016,0,942,74,346,346,100,1,1,0,999,999,40,0,25,0,0,0,0,0,0,0,0,0,0,100,2688,2816,100,0,0,0,0,0,0,0,0,0,0,0,0,0,0,0,0,0,0,0,0,160,805,805,1,1,24,19,50,1,7379,805,2202,2043,0,0,0,9674,0,9947,0,0,0,0,11,3,6,179,0,238,15,272,0,0,691,8013,0
1496153,2337,1035,79,47,9999,0,0,265,0,0,0,4132,1094,0,0,62,0,2,2,1382,456,2000,1,0,4,69,72,36008,13623,340,628,116,64,398,0,5,7,72,3,3,0,10,0,0,0,0,0,2688,2816,2688,2816,4128,2208,8506,1683,0,0,0,0,100,50,39,37,37,48,44,50,0,0,74,0,0,0,0,0,0,14898,1137,1016,0,942,74,346,346,100,4,1,0,999,999,40,0,25,0,0,0,0,0,0,0,0,0,0,100,2688,2816,100,0,0,0,0,0,0,0,0,0,0,0,0,0,0,0,0,0,0,0,0,160,805,805,1,1,24,19,50,1,7415,805,2202,2044,0,0,0,16786,0,17123,0,0,0,0,11,3,6,174,0,239,15,272,0,0,693,8013,0
1497153,2337,1035,79,47,9999,0,0,367,0,0,0,4132,1516,0,0,62,0,3,2,1382,456,2000,1,0,4,73,72,37577,13752,276,669,176,65,441,0,0,1,73,3,3,0,10,0,0,0,0,0,2688,2816,2688,2816,4128,2208,9800,1690,0,0,0,0,100,56,41,40,44,56,48,53,0,0,79,0,0,0,0,0,0,14898,1137,1016,0,942,74,346,346,100,1,1,0,999,999,40,0,25,0,0,0,0,0,0,0,0,0,0,100,2688,2816,100,0,0,0,0,0,0,0,0,0,0,0,0,0,0,0,0,0,0,0,0,160,805,805,1,1,24,18,50,1,7385,805,2202,2043,0,0,0,17115,0,17452,0,0,0,0,11,3,6,179,0,238,15,272,0,0,691,8013,0
1498153,2337,1035,79,47,9999,0,0,253,0,0,0,4132,1045,0,0,62,0,2,2,1382,456,2000,1,0,4,72,72,35974,13831,379,762,153,65,395,0,0,3,72,3,3,0,10,0,0,0,0,0,2688,2816,2688,2816,4128,2208,8693,1687,0,0,0,0,100,56,40,39,43,53,56,50,0,0,78,0,0,0,0,0,0,14898,1137,1016,0,942,74,346,346,100,1,1,0,999,999,40,0,25,0,0,0,0,0,0,0,0,0,0,100,2688,2816,100,0,0,0,0,0,0,0,0,0,0,0,0,0,0,0,0,0,0,0,0,160,805,805,1,1,24,19,50,1,7418,805,2201,2043,0,0,0,20598,0,21250,0,0,0,0,11,3,6,170,0,239,15,272,0,0,693,8013,0
1499192,2218,1038,79,47,9999,0,0,579,0,0,0,4132,2392,0,0,62,0,3,3,1382,456,2000,1,0,4,73,72,36287,13785,335,653,124,65,472,0,0,2,73,3,3,0,10,0,0,0,0,0,2688,2816,2688,2816,4128,2208,9272,1686,0,0,0,0,100,52,39,37,39,50,52,51,0,0,81,0,0,0,0,0,0,14898,1139,1021,0,943,77,346,346,100,1,1,0,999,999,40,0,25,0,0,0,0,0,0,0,0,0,0,100,2688,2816,100,0,0,0,0,0,0,0,0,0,0,0,0,0,0,0,0,0,0,0,0,160,805,805,1,1,24,18,50,1,7413,805,2201,2042,0,0,0,17734,0,18122,0,0,1,6,11,3,6,181,0,238,15,272,28,6,691,8013,0
1500153,2218,1038,79,47,9999,0,0,482,0,0,0,4105,1978,0,0,62,0,3,3,1382,456,2000,1,0,4,73,72,36529,13755,286,766,143,64,375,0,0,4,72,3,3,0,10,0,0,0,0,0,2688,2816,2688,2816,4128,2208,7995,1606,0,0,0,0,100,50,44,47,47,48,48,50,0,0,76,0,0,0,0,0,0,14898,1139,1021,0,943,77,346,346,100,2,1,0,999,999,40,0,25,0,0,0,0,0,0,0,0,0,0,100,2688,2816,100,0,0,0,0,0,0,0,0,0,0,0,0,0,0,0,0,0,0,0,0,160,805,805,1,1,24,19,50,1,7383,805,2202,2044,0,0,0,19595,0,20129,0,0,0,0,11,3,6,175,0,239,15,272,0,0,693,8013,0
1501153,2218,1038,79,47,9999,0,0,322,0,0,0,4105,1321,0,0,62,0,2,2,1382,456,2000,1,0,4,71,72,36319,13595,338,621,120,65,374,0,0,3,71,3,3,0,10,0,0,0,0,0,2688,2816,2688,2816,4128,2208,9530,1664,0,0,0,0,100,52,46,52,50,47,50,52,0,0,75,0,0,0,0,0,0,14898,1139,1021,0,943,77,346,346,100,2,1,0,999,999,40,0,25,0,0,0,0,0,0,0,0,0,0,100,2688,2816,100,0,0,0,0,0,0,0,0,0,0,0,0,0,0,0,0,0,0,0,0,160,802,802,1,1,24,19,50,1,7413,802,2202,2044,0,0,0,15470,0,15802,0,0,0,0,11,3,6,171,0,239,15,272,0,0,693,8013,0
1502154,2218,1038,79,47,9999,0,0,272,0,0,0,4105,1116,0,0,62,0,3,4,1382,456,2000,1,0,4,72,72,36323,13842,350,782,172,65,396,0,0,4,73,3,3,0,10,0,0,0,0,0,2688,2816,2688,2816,4128,2208,8033,1457,0,0,0,0,100,47,40,36,35,46,43,47,0,0,74,0,0,0,0,0,0,14898,1139,1021,0,943,77,346,346,100,2,1,0,999,999,40,0,25,0,0,0,0,0,0,0,0,0,0,100,2688,2816,100,0,0,0,0,0,0,0,0,0,0,0,0,0,0,0,0,0,0,0,0,160,802,802,1,1,24,20,50,1,7383,802,2201,2043,0,0,0,14526,0,15052,0,0,1,6,11,3,6,175,0,239,15,272,28,6,693,8013,0
1503153,2218,1038,79,47,9999,0,0,393,0,0,0,4105,1613,0,0,62,0,2,3,1382,456,2000,1,0,4,71,72,33890,13721,323,752,140,64,493,0,0,6,73,3,3,0,10,0,0,0,0,0,2688,2816,2688,2816,4128,2208,9478,1589,0,0,0,0,100,52,44,42,41,51,52,49,0,0,72,0,0,0,0,0,0,14898,1139,1021,0,943,77,346,346,100,3,1,0,999,999,40,0,25,0,0,0,0,0,0,0,0,0,0,100,2688,2816,100,0,0,0,0,0,0,0,0,0,0,0,0,0,0,0,0,0,0,0,0,160,802,802,1,1,24,18,50,1,7411,802,2201,2041,0,0,0,14694,0,14950,0,0,0,0,11,3,6,179,0,238,15,272,0,0,691,8013,0
1504154,2218,1038,79,47,9999,0,0,266,0,0,0,4105,1091,0,0,62,0,3,3,1382,492,2000,1,0,4,72,72,36617,13821,359,800,169,65,360,0,0,5,72,3,3,0,10,0,0,0,0,0,2688,2816,2688,2816,4128,2208,8778,1595,0,0,0,0,100,52,44,42,41,51,52,49,0,0,74,0,0,0,0,0,0,14898,1139,1021,0,943,77,346,346,100,3,1,0,999,999,40,0,25,0,0,0,0,0,0,0,0,0,0,100,2688,2816,100,0,0,0,0,0,0,0,0,0,0,0,0,0,0,0,0,0,0,0,0,160,803,803,1,1,24,18,50,1,7377,803,2201,2042,0,0,0,14403,0,14632,0,0,0,0,11,3,6,168,0,239,15,272,0,0,693,8013,0
1505155,2218,1038,79,47,9999,0,0,423,0,0,0,4105,1736,0,0,62,0,2,3,1382,492,2000,1,0,4,72,72,34955,13919,330,822,160,66,373,0,0,0,72,3,3,0,10,0,0,0,0,0,2688,2816,2688,2816,4128,2208,8820,1611,0,0,0,0,100,48,36,37,39,47,48,45,0,0,77,0,0,0,0,0,0,14898,1139,1021,0,943,77,346,346,100,0,0,0,999,999,40,0,25,0,0,0,0,0,0,0,0,0,0,100,2688,2816,100,0,0,0,0,0,0,0,0,0,0,0,0,0,0,0,0,0,0,0,0,160,803,803,1,1,24,19,50,1,7409,803,2202,2042,0,0,0,15495,0,15911,0,0,0,0,11,3,6,180,0,238,15,272,0,0,691,8013,0
1506155,2218,1038,79,47,9999,0,0,531,0,0,0,4105,2179,0,0,62,0,3,4,1382,492,2000,1,0,4,73,72,34756,13774,540,641,115,65,422,0,3,9,73,3,3,0,10,0,0,0,0,0,2688,2816,2688,2816,4128,2208,8131,1593,0,0,0,0,100,35,32,33,30,35,33,35,0,0,76,0,0,0,0,0,0,14898,1139,1021,0,943,77,346,346,100,6,1,0,999,999,40,0,25,0,0,0,0,0,0,0,0,0,0,100,2688,2816,100,0,0,0,0,0,0,0,0,0,0,0,0,0,0,0,0,0,0,0,0,160,803,803,1,1,25,17,50,1,7377,803,2203,2042,0,0,0,11890,0,12142,0,0,0,1,11,3,6,168,0,239,15,272,17,1,693,8013,0
1507154,2218,1038,79,47,9999,0,0,289,0,0,0,4105,1186,0,0,62,0,2,4,1382,492,2000,1,0,4,70,72,43827,13778,356,787,162,64,361,0,25,3,73,3,3,0,10,0,0,0,0,0,2688,2816,2688,2816,4128,2208,8126,1464,0,0,0,0,100,52,42,39,48,52,41,47,0,0,71,0,0,0,0,0,0,14898,1139,1021,0,943,77,346,346,100,2,1,0,999,999,40,0,25,0,0,0,0,0,0,0,0,0,0,100,2688,2816,100,0,0,0,0,0,0,0,0,0,0,0,0,0,0,0,0,0,0,0,0,160,803,803,1,1,25,23,50,1,7380,803,2203,2048,0,0,0,11562,0,11889,0,0,0,1,11,3,6,166,0,237,15,272,17,1,690,8013,0
1508154,2218,1038,79,47,9999,0,0,275,0,0,0,4105,1128,0,0,62,0,2,3,1382,492,2000,1,0,4,72,72,35759,13756,309,604,147,65,420,0,0,2,73,3,3,0,10,0,0,0,0,0,2688,2816,2688,2816,4128,2208,8701,1581,0,0,0,0,100,42,32,31,31,41,41,42,0,0,74,0,0,0,0,0,0,14898,1139,1021,0,943,77,346,346,100,1,1,0,999,999,40,0,25,0,0,0,0,0,0,0,0,0,0,100,2688,2816,100,0,0,0,0,0,0,0,0,0,0,0,0,0,0,0,0,0,0,0,0,160,803,803,1,1,24,19,50,1,7414,803,2202,2043,0,0,0,16523,0,16896,0,0,0,0,11,3,6,168,0,238,15,272,0,0,690,8013,0
1509154,2218,1038,79,47,9999,0,0,554,0,0,0,4105,2274,0,0,62,0,3,3,1382,492,2000,1,0,4,72,72,36947,13749,298,664,117,65,370,0,0,4,73,3,3,0,10,0,0,0,0,0,2688,2816,2688,2816,4128,2208,8981,1592,0,0,0,0,100,59,45,43,45,57,59,50,0,0,76,0,0,0,0,0,0,14898,1139,1021,0,943,77,346,346,100,3,1,0,999,999,40,0,25,0,0,0,0,0,0,0,0,0,0,100,2688,2816,100,0,0,0,0,0,0,0,0,0,0,0,0,0,0,0,0,0,0,0,0,160,803,803,1,1,24,21,50,1,7380,803,2202,2045,0,0,0,17988,0,18387,0,0,2,1,11,3,6,172,0,239,15,272,51,1,693,8013,0
1510154,2218,1038,79,47,9999,0,0,331,0,0,0,4115,1362,0,0,62,0,2,3,1382,492,2000,1,0,4,73,72,34534,13709,361,675,137,64,383,0,0,3,73,3,3,0,10,0,0,0,0,0,2688,2816,2688,2816,4128,2208,8945,1601,0,0,0,0,100,51,37,36,40,48,47,51,0,0,77,0,0,0,0,0,0,14898,1139,1021,0,943,77,346,346,100,2,1,0,999,999,40,0,25,0,0,0,0,0,0,0,0,0,0,100,2688,2816,100,0,0,0,0,0,0,0,0,0,0,0,0,0,0,0,0,0,0,0,0,160,803,803,1,1,24,19,50,1,7411,803,2203,2044,0,0,0,16403,0,16759,0,0,0,2,11,3,6,171,0,239,15,272,9,2,693,8013,0
1511154,2218,1038,79,47,9999,0,0,372,0,0,0,4115,1530,0,0,62,0,3,3,1382,492,2000,1,0,4,73,72,36647,13748,368,622,126,66,354,0,0,3,73,3,3,0,10,0,0,0,0,0,2688,2816,2688,2816,4128,2208,9447,1623,0,0,0,0,100,49,39,34,32,44,49,47,0,0,78,0,0,0,0,0,0,14898,1139,1021,0,943,77,346,346,100,2,1,0,999,999,40,0,25,0,0,0,0,0,0,0,0,0,0,100,2688,2816,100,0,0,0,0,0,0,0,0,0,0,0,0,0,0,0,0,0,0,0,0,160,804,804,1,1,24,19,50,1,7378,804,2202,2043,0,0,0,12147,0,12416,0,0,0,0,11,3,6,167,0,238,15,272,0,0,690,8013,0
1512155,2218,1038,79,47,9999,0,0,474,0,0,0,4115,1950,0,0,62,0,2,3,1382,492,2000,1,0,4,72,72,34945,13727,307,687,104,65,392,0,0,0,72,3,3,0,10,0,0,0,0,0,2688,2816,2688,2816,4128,2208,8661,1594,0,0,0,0,100,55,38,36,38,55,50,47,0,0,78,0,0,0,0,0,0,14898,1139,1021,0,943,77,346,346,100,0,0,0,999,999,40,0,25,0,0,0,0,0,0,0,0,0,0,100,2688,2816,100,0,0,0,0,0,0,0,0,0,0,0,0,0,0,0,0,0,0,0,0,160,804,804,1,1,24,19,50,1,7396,804,2203,2043,0,0,0,19527,0,19809,0,0,0,0,11,3,6,175,0,239,15,272,0,0,693,8013,0
1513154,2218,1038,79,47,9999,0,0,151,0,0,0,4115,621,0,0,62,0,2,3,1382,492,2000,1,0,4,73,72,34987,13534,319,586,120,65,353,0,0,2,73,3,3,0,10,0,0,0,0,0,2688,2816,2688,2816,4128,2208,8832,1590,0,0,0,0,100,46,39,34,35,46,46,46,0,0,77,0,0,0,0,0,0,14898,1139,1021,0,943,77,346,346,100,1,1,0,999,999,40,0,25,0,0,0,0,0,0,0,0,0,0,100,2688,2816,100,0,0,0,0,0,0,0,0,0,0,0,0,0,0,0,0,0,0,0,0,160,804,804,1,1,24,19,50,1,7365,804,2203,2044,0,0,0,16657,0,16930,0,0,0,0,11,3,6,174,0,238,15,272,0,0,691,8013,0
1514155,2218,1038,79,47,9999,0,0,299,0,0,0,4115,1230,0,0,62,0,2,3,1382,492,2000,1,0,4,72,72,35424,13681,285,712,145,64,407,0,0,1,73,3,3,0,10,0,0,0,0,0,2688,2816,2688,2816,4128,2208,8717,1583,0,0,0,0,100,55,42,39,41,55,50,52,0,0,77,0,0,0,0,0,0,14898,1139,1021,0,943,77,346,346,100,1,1,0,999,999,40,0,25,0,0,0,0,0,0,0,0,0,0,100,2688,2816,100,0,0,0,0,0,0,0,0,0,0,0,0,0,0,0,0,0,0,0,0,160,804,804,1,1,24,19,50,1,7365,804,2202,2043,0,0,0,14046,0,14483,0,0,0,0,11,3,6,176,0,237,15,272,0,0,689,8013,0
1515154,2218,1038,79,47,9999,0,0,371,0,0,0,4115,1526,0,0,62,0,2,2,1382,492,2000,1,0,4,72,72,35648,13692,292,692,118,65,372,0,0,2,72,3,3,0,10,0,0,0,0,0,2688,2816,2688,2816,4128,2208,8023,1660,0,0,0,0,100,47,39,31,37,43,47,47,0,0,76,0,0,0,0,0,0,14898,1139,1021,0,943,77,346,346,100,1,1,0,999,999,40,0,25,0,0,0,0,0,0,0,0,0,0,100,2688,2816,100,0,0,0,0,0,0,0,0,0,0,0,0,0,0,0,0,0,0,0,0,160,804,804,1,1,24,18,50,1,7398,804,2203,2043,0,0,0,8471,0,8704,0,0,0,0,11,3,6,177,0,238,15,272,0,0,690,8013,0
1516155,2218,1038,79,47,9999,0,0,499,0,0,0,4115,2053,0,0,62,0,2,2,1382,492,2000,1,0,4,73,72,36260,13557,253,600,120,65,442,0,0,1,73,3,3,0,10,0,0,0,0,0,2688,2816,2688,2816,4128,2208,8903,1668,0,0,0,0,100,54,38,39,39,50,50,54,0,0,78,0,0,0,0,0,0,14898,1139,1021,0,943,77,346,346,100,1,1,0,999,999,40,0,25,0,0,0,0,0,0,0,0,0,0,100,2688,2816,100,0,0,0,0,0,0,0,0,0,0,0,0,0,0,0,0,0,0,0,0,160,804,804,1,1,24,19,50,1,7365,804,2203,2044,0,0,0,12634,0,12889,0,0,2,2,11,3,6,179,0,238,15,272,69,2,691,8013,0
1517155,2218,1038,79,47,9999,0,0,499,0,0,0,4115,2053,0,0,62,0,2,2,1382,492,2000,1,0,4,72,72,37296,13726,322,651,113,64,397,0,0,1,72,3,3,0,10,0,0,0,0,0,2688,2816,2688,2816,4128,2208,9105,1668,0,0,0,0,100,56,34,34,40,51,56,45,0,0,78,0,0,0,0,0,0,14898,1139,1021,0,943,77,346,346,100,1,1,0,999,999,40,0,25,0,0,0,0,0,0,0,0,0,0,100,2688,2816,100,0,0,0,0,0,0,0,0,0,0,0,0,0,0,0,0,0,0,0,0,160,804,804,1,1,24,18,50,1,7402,804,2202,2042,0,0,0,13364,0,13807,0,0,2,2,11,3,6,179,0,239,15,272,69,2,692,8013,0
1518155,2218,1038,79,47,9999,0,0,261,0,0,0,4115,1074,0,0,62,0,3,5,1382,492,2000,1,0,4,73,72,36928,13688,278,763,201,65,507,0,0,6,73,3,3,0,10,0,0,0,0,0,2688,2816,2688,2816,4128,2208,7444,1349,0,0,0,0,100,48,36,33,34,45,47,48,0,0,74,0,0,0,0,0,0,14898,1139,1021,0,943,77,346,346,100,2,1,0,999,999,40,0,25,0,0,0,0,0,0,0,0,0,0,100,2688,2816,100,0,0,0,0,0,0,0,0,0,0,0,0,0,0,0,0,0,0,0,0,160,804,804,1,1,24,19,50,1,7369,804,2202,2043,0,0,0,11360,0,11645,0,0,0,1,11,3,6,163,0,166,15,272,17,1,477,8013,0
1519204,2378,1035,79,47,9999,0,0,297,0,0,0,4115,1222,0,0,62,0,2,4,1382,492,2000,1,0,4,72,72,34179,13683,339,889,135,63,420,0,0,4,72,3,3,0,10,0,0,0,0,0,2688,2816,2688,2816,4128,2208,6610,1385,0,0,0,0,100,59,53,50,56,59,58,59,0,0,65,0,0,0,0,0,0,14898,1138,1017,0,942,74,346,346,100,1,1,0,999,999,40,0,25,0,0,0,0,0,0,0,0,0,0,100,2688,2816,100,0,0,0,0,0,0,0,0,0,0,0,0,0,0,0,0,0,0,0,0,160,804,804,1,1,24,19,50,1,7372,804,2202,2044,0,0,0,15843,0,16277,0,0,0,0,11,3,6,174,0,240,15,272,0,0,689,8013,1
1520155,2378,1035,79,47,9999,0,0,281,0,0,0,4120,1157,0,0,62,0,2,3,1382,492,2000,1,0,4,72,72,33831,13546,344,632,131,64,369,0,0,5,72,3,3,0,10,0,0,0,0,0,2688,2816,2688,2816,4128,2208,8172,1567,0,0,0,0,100,51,36,30,31,51,44,38,0,0,66,0,0,0,0,0,0,14898,1138,1017,0,942,74,346,346,100,2,1,0,999,999,40,0,25,0,0,0,0,0,0,0,0,0,0,100,2688,2816,100,0,0,0,0,0,0,0,0,0,0,0,0,0,0,0,0,0,0,0,0,160,804,804,1,1,24,19,50,1,7423,804,2202,2044,0,0,0,13479,0,13896,0,0,0,0,11,3,6,181,0,245,15,272,0,0,697,8013,1
1521155,2378,1035,79,47,9999,0,0,726,0,0,0,4120,2991,0,0,62,0,3,3,1382,492,2000,1,0,4,73,72,36478,13827,316,833,245,65,365,0,0,1,73,3,3,0,10,0,0,0,0,0,2688,2816,2688,2816,4128,2208,9124,1525,0,0,0,0,100,60,39,38,39,60,56,55,0,0,73,0,0,0,0,0,0,14898,1138,1017,0,942,74,346,346,100,1,1,0,999,999,40,0,25,0,0,0,0,0,0,0,0,0,0,100,2688,2816,100,0,0,0,0,0,0,0,0,0,0,0,0,0,0,0,0,0,0,0,0,160,804,804,1,1,24,19,50,1,7396,804,2201,2043,0,0,0,17782,0,18194,0,0,0,0,11,3,6,134,0,181,15,272,0,0,507,8013,1
1522155,2378,1035,79,47,9999,0,0,498,0,0,0,4120,2051,0,0,62,0,2,3,1382,492,2000,1,0,4,73,72,36167,13757,352,727,139,66,373,0,0,1,72,3,3,0,10,0,0,0,0,0,2688,2816,2688,2816,4128,2208,8299,1497,0,0,0,0,100,49,45,41,43,49,47,43,0,0,78,0,0,0,0,0,0,14898,1138,1017,0,942,74,346,346,100,1,1,0,999,999,40,0,25,0,0,0,0,0,0,0,0,0,0,100,2688,2816,100,0,0,0,0,0,0,0,0,0,0,0,0,0,0,0,0,0,0,0,0,160,804,804,1,1,24,19,50,1,7402,804,2202,2044,0,0,0,19417,0,19776,0,0,4,2,11,3,6,177,0,243,15,272,106,2,694,8013,1
1523155,2378,1035,79,47,9999,0,0,383,0,0,0,4120,1577,0,0,62,0,2,3,1382,492,2000,1,0,4,73,72,36777,13720,297,671,120,64,409,0,0,0,73,3,3,0,10,0,0,0,0,0,2688,2816,2688,2816,4128,2208,9733,1634,0,0,0,0,100,56,51,48,49,46,56,50,0,0,79,0,0,0,0,0,0,14898,1138,1017,0,942,74,346,346,100,0,0,0,999,999,40,0,25,0,0,0,0,0,0,0,0,0,0,100,2688,2816,100,0,0,0,0,0,0,0,0,0,0,0,0,0,0,0,0,0,0,0,0,160,804,804,1,1,24,19,50,1,7370,804,2201,2043,0,0,0,9925,0,10238,0,0,4,2,11,3,6,178,0,243,15,272,106,2,694,8013,1
1524156,2378,1035,79,47,9999,0,0,596,0,0,0,4120,2455,0,0,62,0,2,3,1382,492,2000,1,0,4,72,72,38087,13660,281,728,108,65,354,0,0,0,72,3,3,0,10,0,0,0,0,0,2688,2816,2688,2816,4128,2208,9010,1499,0,0,0,0,100,54,39,38,38,54,52,52,0,0,78,0,0,0,0,0,0,14898,1138,1017,0,942,74,346,346,100,0,0,0,999,999,40,0,25,0,0,0,0,0,0,0,0,0,0,100,2688,2816,100,0,0,0,0,0,0,0,0,0,0,0,0,0,0,0,0,0,0,0,0,160,804,804,1,1,24,19,50,1,7404,804,2202,2044,0,0,0,13710,0,14517,0,0,4,2,11,3,6,153,0,136,15,272,106,2,362,8013,2
1525156,2378,1035,79,47,9999,0,0,422,0,0,0,4120,1738,0,0,62,0,2,4,1382,492,2000,1,0,4,72,72,36750,13587,328,680,170,65,371,0,0,4,72,3,3,0,10,0,0,0,0,0,2688,2816,2688,2816,4128,2208,9120,1510,0,0,0,0,100,57,36,35,40,50,48,57,0,0,77,0,0,0,0,0,0,14898,1138,1017,0,942,74,346,346,100,2,1,0,999,999,40,0,25,0,0,0,0,0,0,0,0,0,0,100,2688,2816,100,0,0,0,0,0,0,0,0,0,0,0,0,0,0,0,0,0,0,0,0,160,805,805,1,1,24,19,50,1,7369,805,2201,2043,0,0,0,16635,0,17018,0,0,4,2,11,3,6,176,0,180,15,272,106,2,505,8013,1
1526155,2378,1035,79,47,9999,0,0,414,0,0,0,4120,1705,0,0,62,0,2,4,1382,492,2000,1,0,4,70,72,36791,13857,313,842,206,65,346,0,0,3,73,3,3,0,10,0,0,0,0,0,2688,2816,2688,2816,4128,2208,8543,1405,0,0,0,0,100,59,43,40,42,59,51,50,0,0,75,0,0,0,0,0,0,14898,1138,1017,0,942,74,346,346,100,3,2,0,999,999,40,0,25,0,0,0,0,0,0,0,0,0,0,100,2688,2816,100,0,0,0,0,0,0,0,0,0,0,0,0,0,0,0,0,0,0,0,0,160,804,804,1,1,23,18,50,1,7369,804,2201,2043,0,0,0,7536,0,7794,0,0,0,0,11,3,6,180,0,252,15,272,0,0,703,8013,2
1527155,2378,1035,79,47,9999,0,0,343,0,0,0,4120,1413,0,0,62,0,2,4,1382,492,2000,1,0,4,73,72,37192,13650,300,710,113,73,357,0,0,0,72,3,3,0,10,0,0,0,0,0,2688,2816,2688,2816,4128,2208,8909,1459,0,0,0,0,100,54,37,32,34,54,51,54,0,0,78,0,0,0,0,0,0,14898,1138,1017,0,942,74,346,346,100,0,0,0,999,999,40,0,25,0,0,0,0,0,0,0,0,0,0,100,2688,2816,100,0,0,0,0,0,0,0,0,0,0,0,0,0,0,0,0,0,0,0,0,160,804,804,1,1,23,19,50,1,7390,804,2201,2044,0,0,0,11921,0,12332,0,0,0,0,11,3,6,187,0,141,15,272,0,0,371,8013,2
1528156,2378,1035,79,47,9999,0,0,365,0,0,0,4120,1503,0,0,62,0,3,3,1382,492,2000,1,0,4,72,72,36658,13560,314,650,109,64,382,0,0,4,73,3,3,0,10,0,0,0,0,0,2688,2816,2688,2816,4128,2208,7199,1583,0,0,0,0,100,63,41,39,43,60,63,55,0,0,72,0,0,0,0,0,0,14898,1138,1017,0,942,74,346,346,100,2,1,0,999,999,40,0,25,0,0,0,0,0,0,0,0,0,0,100,2688,2816,100,0,0,0,0,0,0,0,0,0,0,0,0,0,0,0,0,0,0,0,0,160,806,806,1,1,32,18,50,1,7357,806,2210,2043,0,0,0,12122,0,12674,0,0,2,1,11,3,6,173,0,139,15,272,51,1,368,8013,2
1529157,2378,1035,79,47,9999,0,0,354,0,0,0,4120,1458,0,0,62,0,2,2,1382,492,2000,1,0,4,72,72,35584,13815,340,700,141,65,390,0,0,3,73,3,3,0,10,0,0,0,0,0,2688,2816,2688,2816,4128,2208,8643,1705,0,0,0,0,100,57,39,37,39,53,48,57,0,0,74,0,0,0,0,0,0,14898,1138,1017,0,942,74,346,346,100,1,1,0,999,999,40,0,25,0,0,0,0,0,0,0,0,0,0,100,2688,2816,100,0,0,0,0,0,0,0,0,0,0,0,0,0,0,0,0,0,0,0,0,160,805,805,1,1,32,17,50,1,7394,805,2209,2041,0,0,0,11685,0,12177,0,0,0,1,11,3,6,174,0,139,15,272,10,1,367,8013,2
1530156,2378,1035,79,47,9999,0,0,291,0,0,0,4116,1197,0,0,62,0,2,3,1382,492,2000,1,0,4,72,72,37666,13815,340,700,141,65,390,0,0,3,73,3,3,0,10,0,0,0,0,0,2688,2816,2688,2816,4128,2208,7873,1587,0,0,0,0,100,56,39,36,32,41,56,46,0,0,73,0,0,0,0,0,0,14898,1138,1017,0,942,74,346,346,100,1,1,0,999,999,40,0,25,0,0,0,0,0,0,0,0,0,0,100,2688,2816,100,0,0,0,0,0,0,0,0,0,0,0,0,0,0,0,0,0,0,0,0,160,806,806,1,1,32,18,50,1,7358,806,2210,2042,0,0,0,16839,0,17243,0,0,0,1,11,3,6,174,0,139,15,272,10,1,367,8013,2
1531156,2378,1035,79,47,9999,0,0,366,0,0,0,4116,1506,0,0,62,0,2,2,1382,492,2000,1,0,4,73,72,36386,13711,276,744,144,66,384,0,0,1,73,3,3,0,10,0,0,0,0,0,2688,2816,2688,2816,4128,2208,8493,1701,0,0,0,0,100,59,47,38,46,58,59,54,0,0,75,0,0,0,0,0,0,14898,1138,1017,0,942,74,346,346,100,1,1,0,999,999,40,0,25,0,0,0,0,0,0,0,0,0,0,100,2688,2816,100,0,0,0,0,0,0,0,0,0,0,0,0,0,0,0,0,0,0,0,0,160,806,806,1,1,32,20,50,1,7391,806,2210,2045,0,0,0,9503,0,9766,0,0,0,1,11,3,6,177,0,139,15,272,10,1,368,8013,2
1532156,2378,1035,79,47,9999,0,0,227,0,0,0,4116,934,0,0,62,0,2,2,1382,492,2000,1,0,4,72,72,35656,13686,310,704,115,64,393,0,0,0,73,3,3,0,10,0,0,0,0,0,2688,2816,2688,2816,4128,2208,9220,1717,0,0,0,0,100,49,35,34,34,48,49,49,0,0,75,0,0,0,0,0,0,14898,1138,1017,0,942,74,346,346,100,0,0,0,999,999,40,0,25,0,0,0,0,0,0,0,0,0,0,100,2688,2816,100,0,0,0,0,0,0,0,0,0,0,0,0,0,0,0,0,0,0,0,0,160,806,806,1,1,32,19,50,1,7359,806,2209,2043,0,0,0,12962,0,13292,0,0,0,1,11,3,6,160,0,139,15,272,10,1,367,8013,2
1533157,2378,1035,79,47,9999,0,0,419,0,0,0,4116,1724,0,0,62,0,2,2,1382,492,2000,1,0,4,72,72,36969,13708,301,630,118,64,390,0,0,2,72,3,3,0,10,0,0,0,0,0,2688,2816,2688,2816,4128,2208,7724,1740,0,0,0,0,100,55,38,40,36,55,47,53,0,0,74,0,0,0,0,0,0,14898,1138,1017,0,942,74,346,346,100,1,1,0,999,999,40,0,25,0,0,0,0,0,0,0,0,0,0,100,2688,2816,100,0,0,0,0,0,0,0,0,0,0,0,0,0,0,0,0,0,0,0,0,160,806,806,1,1,32,20,50,1,7360,806,2209,2044,0,0,0,17922,0,18384,0,0,0,0,11,3,6,162,0,139,15,272,0,0,367,8013,2
1534156,2378,1035,79,47,9999,0,0,395,0,0,0,4116,1625,0,0,62,0,2,2,1382,456,2000,1,0,4,72,72,35629,13710,312,649,108,65,399,0,0,4,73,3,3,0,10,0,0,0,0,0,2688,2816,2688,2816,4128,2208,8451,1682,0,0,0,0,100,53,42,34,40,48,53,51,0,0,76,0,0,0,0,0,0,14898,1138,1017,0,942,74,346,346,100,2,1,0,999,999,40,0,25,0,0,0,0,0,0,0,0,0,0,100,2688,2816,100,0,0,0,0,0,0,0,0,0,0,0,0,0,0,0,0,0,0,0,0,160,806,806,1,1,32,17,50,1,7395,806,2209,2041,0,0,0,13427,0,13657,0,0,0,1,11,3,6,174,0,139,15,272,10,1,367,8013,2
1535156,2378,1035,79,47,9999,0,0,187,0,0,0,4116,769,0,0,62,0,3,2,1382,456,2000,1,0,4,72,72,35516,13711,316,705,117,64,400,0,0,0,73,3,3,0,10,0,0,0,0,0,2688,2816,2688,2816,4128,2208,8823,1685,0,0,0,0,100,58,42,36,40,54,51,58,0,0,78,0,0,0,0,0,0,14898,1138,1017,0,942,74,346,346,100,0,0,0,999,999,40,0,25,0,0,0,0,0,0,0,0,0,0,100,2688,2816,100,0,0,0,0,0,0,0,0,0,0,0,0,0,0,0,0,0,0,0,0,160,806,806,1,1,32,18,50,1,7360,806,2209,2041,0,0,0,12735,0,12987,0,0,0,1,11,3,6,175,0,139,15,272,10,1,368,8013,2
1536156,2378,1035,79,47,9999,0,0,555,0,0,0,4116,2284,0,0,62,0,2,2,1382,456,2000,1,0,4,72,72,34091,13779,303,682,114,65,420,0,0,3,73,3,3,0,10,0,0,0,0,0,2688,2816,2688,2816,4128,2208,8451,1690,0,0,0,0,100,41,36,31,31,33,41,35,0,0,77,0,0,0,0,0,0,14898,1138,1017,0,942,74,346,346,100,1,1,0,999,999,40,0,25,0,0,0,0,0,0,0,0,0,0,100,2688,2816,100,0,0,0,0,0,0,0,0,0,0,0,0,0,0,0,0,0,0,0,0,160,806,806,1,1,32,17,50,1,7392,806,2210,2042,0,0,0,13398,0,14029,0,0,0,0,11,3,6,175,0,139,15,272,0,0,368,8013,2
1537156,2378,1035,79,47,9999,0,0,417,0,0,0,4116,1716,0,0,62,0,3,2,1382,456,2000,1,0,4,73,72,36095,13674,239,667,146,66,407,0,0,0,73,3,3,0,10,0,0,0,0,0,2688,2816,2688,2816,4128,2208,8244,1722,0,0,0,0,100,45,38,31,39,44,45,42,0,0,78,0,0,0,0,0,0,14898,1138,1017,0,942,74,346,346,100,0,0,0,999,999,40,0,25,0,0,0,0,0,0,0,0,0,0,100,2688,2816,100,0,0,0,0,0,0,0,0,0,0,0,0,0,0,0,0,0,0,0,0,160,807,807,1,1,32,18,50,1,7362,807,2209,2042,0,0,0,16503,0,17004,0,0,0,0,11,3,6,174,0,139,15,272,0,0,368,8013,2
1538157,2378,1035,79,47,9999,0,0,338,0,0,0,4124,1393,0,0,62,0,2,2,1382,456,2000,1,0,4,73,72,34550,13859,407,769,210,65,382,0,0,3,72,3,3,0,10,0,0,0,0,0,2688,2816,2688,2816,4128,2208,9404,1711,0,0,0,0,100,51,38,31,37,48,42,51,0,0,78,0,0,0,0,0,0,14898,1138,1017,0,942,74,346,346,100,1,1,0,999,999,40,0,25,0,0,0,0,0,0,0,0,0,0,100,2688,2816,100,0,0,0,0,0,0,0,0,0,0,0,0,0,0,0,0,0,0,0,0,160,804,804,1,1,32,17,50,1,7371,804,2210,2042,0,0,0,11582,0,12131,0,0,0,1,11,3,6,177,0,139,15,272,10,1,368,8013,2
1539196,2390,1037,79,47,9999,0,0,390,0,0,0,4124,1608,0,0,62,0,3,2,1382,456,2000,1,0,4,72,72,35983,13886,317,759,218,66,392,0,0,2,73,3,3,0,10,0,0,0,0,0,2688,2816,2688,2816,4128,2208,9071,1718,0,0,0,0,100,53,39,38,40,49,53,45,0,0,77,0,0,0,0,0,0,14898,1138,1020,0,942,77,346,346,100,1,1,0,999,999,40,0,25,0,0,0,0,0,0,0,0,0,0,100,2688,2816,100,0,0,0,0,0,0,0,0,0,0,0,0,0,0,0,0,0,0,0,0,160,804,804,1,1,32,18,50,1,7359,804,2210,2042,0,0,0,12612,0,13141,0,0,0,1,11,3,6,174,0,139,15,272,10,1,368,8013,2
1540157,2390,1037,79,47,9999,0,0,409,0,0,0,4104,1678,0,0,62,0,2,2,1382,456,2000,1,0,4,72,72,35367,13700,297,677,151,65,410,0,0,4,73,3,3,0,10,0,0,0,0,0,2688,2816,2688,2816,4128,2208,8564,1711,0,0,0,0,100,58,46,43,48,58,51,56,0,0,77,0,0,0,0,0,0,14898,1138,1020,0,942,77,346,346,100,3,1,0,999,999,40,0,25,0,0,0,0,0,0,0,0,0,0,100,2688,2816,100,0,0,0,0,0,0,0,0,0,0,0,0,0,0,0,0,0,0,0,0,160,804,804,1,1,32,19,50,1,7361,804,2210,2043,0,0,0,13250,0,13830,0,0,0,0,11,3,6,174,0,139,15,272,0,0,369,8013,2
1541157,2390,1037,79,47,9999,0,0,440,0,0,0,4104,1805,0,0,62,0,2,2,1382,456,2000,1,0,4,73,72,35371,13794,315,761,124,65,406,0,0,2,72,3,3,0,10,0,0,0,0,0,2688,2816,2688,2816,4128,2208,9509,1722,0,0,0,0,100,51,39,41,37,43,51,44,0,0,78,0,0,0,0,0,0,14898,1138,1020,0,942,77,346,346,100,1,1,0,999,999,40,0,25,0,0,0,0,0,0,0,0,0,0,100,2688,2816,100,0,0,0,0,0,0,0,0,0,0,0,0,0,0,0,0,0,0,0,0,160,803,803,1,1,24,18,50,1,7395,803,2202,2043,0,0,0,12726,0,13437,0,0,2,1,11,3,6,176,0,250,15,272,54,1,698,8013,2
1542157,2390,1037,79,47,9999,0,0,923,0,0,0,4104,3787,0,0,62,0,3,3,1382,456,2000,1,0,4,71,72,38438,13780,303,695,109,64,396,0,0,1,73,3,3,0,10,0,0,0,0,0,2688,2816,2688,2816,4128,2208,10506,1630,0,0,0,0,100,56,42,36,43,53,56,45,0,0,82,0,0,0,0,0,0,14898,1138,1020,0,942,77,346,346,100,1,1,0,999,999,40,0,25,0,0,0,0,0,0,0,0,0,0,100,2688,2816,100,0,0,0,0,0,0,0,0,0,0,0,0,0,0,0,0,0,0,0,0,160,803,803,1,1,24,18,50,1,7390,803,2202,2043,0,0,0,17410,0,17794,0,0,2,1,11,3,6,180,0,250,15,272,54,1,701,8013,2
1543157,2390,1037,79,47,9999,0,0,646,0,0,0,4104,2651,0,0,62,0,2,5,1382,456,2000,1,0,4,69,72,39364,13743,292,751,123,65,372,0,6,6,72,3,3,0,10,0,0,0,0,0,2688,2816,2688,2816,4128,2208,8731,1365,0,0,0,0,100,49,45,41,43,48,49,47,0,0,77,0,0,0,0,0,0,14898,1138,1020,0,942,77,346,346,100,2,1,0,999,999,40,0,25,0,0,0,0,0,0,0,0,0,0,100,2688,2816,100,0,0,0,0,0,0,0,0,0,0,0,0,0,0,0,0,0,0,0,0,160,803,803,1,1,24,19,50,1,7396,803,2202,2044,0,0,0,19299,0,19788,0,0,2,1,11,3,6,181,0,251,15,272,54,1,702,8013,2
1544158,2390,1037,79,47,9999,0,0,396,0,0,0,4104,1625,0,0,62,0,4,4,1651,545,2000,1,0,4,69,72,40996,13656,358,807,119,63,328,0,2,10,73,3,3,0,10,0,0,0,0,0,2688,2816,2688,2816,4128,2208,9024,1439,0,0,0,0,100,57,53,46,49,45,57,50,0,0,75,0,0,0,0,0,0,14898,1138,1020,0,942,77,346,346,100,4,2,0,999,999,40,0,25,0,0,0,0,0,0,0,0,0,0,100,2688,2816,100,0,0,0,0,0,0,0,0,0,0,0,0,0,0,0,0,0,0,0,0,160,803,803,1,1,24,19,50,1,7361,803,2202,2044,0,0,0,17759,0,18143,0,0,0,0,11,3,6,178,0,139,15,272,0,0,367,8013,2
1545158,2390,1037,79,47,9999,0,0,462,0,0,0,4104,1896,0,0,62,0,3,4,1651,545,2000,1,0,4,72,72,31174,13650,349,694,102,64,323,0,5,2,73,3,3,0,10,0,0,0,0,0,2688,2816,2688,2816,4128,2208,7234,1446,0,0,0,0,100,45,41,37,44,45,45,45,0,0,66,0,0,0,0,0,0,14898,1138,1020,0,942,77,346,346,100,2,1,0,999,999,40,0,25,0,0,0,0,0,0,0,0,0,0,100,2688,2816,100,0,0,0,0,0,0,0,0,0,0,0,0,0,0,0,0,0,0,0,0,160,803,803,1,1,23,19,50,1,7367,803,2201,2043,0,0,0,17478,0,17873,0,0,0,0,11,3,6,165,0,138,15,272,0,0,367,8013,2
1546158,2390,1037,79,47,9999,0,0,276,0,0,0,4104,1132,0,0,62,0,2,3,1651,545,2000,1,0,4,73,72,32141,13606,411,632,97,63,362,0,0,2,73,3,3,0,10,0,0,0,0,0,2688,2816,2688,2816,4128,2208,7614,1577,0,0,0,0,100,43,41,37,39,41,43,39,0,0,68,0,0,0,0,0,0,14898,1138,1020,0,942,77,346,346,100,1,1,0,999,999,40,0,25,0,0,0,0,0,0,0,0,0,0,100,2688,2816,100,0,0,0,0,0,0,0,0,0,0,0,0,0,0,0,0,0,0,0,0,160,803,803,1,1,23,19,50,1,7364,803,2202,2043,0,0,0,11227,0,11520,0,0,0,0,11,3,6,161,0,138,15,272,0,0,365,8013,2
1547158,2390,1037,79,47,9999,0,0,539,0,0,0,4104,2212,0,0,62,0,3,3,1651,545,2000,1,0,4,73,72,32884,13426,290,553,123,63,356,0,0,2,73,3,3,0,10,0,0,0,0,0,2688,2816,2688,2816,4128,2208,7469,1553,0,0,0,0,100,50,42,39,40,50,43,44,0,0,67,0,0,0,0,0,0,14898,1138,1020,0,942,77,346,346,100,1,1,0,999,999,40,0,25,0,0,0,0,0,0,0,0,0,0,100,2688,2816,100,0,0,0,0,0,0,0,0,0,0,0,0,0,0,0,0,0,0,0,0,160,803,803,1,1,32,20,50,1,7367,803,2209,2043,0,0,0,16161,0,16521,0,0,1,2,11,3,6,163,0,138,15,272,43,2,365,8013,2
1548158,2390,1037,79,47,9999,0,0,383,0,0,0,4104,1571,0,0,62,0,2,2,1651,545,2000,1,0,4,72,72,34867,13571,319,619,133,64,379,0,0,0,73,3,3,0,10,0,0,0,0,0,2688,2816,2688,2816,4128,2208,8045,1600,0,0,0,0,100,43,42,41,38,43,42,41,0,0,71,0,0,0,0,0,0,14898,1138,1020,0,942,77,346,346,100,0,0,0,999,999,40,0,25,0,0,0,0,0,0,0,0,0,0,100,2688,2816,100,0,0,0,0,0,0,0,0,0,0,0,0,0,0,0,0,0,0,0,0,160,803,803,1,1,32,19,50,1,7401,803,2210,2044,0,0,0,9085,0,9310,0,0,0,0,11,3,6,168,0,139,15,272,0,0,367,8013,2
1549158,2390,1037,79,47,9999,0,0,220,0,0,0,4104,902,0,0,62,0,3,2,1651,545,2000,1,0,4,72,72,35681,13690,284,683,111,64,380,0,0,4,73,3,3,0,10,0,0,0,0,0,2688,2816,2688,2816,4128,2208,8218,1676,0,0,0,0,100,65,50,46,50,65,52,59,0,0,72,0,0,0,0,0,0,14898,1138,1020,0,942,77,346,346,100,2,1,0,999,999,40,0,25,0,0,0,0,0,0,0,0,0,0,100,2688,2816,100,0,0,0,0,0,0,0,0,0,0,0,0,0,0,0,0,0,0,0,0,160,804,804,1,1,32,19,50,1,7364,804,2210,2044,0,0,0,8620,0,8898,0,0,0,0,11,3,6,182,0,141,15,272,0,0,371,8013,2
1550158,2390,1037,79,47,9999,0,0,251,0,0,0,4121,1034,0,0,62,0,2,2,1651,545,2000,1,0,4,72,72,35123,13651,360,641,112,65,378,0,0,4,73,3,3,0,10,0,0,0,0,0,2688,2816,2688,2816,4128,2208,8316,1692,0,0,0,0,100,47,37,35,35,39,47,46,0,0,74,0,0,0,0,0,0,14898,1138,1020,0,942,77,346,346,100,4,1,0,999,999,40,0,25,0,0,0,0,0,0,0,0,0,0,100,2688,2816,100,0,0,0,0,0,0,0,0,0,0,0,0,0,0,0,0,0,0,0,0,160,804,804,1,1,32,19,50,1,7407,804,2210,2044,0,0,0,19672,0,20077,0,0,0,4,11,3,6,180,0,141,15,272,21,4,370,8013,2
1551158,2390,1037,79,47,9999,0,0,150,0,0,0,4121,618,0,0,62,0,3,3,1651,545,2000,1,0,4,71,72,36020,13740,336,614,104,65,414,0,0,3,73,3,3,0,10,0,0,0,0,0,2688,2816,2688,2816,4128,2208,7784,1604,0,0,0,0,100,52,42,37,41,45,45,52,0,0,72,0,0,0,0,0,0,14898,1138,1020,0,942,77,346,346,100,2,1,0,999,999,40,0,25,0,0,0,0,0,0,0,0,0,0,100,2688,2816,100,0,0,0,0,0,0,0,0,0,0,0,0,0,0,0,0,0,0,0,0,160,804,804,1,1,32,19,50,1,7371,804,2210,2044,0,0,0,9276,0,9552,0,0,0,1,11,3,6,186,0,141,15,272,10,1,371,8013,2
1552158,2390,1037,79,47,9999,0,0,192,0,0,0,4121,791,0,0,62,0,2,2,1651,545,2000,1,0,4,72,72,33577,13695,301,691,124,65,395,0,1,7,73,3,3,0,10,0,0,0,0,0,2688,2816,2688,2816,4128,2208,8612,1639,0,0,0,0,100,53,45,44,42,53,47,43,0,0,72,0,0,0,0,0,0,14898,1138,1020,0,942,77,346,346,100,6,1,0,999,999,40,0,25,0,0,0,0,0,0,0,0,0,0,100,2688,2816,100,0,0,0,0,0,0,0,0,0,0,0,0,0,0,0,0,0,0,0,0,160,804,804,1,1,32,20,50,1,7375,804,2209,2044,0,0,0,17405,0,17774,0,0,0,1,11,3,6,181,0,141,15,272,10,1,371,8013,2
1553158,2390,1037,79,47,9999,0,0,274,0,0,0,4121,1129,0,0,62,0,2,2,1651,545,2000,1,0,4,72,72,35526,13594,312,649,117,64,381,0,0,2,73,3,3,0,10,0,0,0,0,0,2688,2816,2688,2816,4128,2208,8198,1696,0,0,0,0,100,51,39,37,36,42,46,51,0,0,73,0,0,0,0,0,0,14898,1138,1020,0,942,77,346,346,100,2,1,0,999,999,40,0,25,0,0,0,0,0,0,0,0,0,0,100,2688,2816,100,0,0,0,0,0,0,0,0,0,0,0,0,0,0,0,0,0,0,0,0,160,804,804,1,1,32,19,50,1,7396,804,2209,2043,0,0,0,10194,0,10514,0,0,0,1,11,3,6,182,0,141,15,272,10,1,371,8013,2
1554158,2390,1037,79,47,9999,0,0,406,0,0,0,4121,1673,0,0,62,0,3,2,1651,456,2000,1,0,4,72,72,34505,13694,339,613,116,65,399,0,0,3,73,3,3,0,10,0,0,0,0,0,2688,2816,2688,2816,4128,2208,8214,1699,0,0,0,0,100,57,43,38,39,57,43,52,0,0,74,0,0,0,0,0,0,14898,1138,1020,0,942,77,346,346,100,2,1,0,999,999,40,0,25,0,0,0,0,0,0,0,0,0,0,100,2688,2816,100,0,0,0,0,0,0,0,0,0,0,0,0,0,0,0,0,0,0,0,0,160,804,804,1,1,32,20,50,1,7371,804,2210,2045,0,0,0,10576,0,10845,0,0,0,1,11,3,6,186,0,141,15,272,10,1,371,8013,2
1555158,2390,1037,79,47,9999,0,0,377,0,0,0,4121,1553,0,0,62,0,2,2,1651,456,2000,1,0,4,72,72,34144,13684,279,681,147,64,396,0,0,0,72,3,3,0,10,0,0,0,0,0,2688,2816,2688,2816,4128,2208,8393,1699,0,0,0,0,100,50,44,43,39,50,45,45,0,0,74,0,0,0,0,0,0,14898,1138,1020,0,942,77,346,346,100,0,0,0,999,999,40,0,25,0,0,0,0,0,0,0,0,0,0,100,2688,2816,100,0,0,0,0,0,0,0,0,0,0,0,0,0,0,0,0,0,0,0,0,160,804,804,1,1,32,19,50,1,7407,804,2210,2044,0,0,0,14491,0,14737,0,0,0,0,11,3,6,183,0,128,15,272,0,0,361,8013,0
1556158,2390,1037,79,47,9999,0,0,439,0,0,0,4121,1809,0,0,62,0,3,2,1651,456,2000,1,0,4,72,72,34144,13667,309,662,109,65,373,0,0,4,73,3,3,0,10,0,0,0,0,0,2688,2816,2688,2816,4128,2208,8123,1712,0,0,0,0,100,53,43,38,41,53,51,50,0,0,73,0,0,0,0,0,0,14898,1138,1020,0,942,77,346,346,100,2,1,0,999,999,40,0,25,0,0,0,0,0,0,0,0,0,0,100,2688,2816,100,0,0,0,0,0,0,0,0,0,0,0,0,0,0,0,0,0,0,0,0,160,804,804,1,1,32,19,50,1,7373,804,2210,2044,0,0,0,13057,0,13378,0,0,0,0,11,3,6,167,0,132,15,272,0,0,362,8013,1
1557159,2390,1037,79,47,9999,0,0,325,0,0,0,4121,1339,0,0,62,0,2,2,1651,456,2000,1,0,4,72,72,35210,13960,314,780,140,64,409,0,0,1,73,3,3,0,10,0,0,0,0,0,2688,2816,2688,2816,4128,2208,8027,1709,0,0,0,0,100,46,38,39,29,43,38,46,0,0,73,0,0,0,0,0,0,14898,1138,1020,0,942,77,346,346,100,1,1,0,999,999,40,0,25,0,0,0,0,0,0,0,0,0,0,100,2688,2816,100,0,0,0,0,0,0,0,0,0,0,0,0,0,0,0,0,0,0,0,0,160,804,804,1,1,24,19,50,1,7411,804,2202,2044,0,0,0,11217,0,11481,0,0,0,0,11,3,6,181,0,140,15,272,0,0,370,8013,2
1558158,2390,1037,79,47,9999,0,0,291,0,0,0,4121,1199,0,0,62,0,3,2,1651,456,2000,1,0,4,73,72,33521,13751,310,701,137,64,385,0,0,1,72,3,3,0,10,0,0,0,0,0,2688,2816,2688,2816,4128,2208,9061,1697,0,0,0,0,100,52,41,44,42,48,48,52,0,0,75,0,0,0,0,0,0,14898,1138,1020,0,942,77,346,346,100,1,1,0,999,999,40,0,25,0,0,0,0,0,0,0,0,0,0,100,2688,2816,100,0,0,0,0,0,0,0,0,0,0,0,0,0,0,0,0,0,0,0,0,160,805,805,1,1,24,19,50,1,7373,805,2202,2043,0,0,0,13948,0,14206,0,0,0,0,11,3,6,168,0,127,15,272,0,0,360,8013,0
1559198,2379,1037,79,47,9999,0,0,209,0,0,0,4121,861,0,0,62,0,2,2,1651,456,2000,1,0,4,73,72,36060,13695,340,680,158,66,382,0,0,4,73,3,3,0,10,0,0,0,0,0,2688,2816,2688,2816,4128,2208,7794,1744,0,0,0,0,100,53,42,42,45,53,48,47,0,0,73,0,0,0,0,0,0,14897,1138,1019,0,943,76,345,345,100,1,1,0,999,999,40,0,25,0,0,0,0,0,0,0,0,0,0,100,2688,2816,100,0,0,0,0,0,0,0,0,0,0,0,0,0,0,0,0,0,0,0,0,160,805,805,1,1,24,18,50,1,7372,805,2202,2042,0,0,0,13841,0,14080,0,0,0,0,11,3,6,167,0,140,15,272,0,0,370,8013,2
1560159,2379,1037,79,47,9999,0,0,271,0,0,0,4115,1115,0,0,62,0,2,2,1651,456,2000,1,0,4,72,72,33711,13682,301,613,111,64,399,0,0,0,72,3,3,0,10,0,0,0,0,0,2688,2816,2688,2816,4128,2208,7806,1725,0,0,0,0,100,37,37,38,33,36,37,35,0,0,72,0,0,0,0,0,0,14897,1138,1019,0,943,76,345,345,100,0,0,0,999,999,40,0,25,0,0,0,0,0,0,0,0,0,0,100,2688,2816,100,0,0,0,0,0,0,0,0,0,0,0,0,0,0,0,0,0,0,0,0,160,805,805,1,1,25,20,50,1,7406,805,2203,2045,0,0,0,16778,0,17218,0,0,0,0,11,3,6,178,0,128,15,272,0,0,360,8013,0
1561159,2379,1037,79,47,9999,0,0,293,0,0,0,4115,1205,0,0,62,0,2,2,1651,456,2000,1,0,4,72,72,33140,13647,288,557,107,66,417,0,0,0,73,3,3,0,10,0,0,0,0,0,2688,2816,2688,2816,4128,2208,7793,1731,0,0,0,0,100,48,43,41,44,48,46,38,0,0,72,0,0,0,0,0,0,14897,1138,1019,0,943,76,345,345,100,0,0,0,999,999,40,0,25,0,0,0,0,0,0,0,0,0,0,100,2688,2816,100,0,0,0,0,0,0,0,0,0,0,0,0,0,0,0,0,0,0,0,0,160,805,805,1,1,25,20,50,1,7372,805,2203,2045,0,0,0,9483,0,9751,0,0,0,4,11,3,6,173,0,141,15,272,24,4,370,8013,2
1562159,2379,1037,79,47,9999,0,0,289,0,0,0,4115,1189,0,0,62,0,2,2,1651,456,2000,1,0,4,73,72,33709,13619,319,635,100,64,360,0,0,3,72,3,3,0,10,0,0,0,0,0,2688,2816,2688,2816,4128,2208,8401,1646,0,0,0,0,100,50,40,36,36,45,46,50,0,0,73,0,0,0,0,0,0,14897,1138,1019,0,943,76,345,345,100,1,1,0,999,999,40,0,25,0,0,0,0,0,0,0,0,0,0,100,2688,2816,100,0,0,0,0,0,0,0,0,0,0,0,0,0,0,0,0,0,0,0,0,160,805,805,1,1,24,19,50,1,7407,805,2203,2044,0,0,0,7547,0,7944,0,0,0,0,11,3,6,189,0,128,15,272,0,0,361,8013,0
1563162,2379,1037,79,47,9999,0,0,652,0,0,0,4115,2682,0,0,62,0,2,2,1651,456,2000,1,0,4,72,72,34411,13681,333,633,138,64,401,0,0,1,73,3,3,0,10,0,0,0,0,0,2688,2816,2688,2816,4128,2208,8387,1616,0,0,0,0,100,57,43,39,41,57,54,49,0,0,73,0,0,0,0,0,0,14897,1138,1019,0,943,76,345,345,100,1,1,0,999,999,40,0,25,0,0,0,0,0,0,0,0,0,0,100,2688,2816,100,0,0,0,0,0,0,0,0,0,0,0,0,0,0,0,0,0,0,0,0,160,805,805,1,1,32,19,50,1,7402,805,2210,2044,0,0,0,18824,0,19277,0,0,0,0,11,3,6,194,0,129,15,272,0,0,362,8013,0
1564162,2379,1037,79,47,9999,0,0,818,0,0,0,4115,3366,0,0,62,0,2,2,1382,456,2000,1,0,4,72,72,35220,13670,261,640,122,64,404,0,0,3,73,3,3,0,10,0,0,0,0,0,2688,2816,2688,2816,4128,2208,8178,1684,0,0,0,0,100,49,43,34,43,48,49,45,0,0,72,0,0,0,0,0,0,14897,1138,1019,0,943,76,345,345,100,2,1,0,999,999,40,0,25,0,0,0,0,0,0,0,0,0,0,100,2688,2816,100,0,0,0,0,0,0,0,0,0,0,0,0,0,0,0,0,0,0,0,0,160,805,805,1,1,32,19,50,1,7409,805,2209,2043,0,0,0,17866,0,18323,0,0,0,1,11,3,6,193,0,141,15,272,10,1,370,8013,2
1565163,2379,1037,79,47,9999,0,0,465,0,0,0,4115,1913,0,0,62,0,3,2,1382,456,2000,1,0,4,72,72,35234,13606,300,600,120,65,365,0,0,1,73,3,3,0,10,0,0,0,0,0,2688,2816,2688,2816,4128,2208,7563,1690,0,0,0,0,100,51,51,45,41,43,51,42,0,0,72,0,0,0,0,0,0,14897,1138,1019,0,943,76,345,345,100,1,1,0,999,999,40,0,25,0,0,0,0,0,0,0,0,0,0,100,2688,2816,100,0,0,0,0,0,0,0,0,0,0,0,0,0,0,0,0,0,0,0,0,160,805,805,1,1,32,19,50,1,7372,805,2210,2044,0,0,0,10125,0,10366,0,0,0,1,11,3,6,188,0,141,15,272,10,1,371,8013,2
1566162,2379,1037,79,47,9999,0,0,227,0,0,0,4115,934,0,0,62,0,3,2,1382,456,2000,1,0,4,73,72,36048,13784,306,717,135,66,372,0,1,5,72,3,3,0,10,0,0,0,0,0,2688,2816,2688,2816,4128,2208,8995,1700,0,0,0,0,100,56,43,42,41,56,48,50,0,0,73,0,0,0,0,0,0,14897,1138,1019,0,943,76,345,345,100,2,1,0,999,999,40,0,25,0,0,0,0,0,0,0,0,0,0,100,2688,2816,100,0,0,0,0,0,0,0,0,0,0,0,0,0,0,0,0,0,0,0,0,160,806,806,1,1,32,21,50,1,7372,806,2209,2045,0,0,0,8240,0,8494,0,0,0,1,11,3,6,191,0,134,15,272,10,1,365,8013,1
1567163,2379,1037,79,47,9999,0,0,328,0,0,0,4115,1349,0,0,62,0,2,2,1382,456,2000,1,0,4,73,72,34283,13713,291,685,110,64,387,0,0,2,73,3,3,0,10,0,0,0,0,0,2688,2816,2688,2816,4128,2208,8894,1683,0,0,0,0,100,49,37,31,37,43,49,43,0,0,76,0,0,0,0,0,0,14897,1138,1019,0,943,76,345,345,100,2,1,0,999,999,40,0,25,0,0,0,0,0,0,0,0,0,0,100,2688,2816,100,0,0,0,0,0,0,0,0,0,0,0,0,0,0,0,0,0,0,0,0,160,806,806,1,1,32,21,50,1,7410,806,2210,2045,0,0,0,19500,0,19958,0,0,0,2,11,3,6,192,0,134,15,272,21,2,365,8013,1
1568162,2379,1037,79,47,9999,0,0,327,0,0,0,4115,1345,0,0,62,0,2,2,1382,456,2000,1,0,4,71,72,35333,13605,289,622,119,65,398,0,0,2,72,3,3,0,10,0,0,0,0,0,2688,2816,2688,2816,4128,2208,8098,1701,0,0,0,0,100,60,44,42,45,55,60,52,0,0,75,0,0,0,0,0,0,14897,1138,1019,0,943,76,345,345,100,1,1,0,999,999,40,0,25,0,0,0,0,0,0,0,0,0,0,100,2688,2816,100,0,0,0,0,0,0,0,0,0,0,0,0,0,0,0,0,0,0,0,0,160,806,806,1,1,32,21,50,1,7376,806,2209,2045,0,0,0,17383,0,17779,0,0,0,1,11,3,6,191,0,135,15,272,10,1,366,8013,1
1569162,2379,1037,79,47,9999,0,0,403,0,0,0,4115,1658,0,0,62,0,2,2,1382,456,2000,1,0,4,73,72,36352,13795,332,666,162,64,404,0,0,3,73,3,3,0,10,0,0,0,0,0,2688,2816,2688,2816,4128,2208,9496,1661,0,0,0,0,100,60,42,42,43,60,54,51,0,0,74,0,0,0,0,0,0,14897,1138,1019,0,943,76,345,345,100,1,1,0,999,999,40,0,25,0,0,0,0,0,0,0,0,0,0,100,2688,2816,100,0,0,0,0,0,0,0,0,0,0,0,0,0,0,0,0,0,0,0,0,160,806,806,1,1,32,21,50,1,7408,806,2210,2046,0,0,0,12266,0,12682,0,0,0,1,11,3,6,171,0,133,15,272,9,1,363,8013,1
1570163,2379,1037,79,47,9999,0,0,334,0,0,0,4120,1376,0,0,62,0,2,2,1382,456,2000,1,0,4,72,72,36049,13721,304,707,109,65,354,0,0,2,72,3,3,0,10,0,0,0,0,0,2688,2816,2688,2816,4128,2208,8224,1648,0,0,0,0,100,57,39,32,39,57,53,54,0,0,74,0,0,0,0,0,0,14897,1138,1019,0,943,76,345,345,100,2,1,0,999,999,40,0,25,0,0,0,0,0,0,0,0,0,0,100,2688,2816,100,0,0,0,0,0,0,0,0,0,0,0,0,0,0,0,0,0,0,0,0,160,806,806,1,1,32,21,50,1,7375,806,2210,2046,0,0,0,9050,0,9353,0,0,0,1,11,3,6,194,0,134,15,272,9,1,365,8013,1
1571162,2379,1037,79,47,9999,0,0,471,0,0,0,4120,1940,0,0,62,0,2,2,1382,456,2000,1,0,4,73,72,35924,13682,353,688,108,64,399,0,0,3,73,3,3,0,10,0,0,0,0,0,2688,2816,2688,2816,4128,2208,8419,1679,0,0,0,0,100,47,36,33,35,47,42,46,0,0,72,0,0,0,0,0,0,14897,1138,1019,0,943,76,345,345,100,2,1,0,999,999,40,0,25,0,0,0,0,0,0,0,0,0,0,100,2688,2816,100,0,0,0,0,0,0,0,0,0,0,0,0,0,0,0,0,0,0,0,0,160,806,806,1,1,32,20,50,1,7410,806,2210,2045,0,0,0,17927,0,18455,0,0,0,4,11,3,6,197,0,135,15,272,24,4,367,8013,1
1572163,2379,1037,79,47,9999,0,0,418,0,0,0,4120,1722,0,0,62,0,2,2,1382,456,2000,1,0,4,73,72,33852,13808,284,742,159,65,407,0,0,1,73,3,3,0,10,0,0,0,0,0,2688,2816,2688,2816,4128,2208,7817,1676,0,0,0,0,100,55,38,39,41,55,52,49,0,0,75,0,0,0,0,0,0,14897,1138,1019,0,943,76,345,345,100,1,1,0,999,999,40,0,25,0,0,0,0,0,0,0,0,0,0,100,2688,2816,100,0,0,0,0,0,0,0,0,0,0,0,0,0,0,0,0,0,0,0,0,160,806,806,1,1,32,21,50,1,7378,806,2210,2046,0,0,0,17374,0,17967,0,0,0,1,11,3,6,196,0,135,15,272,9,1,366,8013,1
1573163,2379,1037,79,47,9999,0,0,264,0,0,0,4120,1087,0,0,62,0,2,2,1382,456,2000,1,0,4,73,72,35498,13696,268,677,114,65,419,0,0,1,72,3,3,0,10,0,0,0,0,0,2688,2816,2688,2816,4128,2208,9501,1645,0,0,0,0,100,54,39,36,39,52,54,43,0,0,75,0,0,0,0,0,0,14897,1138,1019,0,943,76,345,345,100,1,1,0,999,999,40,0,25,0,0,0,0,0,0,0,0,0,0,100,2688,2816,100,0,0,0,0,0,0,0,0,0,0,0,0,0,0,0,0,0,0,0,0,160,806,806,1,1,32,21,50,1,7376,806,2210,2046,0,0,0,9644,0,9984,0,0,0,2,11,3,6,196,0,135,15,272,19,2,366,8013,1
1574163,2379,1037,79,47,9999,0,0,407,0,0,0,4120,1676,0,0,62,0,2,2,1382,456,2000,1,0,4,72,72,35192,13603,301,643,104,64,410,0,0,2,73,3,3,0,10,0,0,0,0,0,2688,2816,2688,2816,4128,2208,7898,1648,0,0,0,0,100,51,38,39,36,51,49,47,0,0,73,0,0,0,0,0,0,14897,1138,1019,0,943,76,345,345,100,1,1,0,999,999,40,0,25,0,0,0,0,0,0,0,0,0,0,100,2688,2816,100,0,0,0,0,0,0,0,0,0,0,0,0,0,0,0,0,0,0,0,0,160,806,806,1,1,32,21,50,1,7396,806,2210,2046,0,0,0,13526,0,14000,0,0,0,1,11,3,6,189,0,135,15,272,9,1,366,8013,1
1575163,2379,1037,79,47,9999,0,0,186,0,0,0,4120,766,0,0,62,0,3,2,1382,456,2000,1,0,4,73,72,34698,13790,336,663,134,65,413,0,0,2,73,3,3,0,10,0,0,0,0,0,2688,2816,2688,2816,4128,2208,8081,1677,0,0,0,0,100,60,41,40,44,60,58,53,0,0,72,0,0,0,0,0,0,14897,1138,1019,0,943,76,345,345,100,2,1,0,999,999,40,0,25,0,0,0,0,0,0,0,0,0,0,100,2688,2816,100,0,0,0,0,0,0,0,0,0,0,0,0,0,0,0,0,0,0,0,0,160,806,806,1,1,32,21,50,1,7361,806,2210,2046,0,0,0,18574,0,18937,0,0,0,0,11,3,6,187,0,135,15,272,0,0,366,8013,1
1576163,2379,1037,79,47,9999,0,0,449,0,0,0,4120,1849,0,0,62,0,2,2,1382,456,2000,1,0,4,73,72,34408,13808,298,811,141,64,407,0,0,0,73,3,3,0,10,0,0,0,0,0,2688,2816,2688,2816,4128,2208,8060,1666,0,0,0,0,100,48,39,29,31,42,48,36,0,0,72,0,0,0,0,0,0,14897,1138,1019,0,943,76,345,345,100,0,0,0,999,999,40,0,25,0,0,0,0,0,0,0,0,0,0,100,2688,2816,100,0,0,0,0,0,0,0,0,0,0,0,0,0,0,0,0,0,0,0,0,160,804,804,1,1,32,21,50,1,7393,804,2210,2046,0,0,0,16532,0,16913,0,0,0,0,11,3,6,195,0,135,15,272,0,0,366,8013,1
1577163,2379,1037,79,47,9999,0,0,380,0,0,0,4120,1565,0,0,62,0,2,2,1382,456,2000,1,0,4,73,72,33821,13778,362,718,101,64,424,0,0,1,72,3,3,0,10,0,0,0,0,0,2688,2816,2688,2816,4128,2208,8033,1669,0,0,0,0,100,53,40,32,42,53,50,52,0,0,72,0,0,0,0,0,0,14897,1138,1019,0,943,76,345,345,100,1,1,0,999,999,40,0,25,0,0,0,0,0,0,0,0,0,0,100,2688,2816,100,0,0,0,0,0,0,0,0,0,0,0,0,0,0,0,0,0,0,0,0,160,803,803,1,1,32,20,50,1,7362,803,2209,2045,0,0,0,12212,0,12813,0,0,0,0,11,3,6,197,0,135,15,272,0,0,366,8013,1
1578163,2379,1037,79,47,9999,0,0,241,0,0,0,4120,992,0,0,62,0,3,2,1382,456,2000,1,0,4,73,72,34429,13738,301,682,120,64,376,0,0,3,73,3,3,0,10,0,0,0,0,0,2688,2816,2688,2816,4128,2208,8102,1671,0,0,0,0,100,57,49,44,45,53,57,56,0,0,73,0,0,0,0,0,0,14897,1138,1019,0,943,76,345,345,100,1,1,0,999,999,40,0,25,0,0,0,0,0,0,0,0,0,0,100,2688,2816,100,0,0,0,0,0,0,0,0,0,0,0,0,0,0,0,0,0,0,0,0,160,803,803,1,1,24,21,50,1,7365,803,2202,2047,0,0,0,10766,0,11047,0,0,0,0,11,3,6,199,0,135,15,272,0,0,367,8013,1
1579207,2358,1035,79,47,9999,0,0,587,0,0,0,4120,2418,0,0,62,0,2,2,1382,456,2000,1,0,4,70,72,46116,13687,266,693,100,64,369,0,30,5,73,3,3,0,10,0,0,0,0,0,2688,2816,2688,2816,4128,2208,8942,1677,0,0,0,0,100,41,36,35,30,41,41,41,0,0,73,0,0,0,0,0,0,14898,1137,1017,0,942,74,346,346,100,5,1,0,999,999,40,0,25,0,0,0,0,0,0,0,0,0,0,100,2688,2816,100,0,0,0,0,0,0,0,0,0,0,0,0,0,0,0,0,0,0,0,0,160,803,803,1,1,24,21,50,1,7362,803,2202,2047,0,0,0,16478,0,16880,0,0,0,3,11,3,6,199,0,157,15,272,14,3,432,8013,1
1580163,2358,1035,79,47,9999,0,0,279,0,0,0,4104,1145,0,0,62,0,3,5,1382,456,2000,1,0,4,71,72,37151,13581,283,658,125,62,352,0,0,4,73,3,3,0,10,0,0,0,0,0,2688,2816,2688,2816,4128,2208,7121,1335,0,0,0,0,100,50,40,36,41,50,50,49,0,0,72,0,0,0,0,0,0,14898,1137,1017,0,942,74,346,346,100,2,1,0,999,999,40,0,25,0,0,0,0,0,0,0,0,0,0,100,2688,2816,100,0,0,0,0,0,0,0,0,0,0,0,0,0,0,0,0,0,0,0,0,160,803,803,1,1,24,22,50,1,7361,803,2201,2046,0,0,0,15285,0,15552,0,0,1,2,11,3,6,199,0,165,15,272,43,2,456,8013,1
1581165,2358,1035,79,47,9999,0,0,385,0,0,0,4120,1586,0,0,62,0,2,4,1382,456,2000,1,0,4,72,72,33821,13583,315,768,99,64,340,0,0,0,72,3,3,0,10,0,0,0,0,0,2688,2816,2688,2816,4128,2208,7728,1397,0,0,0,0,100,49,42,40,35,40,43,49,0,0,67,0,0,0,0,0,0,14898,1137,1017,0,942,74,346,346,100,0,0,0,999,999,40,0,25,0,0,0,0,0,0,0,0,0,0,100,2688,2816,100,0,0,0,0,0,0,0,0,0,0,0,0,0,0,0,0,0,0,0,0,160,804,804,1,1,24,22,50,1,7394,804,2201,2046,0,0,0,15860,0,16263,0,0,1,2,11,3,6,201,0,157,15,272,43,2,432,8013,1
1582164,2358,1035,79,47,9999,0,0,382,0,0,0,4120,1573,0,0,62,0,2,3,1382,456,2000,1,0,4,72,72,32414,13560,298,600,127,65,351,0,0,0,73,3,3,0,10,0,0,0,0,0,2688,2816,2688,2816,4128,2208,8184,1482,0,0,0,0,100,46,44,37,39,45,46,37,0,0,69,0,0,0,0,0,0,14898,1137,1017,0,942,74,346,346,100,0,0,0,999,999,40,0,25,0,0,0,0,0,0,0,0,0,0,100,2688,2816,100,0,0,0,0,0,0,0,0,0,0,0,0,0,0,0,0,0,0,0,0,160,804,804,1,1,24,23,50,1,7362,804,2202,2048,0,0,0,10502,0,10699,0,0,1,1,11,3,6,200,0,135,15,272,49,1,367,8013,1
1583163,2358,1035,79,47,9999,0,0,259,0,0,0,4120,1067,0,0,62,0,2,3,1382,456,2000,1,0,4,72,72,33689,13603,303,712,120,64,399,0,0,3,72,3,3,0,10,0,0,0,0,0,2688,2816,2688,2816,4128,2208,8381,1571,0,0,0,0,100,50,39,34,35,43,43,50,0,0,72,0,0,0,0,0,0,14898,1137,1017,0,942,74,346,346,100,2,1,0,999,999,40,0,25,0,0,0,0,0,0,0,0,0,0,100,2688,2816,100,0,0,0,0,0,0,0,0,0,0,0,0,0,0,0,0,0,0,0,0,160,804,804,1,1,24,21,50,1,7398,804,2202,2046,0,0,0,17612,0,18045,0,0,0,0,11,3,6,193,0,135,15,272,0,0,366,8013,1
1584164,2358,1035,79,47,9999,0,0,474,0,0,0,4120,1952,0,0,62,0,2,2,1382,456,2000,1,0,4,72,72,35620,13682,291,666,112,64,368,0,0,1,73,3,3,0,10,0,0,0,0,0,2688,2816,2688,2816,4128,2208,8454,1654,0,0,0,0,100,60,46,45,43,60,55,54,0,0,75,0,0,0,0,0,0,14898,1137,1017,0,942,74,346,346,100,1,1,0,999,999,40,0,25,0,0,0,0,0,0,0,0,0,0,100,2688,2816,100,0,0,0,0,0,0,0,0,0,0,0,0,0,0,0,0,0,0,0,0,160,803,803,1,1,32,23,50,1,7381,803,2209,2048,0,0,0,16445,0,16945,0,0,0,1,11,3,6,196,0,250,15,272,6,1,700,8013,2
1585166,2358,1035,79,47,9999,0,0,863,0,0,0,4120,3555,0,0,62,0,2,4,1382,456,2000,1,0,4,72,72,36241,13716,272,714,130,66,388,0,0,1,73,3,3,0,10,0,0,0,0,0,2688,2816,2688,2816,4128,2208,9148,1641,0,0,0,0,100,50,36,32,36,44,48,50,0,0,79,0,0,0,0,0,0,14898,1137,1017,0,942,74,346,346,100,1,1,0,999,999,40,0,25,0,0,0,0,0,0,0,0,0,0,100,2688,2816,100,0,0,0,0,0,0,0,0,0,0,0,0,0,0,0,0,0,0,0,0,160,804,804,1,1,32,21,50,1,7393,804,2210,2046,0,0,0,11422,0,11728,0,0,0,1,11,3,6,197,0,250,15,272,6,1,699,8013,2
1586164,2358,1035,79,47,9999,0,0,325,0,0,0,4120,1339,0,0,62,0,2,4,1382,456,2000,1,0,4,72,72,36219,13732,313,794,135,64,401,0,0,2,73,3,3,0,10,0,0,0,0,0,2688,2816,2688,2816,4128,2208,8334,1459,0,0,0,0,100,51,46,45,48,48,48,51,0,0,74,0,0,0,0,0,0,14898,1137,1017,0,942,74,346,346,100,1,1,0,999,999,40,0,25,0,0,0,0,0,0,0,0,0,0,100,2688,2816,100,0,0,0,0,0,0,0,0,0,0,0,0,0,0,0,0,0,0,0,0,160,804,804,1,1,32,16,50,1,7401,804,2210,2041,0,0,0,18134,0,18454,0,0,0,0,11,3,6,201,0,245,15,272,0,0,697,8013,1
1587165,2358,1035,79,47,9999,0,0,435,0,0,0,4120,1792,0,0,62,0,3,3,1382,456,2000,1,0,4,72,72,36578,13660,289,712,121,65,352,0,0,3,73,3,3,0,10,0,0,0,0,0,2688,2816,2688,2816,4128,2208,9068,1592,0,0,0,0,100,57,42,43,48,57,57,47,0,0,75,0,0,0,0,0,0,14898,1137,1017,0,942,74,346,346,100,1,1,0,999,999,40,0,25,0,0,0,0,0,0,0,0,0,0,100,2688,2816,100,0,0,0,0,0,0,0,0,0,0,0,0,0,0,0,0,0,0,0,0,160,804,804,1,1,32,21,50,1,7369,804,2209,2045,0,0,0,14060,0,14725,0,0,0,0,11,3,6,166,0,127,15,272,0,0,358,8013,0
1588165,2358,1035,79,47,9999,0,0,310,0,0,0,4120,1277,0,0,62,0,2,2,1382,456,2000,1,0,4,73,72,34986,13625,260,639,126,64,372,0,0,3,72,3,3,0,10,0,0,0,0,0,2688,2816,2688,2816,4128,2208,7414,1558,0,0,0,0,100,55,42,37,41,47,52,55,0,0,75,0,0,0,0,0,0,14898,1137,1017,0,942,74,346,346,100,1,1,0,999,999,40,0,25,0,0,0,0,0,0,0,0,0,0,100,2688,2816,100,0,0,0,0,0,0,0,0,0,0,0,0,0,0,0,0,0,0,0,0,160,804,804,1,1,32,16,50,1,7401,804,2209,2040,0,0,0,13979,0,14338,0,0,0,0,11,3,6,125,0,49,15,272,0,0,115,8013,1
1589165,2358,1035,79,47,9999,0,0,247,0,0,0,4120,1017,0,0,62,0,3,3,1382,456,2000,1,0,4,73,72,34937,13657,374,702,141,65,346,0,2,3,73,3,3,0,10,0,0,0,0,0,2688,2816,2688,2816,4128,2208,6260,1587,0,0,0,0,100,51,36,34,37,51,49,50,0,0,64,0,0,0,0,0,0,14898,1137,1017,0,942,74,346,346,100,2,1,0,999,999,40,0,25,0,0,0,0,0,0,0,0,0,0,100,2688,2816,100,0,0,0,0,0,0,0,0,0,0,0,0,0,0,0,0,0,0,0,0,160,804,804,1,1,32,22,50,1,7366,804,2210,2047,0,0,0,19781,0,20092,0,0,0,0,11,3,6,162,0,130,15,272,0,0,352,8013,1
1590165,2358,1035,79,47,9999,0,0,374,0,0,0,4121,1541,0,0,62,0,2,2,1382,456,2000,1,0,4,71,72,34789,13983,273,879,179,65,413,0,0,2,72,3,3,0,10,0,0,0,0,0,2688,2816,2688,2816,4128,2208,7069,1532,0,0,0,0,100,51,39,35,37,47,51,47,0,0,62,0,0,0,0,0,0,14898,1137,1017,0,942,74,346,346,100,2,2,0,999,999,40,0,25,0,0,0,0,0,0,0,0,0,0,100,2688,2816,100,0,0,0,0,0,0,0,0,0,0,0,0,0,0,0,0,0,0,0,0,160,804,804,1,1,32,17,50,1,7402,804,2210,2042,0,0,0,8092,0,8315,0,0,1,1,11,3,6,204,0,244,15,272,49,1,695,8013,1
1591166,2358,1035,79,47,9999,0,0,330,0,0,0,4121,1359,0,0,62,0,3,3,1382,456,2000,1,0,4,73,72,36817,13760,323,730,161,64,365,0,2,3,73,3,3,0,10,0,0,0,0,0,2688,2816,2688,2816,4128,2208,9579,1696,0,0,0,0,100,60,39,39,40,58,60,55,0,0,68,0,0,0,0,0,0,14898,1137,1017,0,942,74,346,346,100,1,1,0,999,999,40,0,25,0,0,0,0,0,0,0,0,0,0,100,2688,2816,100,0,0,0,0,0,0,0,0,0,0,0,0,0,0,0,0,0,0,0,0,160,804,804,1,1,32,21,50,1,7370,804,2209,2046,0,0,0,16874,0,17206,0,0,1,1,11,3,6,206,0,245,15,272,49,1,697,8013,1
1592166,2358,1035,79,47,9999,0,0,181,0,0,0,4121,745,0,0,62,0,2,4,1382,456,2000,1,0,4,70,72,39132,13655,343,740,129,64,380,0,2,7,73,3,3,0,10,0,0,0,0,0,2688,2816,2688,2816,4128,2208,8044,1461,0,0,0,0,100,54,37,33,33,41,54,44,0,0,68,0,0,0,0,0,0,14898,1137,1017,0,942,74,346,346,100,3,1,0,999,999,40,0,25,0,0,0,0,0,0,0,0,0,0,100,2688,2816,100,0,0,0,0,0,0,0,0,0,0,0,0,0,0,0,0,0,0,0,0,160,804,804,1,1,24,16,50,1,7370,804,2201,2041,0,0,0,18856,0,19536,0,0,0,0,11,3,6,198,0,244,15,272,0,0,697,8013,1
1593166,2358,1035,79,47,9999,0,0,569,0,0,0,4121,2344,0,0,62,0,2,3,1382,456,2000,1,0,4,72,72,34657,13585,324,661,114,64,365,0,1,4,72,3,3,0,10,0,0,0,0,0,2688,2816,2688,2816,4128,2208,8775,1590,0,0,0,0,100,53,35,35,37,53,49,50,0,0,69,0,0,0,0,0,0,14898,1137,1017,0,942,74,346,346,100,2,1,0,999,999,40,0,25,0,0,0,0,0,0,0,0,0,0,100,2688,2816,100,0,0,0,0,0,0,0,0,0,0,0,0,0,0,0,0,0,0,0,0,160,804,804,1,1,24,22,50,1,7403,804,2202,2047,0,0,0,12767,0,12992,0,0,0,0,11,3,6,190,0,238,15,272,0,0,692,8013,0
1594166,2358,1035,79,47,9999,0,0,340,0,0,0,4121,1401,0,0,62,0,3,3,1651,492,1555,1,0,4,73,72,35893,13583,290,596,119,65,367,0,0,4,73,3,3,0,10,0,0,0,0,0,2688,2816,2688,2816,4128,2208,8586,1560,0,0,0,0,100,52,39,36,39,52,49,45,0,0,73,0,0,0,0,0,0,14898,1137,1017,0,942,74,346,346,100,2,1,0,999,999,40,0,25,0,0,0,0,0,0,0,0,0,0,100,2688,2816,100,0,0,0,0,0,0,0,0,0,0,0,0,0,0,0,0,0,0,0,0,160,804,804,1,1,24,17,50,1,7370,804,2202,2043,0,0,0,12977,0,13219,0,0,0,0,11,3,6,189,0,237,15,272,0,0,690,8013,0
1595166,2358,1035,79,47,9999,0,0,290,0,0,0,4121,1195,0,0,62,0,2,3,1651,492,1555,1,0,4,72,72,34207,13659,347,655,120,64,387,0,0,3,73,3,3,0,10,0,0,0,0,0,2688,2816,2688,2816,4128,2208,8574,1577,0,0,0,0,100,46,37,33,33,44,46,44,0,0,75,0,0,0,0,0,0,14898,1137,1017,0,942,74,346,346,100,1,1,0,999,999,40,0,25,0,0,0,0,0,0,0,0,0,0,100,2688,2816,100,0,0,0,0,0,0,0,0,0,0,0,0,0,0,0,0,0,0,0,0,160,804,804,1,1,24,22,50,1,7402,804,2202,2048,0,0,0,16069,0,16582,0,0,0,1,11,3,6,190,0,238,15,272,4,1,691,8013,0
1596167,2358,1035,79,47,9999,0,0,382,0,0,0,4121,1574,0,0,62,0,3,3,1651,492,1555,1,0,4,73,72,34798,13779,331,613,147,65,391,0,0,5,73,3,3,0,10,0,0,0,0,0,2688,2816,2688,2816,4128,2208,7915,1581,0,0,0,0,100,56,42,36,42,56,53,55,0,0,74,0,0,0,0,0,0,14898,1137,1017,0,942,74,346,346,100,3,1,0,999,999,40,0,25,0,0,0,0,0,0,0,0,0,0,100,2688,2816,100,0,0,0,0,0,0,0,0,0,0,0,0,0,0,0,0,0,0,0,0,160,805,805,1,1,24,18,50,1,7368,805,2201,2043,0,0,0,21019,0,21379,0,0,0,0,11,3,6,190,0,238,15,272,0,0,691,8013,0
1597168,2358,1035,79,47,9999,0,0,221,0,0,0,4121,910,0,0,62,0,2,3,1651,492,1555,1,0,4,72,72,36180,13759,294,749,139,65,388,0,0,0,73,3,3,0,10,0,0,0,0,0,2688,2816,2688,2816,4128,2208,8368,1578,0,0,0,0,100,44,33,31,33,44,44,43,0,0,75,0,0,0,0,0,0,14898,1137,1017,0,942,74,346,346,100,0,0,0,999,999,40,0,25,0,0,0,0,0,0,0,0,0,0,100,2688,2816,100,0,0,0,0,0,0,0,0,0,0,0,0,0,0,0,0,0,0,0,0,160,805,805,1,1,24,23,50,1,7390,805,2201,2047,0,0,0,8972,0,9294,0,0,0,0,11,3,6,189,0,237,15,272,0,0,690,8013,0
1598167,2358,1035,79,47,9999,0,0,297,0,0,0,4121,1223,0,0,62,0,3,2,1651,492,1555,1,0,4,73,72,33907,13677,375,643,114,65,360,0,0,2,73,3,3,0,10,0,0,0,0,0,2688,2816,2688,2816,4128,2208,8806,1670,0,0,0,0,100,60,48,42,47,55,60,54,0,0,76,0,0,0,0,0,0,14898,1137,1017,0,942,74,346,346,100,1,1,0,999,999,40,0,25,0,0,0,0,0,0,0,0,0,0,100,2688,2816,100,0,0,0,0,0,0,0,0,0,0,0,0,0,0,0,0,0,0,0,0,160,805,805,1,1,32,17,50,1,7374,805,2209,2042,0,0,0,13203,0,13451,0,0,0,0,11,3,6,189,0,239,15,272,0,0,693,8013,0
1599210,2379,1038,79,47,9999,0,0,350,0,0,0,4121,1442,0,0,62,0,2,2,1651,492,1555,1,0,4,73,72,37691,13794,320,684,125,64,397,0,1,3,73,3,3,0,10,0,0,0,0,0,2688,2816,2688,2816,4128,2208,8897,1632,0,0,0,0,100,46,38,35,38,46,45,45,0,0,77,0,0,0,0,0,0,14898,1139,1021,0,943,77,346,346,100,3,1,0,999,999,40,0,25,0,0,0,0,0,0,0,0,0,0,100,2688,2816,100,0,0,0,0,0,0,0,0,0,0,0,0,0,0,0,0,0,0,0,0,160,805,805,1,1,32,23,50,1,7371,805,2210,2048,0,0,0,7880,0,8131,0,0,0,1,11,3,6,198,0,243,15,272,10,1,694,8013,1
1600167,2379,1038,79,47,9999,0,0,206,0,0,0,4127,850,0,0,62,0,2,2,1651,492,1555,1,0,4,72,72,35025,13762,317,713,185,65,397,0,0,0,73,3,3,0,10,0,0,0,0,0,2688,2816,2688,2816,4128,2208,8805,1607,0,0,0,0,100,50,39,35,38,45,50,50,0,0,80,0,0,0,0,0,0,14898,1139,1021,0,943,77,346,346,100,0,0,0,999,999,40,0,25,0,0,0,0,0,0,0,0,0,0,100,2688,2816,100,0,0,0,0,0,0,0,0,0,0,0,0,0,0,0,0,0,0,0,0,160,805,805,1,1,32,18,50,1,7406,805,2209,2043,0,0,0,18127,0,18591,0,0,0,0,11,3,6,196,0,243,15,272,0,0,694,8013,1
1601167,2379,1038,79,47,9999,0,0,147,0,0,0,4127,606,0,0,62,0,2,2,1651,492,1555,1,0,4,73,72,37186,13690,337,660,152,67,397,0,0,2,73,3,3,0,10,0,0,0,0,0,2688,2816,2688,2816,4128,2208,9497,1623,0,0,0,0,100,57,41,34,43,55,57,54,0,0,81,0,0,0,0,0,0,14898,1139,1021,0,943,77,346,346,100,1,1,0,999,999,40,0,25,0,0,0,0,0,0,0,0,0,0,100,2688,2816,100,0,0,0,0,0,0,0,0,0,0,0,0,0,0,0,0,0,0,0,0,160,805,805,1,1,32,22,50,1,7374,805,2209,2047,0,0,0,18765,0,19379,0,0,1,6,11,3,6,201,0,244,15,272,28,6,696,8013,1
1602167,2379,1038,79,47,9999,0,0,266,0,0,0,4127,1097,0,0,62,0,2,3,1651,492,1555,1,0,4,73,72,37595,13927,372,866,308,67,384,1,0,2,72,3,3,0,10,0,0,0,0,0,2688,2816,2688,2816,4128,2208,8779,1507,0,0,0,0,100,58,39,32,40,50,58,50,0,0,80,0,0,0,0,0,0,14898,1139,1021,0,943,77,346,346,100,1,1,0,999,999,40,0,25,0,0,0,0,0,0,0,0,0,0,100,2688,2816,100,0,0,0,0,0,0,0,0,0,0,0,0,0,0,0,0,0,0,0,0,160,805,805,1,1,32,18,50,1,7408,805,2210,2043,0,0,0,11882,0,12150,0,0,0,0,11,3,6,200,0,244,15,272,0,0,695,8013,1
1603167,2379,1038,79,47,9999,0,0,264,0,0,0,4127,1089,0,0,62,0,3,3,1651,492,1555,1,0,4,72,72,37288,13910,338,879,235,65,387,0,0,4,73,3,3,0,10,0,0,0,0,0,2688,2816,2688,2816,4128,2208,8724,1526,0,0,0,0,100,53,36,37,41,48,51,53,0,0,77,0,0,0,0,0,0,14898,1139,1021,0,943,77,346,346,100,2,1,0,999,999,40,0,25,0,0,0,0,0,0,0,0,0,0,100,2688,2816,100,0,0,0,0,0,0,0,0,0,0,0,0,0,0,0,0,0,0,0,0,160,805,805,1,1,32,22,50,1,7375,805,2210,2048,0,0,0,20298,0,20689,0,0,0,0,11,3,6,195,0,243,15,272,0,0,694,8013,1
1604168,2379,1038,79,47,9999,0,0,239,0,0,0,4127,986,0,0,62,0,2,3,1920,492,2000,1,0,4,72,72,35298,13822,319,886,115,64,464,0,0,2,72,3,3,0,10,0,0,0,0,0,2688,2816,2688,2816,4128,2208,8213,1515,0,0,0,0,100,51,35,31,31,45,51,43,0,0,77,0,0,0,0,0,0,14898,1139,1021,0,943,77,346,346,100,1,1,0,999,999,40,0,25,0,0,0,0,0,0,0,0,0,0,100,2688,2816,100,0,0,0,0,0,0,0,0,0,0,0,0,0,0,0,0,0,0,0,0,160,805,805,1,1,32,19,50,1,7378,805,2210,2044,0,0,0,10161,0,10456,0,0,0,0,11,3,6,197,0,249,15,272,0,0,698,8013,2
1605167,2379,1038,79,47,9999,0,0,215,0,0,0,4127,887,0,0,62,0,2,3,1920,492,2000,1,0,4,73,72,35278,13761,652,728,121,64,382,0,0,2,72,3,3,0,10,0,0,0,0,0,2688,2816,2688,2816,4128,2208,8523,1528,0,0,0,0,100,58,39,37,43,56,51,58,0,0,78,0,0,0,0,0,0,14898,1139,1021,0,943,77,346,346,100,1,1,0,999,999,40,0,25,0,0,0,0,0,0,0,0,0,0,100,2688,2816,100,0,0,0,0,0,0,0,0,0,0,0,0,0,0,0,0,0,0,0,0,160,805,805,1,1,32,16,50,1,7377,805,2210,2042,0,0,0,16677,0,17305,0,0,0,0,11,3,6,196,0,243,15,272,0,0,694,8013,1
1606168,2379,1038,79,47,9999,0,0,413,0,0,0,4127,1704,0,0,62,0,3,3,1920,492,2000,1,0,4,73,72,37090,13611,295,641,101,66,369,0,0,2,73,3,3,0,10,0,0,0,0,0,2688,2816,2688,2816,4128,2208,8932,1513,0,0,0,0,100,48,36,35,36,47,43,48,0,0,78,0,0,0,0,0,0,14898,1139,1021,0,943,77,346,346,100,1,1,0,999,999,40,0,25,0,0,0,0,0,0,0,0,0,0,100,2688,2816,100,0,0,0,0,0,0,0,0,0,0,0,0,0,0,0,0,0,0,0,0,160,806,806,1,1,32,18,50,1,7404,806,2210,2043,0,0,0,17691,0,18112,0,0,0,0,11,3,6,195,0,243,15,272,0,0,694,8013,1
1607167,2379,1038,79,47,9999,0,0,356,0,0,0,4127,1469,0,0,62,0,2,3,1920,492,2000,1,0,4,72,72,34384,13491,303,569,114,65,421,0,0,3,73,3,3,0,10,0,0,0,0,0,2688,2816,2688,2816,4128,2208,9490,1530,0,0,0,0,100,51,48,47,44,45,51,45,0,0,78,0,0,0,0,0,0,14898,1139,1021,0,943,77,346,346,100,1,1,0,999,999,40,0,25,0,0,0,0,0,0,0,0,0,0,100,2688,2816,100,0,0,0,0,0,0,0,0,0,0,0,0,0,0,0,0,0,0,0,0,160,806,806,1,1,24,18,50,1,7415,806,2201,2043,0,0,0,14088,0,14352,0,0,0,0,11,3,6,195,0,243,15,272,0,0,694,8013,1
1608168,2379,1038,79,47,9999,0,0,161,0,0,0,4127,664,0,0,62,0,3,3,1920,492,2000,1,0,4,72,72,36699,13759,362,726,255,66,415,0,0,4,73,3,3,0,10,0,0,0,0,0,2688,2816,2688,2816,4128,2208,8816,1506,0,0,0,0,100,68,56,53,57,68,58,61,0,0,77,0,0,0,0,0,0,14898,1139,1021,0,943,77,346,346,100,3,1,0,999,999,40,0,25,0,0,0,0,0,0,0,0,0,0,100,2688,2816,100,0,0,0,0,0,0,0,0,0,0,0,0,0,0,0,0,0,0,0,0,160,806,806,1,1,32,18,50,1,7381,806,2210,2044,0,0,0,7759,0,8017,0,0,2,8,11,3,6,191,0,250,15,272,72,8,700,8013,2
1609168,2379,1038,79,47,9999,0,0,449,0,0,0,4127,1853,0,0,62,0,2,3,1920,492,2000,1,0,4,72,72,36662,13823,328,849,217,65,386,0,0,0,73,3,3,0,10,0,0,0,0,0,2688,2816,2688,2816,4128,2208,8864,1495,0,0,0,0,100,47,33,33,32,45,47,45,0,0,77,0,0,0,0,0,0,14898,1139,1021,0,943,77,346,346,100,0,0,0,999,999,40,0,25,0,0,0,0,0,0,0,0,0,0,100,2688,2816,100,0,0,0,0,0,0,0,0,0,0,0,0,0,0,0,0,0,0,0,0,160,806,806,1,1,32,17,50,1,7414,806,2210,2043,0,0,0,8747,0,9102,0,0,1,3,11,3,6,196,0,243,15,272,50,3,694,8013,1
1610168,2379,1038,79,47,9999,0,0,301,0,0,0,4122,1240,0,0,62,0,2,3,1920,492,2000,1,0,4,73,72,35244,13573,360,631,150,66,369,0,0,0,72,3,3,0,10,0,0,0,0,0,2688,2816,2688,2816,4128,2208,8180,1527,0,0,0,0,100,58,40,37,44,58,50,57,0,0,78,0,0,0,0,0,0,14898,1139,1021,0,943,77,346,346,100,0,0,0,999,999,40,0,25,0,0,0,0,0,0,0,0,0,0,100,2688,2816,100,0,0,0,0,0,0,0,0,0,0,0,0,0,0,0,0,0,0,0,0,160,806,806,1,1,32,17,50,1,7385,806,2210,2043,0,0,0,13085,0,13490,0,0,1,3,11,3,6,193,0,135,15,272,50,3,366,8013,1
1611168,2379,1038,79,47,9999,0,0,57,0,0,0,4122,234,0,0,62,0,2,3,1920,492,2000,1,0,4,72,72,36845,13599,313,636,123,65,377,0,1,1,73,3,3,0,10,0,0,0,0,0,2688,2816,2688,2816,4128,2208,8535,1599,0,0,0,0,100,57,46,40,44,52,57,51,0,0,78,0,0,0,0,0,0,14898,1139,1021,0,943,77,346,346,100,1,1,0,999,999,40,0,25,0,0,0,0,0,0,0,0,0,0,100,2688,2816,100,0,0,0,0,0,0,0,0,0,0,0,0,0,0,0,0,0,0,0,0,160,806,806,1,1,32,18,50,1,7386,806,2209,2043,0,0,0,14822,0,15188,0,0,1,3,11,3,6,144,0,57,15,272,50,3,137,8013,1
1612168,2379,1038,79,47,9999,0,0,269,0,0,0,4122,1108,0,0,62,0,2,2,1920,492,2000,1,0,4,73,72,36204,13614,260,650,110,70,387,0,0,0,72,3,3,0,10,0,0,0,0,0,2688,2816,2688,2816,4128,2208,6656,1592,0,0,0,0,100,40,35,33,30,40,38,38,0,0,70,0,0,0,0,0,0,14898,1139,1021,0,943,77,346,346,100,0,0,0,999,999,40,0,25,0,0,0,0,0,0,0,0,0,0,100,2688,2816,100,0,0,0,0,0,0,0,0,0,0,0,0,0,0,0,0,0,0,0,0,160,806,806,1,1,32,22,50,1,7419,806,2210,2047,0,0,0,7945,0,8199,0,0,2,8,11,3,6,192,0,250,15,272,72,8,700,8013,2
1613168,2379,1038,79,47,9999,0,0,59,0,0,0,4122,243,0,0,62,0,2,2,1920,492,2000,1,0,4,72,72,31969,13590,315,591,114,65,407,0,0,3,73,3,3,0,10,0,0,0,0,0,2688,2816,2688,2816,4128,2208,9708,1716,0,0,0,0,100,40,35,33,30,40,38,38,0,0,73,0,0,0,0,0,0,14898,1139,1021,0,943,77,346,346,100,3,1,0,999,999,40,0,25,0,0,0,0,0,0,0,0,0,0,100,2688,2816,100,0,0,0,0,0,0,0,0,0,0,0,0,0,0,0,0,0,0,0,0,160,804,804,1,1,32,18,50,1,7381,804,2210,2043,0,0,0,11724,0,12049,0,0,0,1,11,3,6,188,0,237,15,272,10,1,689,8013,0
1614168,2379,1038,79,47,9999,0,0,317,0,0,0,4122,1306,0,0,62,0,2,3,1382,492,2000,1,0,4,71,72,38061,13760,333,629,120,66,449,0,0,2,73,3,3,0,10,0,0,0,0,0,2688,2816,2688,2816,4128,2208,8772,1605,0,0,0,0,100,50,38,33,34,50,47,45,0,0,77,0,0,0,0,0,0,14898,1139,1021,0,943,77,346,346,100,2,1,0,999,999,40,0,25,0,0,0,0,0,0,0,0,0,0,100,2688,2816,100,0,0,0,0,0,0,0,0,0,0,0,0,0,0,0,0,0,0,0,0,160,804,804,1,1,32,22,50,1,7413,804,2210,2048,0,0,0,17298,0,17646,0,0,0,0,11,3,6,192,0,239,15,272,0,0,692,8013,0
1615168,2379,1038,79,47,9999,0,0,167,0,0,0,4122,688,0,0,62,0,2,3,1382,492,2000,1,0,4,73,72,35958,13668,271,676,128,64,361,0,0,3,73,3,3,0,10,0,0,0,0,0,2688,2816,2688,2816,4128,2208,8071,1604,0,0,0,0,100,55,41,36,37,55,51,51,0,0,76,0,0,0,0,0,0,14898,1139,1021,0,943,77,346,346,100,1,1,0,999,999,40,0,25,0,0,0,0,0,0,0,0,0,0,100,2688,2816,100,0,0,0,0,0,0,0,0,0,0,0,0,0,0,0,0,0,0,0,0,160,804,804,1,1,32,18,50,1,7379,804,2210,2043,0,0,0,8448,0,8685,0,0,0,0,11,3,6,192,0,239,15,272,0,0,692,8013,0
1616168,2379,1038,79,47,9999,0,0,331,0,0,0,4122,1364,0,0,62,0,2,3,1382,492,2000,1,0,4,73,72,36042,13714,317,773,159,64,374,0,0,3,73,3,3,0,10,0,0,0,0,0,2688,2816,2688,2816,4128,2208,9006,1621,0,0,0,0,100,53,37,34,40,53,50,51,0,0,77,0,0,0,0,0,0,14898,1139,1021,0,943,77,346,346,100,1,1,0,999,999,40,0,25,0,0,0,0,0,0,0,0,0,0,100,2688,2816,100,0,0,0,0,0,0,0,0,0,0,0,0,0,0,0,0,0,0,0,0,160,804,804,1,1,32,22,50,1,7411,804,2210,2048,0,0,0,9721,0,10005,0,0,1,1,11,3,6,192,0,244,15,272,33,1,694,8013,1
1617168,2379,1038,79,47,9999,0,0,89,0,0,0,4122,366,0,0,62,0,3,3,1382,492,2000,1,0,4,71,72,36392,13723,309,728,137,65,382,0,0,1,72,3,3,0,10,0,0,0,0,0,2688,2816,2688,2816,4128,2208,9372,1612,0,0,0,0,100,50,39,33,35,48,50,48,0,0,77,0,0,0,0,0,0,14898,1139,1021,0,943,77,346,346,100,1,1,0,999,999,40,0,25,0,0,0,0,0,0,0,0,0,0,100,2688,2816,100,0,0,0,0,0,0,0,0,0,0,0,0,0,0,0,0,0,0,0,0,160,804,804,1,1,32,16,50,1,7367,804,2209,2040,0,0,0,14494,0,14959,0,0,0,0,11,3,6,159,0,132,15,272,0,0,361,8013,1
1618168,2379,1038,79,47,9999,0,0,350,0,0,0,4122,1442,0,0,62,0,2,3,1382,492,2000,1,0,4,71,72,34723,13690,297,692,103,64,384,0,0,2,73,3,3,0,10,0,0,0,0,0,2688,2816,2688,2816,4128,2208,6773,1608,0,0,0,0,100,58,44,41,47,58,53,54,0,0,67,0,0,0,0,0,0,14898,1139,1021,0,943,77,346,346,100,2,1,0,999,999,40,0,25,0,0,0,0,0,0,0,0,0,0,100,2688,2816,100,0,0,0,0,0,0,0,0,0,0,0,0,0,0,0,0,0,0,0,0,160,804,804,1,1,32,19,50,1,7366,804,2210,2044,0,0,0,16908,0,17180,0,0,1,1,11,3,6,178,0,133,15,272,33,1,363,8013,1
1619209,2350,1036,79,47,9999,0,0,216,0,0,0,4122,890,0,0,62,0,2,2,1382,492,2000,1,0,4,73,72,31730,13683,328,668,106,65,397,0,0,2,72,3,3,0,10,0,0,0,0,0,2688,2816,2688,2816,4128,2208,8239,1712,0,0,0,0,100,39,42,39,39,39,39,39,0,0,70,0,0,0,0,0,0,14898,1139,1017,0,943,73,346,346,100,2,1,0,999,999,40,0,25,0,0,0,0,0,0,0,0,0,0,100,2688,2816,100,0,0,0,0,0,0,0,0,0,0,0,0,0,0,0,0,0,0,0,0,160,804,804,1,1,32,18,50,1,7400,804,2210,2044,0,0,0,11739,0,11993,0,0,0,1,11,3,6,181,0,132,15,272,10,1,362,8013,1
1620169,2350,1036,79,47,9999,0,0,418,0,0,0,4121,1722,0,0,62,0,2,2,1382,492,2000,1,0,4,73,72,35435,13906,321,757,151,65,418,0,0,2,73,3,3,0,10,0,0,0,0,0,2688,2816,2688,2816,4128,2208,8096,1690,0,0,0,0,100,47,35,34,37,46,47,39,0,0,71,0,0,0,0,0,0,14898,1139,1017,0,943,73,346,346,100,2,1,0,999,999,40,0,25,0,0,0,0,0,0,0,0,0,0,100,2688,2816,100,0,0,0,0,0,0,0,0,0,0,0,0,0,0,0,0,0,0,0,0,160,804,804,1,1,32,17,50,1,7366,804,2209,2041,0,0,0,7992,0,8226,0,0,0,0,11,3,6,177,0,127,15,272,0,0,358,8013,0
1621169,2350,1036,79,47,9999,0,0,147,0,0,0,4121,605,0,0,62,0,2,2,1382,492,2000,1,0,4,71,72,35966,13793,331,757,157,64,382,0,0,3,72,3,3,0,10,0,0,0,0,0,2688,2816,2688,2816,4128,2208,7306,1703,0,0,0,0,100,55,41,41,44,55,53,55,0,0,71,0,0,0,0,0,0,14898,1139,1017,0,943,73,346,346,100,2,1,0,999,999,40,0,25,0,0,0,0,0,0,0,0,0,0,100,2688,2816,100,0,0,0,0,0,0,0,0,0,0,0,0,0,0,0,0,0,0,0,0,160,804,804,1,1,32,19,50,1,7399,804,2210,2044,0,0,0,11933,0,12186,0,0,1,1,11,3,6,161,0,127,15,272,49,1,358,8013,0
1622169,2350,1036,79,47,9999,0,0,132,0,0,0,4121,543,0,0,62,0,3,2,1382,492,2000,1,0,4,71,72,35010,13751,343,738,98,65,371,0,0,6,73,3,3,0,10,0,0,0,0,0,2688,2816,2688,2816,4128,2208,7908,1627,0,0,0,0,100,50,39,36,36,44,50,50,0,0,69,0,0,0,0,0,0,14898,1139,1017,0,943,73,346,346,100,4,1,0,999,999,40,0,25,0,0,0,0,0,0,0,0,0,0,100,2688,2816,100,0,0,0,0,0,0,0,0,0,0,0,0,0,0,0,0,0,0,0,0,160,804,804,1,1,32,18,50,1,7368,804,2210,2044,0,0,0,10144,0,10527,0,0,0,1,11,3,6,170,0,127,15,272,4,1,359,8013,0
1623169,2350,1036,79,47,9999,0,0,437,0,0,0,4121,1800,0,0,62,0,2,2,1382,492,2000,1,0,4,72,72,35154,13649,318,684,110,64,378,0,0,2,72,3,3,0,10,0,0,0,0,0,2688,2816,2688,2816,4128,2208,7822,1584,0,0,0,0,100,56,36,32,39,56,53,45,0,0,69,0,0,0,0,0,0,14898,1139,1017,0,943,73,346,346,100,1,1,0,999,999,40,0,25,0,0,0,0,0,0,0,0,0,0,100,2688,2816,100,0,0,0,0,0,0,0,0,0,0,0,0,0,0,0,0,0,0,0,0,160,805,805,1,1,32,18,50,1,7400,805,2209,2043,0,0,0,18324,0,19202,0,0,0,0,11,3,6,182,0,237,15,272,0,0,690,8013,0
1624169,2350,1036,79,47,9999,0,0,212,0,0,0,4121,873,0,0,62,0,3,3,1382,492,2000,1,0,4,72,72,34258,13593,278,589,132,65,385,0,0,4,73,3,3,0,10,0,0,0,0,0,2688,2816,2688,2816,4128,2208,8401,1572,0,0,0,0,100,54,36,36,37,47,44,54,0,0,74,0,0,0,0,0,0,14898,1139,1017,0,943,73,346,346,100,1,1,0,999,999,40,0,25,0,0,0,0,0,0,0,0,0,0,100,2688,2816,100,0,0,0,0,0,0,0,0,0,0,0,0,0,0,0,0,0,0,0,0,160,805,805,1,1,32,17,50,1,7367,805,2210,2043,0,0,0,10612,0,10907,0,0,0,0,11,3,6,182,0,237,15,272,0,0,690,8013,0
1625169,2350,1036,79,47,9999,0,0,245,0,0,0,4121,1009,0,0,62,0,2,3,1382,492,2000,1,0,4,73,72,34822,13685,381,667,109,64,391,0,0,0,72,3,3,0,10,0,0,0,0,0,2688,2816,2688,2816,4128,2208,8587,1582,0,0,0,0,100,55,41,40,39,55,49,51,0,0,74,0,0,0,0,0,0,14898,1139,1017,0,943,73,346,346,100,0,0,0,999,999,40,0,25,0,0,0,0,0,0,0,0,0,0,100,2688,2816,100,0,0,0,0,0,0,0,0,0,0,0,0,0,0,0,0,0,0,0,0,160,805,805,1,1,32,18,50,1,7364,805,2210,2044,0,0,0,10521,0,10769,0,0,0,1,11,3,6,183,0,238,15,272,17,1,690,8013,0
1626169,2350,1036,79,47,9999,0,0,255,0,0,0,4121,1050,0,0,62,0,2,2,1382,492,2000,1,0,4,71,72,33465,13714,336,616,114,65,392,0,0,2,73,3,3,0,10,0,0,0,0,0,2688,2816,2688,2816,4128,2208,8293,1640,0,0,0,0,100,45,40,37,37,45,40,42,0,0,75,0,0,0,0,0,0,14898,1139,1017,0,943,73,346,346,100,2,1,0,999,999,40,0,25,0,0,0,0,0,0,0,0,0,0,100,2688,2816,100,0,0,0,0,0,0,0,0,0,0,0,0,0,0,0,0,0,0,0,0,160,804,804,1,1,23,17,50,1,7396,804,2202,2043,0,0,0,15112,0,15506,0,0,1,6,11,3,6,184,0,238,15,272,28,6,691,8013,0
1627170,2350,1036,79,47,9999,0,0,703,0,0,0,4121,2897,0,0,62,0,2,2,1382,492,2000,1,0,4,73,72,36801,13700,308,644,118,66,476,0,0,1,73,3,3,0,10,0,0,0,0,0,2688,2816,2688,2816,4128,2208,9237,1690,0,0,0,0,100,58,44,42,45,58,47,50,0,0,79,0,0,0,0,0,0,14898,1139,1017,0,943,73,346,346,100,1,1,0,999,999,40,0,25,0,0,0,0,0,0,0,0,0,0,100,2688,2816,100,0,0,0,0,0,0,0,0,0,0,0,0,0,0,0,0,0,0,0,0,160,804,804,1,1,32,19,50,1,7390,804,2209,2044,0,0,0,17034,0,17452,0,0,1,6,11,3,6,184,0,238,15,272,28,6,691,8013,0
1628169,2350,1036,79,47,9999,0,0,769,0,0,0,4121,3169,0,0,62,0,3,2,1382,492,2000,1,0,4,70,72,36895,14112,312,811,232,66,434,0,0,6,73,3,3,0,10,0,0,0,0,0,2688,2816,2688,2816,4128,2208,8500,1709,0,0,0,0,100,50,41,39,40,48,50,50,0,0,79,0,0,0,0,0,0,14898,1139,1017,0,943,73,346,346,100,2,1,0,999,999,40,0,25,0,0,0,0,0,0,0,0,0,0,100,2688,2816,100,0,0,0,0,0,0,0,0,0,0,0,0,0,0,0,0,0,0,0,0,160,804,804,1,1,32,17,50,1,7425,804,2209,2042,0,0,0,9680,0,9897,0,0,0,1,11,3,6,183,0,238,15,272,4,1,690,8013,0
1629169,2350,1036,79,47,9999,0,0,592,0,0,0,4121,2439,0,0,62,0,4,2,1382,492,2000,1,0,4,73,72,37641,14024,280,790,148,68,353,0,0,1,73,3,3,0,10,0,0,0,0,0,2688,2816,2688,2816,4128,2208,8545,1710,0,0,0,0,100,56,55,52,53,51,56,54,0,0,80,0,0,0,0,0,0,14898,1139,1017,0,943,73,346,346,100,1,1,0,999,999,40,0,25,0,0,0,0,0,0,0,0,0,0,100,2688,2816,100,0,0,0,0,0,0,0,0,0,0,0,0,0,0,0,0,0,0,0,0,160,804,804,1,1,32,18,50,1,7359,804,2210,2043,0,0,0,14941,0,15148,0,0,0,0,11,3,6,183,0,238,15,272,0,0,690,8013,0
1630170,2350,1036,79,47,9999,0,0,252,0,0,0,4125,1039,0,0,62,0,3,2,1382,492,2000,1,0,4,73,72,35173,13806,327,752,120,142,400,0,0,0,72,3,3,0,10,0,0,0,0,0,2688,2816,2688,2816,4128,2208,9294,1704,0,0,0,0,100,54,53,52,53,54,53,45,0,0,81,0,0,0,0,0,0,14898,1139,1017,0,943,73,346,346,100,0,0,0,999,999,40,0,25,0,0,0,0,0,0,0,0,0,0,100,2688,2816,100,0,0,0,0,0,0,0,0,0,0,0,0,0,0,0,0,0,0,0,0,160,804,804,1,1,32,18,50,1,7379,804,2210,2043,0,0,0,12364,0,12840,0,0,2,1,11,3,6,183,0,238,15,272,54,1,690,8013,0
1631170,2350,1036,79,47,9999,0,0,168,0,0,0,4125,693,0,0,62,0,2,2,1382,492,2000,1,0,4,73,72,34399,13755,370,647,120,64,400,0,0,3,72,3,3,0,10,0,0,0,0,0,2688,2816,2688,2816,4128,2208,8666,1713,0,0,0,0,100,41,41,35,36,34,41,38,0,0,81,0,0,0,0,0,0,14898,1139,1017,0,943,73,346,346,100,1,1,0,999,999,40,0,25,0,0,0,0,0,0,0,0,0,0,100,2688,2816,100,0,0,0,0,0,0,0,0,0,0,0,0,0,0,0,0,0,0,0,0,160,805,805,1,1,32,18,50,1,7362,805,2209,2043,0,0,0,19318,0,19715,0,0,0,0,11,3,6,187,0,237,15,272,0,0,689,8013,0
1632170,2350,1036,79,47,9999,0,0,373,0,0,0,4125,1538,0,0,62,0,3,2,1382,492,2000,1,0,4,72,72,36590,13862,336,651,140,65,492,0,0,0,73,3,3,0,10,0,0,0,0,0,2688,2816,2688,2816,4128,2208,8677,1713,0,0,0,0,100,52,42,36,43,52,47,46,0,0,81,0,0,0,0,0,0,14898,1139,1017,0,943,73,346,346,100,0,0,0,999,999,40,0,25,0,0,0,0,0,0,0,0,0,0,100,2688,2816,100,0,0,0,0,0,0,0,0,0,0,0,0,0,0,0,0,0,0,0,0,160,805,805,1,1,32,21,50,1,7362,805,2210,2047,0,0,0,7109,0,7338,0,0,0,0,11,3,6,189,0,128,15,272,0,0,361,8013,0
1633170,2350,1036,79,47,9999,0,0,436,0,0,0,4125,1798,0,0,62,0,2,2,1382,492,2000,1,0,4,73,72,35448,13670,306,618,141,66,386,0,0,0,73,3,3,0,10,0,0,0,0,0,2688,2816,2688,2816,4128,2208,8639,1675,0,0,0,0,100,48,40,37,38,43,48,40,0,0,81,0,0,0,0,0,0,14898,1139,1017,0,943,73,346,346,100,0,0,0,999,999,40,0,25,0,0,0,0,0,0,0,0,0,0,100,2688,2816,100,0,0,0,0,0,0,0,0,0,0,0,0,0,0,0,0,0,0,0,0,160,805,805,1,1,32,20,50,1,7398,805,2210,2046,0,0,0,8675,0,8939,0,0,0,0,11,3,6,192,0,244,15,272,0,0,694,8013,1
1634170,2350,1036,79,47,9999,0,0,246,0,0,0,4125,1014,0,0,62,0,2,3,1382,456,1708,1,0,4,73,72,37769,13670,306,618,141,66,386,0,0,0,73,3,3,0,10,0,0,0,0,0,2688,2816,2688,2816,4128,2208,9238,1696,0,0,0,0,100,51,37,35,42,45,51,50,0,0,83,0,0,0,0,0,0,14898,1139,1017,0,943,73,346,346,100,0,0,0,999,999,40,0,25,0,0,0,0,0,0,0,0,0,0,100,2688,2816,100,0,0,0,0,0,0,0,0,0,0,0,0,0,0,0,0,0,0,0,0,160,805,805,1,1,32,19,50,1,7360,805,2209,2043,0,0,0,13188,0,13435,0,0,1,1,11,3,6,166,0,133,15,272,33,1,363,8013,1
1635170,2350,1036,79,47,9999,0,0,269,0,0,0,4125,1109,0,0,62,0,2,4,1382,456,1708,1,0,4,70,72,38019,13636,319,624,117,66,390,0,0,1,73,3,3,0,10,0,0,0,0,0,2688,2816,2688,2816,4128,2208,6431,1442,0,0,0,0,100,57,41,36,41,50,57,47,0,0,71,0,0,0,0,0,0,14898,1139,1017,0,943,73,346,346,100,1,1,0,999,999,40,0,25,0,0,0,0,0,0,0,0,0,0,100,2688,2816,100,0,0,0,0,0,0,0,0,0,0,0,0,0,0,0,0,0,0,0,0,160,805,805,1,1,32,19,50,1,7397,805,2209,2044,0,0,0,13229,0,13491,0,0,0,0,11,3,6,167,0,133,15,272,0,0,363,8013,1
1636170,2350,1036,79,47,9999,0,0,1132,0,0,0,4125,4669,0,0,62,0,2,3,1382,456,1708,1,0,4,72,72,32977,13842,348,854,143,64,368,0,0,4,73,3,3,0,10,0,0,0,0,0,2688,2816,2688,2816,4128,2208,7020,1618,0,0,0,0,100,47,41,35,43,43,43,47,0,0,66,0,0,0,0,0,0,14898,1139,1017,0,943,73,346,346,100,2,1,0,999,999,40,0,25,0,0,0,0,0,0,0,0,0,0,100,2688,2816,100,0,0,0,0,0,0,0,0,0,0,0,0,0,0,0,0,0,0,0,0,160,806,806,1,1,32,19,50,1,7402,806,2209,2044,0,0,0,5764,0,12341,0,0,0,0,11,3,6,159,0,126,15,272,0,0,357,8013,0
1637170,2350,1036,79,47,9999,0,0,859,0,0,0,4125,3543,0,0,62,0,3,4,1382,456,1708,1,0,4,73,72,37032,13766,495,739,270,66,379,0,0,1,73,4,4,0,10,0,0,0,0,0,2688,2816,2688,2816,4128,2208,7505,3305,0,0,0,0,100,51,53,50,54,51,42,40,0,0,76,0,0,0,0,0,0,14898,1139,1017,0,943,73,346,346,100,1,1,0,999,999,40,0,25,0,0,0,0,0,0,0,0,0,0,100,2688,2816,100,0,0,0,0,0,0,0,0,0,0,0,0,0,0,0,0,0,0,0,0,160,806,806,1,1,32,20,50,1,7418,806,2210,2044,0,0,0,12813,0,13027,0,0,0,0,11,3,6,161,0,126,15,272,0,0,357,8013,0
